Ref,Body_Style,Doors,Cab_Config,Bed_Length_in,Bed_Volume_cuft,Roof_Height,Wheelbase_in,Length_in,Width_in,Height_in,Track_Front_in,Track_Rear_in,Ground_Clearance_in,Approach_Angle_deg,Departure_Angle_deg,Breakover_Angle_deg,Drag_Coefficient,Cargo_Volume_cuft,Cargo_Volume_Max_cuft,Fuel_Capacity_gal,Seating_Rows
nhtsa-acura-adx-suv-4dr-104-3,SUV,4,,,,,104.3,185.8,72.4,63.8,62.6,63,,,,,,,,,
nhtsa-acura-ilx-sedan-4dr-105-1,Sedan,4,,,,,105.1,178.7,70.9,55.5,59.1,59.8,,,,,,,,,
nhtsa-acura-ilx-sedan-4dr-105-1-2,Sedan,4,,,,,105.1,181.9,70.9,55.5,59.4,59.8,,,,,,,,,
nhtsa-acura-integra-body-99-2,,,,,,,99.2,171.3,65.7,50.8,55.9,56.3,,,,,,,,,
nhtsa-acura-integra-coupe-2dr-101-2,Coupe,2,,,,,101.2,172.4,67.3,52.8,57.9,57.1,,,,,,,,,
nhtsa-acura-integra-coupe-2dr-101-2-2,Coupe,2,,,,,101.2,172.4,66.9,52,57.9,57.1,,,,,,,,,
nhtsa-acura-integra-coupe-2dr-101-2-3,Coupe,2,,,,,101.2,172.4,67.3,52.8,58.3,57.9,,,,,,,,,
nhtsa-acura-integra-hatchback-2dr-100-4,Hatchback,2,,,,,100.4,172.8,67.3,52.4,57.9,57.9,,,,,,,,,
nhtsa-acura-integra-hatchback-2dr-99-2,Hatchback,2,,,,,99.2,171.3,65.7,50.8,,,,,,,,,,,
nhtsa-acura-integra-hatchback-2dr-99-2-2,Hatchback,2,,,,,99.2,171.7,65.7,53.1,,,,,,,,,,,
nhtsa-acura-integra-hatchback-4dr-99-2,Hatchback,4,,,,,99.2,171.3,65.7,50.8,,,,,,,,,,,
nhtsa-acura-integra-hatchback-4dr-99-2-2,Hatchback,4,,,,,99.2,171.7,65.7,53.1,,,,,,,,,,,
nhtsa-acura-integra-sedan-4dr-102-4,Sedan,4,,,,,102.4,176.4,67.3,52.8,57.9,57.9,,,,,,,,,
nhtsa-acura-integra-sedan-4dr-103-1,Sedan,4,,,,,103.1,178.3,67.3,53.9,57.9,57.5,,,,,,,,,
nhtsa-acura-integra-sedan-4dr-99-2,Sedan,4,,,,,99.2,171.7,65.7,53.1,,,,,,,,,,,
nhtsa-acura-integra-sedan-4dr-99-2-2,Sedan,4,,,,,99.2,171.3,65.7,50.8,55.9,56.3,,,,,,,,,
nhtsa-acura-integra-sedan-5dr-107-9,Sedan,5,,,,,107.9,186.2,72,55.5,60.6,61.8,,,,,,,,,
nhtsa-acura-integra-sedan-5dr-107-9-2,Sedan,5,,,,,107.9,186.2,74.8,55.5,64.2,63.4,,,,,,,,,
nhtsa-acura-legend-coupe-106-7,Coupe,,,,,,106.7,188.2,68.9,53.9,,,,,,,,,,,
nhtsa-acura-legend-coupe-2dr-106-7,Coupe,2,,,,,106.7,188.2,68.9,53.9,59.1,59.1,,,,,,,,,
nhtsa-acura-legend-coupe-2dr-111-4,Coupe,2,,,,,111.4,192.5,71.3,53.5,,,,,,,,,,,
nhtsa-acura-legend-coupe-2dr-111-4-2,Coupe,2,,,,,111.4,192.5,71.3,53.5,61,60.2,,,,,,,,,
nhtsa-acura-legend-sedan-4dr-108-7,Sedan,4,,,,,108.7,189.4,68.5,54.7,,,,,,,,,,,
nhtsa-acura-legend-sedan-4dr-108-7-2,Sedan,4,,,,,108.7,190.6,68.9,54.7,59.1,59.1,,,,,,,,,
nhtsa-acura-legend-sedan-4dr-114-6,Sedan,4,,,,,114.6,194.9,71.3,55.1,,,,,,,,,,,
nhtsa-acura-legend-sedan-4dr-114-6-2,Sedan,4,,,,,114.6,194.9,71.3,55.1,61,60.2,,,,,,,,,
nhtsa-acura-mdx-body-106-3,,,,,,,106.3,188.6,77.2,71.3,66.5,66.5,,,,,,,,,
nhtsa-acura-mdx-body-106-3-2,,,,,,,106.3,188.2,77.2,71.3,66.5,66.5,,,,,,,,,
nhtsa-acura-mdx-suv-4dr-108-3,SUV,4,,,,,108.3,190.6,78.3,68.1,68.5,67.7,,,,,,,,,
nhtsa-acura-mdx-suv-4dr-108-3-2,SUV,4,,,,,108.3,190.9,78.3,68.1,67.7,67.7,,,,,,,,,
nhtsa-acura-mdx-suv-4dr-111,SUV,4,,,,,111,193.7,77.2,67.3,66.5,66.1,,,,,,,,,
nhtsa-acura-mdx-suv-4dr-111-2,SUV,4,,,,,111,196.1,77.2,67.3,66.5,66.1,,,,,,,,,
nhtsa-acura-mdx-suv-4dr-113-8,SUV,4,,,,,113.8,198.4,78.7,66.9,67.7,67.7,,,,,,,,,
nhtsa-acura-nsx-body-100,,,,,,,100,174,71.3,46.1,59.8,60.2,,,,,,,,,
nhtsa-acura-nsx-body-103-5,,,,,,,103.5,176,76.4,48,65.4,63.8,,,,,,,,,
nhtsa-acura-nsx-body-2dr-100,,2,,,,,100,174,71.3,46.1,59.8,60.2,,,,,,,,,
nhtsa-acura-nsx-body-99-6,,,,,,,99.6,173.6,71.3,46.1,,,,,,,,,,,
nhtsa-acura-rdx-suv-4dr-104-3,SUV,4,,,,,104.3,180.7,73.6,65.4,61.4,62.2,,,,,,,,,
nhtsa-acura-rdx-suv-4dr-104-3-2,SUV,4,,,,,104.3,181.9,73.6,65.4,62.2,62.6,,,,,,,,,
nhtsa-acura-rdx-suv-4dr-105-5,SUV,4,,,,,105.5,183.5,73.6,,63,63.4,,,,,,,,,
nhtsa-acura-rdx-suv-4dr-105-5-2,SUV,4,,,,,105.5,183.5,73.6,66.5,63,63.4,,,,,,,,,
nhtsa-acura-rdx-suv-4dr-108-3,SUV,4,,,,,108.3,186.6,74.8,65.7,64.2,64.6,,,,,,,,,
nhtsa-acura-rdx-suv-4dr-108-3-2,SUV,4,,,,,108.3,187.8,74.8,65.7,64.2,64.6,,,,,,,,,
nhtsa-acura-rl-sedan-4dr-109-8,Sedan,4,,,,,109.8,194.1,72.8,57.1,61.4,61.8,,,,,,,,,
nhtsa-acura-rl-sedan-4dr-110-2,Sedan,4,,,,,110.2,195.7,72.8,57.5,61.8,61.8,,,,,,,,,
nhtsa-acura-rlx-sedan-4dr-112-2,Sedan,4,,,,,112.2,196.5,74.8,57.5,64.2,64.2,,,,,,,,,
nhtsa-acura-rlx-sedan-4dr-112-2-2,Sedan,4,,,,,112.2,197.6,74.8,57.5,64.2,64.2,,,,,,,,,
nhtsa-acura-rsx-coupe-2dr-101-2,Coupe,2,,,,,101.2,172.4,68.1,55.1,58.3,58.3,,,,,,,,,
nhtsa-acura-tl-body-107-9,,,,,,,107.9,189.4,75.6,56.7,62.2,61.8,,,,,,,,,
nhtsa-acura-tl-sedan-4dr-107-9,Sedan,4,,,,,107.9,189.4,72.4,56.7,61.8,61.8,,,,,,,,,
nhtsa-acura-tl-sedan-4dr-109-4,Sedan,4,,,,,109.4,195.7,74,57.1,63,63.4,,,,,,,,,
nhtsa-acura-tl-sedan-4dr-109-4-2,Sedan,4,,,,,109.4,194.1,74,57.1,63.4,63.8,,,,,,,,,
nhtsa-acura-tlx-sedan-4dr-109-4,Sedan,4,,,,,109.4,190.2,72.8,57.1,63,63,,,,,,,,,
nhtsa-acura-tlx-sedan-4dr-109-4-2,Sedan,4,,,,,109.4,190.6,72.8,57.1,63,63,,,,,,,,,
nhtsa-acura-tlx-sedan-4dr-113,Sedan,4,,,,,113,194.5,75.2,56.3,64.2,64.6,,,,,,,,,
nhtsa-acura-tsx-sedan-4dr-104-7,Sedan,4,,,,,104.7,183.1,69.3,57.5,59.4,59.1,,,,,,,,,
nhtsa-acura-tsx-sedan-4dr-106-7,Sedan,4,,,,,106.7,186.2,72.4,56.7,60.2,62.2,,,,,,,,,
nhtsa-acura-tsx-sedan-4dr-106-7-2,Sedan,4,,,,,106.7,186.2,72.4,56.7,62.2,62.2,,,,,,,,,
nhtsa-acura-vigor-sedan-4dr-110-2,Sedan,4,,,,,110.2,190.2,70.1,53.9,,,,,,,,,,,
nhtsa-acura-zdx-suv-4dr-108-3,SUV,4,,,,,108.3,192.1,78.3,63,67.7,67.3,,,,,,,,,
nhtsa-acura-zdx-suv-4dr-121-7,SUV,4,,,,,121.7,197.6,78.3,64.2,66.1,66.1,,,,,,,,,
nhtsa-alfa-romeo-164-sedan-104-7,Sedan,,,,,,104.7,179.5,69.3,55.1,,,,,,,,,,,
nhtsa-alfa-romeo-164-sedan-104-7-2,Sedan,,,,,,104.7,179.5,69.3,56.3,,,,,,,,,,,
nhtsa-alfa-romeo-164-sedan-4dr-104-7,Sedan,4,,,,,104.7,183.9,69.3,54.7,59.4,58.7,,,,,,,,,
nhtsa-alfa-romeo-4c-body-2dr-93-7,,2,,,,,93.7,157.1,73.6,46.5,64.6,63,,,,,,,,,
nhtsa-alfa-romeo-4c-coupe-2dr-93-7,Coupe,2,,,,,93.7,157.1,73.6,46.5,64.6,63,,,,,,,,,
nhtsa-alfa-romeo-milano-sedan-4dr-98-8,Sedan,4,,,,,98.8,170.5,64.2,53.1,,,,,,,,,,,
nhtsa-alfa-romeo-spider-body-104-7,,,,,,,104.7,179.5,69.3,56.3,,,,,,,,,,,
nhtsa-alfa-romeo-spider-body-88-6,,,,,,,88.6,168.9,64.2,48.8,,,,,,,,,,,
nhtsa-alfa-romeo-spider-body-88-6-2,,,,,,,88.6,167.7,63.8,49.6,,,,,,,,,,,
nhtsa-alfa-romeo-spider-body-88-6-3,,,,,,,88.6,167.7,63.8,49.6,52,50,,,,,,,,,
nhtsa-alfa-romeo-stelvio-body-111,,,,,,,111,184.6,74.8,65,63.4,65,,,,,,,,,
nhtsa-alfa-romeo-tonale-suv-4dr-103-9,SUV,4,,,,,103.9,178.3,72.4,63,62.2,61.8,,,,,,,,,
nhtsa-amc-eagle-body-97-2,,,,,,,97.2,166.5,72.8,55.1,,,,,,,,,,,
nhtsa-amc-eagle-hatchback-96-9,Hatchback,,,,,,96.9,166.5,72.8,55.1,,,,,,,,,,,
nhtsa-amc-eagle-sedan-2dr-109-4,Sedan,2,,,,,109.4,183.9,70.9,55.1,,,,,,,,,,,
nhtsa-amc-eagle-sedan-4dr-109-4,Sedan,4,,,,,109.4,183.9,70.9,55.1,,,,,,,,,,,
nhtsa-amc-eagle-wagon-109-4,Wagon,,,,,,109.4,183.9,70.9,55.1,,,,,,,,,,,
nhtsa-aston-martin-db11-body-110-6,,,,,,,110.6,187.4,76.4,50.4,65.4,65.4,,,,,,,,,
nhtsa-aston-martin-db11-coupe-2dr-110-6,Coupe,2,,,,,110.6,187.4,76.4,50.4,65.4,65.4,,,,,,,,,
nhtsa-aston-martin-db12-convertible-2dr-110-2,Convertible,2,,,,,110.2,185.8,78,50.8,,,,,,,,,,,
nhtsa-aston-martin-db12-convertible-2dr-110-6,Convertible,2,,,,,110.6,186.2,78,50.8,,,,,,,,,,,
nhtsa-aston-martin-db12-coupe-2dr-110-2,Coupe,2,,,,,110.2,185.8,78,50.8,,,,,,,,,,,
nhtsa-aston-martin-db12-coupe-2dr-110-6,Coupe,2,,,,,110.6,186.2,78,50.8,,,,,,,,,,,
nhtsa-aston-martin-db7-body-102,,,,,,,102,183.1,72,49.2,,,,,,,,,,,
nhtsa-aston-martin-db7-convertible-2dr-102,Convertible,2,,,,,102,183.1,72,49.2,,,,,,,,,,,
nhtsa-aston-martin-db7-convertible-2dr-102-2,Convertible,2,,,,,102,183.9,72,49.6,,,,,,,,,,,
nhtsa-aston-martin-db7-coupe-2dr-102,Coupe,2,,,,,102,183.1,72,49.2,,,,,,,,,,,
nhtsa-aston-martin-db7-coupe-2dr-102-2,Coupe,2,,,,,102,183.9,72,48.8,,,,,,,,,,,
nhtsa-aston-martin-db9-body-2dr-107-9,,2,,,,,107.9,185,74,52,,,,,,,,,,,
nhtsa-aston-martin-db9-body-2dr-107-9-2,,2,,,,,107.9,185,74,50,,,,,,,,,,,
nhtsa-aston-martin-db9-coupe-2dr-107-9,Coupe,2,,,,,107.9,185,74,52,,,,,,,,,,,
nhtsa-aston-martin-db9-coupe-2dr-107-9-2,Coupe,2,,,,,107.9,185,74,50,,,,,,,,,,,
nhtsa-aston-martin-db9-coupe-2dr-107-9-3,Coupe,2,,,,,107.9,185,74,50,61.8,61.4,,,,,,,,,
nhtsa-aston-martin-dbs-body-110-6,,,,,,,110.6,185.4,76.4,50.4,65.4,64.6,,,,,,,,,
nhtsa-aston-martin-dbs-body-2dr-107-9,,2,,,,,107.9,185.8,74,50.4,,,,,,,,,,,
nhtsa-aston-martin-dbs-body-2dr-107-9-2,,2,,,,,107.9,185.8,75.2,50.4,,,,,,,,,,,
nhtsa-aston-martin-dbs-convertible-2dr-110-6,Convertible,2,,,,,110.6,185.4,76.4,50.4,65.4,64.6,,,,,,,,,
nhtsa-aston-martin-dbs-coupe-2dr-107-9,Coupe,2,,,,,107.9,185.8,75.2,50.4,,,,,,,,,,,
nhtsa-aston-martin-dbs-coupe-2dr-110-6,Coupe,2,,,,,110.6,185.4,76.4,50.4,65.4,64.6,,,,,,,,,
nhtsa-aston-martin-dbx-suv-4dr-120-5,SUV,4,,,,,120.5,198.4,78.7,66.1,,,,,,,,,,,
nhtsa-aston-martin-lagonda-body-115,,,,,,,115,208.7,71.7,51.2,,,,,,,,,,,
nhtsa-aston-martin-rapide-sedan-4dr-117-7,Sedan,4,,,,,117.7,197.6,76,53.5,,,,,,,,,,,
nhtsa-aston-martin-v8-coupe-102-8,Coupe,,,,,,102.8,189.4,72,52.4,,,,,,,,,,,
nhtsa-aston-martin-v8-vantage-convertible-2dr-102-4,Convertible,2,,,,,102.4,172.4,73.6,49.6,,,,,,,,,,,
nhtsa-aston-martin-v8-vantage-coupe-2dr-102-4,Coupe,2,,,,,102.4,172.4,73.6,49.6,,,,,,,,,,,
nhtsa-aston-martin-vanquish-body-2dr-107-9,,2,,,,,107.9,185.8,75.2,50.8,,,,,,,,,,,
nhtsa-aston-martin-vanquish-coupe-2dr-105-9,Coupe,2,,,,,105.9,183.9,75.6,52,,,,,,,,,,,
nhtsa-aston-martin-vanquish-coupe-2dr-107-9,Coupe,2,,,,,107.9,185.8,75.2,50.4,,,,,,,,,,,
nhtsa-aston-martin-vanquish-coupe-2dr-113-8,Coupe,2,,,,,113.8,192.5,80.3,50.8,66.1,65.7,,,,,,,,,
nhtsa-aston-martin-vantage-body-106-3,,,,,,,106.3,176,76.4,50,,,,,,,,,,,
nhtsa-aston-martin-vantage-body-106-3-2,,,,,,,106.3,177.6,78,50,,,,,,,,,,,
nhtsa-aston-martin-vantage-body-106-3-3,,,,,,,106.3,176.8,78,50,65.7,65.4,,,,,,,,,
nhtsa-aston-martin-vantage-convertible-106-3,Convertible,,,,,,106.3,177.6,78,50,,,,,,,,,,,
nhtsa-aston-martin-vantage-convertible-106-3-2,Convertible,,,,,,106.3,176,76.4,50,,,,,,,,,,,
nhtsa-aston-martin-virage-body-2dr-107-9,,2,,,,,107.9,185,74.8,50.8,62.6,62.2,,,,,,,,,
nhtsa-aston-martin-virage-coupe-2dr-102-8,Coupe,2,,,,,102.8,187.8,73.6,52.4,59.4,61,,,,,,,,,
nhtsa-aston-martin-virage-coupe-2dr-107-9,Coupe,2,,,,,107.9,185,74.8,50.4,62.6,62.2,,,,,,,,,
nhtsa-audi-100-sedan-105-9,Sedan,,,,,,105.9,192.9,71.3,55.5,58.3,58.3,,,,,,,,,
nhtsa-audi-100-sedan-4dr-105-9,Sedan,4,,,,,105.9,192.5,70.1,56.7,59.8,59.8,,,,,,,,,
nhtsa-audi-100-sedan-4dr-105-9-2,Sedan,4,,,,,105.9,192.5,70.9,56.7,59.8,59.8,,,,,,,,,
nhtsa-audi-100-sedan-4dr-105-9-3,Sedan,4,,,,,105.9,192.5,70.1,56.3,59.8,59.8,,,,,,,,,
nhtsa-audi-100-wagon-105-9,Wagon,,,,,,105.9,192.9,71.3,55.5,58.3,58.3,,,,,,,,,
nhtsa-audi-100-wagon-105-9-2,Wagon,,,,,,105.9,192.9,71.3,55.5,,,,,,,,,,,
nhtsa-audi-100-wagon-4dr-105-9,Wagon,4,,,,,105.9,192.5,70.1,57.1,59.8,59.8,,,,,,,,,
nhtsa-audi-200-sedan-105-9,Sedan,,,,,,105.9,192.9,71.3,55.9,57.9,57.9,,,,,,,,,
nhtsa-audi-200-sedan-4dr-105-9,Sedan,4,,,,,105.9,192.9,71.3,55.9,57.9,57.9,,,,,,,,,
nhtsa-audi-200-sedan-4dr-105-9-2,Sedan,4,,,,,105.9,192.5,71.3,55.9,59.4,60.2,,,,,,,,,
nhtsa-audi-4000-body-100,,,,,,,100,176.8,66.1,53.9,,,,,,,,,,,
nhtsa-audi-4000-body-99-6,,,,,,,99.6,176.8,66.1,53.5,,,,,,,,,,,
nhtsa-audi-4000-coupe-100,Coupe,,,,,,100,177.2,66.1,53.5,,,,,,,,,,,
nhtsa-audi-4000-sedan-4dr-100,Sedan,4,,,,,100,176.8,66.1,54.3,,,,,,,,,,,
nhtsa-audi-4000-sedan-4dr-99-6,Sedan,4,,,,,99.6,176.8,66.5,54.3,,,,,,,,,,,
nhtsa-audi-5000-body-105-5,,,,,,,105.5,189,69.7,54.7,,,,,,,,,,,
nhtsa-audi-5000-body-105-9,,,,,,,105.9,189,69.7,54.7,,,,,,,,,,,
nhtsa-audi-5000-body-105-9-2,,,,,,,105.9,192.5,71.3,55.5,,,,,,,,,,,
nhtsa-audi-5000-body-105-9-3,,,,,,,105.9,192.9,71.3,55.9,,,,,,,,,,,
nhtsa-audi-5000-body-4dr-105-9,,4,,,,,105.9,189,69.7,54.7,,,,,,,,,,,
nhtsa-audi-5000-sedan-105-9,Sedan,,,,,,105.9,192.9,71.3,55.9,,,,,,,,,,,
nhtsa-audi-5000-sedan-4dr-105-9,Sedan,4,,,,,105.9,192.9,71.3,55.9,,,,,,,,,,,
nhtsa-audi-5000-wagon-105-9,Wagon,,,,,,105.9,192.9,71.3,55.9,,,,,,,,,,,
nhtsa-audi-90-body-100,,,,,,,100,172.8,66.9,55.1,,,,,,,,,,,
nhtsa-audi-90-convertible-2dr-100-8,Convertible,2,,,,,100.8,172.4,66.9,55.5,56.7,56.7,,,,,,,,,
nhtsa-audi-90-coupe-100-4,Coupe,,,,,,100.4,176,67.7,54.3,56.7,57.1,,,,,,,,,
nhtsa-audi-90-sedan-100,Sedan,,,,,,100,176.4,66.9,54.7,55.9,55.9,,,,,,,,,
nhtsa-audi-90-sedan-100-4,Sedan,,,,,,100.4,176.4,66.9,54.7,55.9,55.9,,,,,,,,,
nhtsa-audi-90-sedan-4dr-102-8,Sedan,4,,,,,102.8,181.5,66.9,54.7,54.7,54.7,,,,,,,,,
nhtsa-audi-a3-body-103-9,,,,,,,103.9,169.7,70.5,56.3,60.6,59.4,,,,,,,,,
nhtsa-audi-a3-body-4dr-101-6,,4,,,,,101.6,168.9,68.5,57.5,59.8,58.3,,,,,,,,,
nhtsa-audi-a3-body-4dr-101-6-2,,4,,,,,101.6,168.9,68.5,55.9,59.8,58.3,,,,,,,,,
nhtsa-audi-a3-convertible-102-4,Convertible,,,,,,102.4,174.8,70.9,53.5,60.6,59.4,,,,,,,,,
nhtsa-audi-a3-sedan-103-9,Sedan,,,,,,103.9,175.6,70.9,55.9,61.4,60.2,,,,,,,,,
nhtsa-audi-a3-sedan-4dr-103-9,Sedan,4,,,,,103.9,175.6,70.9,55.9,61.4,60.2,,,,,,,,,
nhtsa-audi-a3-sedan-4dr-103-9-2,Sedan,4,,,,,103.9,177.2,71.7,56.3,61,60.2,,,,,,,,,
nhtsa-audi-a4-allroad-body-110-6,,,,,,,110.6,185.8,72.4,57.9,62.2,61.8,,,,,,,,,
nhtsa-audi-a4-allroad-body-111,,,,,,,111,187,72.4,58.7,62.2,61.8,,,,,,,,,
nhtsa-audi-a4-allroad-body-111-2,,,,,,,111,187.4,72.8,59.1,62.2,61.8,,,,,,,,,
nhtsa-audi-a4-convertible-104-3,Convertible,,,,,,104.3,179.9,70.1,54.7,59.4,59.4,,,,,,,,,
nhtsa-audi-a4-convertible-2dr-104-3,Convertible,2,,,,,104.3,179.9,70.1,54.7,59.4,59.4,,,,,,,,,
nhtsa-audi-a4-sedan-4dr-102-8,Sedan,4,,,,,102.8,178,68.1,55.9,59.1,58.3,,,,,,,,,
nhtsa-audi-a4-sedan-4dr-103-1,Sedan,4,,,,,103.1,178,68.1,55.9,59.1,58.3,,,,,,,,,
nhtsa-audi-a4-sedan-4dr-103-1-2,Sedan,4,,,,,103.1,178,68.1,55.9,58.3,57.9,,,,,,,,,
nhtsa-audi-a4-sedan-4dr-104-3,Sedan,4,,,,,104.3,179.1,69.7,56.3,60.6,59.8,,,,,,,,,
nhtsa-audi-a4-sedan-4dr-104-3-2,Sedan,4,,,,,104.3,180.7,69.7,56.3,59.1,59.1,,,,,,,,,
nhtsa-audi-a4-sedan-4dr-110-6,Sedan,4,,,,,110.6,185,72,56.3,61,60.6,,,,,,,,,
nhtsa-audi-a4-sedan-4dr-111,Sedan,4,,,,,111,186.2,71.3,55.1,61.8,61,,,,,,,,,
nhtsa-audi-a4-sedan-4dr-111-2,Sedan,4,,,,,111,187.4,72.8,56.3,61.8,61,,,,,,,,,
nhtsa-audi-a4-wagon-4dr-103-9,Wagon,4,,,,,103.9,180.3,69.7,56.3,59.4,59.1,,,,,,,,,
nhtsa-audi-a4-wagon-4dr-104-3,Wagon,4,,,,,104.3,180.3,69.3,57.1,59.4,59.1,,,,,,,,,
nhtsa-audi-a4-wagon-4dr-104-3-2,Wagon,4,,,,,104.3,180.7,70.1,56.3,58.7,58.7,,,,,,,,,
nhtsa-audi-a4-wagon-4dr-110-6,Wagon,4,,,,,110.6,185,72,56.7,60.2,60.2,,,,,,,,,
nhtsa-audi-a4-wagon-4dr-110-6-2,Wagon,4,,,,,110.6,185,72,56.3,60.2,60.2,,,,,,,,,
nhtsa-audi-a5-body-111-4,,,,,,,111.4,186.6,72.4,54.3,62.6,61.8,,,,,,,,,
nhtsa-audi-a5-body-111-4-2,,,,,,,111.4,187.4,72.4,54.3,62.6,61.8,,,,,,,,,
nhtsa-audi-a5-body-2dr-108-3,,2,,,,,108.3,182.7,72.8,53.9,61.8,61.8,,,,,,,,,
nhtsa-audi-a5-convertible-2dr-108-3,Convertible,2,,,,,108.3,182.7,72.8,53.9,61.8,61.8,,,,,,,,,
nhtsa-audi-a5-convertible-2dr-108-7,Convertible,2,,,,,108.7,183.9,72.8,53.9,62.6,61.8,,,,,,,,,
nhtsa-audi-a5-convertible-2dr-108-7-2,Convertible,2,,,,,108.7,185,72.8,53.9,62.6,61.8,,,,,,,,,
nhtsa-audi-a5-coupe-2dr-108-3,Coupe,2,,,,,108.3,182.7,72.8,53.9,61.8,61.8,,,,,,,,,
nhtsa-audi-a5-coupe-2dr-108-7,Coupe,2,,,,,108.7,183.9,72.8,53.9,62.6,61.8,,,,,,,,,
nhtsa-audi-a5-coupe-2dr-108-7-2,Coupe,2,,,,,108.7,185,72.8,53.9,62.6,61.8,,,,,,,,,
nhtsa-audi-a5-sedan-4dr-113-8,Sedan,4,,,,,113.8,190.2,73.2,56.7,63.8,63.4,,,,,,,,,
nhtsa-audi-a6-allroad-wagon-4dr-115-4,Wagon,4,,,,,115.4,194.9,74.8,57.9,65,63.4,,,,,,,,,
nhtsa-audi-a6-sedan-4dr-105-9,Sedan,4,,,,,105.9,192.5,70.1,56.7,60.2,59.8,,,,,,,,,
nhtsa-audi-a6-sedan-4dr-106-3,Sedan,4,,,,,106.3,192.9,70.5,,59.4,59.8,,,,,,,,,
nhtsa-audi-a6-sedan-4dr-108-7,Sedan,4,,,,,108.7,192.1,71.3,57.1,60.6,61.4,,,,,,,,,
nhtsa-audi-a6-sedan-4dr-108-7-2,Sedan,4,,,,,108.7,192.1,71.3,57.1,60.6,61.8,,,,,,,,,
nhtsa-audi-a6-sedan-4dr-108-7-3,Sedan,4,,,,,108.7,193.3,,57.1,62.2,62.6,,,,,,,,,
nhtsa-audi-a6-sedan-4dr-108-7-4,Sedan,4,,,,,108.7,192.1,71.3,57.1,61,61.8,,,,,,,,,
nhtsa-audi-a6-sedan-4dr-108-7-5,Sedan,4,,,,,108.7,193.3,71.3,57.1,62.2,62.6,,,,,,,,,
nhtsa-audi-a6-sedan-4dr-111,Sedan,4,,,,,111,193.7,73.2,57.5,62.2,62.2,,,,,,,,,
nhtsa-audi-a6-sedan-4dr-111-8,Sedan,4,,,,,111.8,193.7,73.2,57.5,62.2,62.2,,,,,,,,,
nhtsa-audi-a6-sedan-4dr-114-6,Sedan,4,,,,,114.6,193.7,73.6,57.5,64.2,63.8,,,,,,,,,
nhtsa-audi-a6-sedan-4dr-115,Sedan,4,,,,,115,194.5,74.4,57.5,64.2,63.8,,,,,,,,,
nhtsa-audi-a6-sedan-4dr-116-1,Sedan,4,,,,,116.1,194.1,75.6,57.5,65.4,63.8,,,,,,,,,
nhtsa-audi-a6-wagon-4dr-105-9,Wagon,4,,,,,105.9,192.5,70.1,57.9,60.2,59.8,,,,,,,,,
nhtsa-audi-a6-wagon-4dr-105-9-2,Wagon,4,,,,,105.9,192.5,70.1,58.3,59.8,59.8,,,,,,,,,
nhtsa-audi-a6-wagon-4dr-108-7,Wagon,4,,,,,108.7,192.1,71.3,58.3,60.6,61.8,,,,,,,,,
nhtsa-audi-a6-wagon-4dr-111-8,Wagon,4,,,,,111.8,194.1,73.2,58.3,61.4,62.2,,,,,,,,,
nhtsa-audi-a6-wagon-4dr-111-8-2,Wagon,4,,,,,111.8,194.1,73.2,57.5,61.4,62.2,,,,,,,,,
nhtsa-audi-a7-body-4dr-114-6,,4,,,,,114.6,195.7,75.2,55.9,64.6,64.6,,,,,,,,,
nhtsa-audi-a7-hatchback-4dr-114-6,Hatchback,4,,,,,114.6,195.7,75.2,55.9,64.6,64.6,,,,,,,,,
nhtsa-audi-a7-sedan-4dr-115-4,Sedan,4,,,,,115.4,195.7,75.2,55.9,65,64.6,,,,,,,,,
nhtsa-audi-a8-l-sedan-4dr-123-2,Sedan,4,,,,,123.2,208.7,76.8,57.9,64.6,64.2,,,,,,,,,
nhtsa-audi-a8-sedan-4dr-113-4,Sedan,4,,,,,113.4,198,74,56.7,62.6,62.2,,,,,,,,,
nhtsa-audi-a8-sedan-4dr-115-7,Sedan,4,,,,,115.7,199.2,74.8,56.7,63.8,63,,,,,,,,,
nhtsa-audi-a8-sedan-4dr-117-7,Sedan,4,,,,,117.7,201.6,76.8,57.5,64.2,64.2,,,,,,,,,
nhtsa-audi-a8-sedan-4dr-118-1,Sedan,4,,,,,118.1,203.5,76.8,57.9,64.6,64.2,,,,,,,,,
nhtsa-audi-a8-sedan-4dr-120-9,Sedan,4,,,,,120.9,204.3,74.4,57.5,63,62.6,,,,,,,,,
nhtsa-audi-a8-sedan-4dr-120-9-2,Sedan,4,,,,,120.9,204.3,74.8,57.5,63,62.6,,,,,,,,,
nhtsa-audi-a8-sedan-4dr-122-8,Sedan,4,,,,,122.8,207.1,76.8,57.5,64.2,64.2,,,,,,,,,
nhtsa-audi-allroad-wagon-4dr-108-7,Wagon,4,,,,,108.7,189.4,72.8,61,61.8,62.6,,,,,,,,,
nhtsa-audi-e-tron-gt-sedan-4dr-114-2,Sedan,4,,,,,114.2,196.5,77.2,55.5,66.5,65.4,,,,,,,,,
nhtsa-audi-e-tron-sportback-suv-4dr-115-4,SUV,4,,,,,115.4,192.9,76.4,63.8,65.4,66.1,,,,,,,,,
nhtsa-audi-e-tron-suv-4dr-115-4,SUV,4,,,,,115.4,192.9,76.4,64.2,65.4,65,,,,,,,,,
nhtsa-audi-e-tron-suv-4dr-115-4-2,SUV,4,,,,,115.4,192.9,76.4,63.8,65.4,66.1,,,,,,,,,
nhtsa-audi-q3-suv-4dr-105-5,SUV,4,,,,,105.5,176.4,73.2,63.8,62.2,62.2,,,,,,,,,
nhtsa-audi-q3-suv-5dr-102-4,SUV,5,,,,,102.4,172.8,72,63.4,61.8,62.2,,,,,,,,,
nhtsa-audi-q4-suv-4dr-108-7,SUV,4,,,,,108.7,180.7,73.6,63.4,62.6,61.8,,,,,,,,,
nhtsa-audi-q5-suv-4dr-111,SUV,4,,,,,111,183.5,74.4,65.4,63.8,63.4,,,,,,,,,
nhtsa-audi-q5-suv-4dr-111-2,SUV,4,,,,,111,184.3,74.4,65.4,63.8,63.4,,,,,,,,,
nhtsa-audi-q5-suv-4dr-111-3,SUV,4,,,,,111,184.6,74.4,65.4,63.8,63.4,,,,,,,,,
nhtsa-audi-q5-suv-4dr-111-4,SUV,4,,,,,111,185.8,74.8,64.2,63.8,63.4,,,,,,,,,
nhtsa-audi-q5-suv-4dr-111-5,SUV,4,,,,,111,185.8,74.8,64.6,63.8,63.4,,,,,,,,,
nhtsa-audi-q5-suv-5dr-110-6,SUV,5,,,,,110.6,182.3,74.8,65.4,63,63,,,,,,,,,
nhtsa-audi-q6-suv-4dr-113-8,SUV,4,,,,,113.8,187.8,76.4,65,65.4,65,,,,,,,,,
nhtsa-audi-q7-suv-4dr-117-7,SUV,4,,,,,117.7,198.8,77.6,68.5,66.1,66.5,,,,,,,,,
nhtsa-audi-q7-suv-4dr-117-7-2,SUV,4,,,,,117.7,199.2,77.6,68.5,66.1,66.5,,,,,,,,,
nhtsa-audi-q7-suv-4dr-118-1,SUV,4,,,,,118.1,200.4,78,68.5,64.2,65,,,,,,,,,
nhtsa-audi-q8-suv-4dr-115-4,SUV,4,,,,,115.4,193.7,76.4,64.2,65.4,65,,,,,,,,,
nhtsa-audi-q8-suv-4dr-115-4-2,SUV,4,,,,,115.4,193.7,76.4,63.8,65.4,66.1,,,,,,,,,
nhtsa-audi-q8-suv-4dr-118-1,SUV,4,,,,,118.1,196.5,78.7,67.3,66.1,66.5,,,,,,,,,
nhtsa-audi-quattro-body-99-2,,,,,,,99.2,178,67.7,52.8,,,,,,,,,,,
nhtsa-audi-r8-body-2dr-104-3,,2,,,,,104.3,174.4,74.8,49.2,64.6,63,,,,,,,,,
nhtsa-audi-r8-convertible-2dr-104-3,Convertible,2,,,,,104.3,174.4,74.8,49.2,64.6,63,,,,,,,,,
nhtsa-audi-r8-convertible-2dr-104-3-2,Convertible,2,,,,,104.3,174.4,76.8,48,64.2,63,,,,,,,,,
nhtsa-audi-r8-coupe-2dr-104-3,Coupe,2,,,,,104.3,174.4,74.8,49.2,64.2,62.6,,,,,,,,,
nhtsa-audi-r8-coupe-2dr-104-3-2,Coupe,2,,,,,104.3,174.4,76.8,48,64.2,63,,,,,,,,,
nhtsa-audi-rs-3-sedan-103-5,Sedan,,,,,,103.5,176.4,70.9,55.1,61.4,60.2,,,,,,,,,
nhtsa-audi-rs-3-sedan-4dr-103-5,Sedan,4,,,,,103.5,178.3,72.8,55.5,62.6,59.8,,,,,,,,,
nhtsa-audi-rs-4-sedan-4dr-104-3,Sedan,4,,,,,104.3,180.7,71.7,55.9,60.6,60.6,,,,,,,,,
nhtsa-audi-rs-5-body-111-4,,,,,,,111.4,187,72.4,54.3,62.6,61.8,,,,,,,,,
nhtsa-audi-rs-5-body-111-4-2,,,,,,,111.4,188.2,72.4,54.3,62.6,61.8,,,,,,,,,
nhtsa-audi-rs-5-convertible-2dr-108-3,Convertible,2,,,,,108.3,182.7,72.8,53.9,61.8,61,,,,,,,,,
nhtsa-audi-rs-5-coupe-2dr-108-3,Coupe,2,,,,,108.3,182.7,72.8,53.9,61.8,61,,,,,,,,,
nhtsa-audi-rs-5-coupe-2dr-109-1,Coupe,2,,,,,109.1,185.8,73.2,53.5,63,62.6,,,,,,,,,
nhtsa-audi-rs-6-avant-body-115-4,,,,,,,115.4,196.9,76.8,57.5,65.7,65,,,,,,,,,
nhtsa-audi-rs-7-body-4dr-114-6,,4,,,,,114.6,197.2,75.2,55.9,64.6,64.6,,,,,,,,,
nhtsa-audi-rs-7-body-4dr-115-4,,4,,,,,115.4,197.2,76.8,55.9,65.7,65,,,,,,,,,
nhtsa-audi-rs-7-hatchback-4dr-114-6,Hatchback,4,,,,,114.6,197.2,75.2,55.9,64.6,64.6,,,,,,,,,
nhtsa-audi-rs-e-tron-gt-sedan-4dr-114-2,Sedan,4,,,,,114.2,196.5,77.2,55.5,66.5,65.4,,,,,,,,,
nhtsa-audi-rs-q8-suv-4dr-118-1,SUV,4,,,,,118.1,197.2,78.7,67.3,66.1,66.5,,,,,,,,,
nhtsa-audi-s3-sedan-103-5,Sedan,,,,,,103.5,177.2,71.7,56.3,61,60.2,,,,,,,,,
nhtsa-audi-s3-sedan-103-9,Sedan,,,,,,103.9,176,70.9,55.9,61,60.2,,,,,,,,,
nhtsa-audi-s4-convertible-4dr-104-3,Convertible,4,,,,,104.3,179.9,70.5,54.7,59.8,59.4,,,,,,,,,
nhtsa-audi-s4-sedan-4dr-102-8,Sedan,4,,,,,102.8,176.4,72.8,55.9,59.1,58.3,,,,,,,,,
nhtsa-audi-s4-sedan-4dr-104-3,Sedan,4,,,,,104.3,180.7,69.7,56.3,59.1,59.1,,,,,,,,,
nhtsa-audi-s4-sedan-4dr-104-3-2,Sedan,4,,,,,104.3,180.7,70.1,56.3,59.1,59.1,,,,,,,,,
nhtsa-audi-s4-sedan-4dr-105-9,Sedan,4,,,,,105.9,192.5,70.9,56.7,,,,,,,,,,,
nhtsa-audi-s4-sedan-4dr-110-6,Sedan,4,,,,,110.6,185,72,56.3,61,60.6,,,,,,,,,
nhtsa-audi-s4-sedan-4dr-111,Sedan,4,,,,,111,186.2,71.3,55.1,61.8,61,,,,,,,,,
nhtsa-audi-s4-sedan-4dr-111-2,Sedan,4,,,,,111,187.8,72.8,55.1,61.8,61,,,,,,,,,
nhtsa-audi-s4-wagon-4dr-104-3,Wagon,4,,,,,104.3,179.1,69.7,56.3,59.4,59.1,,,,,,,,,
nhtsa-audi-s4-wagon-4dr-104-3-2,Wagon,4,,,,,104.3,180.7,69.7,57.1,59.8,59.4,,,,,,,,,
nhtsa-audi-s5-body-111-4,,,,,,,111.4,187,72.4,54.3,62.6,61.8,,,,,,,,,
nhtsa-audi-s5-body-111-4-2,,,,,,,111.4,187.8,72.4,54.3,62.6,61.8,,,,,,,,,
nhtsa-audi-s5-convertible-2dr-108-3,Convertible,2,,,,,108.3,182.7,72.8,53.9,61.8,61,,,,,,,,,
nhtsa-audi-s5-convertible-2dr-108-7,Convertible,2,,,,,108.7,184.6,72.8,53.9,62.6,61.8,,,,,,,,,
nhtsa-audi-s5-convertible-2dr-108-7-2,Convertible,2,,,,,108.7,185.4,72.8,53.9,62.6,61.8,,,,,,,,,
nhtsa-audi-s5-coupe-2dr-108-3,Coupe,2,,,,,108.3,182.7,72.8,53.9,61.8,61,,,,,,,,,
nhtsa-audi-s5-coupe-2dr-108-7,Coupe,2,,,,,108.7,184.6,72.8,53.9,62.6,61.8,,,,,,,,,
nhtsa-audi-s5-coupe-2dr-108-7-2,Coupe,2,,,,,108.7,185.4,72.8,53.9,62.6,61.8,,,,,,,,,
nhtsa-audi-s5-sedan-4dr-113-8,Sedan,4,,,,,113.8,190.2,73.2,56.7,63.8,63.4,,,,,,,,,
nhtsa-audi-s6-body-108-7,,,,,,,108.7,193.3,71.3,57.1,61.8,63,,,,,,,,,
nhtsa-audi-s6-sedan-4dr-105-9,Sedan,4,,,,,105.9,192.5,70.9,56.7,61.4,60.2,,,,,,,,,
nhtsa-audi-s6-sedan-4dr-106-3,Sedan,4,,,,,106.3,192.9,70.5,,59.4,59.8,,,,,,,,,
nhtsa-audi-s6-sedan-4dr-111-8,Sedan,4,,,,,111.8,193.7,73.2,57.1,62.2,61.8,,,,,,,,,
nhtsa-audi-s6-sedan-4dr-114-6,Sedan,4,,,,,114.6,193.7,73.6,57.5,64.2,63.8,,,,,,,,,
nhtsa-audi-s6-sedan-4dr-115-4,Sedan,4,,,,,115.4,194.9,74.4,57.1,63.8,63,,,,,,,,,
nhtsa-audi-s6-sedan-4dr-116-1,Sedan,4,,,,,116.1,194.1,75.6,57.5,65.4,63.8,,,,,,,,,
nhtsa-audi-s7-body-4dr-114-6,,4,,,,,114.6,195.7,75.2,55.9,64.6,64.6,,,,,,,,,
nhtsa-audi-s7-body-4dr-115-4,,4,,,,,115.4,195.7,75.2,55.9,65,64.2,,,,,,,,,
nhtsa-audi-s7-hatchback-4dr-114-6,Hatchback,4,,,,,114.6,195.7,75.2,55.9,64.6,64.6,,,,,,,,,
nhtsa-audi-s8-sedan-4dr-113-4,Sedan,4,,,,,113.4,198,74,55.9,62.6,62.2,,,,,,,,,
nhtsa-audi-s8-sedan-4dr-115-7,Sedan,4,,,,,115.7,199.2,74.8,55.9,63.8,63,,,,,,,,,
nhtsa-audi-s8-sedan-4dr-117-7,Sedan,4,,,,,117.7,201.6,76.8,57.5,64.2,64.2,,,,,,,,,
nhtsa-audi-s8-sedan-4dr-118-1,Sedan,4,,,,,118.1,203.9,76.8,57.9,64.2,63.8,,,,,,,,,
nhtsa-audi-sq5-suv-4dr-111,SUV,4,,,,,111,183.9,74.4,65.4,63.8,63.4,,,,,,,,,
nhtsa-audi-sq5-suv-4dr-111-2,SUV,4,,,,,111,184.3,74.4,65.4,63.8,63.4,,,,,,,,,
nhtsa-audi-sq5-suv-4dr-111-3,SUV,4,,,,,111,184.6,74.4,65.4,63.8,63.4,,,,,,,,,
nhtsa-audi-sq5-suv-4dr-111-4,SUV,4,,,,,111,185.8,74.8,64.2,63.8,63.4,,,,,,,,,
nhtsa-audi-sq5-suv-4dr-111-5,SUV,4,,,,,111,185.8,74.8,64.6,63.8,63.4,,,,,,,,,
nhtsa-audi-sq5-suv-5dr-110-6,SUV,5,,,,,110.6,182.3,74.8,65.4,63,63,,,,,,,,,
nhtsa-audi-sq6-suv-4dr-113-8,SUV,4,,,,,113.8,187.8,76.4,65,65.4,65,,,,,,,,,
nhtsa-audi-sq7-suv-4dr-117-7,SUV,4,,,,,117.7,199.2,77.6,68.5,65.4,65.4,,,,,,,,,
nhtsa-audi-sq8-suv-4dr-115-4,SUV,4,,,,,115.4,193.7,76.4,64.2,65.4,65,,,,,,,,,
nhtsa-audi-sq8-suv-4dr-115-4-2,SUV,4,,,,,115.4,193.7,76.4,63.8,65.4,66.1,,,,,,,,,
nhtsa-audi-sq8-suv-4dr-118-1,SUV,4,,,,,118.1,197.2,78.7,67.3,66.1,66.5,,,,,,,,,
nhtsa-audi-tt-convertible-2dr-95-3,Convertible,2,,,,,95.3,161,69.3,53.1,60.2,59.4,,,,,,,,,
nhtsa-audi-tt-convertible-2dr-95-3-2,Convertible,2,,,,,95.3,161,72.8,53.1,60.2,59.4,,,,,,,,,
nhtsa-audi-tt-convertible-2dr-95-7,Convertible,2,,,,,95.7,161,69.3,53.1,59.8,59.4,,,,,,,,,
nhtsa-audi-tt-convertible-2dr-95-7-2,Convertible,2,,,,,95.7,161,69.3,53.1,60.2,59.4,,,,,,,,,
nhtsa-audi-tt-convertible-2dr-95-7-3,Convertible,2,,,,,95.7,161,72.8,53.1,60.2,59.4,,,,,,,,,
nhtsa-audi-tt-convertible-2dr-96-9,Convertible,2,,,,,96.9,165,72.4,53.1,61.4,60.2,,,,,,,,,
nhtsa-audi-tt-convertible-2dr-96-9-2,Convertible,2,,,,,96.9,165.4,72.4,53.1,61.4,60.2,,,,,,,,,
nhtsa-audi-tt-convertible-2dr-97-2,Convertible,2,,,,,97.2,165,72.4,52.8,61.4,61,,,,,,,,,
nhtsa-audi-tt-convertible-2dr-97-2-2,Convertible,2,,,,,97.2,165,72.4,53.5,61.4,61,,,,,,,,,
nhtsa-audi-tt-convertible-2dr-98-8,Convertible,2,,,,,98.8,164.6,72,53.1,61.8,61,,,,,,,,,
nhtsa-audi-tt-coupe-2dr-95-7,Coupe,2,,,,,95.7,161,69.3,53.1,60.2,59.4,,,,,,,,,
nhtsa-audi-tt-coupe-2dr-95-7-2,Coupe,2,,,,,95.7,161,72.8,53.1,60.2,59.4,,,,,,,,,
nhtsa-audi-tt-coupe-2dr-96-9,Coupe,2,,,,,96.9,165,72.4,53.1,61.4,60.2,,,,,,,,,
nhtsa-audi-tt-coupe-2dr-97-2,Coupe,2,,,,,97.2,165,72.4,52.8,61.4,61,,,,,,,,,
nhtsa-audi-tt-coupe-2dr-97-2-2,Coupe,2,,,,,97.2,165.4,72.4,52.8,61.4,61,,,,,,,,,
nhtsa-audi-tt-coupe-2dr-98-8,Coupe,2,,,,,98.8,164.6,72,53.1,61.8,61,,,,,,,,,
nhtsa-audi-tt-coupe-2dr-98-8-2,Coupe,2,,,,,98.8,165.4,72,52.8,61.4,60.6,,,,,,,,,
nhtsa-audi-tt-hatchback-2dr-95-7,Hatchback,2,,,,,95.7,161,69.3,53.1,59.8,59.1,,,,,,,,,
nhtsa-audi-tt-rs-coupe-2dr-97-2,Coupe,2,,,,,97.2,165.4,72.4,52.8,61.4,61,,,,,,,,,
nhtsa-audi-tt-rs-coupe-2dr-98-8,Coupe,2,,,,,98.8,165.4,72,52.8,61.4,60.6,,,,,,,,,
nhtsa-audi-tts-convertible-2dr-96-9,Convertible,2,,,,,96.9,165.4,72.4,53.1,61.4,60.2,,,,,,,,,
nhtsa-audi-tts-convertible-2dr-97-2,Convertible,2,,,,,97.2,165.4,72.4,52.8,61.4,61,,,,,,,,,
nhtsa-audi-tts-coupe-2dr-96-9,Coupe,2,,,,,96.9,165.4,72.4,53.1,61.4,60.2,,,,,,,,,
nhtsa-audi-tts-coupe-2dr-97-2,Coupe,2,,,,,97.2,165.4,72.4,52.8,61.4,61,,,,,,,,,
nhtsa-audi-tts-coupe-2dr-98-8,Coupe,2,,,,,98.8,165,72,52.8,61.8,61,,,,,,,,,
nhtsa-audi-v8-sedan-4dr-106-3,Sedan,4,,,,,106.3,191.7,71.3,55.9,,,,,,,,,,,
nhtsa-audi-v8-sedan-4dr-106-3-2,Sedan,4,,,,,106.3,191.7,70.9,55.9,59.4,60.2,,,,,,,,,
nhtsa-bentley-arnage-sedan-4dr-122-8,Sedan,4,,,,,122.8,212.2,76,59.8,,,,,,,,,,,
nhtsa-bentley-arnage-sedan-4dr-122-8-2,Sedan,4,,,,,122.8,212.6,76,59.8,,,,,,,,,,,
nhtsa-bentley-arnage-sedan-4dr-132-7,Sedan,4,,,,,132.7,222,76,59.8,,,,,,,,,,,
nhtsa-bentley-azure-body-120-5,,,,,,,120.5,210.6,74,58.3,,,,,,,,,,,
nhtsa-bentley-azure-convertible-2dr-120-5,Convertible,2,,,,,120.5,210.2,81.1,58.3,,,,,,,,,,,
nhtsa-bentley-azure-convertible-2dr-122-8,Convertible,2,,,,,122.8,213,75.2,58.7,,,,,,,,,,,
nhtsa-bentley-azure-convertible-2dr-122-8-2,Convertible,2,,,,,122.8,213,74.8,58.7,,,,,,,,,,,
nhtsa-bentley-bentayga-body-117-7,,,,,,,117.7,202.4,78.7,68.5,,,,,,,,,,,
nhtsa-bentley-bentayga-suv-4dr-117-7,SUV,4,,,,,117.7,202.4,78.7,68.5,,,,,,,,,,,
nhtsa-bentley-bentayga-suv-4dr-125-2,SUV,4,,,,,125.2,209.1,78.7,68.5,,,,,,,,,,,
nhtsa-bentley-brooklands-coupe-2dr-122-8,Coupe,2,,,,,122.8,213,74.8,57.9,,,,,,,,,,,
nhtsa-bentley-brooklands-sedan-4dr-120-5,Sedan,4,,,,,120.5,207.5,79.1,58.7,,,,,,,,,,,
nhtsa-bentley-brooklands-sedan-4dr-120-5-2,Sedan,4,,,,,120.5,207.5,79.1,58.7,61,61,,,,,,,,,
nhtsa-bentley-continental-body-112-2,,,,,,,112.2,190.9,77.2,55.5,,,,,,,,,,,
nhtsa-bentley-continental-body-2dr-108-3,,2,,,,,108.3,189,77.2,55.1,,,,,,,,,,,
nhtsa-bentley-continental-body-2dr-108-3-2,,2,,,,,108.3,189,76,55.1,63.8,63.4,,,,,,,,,
nhtsa-bentley-continental-body-2dr-108-3-3,,2,,,,,108.3,189.4,76.8,54.7,,,,,,,,,,,
nhtsa-bentley-continental-body-2dr-108-3-4,,2,,,,,108.3,189.4,76.4,55.1,63.8,63.4,,,,,,,,,
nhtsa-bentley-continental-convertible-112-2,Convertible,,,,,,112.2,190.9,77.2,55.5,,,,,,,,,,,
nhtsa-bentley-continental-convertible-2dr-120-5,Convertible,2,,,,,120.5,210.2,81.1,58.3,,,,,,,,,,,
nhtsa-bentley-continental-coupe-2dr-108-3,Coupe,2,,,,,108.3,189,77.2,55.1,,,,,,,,,,,
nhtsa-bentley-continental-coupe-2dr-108-3-2,Coupe,2,,,,,108.3,189.4,77.2,54.7,,,,,,,,,,,
nhtsa-bentley-continental-coupe-2dr-108-3-3,Coupe,2,,,,,108.3,189.4,76.8,54.7,,,,,,,,,,,
nhtsa-bentley-continental-coupe-2dr-108-3-4,Coupe,2,,,,,108.3,189.4,76.4,55.1,,,,,,,,,,,
nhtsa-bentley-continental-coupe-2dr-110-2,Coupe,2,,,,,110.2,185,72.8,51.2,,,,,,,,,,,
nhtsa-bentley-continental-coupe-2dr-116-5,Coupe,2,,,,,116.5,206.3,81.1,57.9,,,,,,,,,,,
nhtsa-bentley-continental-coupe-2dr-116-5-2,Coupe,2,,,,,116.5,205.5,81.1,57.5,62.2,62.2,,,,,,,,,
nhtsa-bentley-continental-coupe-2dr-120-5,Coupe,2,,,,,120.5,210.2,81.1,57.5,,,,,,,,,,,
nhtsa-bentley-continental-coupe-2dr-120-5-2,Coupe,2,,,,,120.5,210.6,80.7,57.5,,,,,,,,,,,
nhtsa-bentley-continental-sedan-4dr-120-9,Sedan,4,,,,,120.9,209.1,77.2,58.3,,,,,,,,,,,
nhtsa-bentley-continental-sedan-4dr-120-9-2,Sedan,4,,,,,120.9,208.7,75.6,58.7,,,,,,,,,,,
nhtsa-bentley-flying-spur-sedan-4dr-125-6,Sedan,4,,,,,125.6,209.4,78,58.3,,,,,,,,,,,
nhtsa-bentley-mulsanne-body-120-5,,,,,,,120.5,207.9,74.4,58.7,,,,,,,,,,,
nhtsa-bentley-mulsanne-sedan-4dr-128-7,Sedan,4,,,,,128.7,219.7,76,59.8,63.8,65,,,,,,,,,
nhtsa-bentley-mulsanne-sedan-4dr-138-6,Sedan,4,,,,,138.6,229.5,76,60.6,,,,,,,,,,,
nhtsa-bentley-turbo-sedan-4dr-120-5,Sedan,4,,,,,120.5,208.3,83.1,58.7,,,,,,,,,,,
nhtsa-bmw-3-series-body-114-6,,,,,,,114.6,190.2,72,59.4,60.6,62.6,,,,,,,,,
nhtsa-bmw-3-series-sedan-4dr-110-6,Sedan,4,,,,,110.6,182.3,71.3,56.3,60.6,62.2,,,,,,,,,
nhtsa-bmw-3-series-wagon-4dr-110-6,Wagon,4,,,,,110.6,182.3,71.3,56.3,60.2,61.8,,,,,,,,,
nhtsa-bmw-318i-body-101-2,,,,,,,101.2,176.8,65,54.3,,,,,,,,,,,
nhtsa-bmw-318i-body-2dr-101-2,,2,,,,,101.2,176.8,65,54.3,,,,,,,,,,,
nhtsa-bmw-318i-body-4dr-101-2,,4,,,,,101.2,176.8,65,54.3,,,,,,,,,,,
nhtsa-bmw-318i-convertible-106-3,Convertible,,,,,,106.3,174.4,67.3,53.9,55.5,55.5,,,,,,,,,
nhtsa-bmw-318i-sedan-4dr-106-3,Sedan,4,,,,,106.3,174.4,66.9,54.7,55.9,56.3,,,,,,,,,
nhtsa-bmw-318is-coupe-2dr-106-3,Coupe,2,,,,,106.3,174.4,67.3,53.9,55.5,55.9,,,,,,,,,
nhtsa-bmw-318ti-hatchback-2dr-106-3,Hatchback,2,,,,,106.3,165.7,66.9,54.7,54.7,54.3,,,,,,,,,
nhtsa-bmw-320i-body-100-8,,,,,,,100.8,177.6,63.4,54.3,,,,,,,,,,,
nhtsa-bmw-320i-sedan-100-8,Sedan,,,,,,100.8,177.6,63.4,54.3,,,,,,,,,,,
nhtsa-bmw-323i-convertible-106-3,Convertible,,,,,,106.3,174.4,67.3,53.9,55.5,55.5,,,,,,,,,
nhtsa-bmw-323i-sedan-4dr-107-5,Sedan,4,,,,,107.5,176,68.5,55.9,58.3,58.7,,,,,,,,,
nhtsa-bmw-323is-coupe-2dr-106-3,Coupe,2,,,,,106.3,174.4,67.3,53.9,55.5,55.9,,,,,,,,,
nhtsa-bmw-325ci-convertible-2dr-107-5,Convertible,2,,,,,107.5,176.8,69.3,53.9,57.9,58.3,,,,,,,,,
nhtsa-bmw-325ci-coupe-2dr-107-5,Coupe,2,,,,,107.5,176.8,69.3,53.9,57.9,58.3,,,,,,,,,
nhtsa-bmw-325i-convertible-101-2,Convertible,,,,,,101.2,176.8,65,53.9,,,,,,,,,,,
nhtsa-bmw-325i-convertible-101-2-2,Convertible,,,,,,101.2,175.6,65,53.9,,,,,,,,,,,
nhtsa-bmw-325i-coupe-2dr-101-2,Coupe,2,,,,,101.2,176.8,65,54.3,55.1,54.7,,,,,,,,,
nhtsa-bmw-325i-sedan-2dr-101-2,Sedan,2,,,,,101.2,176.8,65,54.3,,,,,,,,,,,
nhtsa-bmw-325i-sedan-4dr-101-2,Sedan,4,,,,,101.2,176.8,65,54.3,,,,,,,,,,,
nhtsa-bmw-325i-sedan-4dr-107-5,Sedan,4,,,,,107.5,176,68.5,55.9,58.3,58.7,,,,,,,,,
nhtsa-bmw-325is-sedan-2dr-101-2,Sedan,2,,,,,101.2,176.8,65,54.3,,,,,,,,,,,
nhtsa-bmw-325ix-body-4dr-101-2,,4,,,,,101.2,175.2,65,54.3,,,,,,,,,,,
nhtsa-bmw-325ix-sedan-4dr-101-2,Sedan,4,,,,,101.2,170.1,65.4,55.1,,,,,,,,,,,
nhtsa-bmw-325xi-sedan-4dr-107-5,Sedan,4,,,,,107.5,176,68.5,55.9,58.3,58.7,,,,,,,,,
nhtsa-bmw-325xi-sedan-4dr-108-7,Sedan,4,,,,,108.7,178.3,71.7,55.9,59.1,59.4,,,,,,,,,
nhtsa-bmw-325xi-wagon-4dr-108-7,Wagon,4,,,,,108.7,178.3,71.7,55.9,59.1,59.4,,,,,,,,,
nhtsa-bmw-328ci-coupe-2dr-107-5,Coupe,2,,,,,107.5,176.8,69.3,54.7,57.9,58.3,,,,,,,,,
nhtsa-bmw-328i-convertible-106-3,Convertible,,,,,,106.3,174.4,67.3,53.9,55.5,55.5,,,,,,,,,
nhtsa-bmw-328i-convertible-2dr-108-7,Convertible,2,,,,,108.7,180.7,70.1,54.3,59.1,58.7,,,,,,,,,
nhtsa-bmw-328i-coupe-2dr-108-7,Coupe,2,,,,,108.7,180.7,70.1,54.3,59.1,58.7,,,,,,,,,
nhtsa-bmw-328i-sedan-4dr-106-3,Sedan,4,,,,,106.3,174.4,66.9,54.7,55.5,55.9,,,,,,,,,
nhtsa-bmw-328i-sedan-4dr-107-5,Sedan,4,,,,,107.5,176,68.5,55.9,58.3,58.7,,,,,,,,,
nhtsa-bmw-328is-coupe-2dr-106-3,Coupe,2,,,,,106.3,174.4,67.3,53.9,55.5,55.9,,,,,,,,,
nhtsa-bmw-328xi-coupe-2dr-108-7,Coupe,2,,,,,108.7,180.7,70.1,54.3,59.1,58.7,,,,,,,,,
nhtsa-bmw-328xi-sedan-4dr-108-7,Sedan,4,,,,,108.7,178.3,71.7,55.9,59.1,59.4,,,,,,,,,
nhtsa-bmw-328xi-wagon-4dr-108-7,Wagon,4,,,,,108.7,178.3,71.7,55.9,59.1,59.4,,,,,,,,,
nhtsa-bmw-330ci-convertible-2dr-107-5,Convertible,2,,,,,107.5,176.8,69.3,53.9,57.9,58.3,,,,,,,,,
nhtsa-bmw-330ci-coupe-2dr-107-5,Coupe,2,,,,,107.5,176.8,69.3,53.9,57.9,58.3,,,,,,,,,
nhtsa-bmw-330i-sedan-4dr-107-5,Sedan,4,,,,,107.5,176,68.5,55.9,58.3,58.7,,,,,,,,,
nhtsa-bmw-330i-sedan-4dr-108-7,Sedan,4,,,,,108.7,178.3,71.7,55.9,59.1,59.4,,,,,,,,,
nhtsa-bmw-330xi-sedan-4dr-107-5,Sedan,4,,,,,107.5,176,68.5,55.9,58.3,58.7,,,,,,,,,
nhtsa-bmw-330xi-sedan-4dr-108-7,Sedan,4,,,,,108.7,178.3,71.7,55.9,59.1,59.4,,,,,,,,,
nhtsa-bmw-335i-convertible-2dr-108-7,Convertible,2,,,,,108.7,180.7,70.1,54.3,58.7,59.1,,,,,,,,,
nhtsa-bmw-335i-coupe-2dr-108-7,Coupe,2,,,,,108.7,180.7,70.1,54.3,58.7,59.1,,,,,,,,,
nhtsa-bmw-335i-sedan-4dr-108-7,Sedan,4,,,,,108.7,178.3,71.7,55.9,59.1,59.4,,,,,,,,,
nhtsa-bmw-5-series-sedan-4dr-117-3,Sedan,4,,,,,117.3,194.5,73.6,57.9,63.4,64.2,,,,,,,,,
nhtsa-bmw-5-series-sedan-4dr-117-3-2,Sedan,4,,,,,117.3,195.3,73.6,57.9,63.4,64.2,,,,,,,,,
nhtsa-bmw-525i-body-108-7,,,,,,,108.7,185.8,68.9,55.5,57.9,58.7,,,,,,,,,
nhtsa-bmw-525i-sedan-4dr-108-7,Sedan,4,,,,,108.7,185.8,68.9,55.5,,,,,,,,,,,
nhtsa-bmw-525i-sedan-4dr-108-7-2,Sedan,4,,,,,108.7,185.8,68.9,55.5,57.9,59.1,,,,,,,,,
nhtsa-bmw-525i-sedan-4dr-111-4,Sedan,4,,,,,111.4,188.2,70.9,56.7,59.4,60.2,,,,,,,,,
nhtsa-bmw-525i-sedan-4dr-114-2,Sedan,4,,,,,114.2,190.9,72.8,57.9,61,61.8,,,,,,,,,
nhtsa-bmw-525i-wagon-108-7,Wagon,,,,,,108.7,185.8,68.9,55.9,,,,,,,,,,,
nhtsa-bmw-525i-wagon-4dr-111-4,Wagon,4,,,,,111.4,189.4,70.9,56.7,59.4,60.2,,,,,,,,,
nhtsa-bmw-525xi-sedan-4dr-114-2,Sedan,4,,,,,114.2,190.9,72.8,58.3,61,61.8,,,,,,,,,
nhtsa-bmw-528e-body-103-9,,,,,,,103.9,189,66.9,55.9,,,,,,,,,,,
nhtsa-bmw-528e-sedan-4dr-103-1,Sedan,4,,,,,103.1,189,66.9,55.9,,,,,,,,,,,
nhtsa-bmw-528i-sedan-103-9,Sedan,,,,,,103.9,190.2,67.3,55.9,,,,,,,,,,,
nhtsa-bmw-528i-sedan-4dr-111-4,Sedan,4,,,,,111.4,188.2,70.9,56.7,59.1,59.4,,,,,,,,,
nhtsa-bmw-530i-sedan-4dr-108-7,Sedan,4,,,,,108.7,185.8,68.9,55.5,57.9,59.1,,,,,,,,,
nhtsa-bmw-530i-sedan-4dr-111-4,Sedan,4,,,,,111.4,188.2,70.9,56.7,59.4,60.2,,,,,,,,,
nhtsa-bmw-530i-sedan-4dr-114-2,Sedan,4,,,,,114.2,190.9,72.8,57.9,61,61.8,,,,,,,,,
nhtsa-bmw-530i-wagon-4dr-108-7,Wagon,4,,,,,108.7,185.8,68.9,55.9,57.9,59.1,,,,,,,,,
nhtsa-bmw-530xi-sedan-4dr-114-2,Sedan,4,,,,,114.2,190.9,72.8,58.3,61,61.8,,,,,,,,,
nhtsa-bmw-530xi-wagon-4dr-113-8,Wagon,4,,,,,113.8,191.3,72.8,58.7,61.4,62.2,,,,,,,,,
nhtsa-bmw-533i-body-103-1,,,,,,,103.1,188.6,66.9,55.9,,,,,,,,,,,
nhtsa-bmw-535i-body-103-1,,,,,,,103.1,189,66.9,55.9,,,,,,,,,,,
nhtsa-bmw-535i-body-108-7,,,,,,,108.7,185.8,68.9,55.5,57.9,58.7,,,,,,,,,
nhtsa-bmw-535i-sedan-4dr-103-1,Sedan,4,,,,,103.1,189,66.9,55.9,,,,,,,,,,,
nhtsa-bmw-535i-sedan-4dr-108-7,Sedan,4,,,,,108.7,185.8,68.9,55.5,,,,,,,,,,,
nhtsa-bmw-540i-sedan-4dr-108-7,Sedan,4,,,,,108.7,185.8,68.9,55.5,57.9,59.1,,,,,,,,,
nhtsa-bmw-540i-sedan-4dr-111-4,Sedan,4,,,,,111.4,188.2,70.9,56.7,59.1,59.4,,,,,,,,,
nhtsa-bmw-540i-wagon-4dr-111-4,Wagon,4,,,,,111.4,189.4,70.9,56.7,59.4,60.2,,,,,,,,,
nhtsa-bmw-545i-sedan-4dr-114-2,Sedan,4,,,,,114.2,190.9,72.8,57.9,61,61.8,,,,,,,,,
nhtsa-bmw-550i-sedan-4dr-114-2,Sedan,4,,,,,114.2,190.9,72.8,57.9,61,61.8,,,,,,,,,
nhtsa-bmw-633-csi-body-103-5,,,,,,,103.5,192.5,67.7,53.5,,,,,,,,,,,
nhtsa-bmw-635csi-body-103-5,,,,,,,103.5,193.7,68.1,53.9,,,,,,,,,,,
nhtsa-bmw-635csi-coupe-2dr-103-5,Coupe,2,,,,,103.5,193.7,68.1,53.9,,,,,,,,,,,
nhtsa-bmw-645ci-convertible-2dr-109-1,Convertible,2,,,,,109.1,189.8,73.2,53.9,60.6,61.4,,,,,,,,,
nhtsa-bmw-645ci-coupe-2dr-109-1,Coupe,2,,,,,109.1,189.8,73.2,53.9,60.6,61.4,,,,,,,,,
nhtsa-bmw-650i-convertible-2dr-109-1,Convertible,2,,,,,109.1,189.8,73.2,53.9,60.6,61.4,,,,,,,,,
nhtsa-bmw-650i-coupe-2dr-109-1,Coupe,2,,,,,109.1,189.8,73.2,53.9,60.6,61.4,,,,,,,,,
nhtsa-bmw-733i-body-109-8,,,,,,,109.8,197.2,70.9,56.3,,,,,,,,,,,
nhtsa-bmw-733i-sedan-109-8,Sedan,,,,,,109.8,197.2,70.9,56.3,,,,,,,,,,,
nhtsa-bmw-735i-body-110-2,,,,,,,110.2,197.2,70.9,56.3,,,,,,,,,,,
nhtsa-bmw-735i-sedan-4dr-111-4,Sedan,4,,,,,111.4,193.3,72.8,55.5,,,,,,,,,,,
nhtsa-bmw-735il-sedan-4dr-116-1,Sedan,4,,,,,116.1,197.6,151.6,55.5,52.4,61,,,,,,,,,
nhtsa-bmw-735il-sedan-4dr-116-1-2,Sedan,4,,,,,116.1,197.6,72.8,55.1,,,,,,,,,,,
nhtsa-bmw-740i-sedan-4dr-111-4,Sedan,4,,,,,111.4,193.3,72.8,55.5,60.2,61.4,,,,,,,,,
nhtsa-bmw-740i-sedan-4dr-115-4,Sedan,4,,,,,115.4,196.1,74,56.7,61,61,,,,,,,,,
nhtsa-bmw-740i-sedan-4dr-115-4-2,Sedan,4,,,,,115.4,196.1,73.2,56.3,59.4,60.2,,,,,,,,,
nhtsa-bmw-740il-sedan-4dr-116-1,Sedan,4,,,,,116.1,197.6,72.8,55.1,60.2,61.4,,,,,,,,,
nhtsa-bmw-740il-sedan-4dr-120-9,Sedan,4,,,,,120.9,201.6,73.2,56.3,59.4,60.2,,,,,,,,,
nhtsa-bmw-745i-sedan-4dr-117-7,Sedan,4,,,,,117.7,198,74.8,58.7,62.2,61.8,,,,,,,,,
nhtsa-bmw-745li-sedan-4dr-122-8,Sedan,4,,,,,122.8,203.5,74.8,58.7,61.4,61.8,,,,,,,,,
nhtsa-bmw-750i-sedan-4dr-117-7,Sedan,4,,,,,117.7,198,74.8,58.7,62.2,61.8,,,,,,,,,
nhtsa-bmw-750il-body-116-1,,,,,,,116.1,197.6,72.8,55.5,,,,,,,,,,,
nhtsa-bmw-750il-sedan-4dr-116-1,Sedan,4,,,,,116.1,201.6,72.8,55.1,,,,,,,,,,,
nhtsa-bmw-750il-sedan-4dr-116-1-2,Sedan,4,,,,,116.1,197.6,72.8,55.1,60.2,61.4,,,,,,,,,
nhtsa-bmw-750il-sedan-4dr-120-9,Sedan,4,,,,,120.9,201.6,73.2,56.3,59.4,60.2,,,,,,,,,
nhtsa-bmw-750li-sedan-4dr-122-8,Sedan,4,,,,,122.8,203.5,74.8,58.7,61.4,61.8,,,,,,,,,
nhtsa-bmw-760li-sedan-4dr-122-8,Sedan,4,,,,,122.8,203.5,74.8,58.7,61.4,61.8,,,,,,,,,
nhtsa-bmw-850ci-coupe-2dr-105-5,Coupe,2,,,,,105.5,188.2,73.2,52.8,,,,,,,,,,,
nhtsa-bmw-850i-coupe-2dr-105-5,Coupe,2,,,,,105.5,188.2,73.2,52.8,,,,,,,,,,,
nhtsa-bmw-i7-sedan-4dr-126-8,Sedan,4,,,,,126.8,212.2,76.8,60.6,65.7,65,,,,,,,,,
nhtsa-bmw-ix-body-118-1,,,,,,,118.1,194.9,77.2,66.5,66.1,67.3,,,,,,,,,
nhtsa-bmw-m2-coupe-2dr-105-9,Coupe,2,,,,,105.9,176.4,72.8,55.5,62.2,63,,,,,,,,,
nhtsa-bmw-m2-coupe-2dr-108-3,Coupe,2,,,,,108.3,180.3,74.4,55.1,63.8,63.4,,,,,,,,,
nhtsa-bmw-m3-body-100-8,,,,,,,100.8,189,66.9,55.5,,,,,,,,,,,
nhtsa-bmw-m3-body-2dr-108-7,,2,,,,,108.7,181.9,70.9,54.3,60.6,60.2,,,,,,,,,
nhtsa-bmw-m3-convertible-2dr-107-5,Convertible,2,,,,,107.5,176.8,69.3,53.9,57.9,58.3,,,,,,,,,
nhtsa-bmw-m3-coupe-2dr-106-7,Coupe,2,,,,,106.7,174.4,67.3,52.8,55.1,55.9,,,,,,,,,
nhtsa-bmw-m3-coupe-2dr-107-5,Coupe,2,,,,,107.5,176.8,69.3,53.9,57.9,58.3,,,,,,,,,
nhtsa-bmw-m3-coupe-2dr-108-7,Coupe,2,,,,,108.7,181.9,70.9,55.9,60.6,60.2,,,,,,,,,
nhtsa-bmw-m3-sedan-2dr-101-2,Sedan,2,,,,,101.2,171.3,66.1,53.9,,,,,,,,,,,
nhtsa-bmw-m3-sedan-4dr-106-7,Sedan,4,,,,,106.7,174.4,66.9,53.9,55.1,55.9,,,,,,,,,
nhtsa-bmw-m3-sedan-4dr-108-7,Sedan,4,,,,,108.7,180.3,71.7,55.9,60.2,59.8,,,,,,,,,
nhtsa-bmw-m3-sedan-4dr-110-6,Sedan,4,,,,,110.6,183.9,74,56.3,62.2,63,,,,,,,,,
nhtsa-bmw-m3-sedan-4dr-112-6,Sedan,4,,,,,112.6,188.6,74.8,56.7,63.8,63.4,,,,,,,,,
nhtsa-bmw-m4-convertible-2dr-110-6,Convertible,2,,,,,110.6,183.9,73.6,54.7,62.2,63,,,,,,,,,
nhtsa-bmw-m4-coupe-2dr-110-6,Coupe,2,,,,,110.6,183.9,73.6,54.3,62.2,63,,,,,,,,,
nhtsa-bmw-m4-coupe-2dr-112-2,Coupe,2,,,,,112.2,188.6,74.4,54.7,62.2,62.6,,,,,,,,,
nhtsa-bmw-m5-body-103-5,,,,,,,103.5,189,66.9,55.9,,,,,,,,,,,
nhtsa-bmw-m5-sedan-4dr-108-3,Sedan,4,,,,,108.3,185.8,68.9,54.7,,,,,,,,,,,
nhtsa-bmw-m5-sedan-4dr-111-4,Sedan,4,,,,,111.4,188.2,70.9,56.3,,,,,,,,,,,
nhtsa-bmw-m5-sedan-4dr-113-8,Sedan,4,,,,,113.8,191.3,72.8,57.9,61,61.8,,,,,,,,,
nhtsa-bmw-m5-sedan-4dr-116-5,Sedan,4,,,,,116.5,193.3,73.2,57.5,63,64.2,,,,,,,,,
nhtsa-bmw-m5-sedan-4dr-116-9,Sedan,4,,,,,116.9,192.9,73.2,57.5,63,64.2,,,,,,,,,
nhtsa-bmw-m5-sedan-4dr-117-3,Sedan,4,,,,,117.3,195.3,73.6,57.9,63.4,64.2,,,,,,,,,
nhtsa-bmw-m6-convertible-2dr-109-4,Convertible,2,,,,,109.4,191.7,72.8,53.9,60.2,61.4,,,,,,,,,
nhtsa-bmw-m6-convertible-2dr-112-2,Convertible,2,,,,,112.2,192.5,74.4,53.9,63,65.7,,,,,,,,,
nhtsa-bmw-m6-convertible-2dr-112-6,Convertible,2,,,,,112.6,192.5,74.4,53.9,63,65.7,,,,,,,,,
nhtsa-bmw-m6-coupe-2dr-103-5,Coupe,2,,,,,103.5,193.7,68.1,53.9,,,,,,,,,,,
nhtsa-bmw-m6-coupe-2dr-109-4,Coupe,2,,,,,109.4,191.7,72.8,53.9,60.2,61.4,,,,,,,,,
nhtsa-bmw-m6-coupe-2dr-109-8,Coupe,2,,,,,109.8,191.7,72.8,53.9,61,61.8,,,,,,,,,
nhtsa-bmw-m6-coupe-2dr-112-2,Coupe,2,,,,,112.2,192.5,74.4,53.9,63,65.7,,,,,,,,,
nhtsa-bmw-m6-coupe-2dr-112-6,Coupe,2,,,,,112.6,192.5,74.4,53.9,63,65.7,,,,,,,,,
nhtsa-bmw-m6-coupe-4dr-116-9,Coupe,4,,,,,116.9,197.2,74.8,54.7,64.2,63.4,,,,,,,,,
nhtsa-bmw-m8-convertible-2dr-111,Convertible,2,,,,,111,191.3,74.8,53.1,64.2,64.6,,,,,,,,,
nhtsa-bmw-m8-coupe-119-3,Coupe,,,,,,119.3,200,76,55.1,64.2,65.7,,,,,,,,,
nhtsa-bmw-m8-coupe-2dr-111,Coupe,2,,,,,111,191.3,74.8,53.1,64.2,64.6,,,,,,,,,
nhtsa-bmw-x1-suv-4dr-105-1,SUV,4,,,,,105.1,174.8,71.7,63.4,61.4,61.4,,,,,,,,,
nhtsa-bmw-x1-suv-4dr-105-9,SUV,4,,,,,105.9,177.2,72.8,64.2,61.8,61.8,,,,,,,,,
nhtsa-bmw-x1-suv-4dr-108-7,SUV,4,,,,,108.7,175.2,70.9,61,59.1,60.2,,,,,,,,,
nhtsa-bmw-x2-suv-4dr-105-1,SUV,4,,,,,105.1,171.7,71.7,60.2,61.4,61.4,,,,,,,,,
nhtsa-bmw-x2-suv-4dr-105-9,SUV,4,,,,,105.9,179.9,72.8,62.6,66.1,66.1,,,,,,,,,
nhtsa-bmw-x2-suv-4dr-105-9-2,SUV,4,,,,,105.9,179.1,72.8,62.6,66.1,66.1,,,,,,,,,
nhtsa-bmw-x3-suv-4dr-109-8,SUV,4,,,,,109.8,179.9,72.8,65.7,58.7,59.8,,,,,,,,,
nhtsa-bmw-x3-suv-4dr-110-6,SUV,4,,,,,110.6,183.1,74,66.1,63.8,64.2,,,,,,,,,
nhtsa-bmw-x3-suv-4dr-112-6,SUV,4,,,,,112.6,185.4,74.4,66.1,63,63.8,,,,,,,,,
nhtsa-bmw-x3-suv-4dr-112-6-2,SUV,4,,,,,112.6,185.4,74.4,66.1,63.8,64.6,,,,,,,,,
nhtsa-bmw-x3-suv-4dr-113,SUV,4,,,,,113,187.4,75.6,65.4,63.4,63.4,,,,,,,,,
nhtsa-bmw-x4-suv-4dr-110-6,SUV,4,,,,,110.6,183.9,74,63.8,63.8,64.2,,,,,,,,,
nhtsa-bmw-x4-suv-4dr-113,SUV,4,,,,,113,187.4,75.6,63.8,63.8,65.7,,,,,,,,,
nhtsa-bmw-x5-m-suv-4dr-115-4,SUV,4,,,,,115.4,192.1,78,68.9,65.7,65.7,,,,,,,,,
nhtsa-bmw-x5-suv-111,SUV,,,,,,111,183.9,73.6,67.3,61.4,61.4,,,,,,,,,
nhtsa-bmw-x5-suv-4dr-111,SUV,4,,,,,111,183.9,73.6,67.3,61.4,61.4,,,,,,,,,
nhtsa-bmw-x5-suv-4dr-115-4,SUV,4,,,,,115.4,190.9,76,69.7,64.6,65,,,,,,,,,
nhtsa-bmw-x5-suv-4dr-115-4-2,SUV,4,,,,,115.4,192.5,76.4,69.3,64.6,65,,,,,,,,,
nhtsa-bmw-x5-suv-4dr-116-9,SUV,4,,,,,116.9,194.1,78.7,68.9,65.7,66.5,,,,,,,,,
nhtsa-bmw-x6-suv-4dr-115-4,SUV,4,,,,,115.4,192.5,78,66.9,65,64.6,,,,,,,,,
nhtsa-bmw-x6-suv-4dr-115-4-2,SUV,4,,,,,115.4,193.3,78.3,66.9,64.6,66.9,,,,,,,,,
nhtsa-bmw-x6-suv-4dr-115-7,SUV,4,,,,,115.7,192.9,78,66.9,65,64.6,,,,,,,,,
nhtsa-bmw-x6-suv-4dr-116-9,SUV,4,,,,,116.9,194.9,78.7,66.9,64.6,67.3,,,,,,,,,
nhtsa-bmw-x7-suv-4dr-122,SUV,4,,,,,122,203.1,78.7,71.3,66.1,66.9,,,,,,,,,
nhtsa-bmw-x7-suv-4dr-122-2,SUV,4,,,,,122,203.5,78.7,72,66.1,66.5,,,,,,,,,
nhtsa-bmw-xm-suv-4dr-122,SUV,4,,,,,122,201.2,78.7,69.3,68.1,66.5,,,,,,,,,
nhtsa-bmw-z3-convertible-2dr-96-5,Convertible,2,,,,,96.5,158.7,66.5,50.8,55.5,55.9,,,,,,,,,
nhtsa-bmw-z3-convertible-96-5,Convertible,,,,,,96.5,158.7,66.5,50.8,55.5,55.9,,,,,,,,,
nhtsa-bmw-z3-convertible-96-5-2,Convertible,,,,,,96.5,158.7,66.5,50.8,55.5,58.7,,,,,,,,,
nhtsa-bmw-z3-convertible-96-5-3,Convertible,,,,,,96.5,159.4,68.5,50.8,55.5,58.7,,,,,,,,,
nhtsa-bmw-z4-body-2dr-98,,2,,,,,98,161,70.1,51.2,58.3,59.8,,,,,,,,,
nhtsa-bmw-z4-body-2dr-98-2,,2,,,,,98,161.8,70.1,51.2,58.3,57.9,,,,,,,,,
nhtsa-bmw-z4-body-2dr-98-4,,2,,,,,98.4,161,70.1,51.2,58.3,59.8,,,,,,,,,
nhtsa-bmw-z4-body-2dr-98-4-2,,2,,,,,98.4,166.9,70.5,50.8,59.8,60.6,,,,,,,,,
nhtsa-bmw-z4-body-2dr-98-4-3,,2,,,,,98.4,166.9,70.5,50.8,59.4,61.4,,,,,,,,,
nhtsa-bmw-z4-convertible-2dr-97-2,Convertible,2,,,,,97.2,170.9,73.2,51.6,63.8,63.4,,,,,,,,,
nhtsa-bmw-z8-convertible-98-4,Convertible,,,,,,98.4,173.2,72,52,61.4,61.8,,,,,,,,,
nhtsa-bmw-z8-convertible-98-8,Convertible,,,,,,98.8,173.2,72,52,,,,,,,,,,,
nhtsa-buick-allure-sedan-4dr-110-2,Sedan,4,,,,,110.2,198.4,72.8,57.5,61,61.4,,,,,,,,,
nhtsa-buick-cascada-body-106-3,,,,,,,106.3,185,72.4,56.7,62.6,62.6,,,,,,,,,
nhtsa-buick-century-body-104-7,,,,,,,104.7,189,67.7,54.7,,,,,,,,,,,
nhtsa-buick-century-body-2dr-104-7,,2,,,,,104.7,189,66.9,54.7,,,,,,,,,,,
nhtsa-buick-century-body-2dr-108-3,,2,,,,,108.3,196.1,71.7,55.5,,,,,,,,,,,
nhtsa-buick-century-coupe-104-7,Coupe,,,,,,104.7,189,67.7,53.5,,,,,,,,,,,
nhtsa-buick-century-coupe-2dr-104-7,Coupe,2,,,,,104.7,189,69.3,53.5,,,,,,,,,,,
nhtsa-buick-century-sedan-104-7,Sedan,,,,,,104.7,189,66.9,54.7,,,,,,,,,,,
nhtsa-buick-century-sedan-104-7-2,Sedan,,,,,,104.7,189,67.7,53.5,,,,,,,,,,,
nhtsa-buick-century-sedan-4dr-104-7,Sedan,4,,,,,104.7,189,67.7,53.5,,,,,,,,,,,
nhtsa-buick-century-sedan-4dr-104-7-2,Sedan,4,,,,,104.7,189,69.3,53.5,,,,,,,,,,,
nhtsa-buick-century-sedan-4dr-104-7-3,Sedan,4,,,,,104.7,189,69.3,54.3,58.7,56.7,,,,,,,,,
nhtsa-buick-century-sedan-4dr-108-3,Sedan,4,,,,,108.3,196.1,71.7,55.5,,,,,,,,,,,
nhtsa-buick-century-sedan-4dr-109-1,Sedan,4,,,,,109.1,194.5,72.8,56.7,,,,,,,,,,,
nhtsa-buick-century-sedan-4dr-109-1-2,Sedan,4,,,,,109.1,194.5,72.8,56.7,62.2,61,,,,,,,,,
nhtsa-buick-century-wagon-104-7,Wagon,,,,,,104.7,190.9,67.7,53.1,,,,,,,,,,,
nhtsa-buick-century-wagon-104-7-2,Wagon,,,,,,104.7,190.9,67.7,54.3,,,,,,,,,,,
nhtsa-buick-century-wagon-104-7-3,Wagon,,,,,,104.7,190.9,69.3,54.3,58.7,57.1,,,,,,,,,
nhtsa-buick-century-wagon-104-7-4,Wagon,,,,,,104.7,190.9,69.3,54.3,,,,,,,,,,,
nhtsa-buick-century-wagon-108-3,Wagon,,,,,,108.3,200.8,71.3,55.5,,,,,,,,,,,
nhtsa-buick-century-wagon-4dr-104-7,Wagon,4,,,,,104.7,190.9,69.3,54.7,58.7,56.7,,,,,,,,,
nhtsa-buick-electra-body-118-9,,,,,,,118.9,221.3,76.4,56.7,,,,,,,,,,,
nhtsa-buick-electra-body-2dr-118-9,,2,,,,,118.9,221.3,76,54.7,,,,,,,,,,,
nhtsa-buick-electra-body-4dr-118-9,,4,,,,,118.9,221.3,76,55.5,,,,,,,,,,,
nhtsa-buick-electra-coupe-110-6,Coupe,,,,,,110.6,197.2,72.4,54.3,,,,,,,,,,,
nhtsa-buick-electra-coupe-111,Coupe,,,,,,111,197.2,72.4,54.3,,,,,,,,,,,
nhtsa-buick-electra-coupe-2dr-111,Coupe,2,,,,,111,197.2,72,54.3,,,,,,,,,,,
nhtsa-buick-electra-sedan-111,Sedan,,,,,,111,197.2,72.4,54.3,,,,,,,,,,,
nhtsa-buick-electra-sedan-111-2,Sedan,,,,,,111,197.2,72.4,54.3,55.1,54.7,,,,,,,,,
nhtsa-buick-electra-sedan-118-9,Sedan,,,,,,118.9,221.3,76.4,57.1,,,,,,,,,,,
nhtsa-buick-electra-sedan-4dr-111,Sedan,4,,,,,111,197.2,72,54.3,,,,,,,,,,,
nhtsa-buick-electra-sedan-4dr-111-2,Sedan,4,,,,,111,196.9,72.4,54.3,60.6,59.8,,,,,,,,,
nhtsa-buick-electra-sedan-4dr-118-9,Sedan,4,,,,,118.9,221.3,76,55.5,,,,,,,,,,,
nhtsa-buick-electra-sedan-4dr-118-9-2,Sedan,4,,,,,118.9,221.3,76,57.9,,,,,,,,,,,
nhtsa-buick-electra-wagon-115-7,Wagon,,,,,,115.7,220.5,76,57.1,,,,,,,,,,,
nhtsa-buick-electra-wagon-116-1,Wagon,,,,,,116.1,220.5,79.1,59.4,,,,,,,,,,,
nhtsa-buick-electra-wagon-116-1-2,Wagon,,,,,,116.1,221.3,79.1,59.4,,,,,,,,,,,
nhtsa-buick-electra-wagon-4dr-116-1,Wagon,4,,,,,116.1,220.5,79.1,59.8,,,,,,,,,,,
nhtsa-buick-enclave-suv-4dr-118-9,SUV,4,,,,,118.9,202,79.1,72.8,67.3,66.9,,,,,,,,,
nhtsa-buick-enclave-suv-4dr-118-9-2,SUV,4,,,,,118.9,202,79.1,71.7,67.3,66.9,,,,,,,,,
nhtsa-buick-enclave-suv-4dr-120-9,SUV,4,,,,,120.9,204.3,78.7,70.1,67.3,66.9,,,,,,,,,
nhtsa-buick-enclave-suv-4dr-120-9-2,SUV,4,,,,,120.9,207.5,79.5,70.9,67.3,66.9,,,,,,,,,
nhtsa-buick-encore-gx-suv-4dr-102-4,SUV,4,,,,,102.4,171.3,71.3,64.2,61,61.8,,,,,,,,,
nhtsa-buick-encore-suv-4dr-100-8,SUV,4,,,,,100.8,168.1,69.7,65,60.6,60.6,,,,,,,,,
nhtsa-buick-envision-suv-109-4,SUV,,,,,,109.4,182.7,74,64.6,63.4,63.4,,,,,,,,,
nhtsa-buick-envision-suv-4dr-107-9,SUV,4,,,,,107.9,183.9,72.4,66.9,62.2,62.2,,,,,,,,,
nhtsa-buick-envista-suv-4dr-106-3,SUV,4,,,,,106.3,182.7,71.7,61.4,61.4,61.4,,,,,,,,,
nhtsa-buick-lacrosse-sedan-4dr-111-8,Sedan,4,,,,,111.8,196.9,73.2,59.1,61.4,61.8,,,,,,,,,
nhtsa-buick-lacrosse-sedan-4dr-114-6,Sedan,4,,,,,114.6,197.6,73.2,57.5,63,63,,,,,,,,,
nhtsa-buick-lesabre-body-116-1,,,,,,,116.1,218.5,78,55.9,,,,,,,,,,,
nhtsa-buick-lesabre-body-2dr-115-7,,2,,,,,115.7,218.5,76.4,55.1,,,,,,,,,,,
nhtsa-buick-lesabre-coupe-111,Coupe,,,,,,111,196.5,72,55.5,,,,,,,,,,,
nhtsa-buick-lesabre-coupe-116-1,Coupe,,,,,,116.1,218.5,78,55.9,,,,,,,,,,,
nhtsa-buick-lesabre-coupe-2dr-111,Coupe,2,,,,,111,196.1,72,54.7,,,,,,,,,,,
nhtsa-buick-lesabre-sedan-116-1,Sedan,,,,,,116.1,218.5,78,56.7,,,,,,,,,,,
nhtsa-buick-lesabre-sedan-4dr-110-6,Sedan,4,,,,,110.6,200,74.8,55.5,60.6,60.6,,,,,,,,,
nhtsa-buick-lesabre-sedan-4dr-110-6-2,Sedan,4,,,,,110.6,200,74.8,55.5,60.2,59.4,,,,,,,,,
nhtsa-buick-lesabre-sedan-4dr-110-6-3,Sedan,4,,,,,110.6,200.8,74.4,55.5,60.6,60.6,,,,,,,,,
nhtsa-buick-lesabre-sedan-4dr-111,Sedan,4,,,,,111,196.1,72,55.5,,,,,,,,,,,
nhtsa-buick-lesabre-sedan-4dr-111-2,Sedan,4,,,,,111,196.5,72,54.7,,,,,,,,,,,
nhtsa-buick-lesabre-sedan-4dr-111-3,Sedan,4,,,,,111,196.5,72.4,55.5,60.6,59.8,,,,,,,,,
nhtsa-buick-lesabre-sedan-4dr-111-4,Sedan,4,,,,,111,200,74.8,54.7,,,,,,,,,,,
nhtsa-buick-lesabre-sedan-4dr-112-2,Sedan,4,,,,,112.2,200,73.6,57.1,62.6,62.2,,,,,,,,,
nhtsa-buick-lesabre-sedan-4dr-115-7,Sedan,4,,,,,115.7,218.5,76.4,55.1,,,,,,,,,,,
nhtsa-buick-lesabre-wagon-115-7,Wagon,,,,,,115.7,220.5,79.1,59.4,,,,,,,,,,,
nhtsa-buick-lesabre-wagon-116-1,Wagon,,,,,,116.1,221.3,79.1,59.4,,,,,,,,,,,
nhtsa-buick-lucerne-sedan-4dr-115-4,Sedan,4,,,,,115.4,203.1,73.6,57.9,62.6,62.6,,,,,,,,,
nhtsa-buick-park-avenue-sedan-4dr-110-6,Sedan,4,,,,,110.6,205.1,74.8,55.1,60.6,60.6,,,,,,,,,
nhtsa-buick-park-avenue-sedan-4dr-111,Sedan,4,,,,,111,205.1,74.8,55.5,,,,,,,,,,,
nhtsa-buick-park-avenue-sedan-4dr-111-2,Sedan,4,,,,,111,205.9,74.8,55.5,,,,,,,,,,,
nhtsa-buick-park-avenue-sedan-4dr-113-8,Sedan,4,,,,,113.8,206.7,74.8,58.3,62.2,62.2,,,,,,,,,
nhtsa-buick-rainier-suv-4dr-113,SUV,4,,,,,113,192.5,75.6,70.1,62.2,62.2,,,,,,,,,
nhtsa-buick-rainier-suv-4dr-113-2,SUV,4,,,,,113,192.5,75.6,74.4,62.2,62.2,,,,,,,,,
nhtsa-buick-reatta-convertible-98-4,Convertible,,,,,,98.4,183.5,72.8,51.2,59.8,59.8,,,,,,,,,
nhtsa-buick-reatta-coupe-2dr-98-4,Coupe,2,,,,,98.4,183.5,72.8,51.2,60.2,60.2,,,,,,,,,
nhtsa-buick-reatta-coupe-2dr-98-4-2,Coupe,2,,,,,98.4,183.5,72.8,51.2,59.8,59.8,,,,,,,,,
nhtsa-buick-regal-body-108-3,,,,,,,108.3,200.8,71.7,55.5,,,,,,,,,,,
nhtsa-buick-regal-body-111-4,,,,,,,111.4,192.9,73.2,57.5,63,63,,,,,,,,,
nhtsa-buick-regal-body-2dr-108-3,,2,,,,,108.3,200.8,71.7,54.3,,,,,,,,,,,
nhtsa-buick-regal-body-2dr-108-3-2,,2,,,,,108.3,200.8,71.7,53.9,,,,,,,,,,,
nhtsa-buick-regal-coupe-108-3,Coupe,,,,,,108.3,200.4,71.7,54.7,,,,,,,,,,,
nhtsa-buick-regal-coupe-2dr-107-5,Coupe,2,,,,,107.5,192.1,71.7,53.1,,,,,,,,,,,
nhtsa-buick-regal-coupe-2dr-107-5-2,Coupe,2,,,,,107.5,192.1,72.4,53.1,59.4,57.9,,,,,,,,,
nhtsa-buick-regal-coupe-2dr-107-5-3,Coupe,2,,,,,107.5,192.1,72.4,53.1,,,,,,,,,,,
nhtsa-buick-regal-coupe-2dr-107-5-4,Coupe,2,,,,,107.5,193.7,72.4,53.1,,,,,,,,,,,
nhtsa-buick-regal-coupe-2dr-107-5-5,Coupe,2,,,,,107.5,193.7,72.4,53.1,59.4,57.9,,,,,,,,,
nhtsa-buick-regal-coupe-2dr-107-5-6,Coupe,2,,,,,107.5,194.1,71.7,53.1,59.4,57.9,,,,,,,,,
nhtsa-buick-regal-coupe-2dr-108-3,Coupe,2,,,,,108.3,200.4,70.5,54.7,,,,,,,,,,,
nhtsa-buick-regal-coupe-2dr-108-3-2,Coupe,2,,,,,108.3,200.4,71.7,54.7,,,,,,,,,,,
nhtsa-buick-regal-coupe-4dr-107-5,Coupe,4,,,,,107.5,194.5,70.9,54.3,,,,,,,,,,,
nhtsa-buick-regal-sedan-108-3,Sedan,,,,,,108.3,196.1,71.3,56.3,,,,,,,,,,,
nhtsa-buick-regal-sedan-4dr-107-5,Sedan,4,,,,,107.5,194.5,70.9,54.3,59.4,57.9,,,,,,,,,
nhtsa-buick-regal-sedan-4dr-107-5-2,Sedan,4,,,,,107.5,194.5,70.9,54.3,,,,,,,,,,,
nhtsa-buick-regal-sedan-4dr-107-5-3,Sedan,4,,,,,107.5,194.9,72.4,54.3,59.4,57.9,,,,,,,,,
nhtsa-buick-regal-sedan-4dr-107-5-4,Sedan,4,,,,,107.5,194.9,72.4,54.3,58.7,57.5,,,,,,,,,
nhtsa-buick-regal-sedan-4dr-107-9,Sedan,4,,,,,107.9,190.6,73.2,58.3,62.6,62.6,,,,,,,,,
nhtsa-buick-regal-sedan-4dr-108-3,Sedan,4,,,,,108.3,200.8,71.7,55.5,,,,,,,,,,,
nhtsa-buick-regal-sedan-4dr-108-3-2,Sedan,4,,,,,108.3,200.8,71.7,53.9,,,,,,,,,,,
nhtsa-buick-regal-sedan-4dr-108-3-3,Sedan,4,,,,,108.3,196.9,71.3,56.3,,,,,,,,,,,
nhtsa-buick-regal-sedan-4dr-109-1,Sedan,4,,,,,109.1,196.1,72.8,,61.4,61,,,,,,,,,
nhtsa-buick-regal-tourx-wagon-111-4,Wagon,,,,,,111.4,196.5,73.2,58.3,63,63,,,,,,,,,
nhtsa-buick-regal-wagon-4dr-108-3,Wagon,4,,,,,108.3,196.9,71.3,56.3,,,,,,,,,,,
nhtsa-buick-rendezvous-body-4dr-112-2,,4,,,,,112.2,186.2,73.6,68.9,62.2,63.8,,,,,,,,,
nhtsa-buick-rendezvous-suv-4dr-112-2,SUV,4,,,,,112.2,186.2,73.6,72,62.2,63.8,,,,,,,,,
nhtsa-buick-riviera-body-114-2,,,,,,,114.2,206.7,71.7,54.3,,,,,,,,,,,
nhtsa-buick-riviera-body-114-2-2,,,,,,,114.2,206.7,74.8,54.3,,,,,,,,,,,
nhtsa-buick-riviera-body-114-2-3,,,,,,,114.2,206.7,72.8,54.3,,,,,,,,,,,
nhtsa-buick-riviera-convertible-114-2,Convertible,,,,,,114.2,206.7,72.8,54.3,,,,,,,,,,,
nhtsa-buick-riviera-coupe-114-2,Coupe,,,,,,114.2,206.7,72.8,54.3,,,,,,,,,,,
nhtsa-buick-riviera-coupe-2dr-107-9,Coupe,2,,,,,107.9,187.4,71.7,53.5,,,,,,,,,,,
nhtsa-buick-riviera-coupe-2dr-107-9-2,Coupe,2,,,,,107.9,198.4,71.7,53.5,59.8,60.2,,,,,,,,,
nhtsa-buick-riviera-coupe-2dr-113-4,Coupe,2,,,,,113.4,207.1,75.2,55.1,62.2,62.2,,,,,,,,,
nhtsa-buick-roadmaster-sedan-4dr-115-7,Sedan,4,,,,,115.7,215.7,78,54.3,,,,,,,,,,,
nhtsa-buick-roadmaster-sedan-4dr-116-1,Sedan,4,,,,,116.1,215.7,78,55.9,61.8,60.6,,,,,,,,,
nhtsa-buick-roadmaster-wagon-115-7,Wagon,,,,,,115.7,217.7,79.9,60.2,,,,,,,,,,,
nhtsa-buick-roadmaster-wagon-116-1,Wagon,,,,,,116.1,217.7,79.9,60.2,62.2,64.2,,,,,,,,,
nhtsa-buick-skyhawk-body-101-2,,,,,,,101.2,175.2,65,53.9,,,,,,,,,,,
nhtsa-buick-skyhawk-body-101-2-2,,,,,,,101.2,177.2,65,53.9,,,,,,,,,,,
nhtsa-buick-skyhawk-body-2dr-101-2,,2,,,,,101.2,175.2,62.2,53.9,,,,,,,,,,,
nhtsa-buick-skyhawk-body-2dr-101-2-2,,2,,,,,101.2,175.2,65,53.9,,,,,,,,,,,
nhtsa-buick-skyhawk-body-4dr-101-2,,4,,,,,101.2,177.2,65,53.9,,,,,,,,,,,
nhtsa-buick-skyhawk-coupe-101-2,Coupe,,,,,,101.2,173.2,65,53.9,,,,,,,,,,,
nhtsa-buick-skyhawk-coupe-101-2-2,Coupe,,,,,,101.2,175.6,66.5,52,,,,,,,,,,,
nhtsa-buick-skyhawk-coupe-2dr-101-2,Coupe,2,,,,,101.2,175.2,65,53.9,,,,,,,,,,,
nhtsa-buick-skyhawk-coupe-2dr-101-2-2,Coupe,2,,,,,101.2,179.1,65,53.9,,,,,,,,,,,
nhtsa-buick-skyhawk-coupe-2dr-101-2-3,Coupe,2,,,,,101.2,179.1,65,52,,,,,,,,,,,
nhtsa-buick-skyhawk-sedan-101-2,Sedan,,,,,,101.2,175.2,65,53.9,,,,,,,,,,,
nhtsa-buick-skyhawk-sedan-101-2-2,Sedan,,,,,,101.2,177.2,65,53.9,,,,,,,,,,,
nhtsa-buick-skyhawk-sedan-4dr-101-2,Sedan,4,,,,,101.2,175.2,62.2,53.9,,,,,,,,,,,
nhtsa-buick-skyhawk-sedan-4dr-101-2-2,Sedan,4,,,,,101.2,181.5,65,53.9,,,,,,,,,,,
nhtsa-buick-skyhawk-wagon-101-2,Wagon,,,,,,101.2,177.2,65,54.3,,,,,,,,,,,
nhtsa-buick-skylark-body-104-7,,,,,,,104.7,181.1,69.3,53.1,,,,,,,,,,,
nhtsa-buick-skylark-body-104-7-2,,,,,,,104.7,181.1,69.3,53.5,,,,,,,,,,,
nhtsa-buick-skylark-body-2dr-104-7,,2,,,,,104.7,181.1,69.3,53.5,,,,,,,,,,,
nhtsa-buick-skylark-coupe-103-5,Coupe,,,,,,103.5,179.9,66.5,52,,,,,,,,,,,
nhtsa-buick-skylark-coupe-2dr-103-5,Coupe,2,,,,,103.5,179.9,66.5,52,55.5,55.1,,,,,,,,,
nhtsa-buick-skylark-coupe-2dr-103-5-2,Coupe,2,,,,,103.5,189.4,68.1,53.1,,,,,,,,,,,
nhtsa-buick-skylark-coupe-2dr-103-5-3,Coupe,2,,,,,103.5,189,67.7,53.1,55.9,54.3,,,,,,,,,
nhtsa-buick-skylark-coupe-2dr-103-5-4,Coupe,2,,,,,103.5,189,68.9,53.5,55.9,55.5,,,,,,,,,
nhtsa-buick-skylark-coupe-2dr-103-5-5,Coupe,2,,,,,103.5,188.6,68.1,53.5,55.5,55.5,,,,,,,,,
nhtsa-buick-skylark-sedan-104-7,Sedan,,,,,,104.7,181.1,68.9,53.1,,,,,,,,,,,
nhtsa-buick-skylark-sedan-104-7-2,Sedan,,,,,,104.7,181.1,69.3,53.5,,,,,,,,,,,
nhtsa-buick-skylark-sedan-4dr-103-5,Sedan,4,,,,,103.5,180.3,66.5,52,,,,,,,,,,,
nhtsa-buick-skylark-sedan-4dr-103-5-2,Sedan,4,,,,,103.5,179.9,66.5,52,55.1,55.1,,,,,,,,,
nhtsa-buick-skylark-sedan-4dr-103-5-3,Sedan,4,,,,,103.5,179.9,66.5,52,,,,,,,,,,,
nhtsa-buick-skylark-sedan-4dr-103-5-4,Sedan,4,,,,,103.5,189.4,68.1,53.1,,,,,,,,,,,
nhtsa-buick-skylark-sedan-4dr-103-5-5,Sedan,4,,,,,103.5,189,67.7,53.1,55.9,54.3,,,,,,,,,
nhtsa-buick-skylark-sedan-4dr-103-5-6,Sedan,4,,,,,103.5,189,68.9,53.5,55.9,55.5,,,,,,,,,
nhtsa-buick-skylark-sedan-4dr-103-5-7,Sedan,4,,,,,103.5,189.4,68.1,53.5,55.5,55.5,,,,,,,,,
nhtsa-buick-skylark-sedan-4dr-104-7,Sedan,4,,,,,104.7,181.1,68.9,53.5,,,,,,,,,,,
nhtsa-buick-somerset-body-103-5,,,,,,,103.5,179.9,67.7,52,,,,,,,,,,,
nhtsa-buick-somerset-coupe-103-5,Coupe,,,,,,103.5,179.9,67.7,52,,,,,,,,,,,
nhtsa-buick-somerset-coupe-2dr-103-5,Coupe,2,,,,,103.5,180.3,66.5,52,,,,,,,,,,,
nhtsa-buick-terraza-van-4dr-121-3,Van,4,,,,,121.3,205.1,72,72,63,63,,,,,,,,,
nhtsa-buick-verano-sedan-4dr-105-9,Sedan,4,,,,,105.9,183.9,71.3,58.3,60.6,61.4,,,,,,,,,
nhtsa-cadillac-allante-convertible-99-6,Convertible,,,,,,99.6,178.7,73.2,52.4,,,,,,,,,,,
nhtsa-cadillac-allante-convertible-99-6-2,Convertible,,,,,,99.6,178.7,73.6,52.4,,,,,,,,,,,
nhtsa-cadillac-ats-coupe-2dr-109-1,Coupe,2,,,,,109.1,184.3,72.8,53.5,61,61.8,,,,,,,,,
nhtsa-cadillac-ats-sedan-4dr-109-4,Sedan,4,,,,,109.4,183.1,70.9,53.9,59.8,60.6,,,,,,,,,
nhtsa-cadillac-ats-v-coupe-2dr-109-1,Coupe,2,,,,,109.1,184.6,72.4,54.3,61,61.8,,,,,,,,,
nhtsa-cadillac-ats-v-sedan-4dr-109-4,Sedan,4,,,,,109.4,183.9,71.3,55.5,59.8,60.6,,,,,,,,,
nhtsa-cadillac-brougham-sedan-4dr-121-3,Sedan,4,,,,,121.3,220.9,75.2,56.7,,,,,,,,,,,
nhtsa-cadillac-brougham-sedan-4dr-121-7,Sedan,4,,,,,121.7,220.9,76.4,56.7,61.4,60.2,,,,,,,,,
nhtsa-cadillac-catera-sedan-4dr-107-5,Sedan,4,,,,,107.5,193.7,70.5,56.3,58.7,59.1,,,,,,,,,
nhtsa-cadillac-catera-sedan-4dr-107-5-2,Sedan,4,,,,,107.5,194.1,70.5,56.3,59.4,59.8,,,,,,,,,
nhtsa-cadillac-celestiq-sedan-4dr-130-3,Sedan,4,,,,,130.3,217.3,81.9,57.1,,,,,,,,,,,
nhtsa-cadillac-cimarron-body-101-2,,,,,,,101.2,172.8,65,52,,,,,,,,,,,
nhtsa-cadillac-cimarron-sedan-4dr-101-2,Sedan,4,,,,,101.2,172.8,66.1,52,,,,,,,,,,,
nhtsa-cadillac-ct4-sedan-4dr-109-4,Sedan,4,,,,,109.4,187.4,71.7,55.9,60.2,61.8,,,,,,,,,
nhtsa-cadillac-ct5-sedan-4dr-116-1,Sedan,4,,,,,116.1,193.7,74,57.1,63,63.8,,,,,,,,,
nhtsa-cadillac-ct5-v-blackwing-sedan-4dr-116-1,Sedan,4,,,,,116.1,193.7,74,57.1,63,63.8,,,,,,,,,
nhtsa-cadillac-ct6-sedan-4dr-122,Sedan,4,,,,,122,203.9,74,57.9,64.2,65,,,,,,,,,
nhtsa-cadillac-ct6-sedan-4dr-122-4,Sedan,4,,,,,122.4,205.9,74,57.9,63.4,64.2,,,,,,,,,
nhtsa-cadillac-cts-body-113-8,,,,,,,113.8,190.2,70.5,56.7,60.2,60.2,,,,,,,,,
nhtsa-cadillac-cts-body-114-6,,,,,,,114.6,195.7,72,57.1,61.4,61.8,,,,,,,,,
nhtsa-cadillac-cts-body-4dr-113-4,,4,,,,,113.4,191.3,72.4,59.1,61.8,61.8,,,,,,,,,
nhtsa-cadillac-cts-coupe-2dr-113-4,Coupe,2,,,,,113.4,188.6,74,55.9,62.2,63,,,,,,,,,
nhtsa-cadillac-cts-sedan-114-6,Sedan,,,,,,114.6,195.7,72,57.1,61.4,61.8,,,,,,,,,
nhtsa-cadillac-cts-sedan-4dr-113-4,Sedan,4,,,,,113.4,191.7,72.4,57.9,61,62.2,,,,,,,,,
nhtsa-cadillac-cts-sedan-4dr-113-8,Sedan,4,,,,,113.8,190.2,70.5,56.7,60.2,60.2,,,,,,,,,
nhtsa-cadillac-cts-sedan-4dr-114-6,Sedan,4,,,,,114.6,195.7,72,57.1,61.4,61.8,,,,,,,,,
nhtsa-cadillac-deville-body-121-7,,,,,,,121.7,220.9,75.6,54.7,,,,,,,,,,,
nhtsa-cadillac-deville-body-2dr-121-3,,2,,,,,121.3,220.9,75.6,54.7,,,,,,,,,,,
nhtsa-cadillac-deville-sedan-121-7,Sedan,,,,,,121.7,220.9,75.6,55.5,,,,,,,,,,,
nhtsa-cadillac-deville-sedan-4dr-113-8,Sedan,4,,,,,113.8,209.8,76.8,56.3,61,61,,,,,,,,,
nhtsa-cadillac-deville-sedan-4dr-113-8-2,Sedan,4,,,,,113.8,209.8,76.8,55.9,61,61,,,,,,,,,
nhtsa-cadillac-deville-sedan-4dr-113-8-3,Sedan,4,,,,,113.8,209.8,76.8,55.9,60.2,61.8,,,,,,,,,
nhtsa-cadillac-deville-sedan-4dr-113-8-4,Sedan,4,,,,,113.8,209.8,76.8,56.3,60.2,61.8,,,,,,,,,
nhtsa-cadillac-deville-sedan-4dr-115-4,Sedan,4,,,,,115.4,207.1,74.4,56.7,62.6,62.6,,,,,,,,,
nhtsa-cadillac-deville-sedan-4dr-121-3,Sedan,4,,,,,121.3,220.9,75.6,54.7,,,,,,,,,,,
nhtsa-cadillac-dts-sedan-4dr-115-4,Sedan,4,,,,,115.4,207.5,74.8,57.5,63,62.6,,,,,,,,,
nhtsa-cadillac-eldorado-body-114-2,,,,,,,114.2,204.7,70.5,54.3,,,,,,,,,,,
nhtsa-cadillac-eldorado-body-2dr-107-9,,2,,,,,107.9,191.3,72.4,53.9,60.2,60.2,,,,,,,,,
nhtsa-cadillac-eldorado-body-2dr-114-2,,2,,,,,114.2,204.3,70.5,55.1,,,,,,,,,,,
nhtsa-cadillac-eldorado-convertible-114-2,Convertible,,,,,,114.2,204.7,70.5,54.3,,,,,,,,,,,
nhtsa-cadillac-eldorado-coupe-114-2,Coupe,,,,,,114.2,204.7,70.5,54.3,,,,,,,,,,,
nhtsa-cadillac-eldorado-coupe-2dr-107-9,Coupe,2,,,,,107.9,188.2,71.3,53.9,,,,,,,,,,,
nhtsa-cadillac-eldorado-coupe-2dr-107-9-2,Coupe,2,,,,,107.9,191.3,72.4,53.9,,,,,,,,,,,
nhtsa-cadillac-eldorado-coupe-2dr-107-9-3,Coupe,2,,,,,107.9,202.4,75.6,53.1,,,,,,,,,,,
nhtsa-cadillac-eldorado-coupe-2dr-107-9-4,Coupe,2,,,,,107.9,202.4,75.6,53.9,61,61,,,,,,,,,
nhtsa-cadillac-eldorado-coupe-2dr-107-9-5,Coupe,2,,,,,107.9,202,75.6,53.9,60.6,60.6,,,,,,,,,
nhtsa-cadillac-eldorado-coupe-2dr-107-9-6,Coupe,2,,,,,107.9,200.8,75.6,53.5,61,61,,,,,,,,,
nhtsa-cadillac-elr-coupe-105-9,Coupe,,,,,,105.9,185.8,72.8,55.9,62.2,62.6,,,,,,,,,
nhtsa-cadillac-escalade-body-116-1,,,,,,,116.1,203.9,80.3,74.4,68.9,68.5,,,,,,,,,
nhtsa-cadillac-escalade-body-129-9,,,,,,,129.9,224.4,80.3,74.4,68.9,68.5,,,,,,,,,
nhtsa-cadillac-escalade-esv-body-129-9,,,,,,,129.9,224.4,80.3,74.4,68.9,68.5,,,,,,,,,
nhtsa-cadillac-escalade-esv-suv-4dr-134-3,SUV,4,,,,,134.3,227.2,81.1,76.4,68.5,68.1,,,,,,,,,
nhtsa-cadillac-escalade-iq-suv-4dr-136-2,SUV,4,,,,,136.2,224.4,82.3,76,68.5,68.5,,,,,,,,,
nhtsa-cadillac-escalade-pickup-extended-short-129-9,Pickup,,Extended,,,,129.9,218.1,79.1,74.4,68.1,66.9,,,,,,,,,
nhtsa-cadillac-escalade-pickup-extended-short-129-9-2,Pickup,,Extended,,,,129.9,218.1,79.1,74.4,68.5,67.7,,,,,,,,,
nhtsa-cadillac-escalade-pickup-extended-short-130-7,Pickup,,Extended,,,,130.7,221.3,79.5,75.6,65,66.1,,,,,,,,,
nhtsa-cadillac-escalade-suv-4dr-116-1,SUV,4,,,,,116.1,198.8,78.7,74.4,65,66.1,,,,,,,,,
nhtsa-cadillac-escalade-suv-4dr-116-1-2,SUV,4,,,,,116.1,202.4,79.1,76,68.1,66.9,,,,,,,,,
nhtsa-cadillac-escalade-suv-4dr-116-1-3,SUV,4,,,,,116.1,202.4,78.7,74.4,68.5,67.3,,,,,,,,,
nhtsa-cadillac-escalade-suv-4dr-116-1-4,SUV,4,,,,,116.1,202.4,79.1,74.4,68.5,67.3,,,,,,,,,
nhtsa-cadillac-escalade-suv-4dr-117-7,SUV,4,,,,,117.7,201.2,77.2,74.4,64.2,63.8,,,,,,,,,
nhtsa-cadillac-escalade-suv-4dr-120-9,SUV,4,,,,,120.9,211.8,81.1,76.8,68.5,68.1,,,,,,,,,
nhtsa-cadillac-escalade-suv-4dr-129-9,SUV,4,,,,,129.9,222,78.7,75.6,65.4,66.1,,,,,,,,,
nhtsa-cadillac-escalade-suv-4dr-129-9-2,SUV,4,,,,,129.9,222.8,79.1,74.4,68.1,66.9,,,,,,,,,
nhtsa-cadillac-escalade-suv-4dr-129-9-3,SUV,4,,,,,129.9,222.8,79.1,74.4,68.5,67.3,,,,,,,,,
nhtsa-cadillac-fleetwood-body-121-7,,,,,,,121.7,220.9,75.2,54.7,,,,,,,,,,,
nhtsa-cadillac-fleetwood-body-134-6,,,,,,,134.6,218.5,71.7,55.1,,,,,,,,,,,
nhtsa-cadillac-fleetwood-body-2dr-121-3,,2,,,,,121.3,220.9,75.2,56.7,,,,,,,,,,,
nhtsa-cadillac-fleetwood-coupe-111,Coupe,,,,,,111,194.9,71.7,55.1,,,,,,,,,,,
nhtsa-cadillac-fleetwood-sedan-111,Sedan,,,,,,111,194.9,71.7,55.1,,,,,,,,,,,
nhtsa-cadillac-fleetwood-sedan-116-1,Sedan,,,,,,116.1,201.6,71.7,55.1,,,,,,,,,,,
nhtsa-cadillac-fleetwood-sedan-121-7,Sedan,,,,,,121.7,220.9,75.2,56.7,,,,,,,,,,,
nhtsa-cadillac-fleetwood-sedan-4dr-111,Sedan,4,,,,,111,196.5,71.7,55.1,,,,,,,,,,,
nhtsa-cadillac-fleetwood-sedan-4dr-113-8,Sedan,4,,,,,113.8,205.5,73.2,55.1,,,,,,,,,,,
nhtsa-cadillac-fleetwood-sedan-4dr-121-3,Sedan,4,,,,,121.3,220.9,75.2,56.7,,,,,,,,,,,
nhtsa-cadillac-lyriq-suv-4dr-121-7,SUV,4,,,,,121.7,196.9,87,63.8,65.7,65.7,,,,,,,,,
nhtsa-cadillac-optiq-suv-4dr-116-1,SUV,4,,,,,116.1,189.8,75.2,64.6,63.8,63.8,,,,,,,,,
nhtsa-cadillac-seville-body-114-2,,,,,,,114.2,204.7,70.9,54.3,,,,,,,,,,,
nhtsa-cadillac-seville-sedan-4dr-107-9,Sedan,4,,,,,107.9,188.2,70.9,53.9,,,,,,,,,,,
nhtsa-cadillac-seville-sedan-4dr-107-9-2,Sedan,4,,,,,107.9,190.9,70.9,53.9,59.8,59.8,,,,,,,,,
nhtsa-cadillac-seville-sedan-4dr-107-9-3,Sedan,4,,,,,107.9,190.9,72,53.9,,,,,,,,,,,
nhtsa-cadillac-seville-sedan-4dr-111,Sedan,4,,,,,111,204.3,74.4,53.9,,,,,,,,,,,
nhtsa-cadillac-seville-sedan-4dr-111-2,Sedan,4,,,,,111,204.3,74.4,54.7,61,61,,,,,,,,,
nhtsa-cadillac-seville-sedan-4dr-112-2,Sedan,4,,,,,112.2,201.2,74.8,55.5,61.4,61.4,,,,,,,,,
nhtsa-cadillac-seville-sedan-4dr-114-2,Sedan,4,,,,,114.2,204.7,70.9,54.3,,,,,,,,,,,
nhtsa-cadillac-srx-body-4dr-111,,4,,,,,111,190.2,75.2,65.7,64.2,63.4,,,,,,,,,
nhtsa-cadillac-srx-suv-4dr-116-5,SUV,4,,,,,116.5,195.3,72.4,67.7,61,61.4,,,,,,,,,
nhtsa-cadillac-sts-sedan-4dr-116-1,Sedan,4,,,,,116.1,196.5,72.4,57.5,61.8,62.2,,,,,,,,,
nhtsa-cadillac-xlr-convertible-2dr-105-9,Convertible,2,,,,,105.9,177.6,72.4,50.4,62.2,62.2,,,,,,,,,
nhtsa-cadillac-xt4-suv-4dr-109-4,SUV,4,,,,,109.4,181.1,76.8,64.2,63.4,63,,,,,,,,,
nhtsa-cadillac-xt5-suv-4dr-112-6,SUV,4,,,,,112.6,189.8,74.8,66.1,65,65,,,,,,,,,
nhtsa-cadillac-xt6-suv-4dr-112-6,SUV,4,,,,,112.6,198.8,77.2,68.9,66.5,66.1,,,,,,,,,
nhtsa-cadillac-xts-sedan-4dr-111-8,Sedan,4,,,,,111.8,202,72.8,58.3,62.2,63,,,,,,,,,
nhtsa-chevrolet-astro-van-body-111,,,,,,,111,176.8,77.2,71.7,,,,,,,,,,,
nhtsa-chevrolet-astro-van-van-111,Van,,,,,,111,176.8,77.2,71.7,,,,,,,,,,,
nhtsa-chevrolet-astro-van-van-111-10,Van,,,,,,111,190.2,77.6,74.8,65,65.4,,,,,,,,,
nhtsa-chevrolet-astro-van-van-111-2,Van,,,,,,111,176.8,77.2,74,65,65.7,,,,,,,,,
nhtsa-chevrolet-astro-van-van-111-3,Van,,,,,,111,187,77.2,73.6,65.7,65.7,,,,,,,,,
nhtsa-chevrolet-astro-van-van-111-4,Van,,,,,,111,176.8,77.2,74,,,,,,,,,,,
nhtsa-chevrolet-astro-van-van-111-5,Van,,,,,,111,187,77.2,73.6,,,,,,,,,,,
nhtsa-chevrolet-astro-van-van-111-6,Van,,,,,,111,176.8,77.6,76.4,65,65,,,,,,,,,
nhtsa-chevrolet-astro-van-van-111-7,Van,,,,,,111,187,77.6,76.4,65,65,,,,,,,,,
nhtsa-chevrolet-astro-van-van-111-8,Van,,,,,,111,189.8,77.6,76.4,65,65.4,,,,,,,,,
nhtsa-chevrolet-astro-van-van-111-9,Van,,,,,,111,189.8,77.6,75.2,65,65.4,,,,,,,,,
nhtsa-chevrolet-astro-van-wagon-111,Wagon,,,,,,111,187,77.2,73.6,,,,,,,,,,,
nhtsa-chevrolet-astro-van-wagon-111-2,Wagon,,,,,,111,176.8,77.2,74,,,,,,,,,,,
nhtsa-chevrolet-aveo-body-4dr-97-6,,4,,,,,97.6,152.8,65.7,59.1,57.1,55.9,,,,,,,,,
nhtsa-chevrolet-aveo-sedan-4dr-97-6,Sedan,4,,,,,97.6,166.9,65.7,59.1,57.1,55.9,,,,,,,,,
nhtsa-chevrolet-aveo-sedan-4dr-97-6-2,Sedan,4,,,,,97.6,169.7,67.3,59.4,56.7,56.3,,,,,,,,,
nhtsa-chevrolet-beretta-convertible-103-5,Convertible,,,,,,103.5,187.4,68.1,55.1,57.1,57.5,,,,,,,,,
nhtsa-chevrolet-beretta-coupe-103-5,Coupe,,,,,,103.5,187.4,68.1,55.1,,,,,,,,,,,
nhtsa-chevrolet-beretta-coupe-2dr-103-5,Coupe,2,,,,,103.5,187.4,68.1,52.8,,,,,,,,,,,
nhtsa-chevrolet-beretta-coupe-2dr-103-5-2,Coupe,2,,,,,103.5,187.4,68.1,55.1,56.7,57.1,,,,,,,,,
nhtsa-chevrolet-beretta-coupe-2dr-103-5-3,Coupe,2,,,,,103.5,187.4,68.1,55.1,,,,,,,,,,,
nhtsa-chevrolet-beretta-coupe-2dr-103-5-4,Coupe,2,,,,,103.5,187.4,67.7,53.1,55.9,56.7,,,,,,,,,
nhtsa-chevrolet-blazer-body-106-7,,,,,,,106.7,185.4,79.5,73.6,,,,,,,,,,,
nhtsa-chevrolet-blazer-suv-2dr-100-4,SUV,2,,,,,100.4,170.5,65.4,64.2,53.9,53.9,,,,,,,,,
nhtsa-chevrolet-blazer-suv-2dr-100-4-2,SUV,2,,,,,100.4,170.5,65.4,64.2,55.5,53.9,,,,,,,,,
nhtsa-chevrolet-blazer-suv-2dr-100-4-3,SUV,2,,,,,100.4,175.2,67.7,66.1,54.7,54.7,,,,,,,,,
nhtsa-chevrolet-blazer-suv-2dr-100-4-4,SUV,2,,,,,100.4,178.3,67.7,65.7,54.7,54.7,,,,,,,,,
nhtsa-chevrolet-blazer-suv-2dr-100-4-5,SUV,2,,,,,100.4,178.3,67.7,66.9,54.7,54.7,,,,,,,,,
nhtsa-chevrolet-blazer-suv-2dr-100-4-6,SUV,2,,,,,100.4,176.8,67.7,64.6,54.7,54.7,,,,,,,,,
nhtsa-chevrolet-blazer-suv-2dr-100-4-7,SUV,2,,,,,100.4,176.8,,,60.2,59.1,,,,,,,,,
nhtsa-chevrolet-blazer-suv-2dr-100-4-8,SUV,2,,,,,100.4,176.8,67.7,65,54.7,54.7,,,,,,,,,
nhtsa-chevrolet-blazer-suv-2dr-100-4-9,SUV,2,,,,,100.4,176.8,67.7,64.6,60.2,59.1,,,,,,,,,
nhtsa-chevrolet-blazer-suv-2dr-111-4,SUV,2,,,,,111.4,188.2,77.2,72,64.2,63.8,,,,,,,,,
nhtsa-chevrolet-blazer-suv-4dr-107-1,SUV,4,,,,,107.1,176.8,65.4,64.2,53.9,53.9,,,,,,,,,
nhtsa-chevrolet-blazer-suv-4dr-107-1-2,SUV,4,,,,,107.1,176.8,65.4,64.2,55.5,53.9,,,,,,,,,
nhtsa-chevrolet-blazer-suv-4dr-107-1-3,SUV,4,,,,,107.1,181.5,67.7,65.7,56.7,55.1,,,,,,,,,
nhtsa-chevrolet-blazer-suv-4dr-107-1-4,SUV,4,,,,,107.1,184.6,67.7,65,56.7,55.1,,,,,,,,,
nhtsa-chevrolet-blazer-suv-4dr-107-1-5,SUV,4,,,,,107.1,183.5,67.7,64.2,56.7,55.1,,,,,,,,,
nhtsa-chevrolet-blazer-suv-4dr-112-6,SUV,4,,,,,112.6,191.3,76.8,66.9,66.5,66.1,,,,,,,,,
nhtsa-chevrolet-blazer-suv-4dr-121-7,SUV,4,,,,,121.7,192.1,78,65,65.7,65.7,,,,,,,,,
nhtsa-chevrolet-bolt-euv-hatchback-4dr-105-5,Hatchback,4,,,,,105.5,169.7,69.7,63.8,59.4,59.4,,,,,,,,,
nhtsa-chevrolet-bolt-ev-hatchback-4dr-102-4,Hatchback,4,,,,,102.4,164.2,69.7,62.6,59.1,59.1,,,,,,,,,
nhtsa-chevrolet-bolt-ev-hatchback-4dr-102-4-2,Hatchback,4,,,,,102.4,163.4,69.7,63.4,59.1,59.1,,,,,,,,,
nhtsa-chevrolet-c-k-1500-pickup-117-7,Pickup,,,,,,117.7,199.6,76.8,,,,,,,,,,,,
nhtsa-chevrolet-c-k-1500-pickup-117-7-2,Pickup,,,,,,117.7,199.6,77.2,,,,,,,,,,,,
nhtsa-chevrolet-c-k-1500-pickup-131-5,Pickup,,,,,,131.5,218.5,76.8,,,,,,,,,,,,
nhtsa-chevrolet-c-k-1500-pickup-extended-141-3,Pickup,,Extended,,,,141.3,,76.8,71.3,,,,,,,,,,,
nhtsa-chevrolet-c-k-1500-pickup-extended-141-3-2,Pickup,,Extended,,,,141.3,,76.8,70.5,,,,,,,,,,,
nhtsa-chevrolet-c-k-1500-pickup-extended-141-3-3,Pickup,,Extended,,,,141.3,218.1,77.2,70.5,,,,,,,,,,,
nhtsa-chevrolet-c-k-1500-pickup-extended-155-5,Pickup,,Extended,,,,155.5,242.5,76.8,,,,,,,,,,,,
nhtsa-chevrolet-c-k-1500-pickup-extended-155-5-2,Pickup,,Extended,,,,155.5,237,76.8,71.3,,,,,,,,,,,
nhtsa-chevrolet-c-k-1500-pickup-extended-155-5-3,Pickup,,Extended,,,,155.5,237,76.8,70.5,,,,,,,,,,,
nhtsa-chevrolet-c-k-1500-pickup-extended-long-155-5,Pickup,,Extended,,,,155.5,237,76.8,71.3,68.5,63.8,,,,,,,,,
nhtsa-chevrolet-c-k-1500-pickup-extended-long-155-5-2,Pickup,,Extended,,,,155.5,237,76.8,70.5,62.6,63.8,,,,,,,,,
nhtsa-chevrolet-c-k-1500-pickup-extended-short-141-3,Pickup,,Extended,,,,141.3,218.1,76.8,71.3,68.5,63.8,,,,,,,,,
nhtsa-chevrolet-c-k-1500-pickup-extended-short-141-3-2,Pickup,,Extended,,,,141.3,218.1,77.2,71.3,68.5,63.8,,,,,,,,,
nhtsa-chevrolet-c-k-1500-pickup-extended-short-141-3-3,Pickup,,Extended,,,,141.3,218.1,76.8,70.5,62.6,63.8,,,,,,,,,
nhtsa-chevrolet-c-k-1500-pickup-extended-short-141-3-4,Pickup,,Extended,,,,141.3,218.1,77.2,70.5,62.6,63.8,,,,,,,,,
nhtsa-chevrolet-c-k-1500-pickup-regular-117-3,Pickup,,Regular,,,,117.3,194.1,76.8,71.3,,,,,,,,,,,
nhtsa-chevrolet-c-k-1500-pickup-regular-117-3-2,Pickup,,Regular,,,,117.3,194.1,76.8,70.5,,,,,,,,,,,
nhtsa-chevrolet-c-k-1500-pickup-regular-117-7,Pickup,,Regular,,,,117.7,199.6,76.8,,,,,,,,,,,,
nhtsa-chevrolet-c-k-1500-pickup-regular-131-5,Pickup,,Regular,,,,131.5,212.6,76.8,71.3,,,,,,,,,,,
nhtsa-chevrolet-c-k-1500-pickup-regular-131-5-2,Pickup,,Regular,,,,131.5,212.6,76.8,70.5,,,,,,,,,,,
nhtsa-chevrolet-c-k-1500-pickup-regular-long-131-5,Pickup,,Regular,,,,131.5,212.6,76.8,71.3,68.5,63.8,,,,,,,,,
nhtsa-chevrolet-c-k-1500-pickup-regular-long-131-5-2,Pickup,,Regular,,,,131.5,212.6,76.8,70.5,62.6,63.8,,,,,,,,,
nhtsa-chevrolet-c-k-1500-pickup-regular-short-117-3,Pickup,,Regular,,,,117.3,194.1,76.8,71.3,68.5,63.8,,,,,,,,,
nhtsa-chevrolet-c-k-1500-pickup-regular-short-117-3-2,Pickup,,Regular,,,,117.3,194.1,76.8,70.5,62.6,63.8,,,,,,,,,
nhtsa-chevrolet-c-k-1500-pickup-regular-short-117-3-3,Pickup,,Regular,,,,117.3,194.1,77.2,70.5,62.6,63.8,,,,,,,,,
nhtsa-chevrolet-c-k-2500-pickup-131-5,Pickup,,,,,,131.5,218.5,76.8,,,,,,,,,,,,
nhtsa-chevrolet-c-k-2500-pickup-crew-short-154-3,Pickup,,Crew,,,,154.3,231.1,77.2,74.4,62.6,63.8,,,,,,,,,
nhtsa-chevrolet-c-k-2500-pickup-crew-short-154-3-2,Pickup,,Crew,,,,154.3,231.1,77.2,74.4,68.5,63.8,,,,,,,,,
nhtsa-chevrolet-c-k-2500-pickup-extended-141-3,Pickup,,Extended,,,,141.3,,76.8,74.4,,,,,,,,,,,
nhtsa-chevrolet-c-k-2500-pickup-extended-141-3-2,Pickup,,Extended,,,,141.3,,76.8,72.8,,,,,,,,,,,
nhtsa-chevrolet-c-k-2500-pickup-extended-155-5,Pickup,,Extended,,,,155.5,242.5,76.8,,,,,,,,,,,,
nhtsa-chevrolet-c-k-2500-pickup-extended-155-5-2,Pickup,,Extended,,,,155.5,237,76.8,74.4,,,,,,,,,,,
nhtsa-chevrolet-c-k-2500-pickup-extended-155-5-3,Pickup,,Extended,,,,155.5,237,76.8,72.8,,,,,,,,,,,
nhtsa-chevrolet-c-k-2500-pickup-extended-long-155-5,Pickup,,Extended,,,,155.5,237,76.8,74.4,68.5,63.8,,,,,,,,,
nhtsa-chevrolet-c-k-2500-pickup-extended-long-155-5-2,Pickup,,Extended,,,,155.5,237,76.8,72.8,62.6,63.8,,,,,,,,,
nhtsa-chevrolet-c-k-2500-pickup-extended-long-155-5-3,Pickup,,Extended,,,,155.5,237.4,77.2,74,62.6,63.8,,,,,,,,,
nhtsa-chevrolet-c-k-2500-pickup-extended-long-155-5-4,Pickup,,Extended,,,,155.5,237.4,77.2,74,68.5,63.8,,,,,,,,,
nhtsa-chevrolet-c-k-2500-pickup-extended-short-141-3,Pickup,,Extended,,,,141.3,218.1,76.8,74.4,68.5,63.8,,,,,,,,,
nhtsa-chevrolet-c-k-2500-pickup-extended-short-141-3-2,Pickup,,Extended,,,,141.3,218.1,76.8,72.8,62.6,63.8,,,,,,,,,
nhtsa-chevrolet-c-k-2500-pickup-extended-short-141-3-3,Pickup,,Extended,,,,141.3,218.5,77.2,74,68.5,63.8,,,,,,,,,
nhtsa-chevrolet-c-k-2500-pickup-regular-131-5,Pickup,,Regular,,,,131.5,212.6,76.8,74.4,,,,,,,,,,,
nhtsa-chevrolet-c-k-2500-pickup-regular-131-5-2,Pickup,,Regular,,,,131.5,212.6,76.8,72.8,,,,,,,,,,,
nhtsa-chevrolet-c-k-2500-pickup-regular-long-131-5,Pickup,,Regular,,,,131.5,212.6,76.8,74.4,68.5,63.8,,,,,,,,,
nhtsa-chevrolet-c-k-2500-pickup-regular-long-131-5-2,Pickup,,Regular,,,,131.5,212.6,76.8,72.8,62.6,63.8,,,,,,,,,
nhtsa-chevrolet-c-k-2500-pickup-regular-long-131-5-3,Pickup,,Regular,,,,131.5,213.4,77.2,76,62.6,63.8,,,,,,,,,
nhtsa-chevrolet-c-k-2500-pickup-regular-long-131-5-4,Pickup,,Regular,,,,131.5,213.4,77.2,76,68.5,63.8,,,,,,,,,
nhtsa-chevrolet-c-k-3500-pickup-131-5,Pickup,,,,,,131.5,218.5,76.8,,,,,,,,,,,,
nhtsa-chevrolet-c-k-3500-pickup-crew-168-5,Pickup,,Crew,,,,168.5,255.5,76.8,,,,,,,,,,,,
nhtsa-chevrolet-c-k-3500-pickup-crew-168-5-2,Pickup,,Crew,,,,168.5,255.5,77.2,75.6,,,,,,,,,,,
nhtsa-chevrolet-c-k-3500-pickup-crew-168-5-3,Pickup,,Crew,,,,168.5,250.8,76.8,,,,,,,,,,,,
nhtsa-chevrolet-c-k-3500-pickup-crew-168-5-4,Pickup,,Crew,,,,168.5,250.8,77.2,75.6,,,,,,,,,,,
nhtsa-chevrolet-c-k-3500-pickup-crew-long-168-5,Pickup,,Crew,,,,168.5,250.8,76.8,,68.5,63.8,,,,,,,,,
nhtsa-chevrolet-c-k-3500-pickup-crew-long-168-5-2,Pickup,,Crew,,,,168.5,249.6,77.2,75.6,62.6,63.8,,,,,,,,,
nhtsa-chevrolet-c-k-3500-pickup-crew-long-168-5-3,Pickup,,Crew,,,,168.5,249.6,94.5,75.6,62.6,72.8,,,,,,,,,
nhtsa-chevrolet-c-k-3500-pickup-crew-long-168-5-4,Pickup,,Crew,,,,168.5,250.8,94.5,,68.5,72.8,,,,,,,,,
nhtsa-chevrolet-c-k-3500-pickup-crew-short-154-3,Pickup,,Crew,,,,154.3,231.1,77.2,74.4,62.6,63.8,,,,,,,,,
nhtsa-chevrolet-c-k-3500-pickup-crew-short-154-3-2,Pickup,,Crew,,,,154.3,231.1,77.2,74.4,68.5,63.8,,,,,,,,,
nhtsa-chevrolet-c-k-3500-pickup-extended-155-5,Pickup,,Extended,,,,155.5,242.5,76.8,,,,,,,,,,,,
nhtsa-chevrolet-c-k-3500-pickup-extended-155-5-2,Pickup,,Extended,,,,155.5,237,76.8,,,,,,,,,,,,
nhtsa-chevrolet-c-k-3500-pickup-extended-155-5-3,Pickup,,Extended,,,,155.5,237,94.5,75.6,,,,,,,,,,,
nhtsa-chevrolet-c-k-3500-pickup-extended-155-5-4,Pickup,,Extended,,,,155.5,237,76.8,75.6,,,,,,,,,,,
nhtsa-chevrolet-c-k-3500-pickup-extended-long-155-5,Pickup,,Extended,,,,155.5,237,76.8,,68.5,63.8,,,,,,,,,
nhtsa-chevrolet-c-k-3500-pickup-extended-long-155-5-2,Pickup,,Extended,,,,155.5,237,76.8,75.6,62.6,63.8,,,,,,,,,
nhtsa-chevrolet-c-k-3500-pickup-extended-long-155-5-3,Pickup,,Extended,,,,155.5,237,94.5,75.6,62.6,72.8,,,,,,,,,
nhtsa-chevrolet-c-k-3500-pickup-extended-long-155-5-4,Pickup,,Extended,,,,155.5,237,94.5,,68.5,72.8,,,,,,,,,
nhtsa-chevrolet-c-k-3500-pickup-regular-131-5,Pickup,,Regular,,,,131.5,212.6,76.8,,,,,,,,,,,,
nhtsa-chevrolet-c-k-3500-pickup-regular-131-5-2,Pickup,,Regular,,,,131.5,212.6,94.5,75.6,,,,,,,,,,,
nhtsa-chevrolet-c-k-3500-pickup-regular-131-5-3,Pickup,,Regular,,,,131.5,212.6,76.8,75.6,,,,,,,,,,,
nhtsa-chevrolet-c-k-3500-pickup-regular-long-131-5,Pickup,,Regular,,,,131.5,212.6,76.8,,68.5,63.8,,,,,,,,,
nhtsa-chevrolet-c-k-3500-pickup-regular-long-131-5-2,Pickup,,Regular,,,,131.5,212.6,76.8,75.6,62.6,63.8,,,,,,,,,
nhtsa-chevrolet-c-k-3500-pickup-regular-long-131-5-3,Pickup,,Regular,,,,131.5,212.6,94.5,75.6,62.6,72.8,,,,,,,,,
nhtsa-chevrolet-c-k-3500-pickup-regular-long-131-5-4,Pickup,,Regular,,,,131.5,212.6,76.8,,62.6,72.8,,,,,,,,,
nhtsa-chevrolet-c-k-3500-pickup-regular-long-131-5-5,Pickup,,Regular,,,,131.5,212.6,94.5,,68.5,72.8,,,,,,,,,
nhtsa-chevrolet-camaro-body-101-2,,,,,,,101.2,187.8,72.8,50,,,,,,,,,,,
nhtsa-chevrolet-camaro-body-101-2-2,,,,,,,101.2,187.8,72.8,50.4,,,,,,,,,,,
nhtsa-chevrolet-camaro-body-101-2-3,,,,,,,101.2,188.2,72.8,50,,,,,,,,,,,
nhtsa-chevrolet-camaro-body-107-9,,,,,,,107.9,197.6,74.4,50,,,,,,,,,,,
nhtsa-chevrolet-camaro-convertible-101-2,Convertible,,,,,,101.2,192.1,72.8,50.4,,,,,,,,,,,
nhtsa-chevrolet-camaro-convertible-112-2,Convertible,,,,,,112.2,190.6,75.6,54.3,63.8,63.8,,,,,,,,,
nhtsa-chevrolet-camaro-convertible-2dr-101-2,Convertible,2,,,,,101.2,193.3,74,52,60.6,60.6,,,,,,,,,
nhtsa-chevrolet-camaro-convertible-2dr-101-2-2,Convertible,2,,,,,101.2,193.7,74,52,61.4,61,,,,,,,,,
nhtsa-chevrolet-camaro-convertible-2dr-110-6,Convertible,2,,,,,110.6,188.2,74,53.1,62.6,63.8,,,,,,,,,
nhtsa-chevrolet-camaro-convertible-2dr-110-6-2,Convertible,2,,,,,110.6,188.2,74,53.1,63,63,,,,,,,,,
nhtsa-chevrolet-camaro-coupe-101-2,Coupe,,,,,,101.2,188.2,72.8,50,,,,,,,,,,,
nhtsa-chevrolet-camaro-coupe-101-2-2,Coupe,,,,,,101.2,192.1,72.8,50.4,,,,,,,,,,,
nhtsa-chevrolet-camaro-coupe-2dr-101-2,Coupe,2,,,,,101.2,188.2,72.8,50,,,,,,,,,,,
nhtsa-chevrolet-camaro-coupe-2dr-101-2-2,Coupe,2,,,,,101.2,192.1,72.8,50.4,,,,,,,,,,,
nhtsa-chevrolet-camaro-coupe-2dr-101-2-3,Coupe,2,,,,,101.2,193.3,74,51.2,,,,,,,,,,,
nhtsa-chevrolet-camaro-coupe-2dr-110-6,Coupe,2,,,,,110.6,188.2,74,53.1,62.6,62.6,,,,,,,,,
nhtsa-chevrolet-camaro-coupe-2dr-110-6-2,Coupe,2,,,,,110.6,188.2,74,53.1,63,63,,,,,,,,,
nhtsa-chevrolet-camaro-coupe-2dr-112-2,Coupe,2,,,,,112.2,190.6,75.6,54.3,63.8,63.8,,,,,,,,,
nhtsa-chevrolet-camaro-coupe-2dr-112-2-2,Coupe,2,,,,,112.2,190.6,75.6,54.3,63.8,64.2,,,,,,,,,
nhtsa-chevrolet-camaro-coupe-2dr-112-2-3,Coupe,2,,,,,112.2,190.6,76.8,54.3,66.1,64.6,,,,,,,,,
nhtsa-chevrolet-camaro-hatchback-2dr-101-2,Hatchback,2,,,,,101.2,188.2,72.8,50,,,,,,,,,,,
nhtsa-chevrolet-camaro-hatchback-2dr-101-2-2,Hatchback,2,,,,,101.2,191.7,72.8,50,,,,,,,,,,,
nhtsa-chevrolet-camaro-hatchback-2dr-101-2-3,Hatchback,2,,,,,101.2,193.3,74,51.2,60.6,60.6,,,,,,,,,
nhtsa-chevrolet-camaro-hatchback-2dr-101-2-4,Hatchback,2,,,,,101.2,193.7,74,51.2,61.4,61,,,,,,,,,
nhtsa-chevrolet-caprice-body-116-1,,,,,,,116.1,212.2,75.2,56.3,,,,,,,,,,,
nhtsa-chevrolet-caprice-body-116-1-2,,,,,,,116.1,213,75.2,56.3,,,,,,,,,,,
nhtsa-chevrolet-caprice-body-2dr-116-1,,2,,,,,116.1,212.2,75.2,56.3,,,,,,,,,,,
nhtsa-chevrolet-caprice-body-4dr-116-1,,4,,,,,116.1,213,75.6,56.3,,,,,,,,,,,
nhtsa-chevrolet-caprice-body-4dr-116-1-2,,4,,,,,116.1,213,75.2,56.3,,,,,,,,,,,
nhtsa-chevrolet-caprice-coupe-2dr-116-1,Coupe,2,,,,,116.1,212.2,75.2,56.3,,,,,,,,,,,
nhtsa-chevrolet-caprice-sedan-115-7,Sedan,,,,,,115.7,213,75.6,56.3,,,,,,,,,,,
nhtsa-chevrolet-caprice-sedan-4dr-115-7,Sedan,4,,,,,115.7,214.2,77.2,56.7,,,,,,,,,,,
nhtsa-chevrolet-caprice-sedan-4dr-115-7-2,Sedan,4,,,,,115.7,214.2,77.2,55.9,,,,,,,,,,,
nhtsa-chevrolet-caprice-sedan-4dr-116-1,Sedan,4,,,,,116.1,212.2,75.2,56.3,,,,,,,,,,,
nhtsa-chevrolet-caprice-sedan-4dr-116-1-2,Sedan,4,,,,,116.1,213,75.2,56.3,,,,,,,,,,,
nhtsa-chevrolet-caprice-sedan-4dr-116-1-3,Sedan,4,,,,,116.1,214.2,77.2,55.9,61.8,62.2,,,,,,,,,
nhtsa-chevrolet-caprice-wagon-115-7,Wagon,,,,,,115.7,217.7,79.5,60.2,,,,,,,,,,,
nhtsa-chevrolet-caprice-wagon-116-1,Wagon,,,,,,116.1,215,79.1,58.3,,,,,,,,,,,
nhtsa-chevrolet-caprice-wagon-4dr-116-1,Wagon,4,,,,,116.1,215,79.1,57.1,,,,,,,,,,,
nhtsa-chevrolet-caprice-wagon-4dr-116-1-2,Wagon,4,,,,,116.1,217.3,79.5,61,62.2,64.2,,,,,,,,,
nhtsa-chevrolet-cavalier-body-101-2,,,,,,,101.2,172.4,66.1,52.8,,,,,,,,,,,
nhtsa-chevrolet-cavalier-body-101-2-2,,,,,,,101.2,172.4,66.5,52,,,,,,,,,,,
nhtsa-chevrolet-cavalier-body-101-2-3,,,,,,,101.2,178.7,66.1,52.8,,,,,,,,,,,
nhtsa-chevrolet-cavalier-body-2dr-101-2,,2,,,,,101.2,170.5,66.1,51.2,,,,,,,,,,,
nhtsa-chevrolet-cavalier-body-2dr-101-2-2,,2,,,,,101.2,173.6,66.1,51.2,,,,,,,,,,,
nhtsa-chevrolet-cavalier-body-2dr-101-2-3,,2,,,,,101.2,172.4,66.1,51.6,,,,,,,,,,,
nhtsa-chevrolet-cavalier-convertible-101-2,Convertible,,,,,,101.2,172.4,66.1,52.8,,,,,,,,,,,
nhtsa-chevrolet-cavalier-convertible-101-2-2,Convertible,,,,,,101.2,178.3,66.1,52.8,,,,,,,,,,,
nhtsa-chevrolet-cavalier-convertible-101-2-3,Convertible,,,,,,101.2,182.3,66.1,52,,,,,,,,,,,
nhtsa-chevrolet-cavalier-convertible-2dr-101-2,Convertible,2,,,,,101.2,182.3,66.1,52,55.5,55.5,,,,,,,,,
nhtsa-chevrolet-cavalier-convertible-2dr-103-9,Convertible,2,,,,,103.9,180.3,67.3,,,,,,,,,,,,
nhtsa-chevrolet-cavalier-convertible-2dr-103-9-2,Convertible,2,,,,,103.9,180.7,68.5,53.9,57.5,56.7,,,,,,,,,
nhtsa-chevrolet-cavalier-convertible-2dr-104-3,Convertible,2,,,,,104.3,180.3,68.5,53.9,57.5,56.7,,,,,,,,,
nhtsa-chevrolet-cavalier-convertible-2dr-104-3-2,Convertible,2,,,,,104.3,180.7,67.3,53.9,57.5,56.7,,,,,,,,,
nhtsa-chevrolet-cavalier-coupe-2dr-101-2,Coupe,2,,,,,101.2,172.4,66.1,51.6,,,,,,,,,,,
nhtsa-chevrolet-cavalier-coupe-2dr-101-2-2,Coupe,2,,,,,101.2,172.4,66.5,52,,,,,,,,,,,
nhtsa-chevrolet-cavalier-coupe-2dr-101-2-3,Coupe,2,,,,,101.2,178.3,66.1,50.4,,,,,,,,,,,
nhtsa-chevrolet-cavalier-coupe-2dr-101-2-4,Coupe,2,,,,,101.2,178.7,66.1,52,55.9,55.5,,,,,,,,,
nhtsa-chevrolet-cavalier-coupe-2dr-101-2-5,Coupe,2,,,,,101.2,178.7,66.1,52,,,,,,,,,,,
nhtsa-chevrolet-cavalier-coupe-2dr-101-2-6,Coupe,2,,,,,101.2,182.3,66.1,52,,,,,,,,,,,
nhtsa-chevrolet-cavalier-coupe-2dr-101-2-7,Coupe,2,,,,,101.2,182.3,66.1,52,55.5,55.5,,,,,,,,,
nhtsa-chevrolet-cavalier-coupe-2dr-103-9,Coupe,2,,,,,103.9,180.3,67.3,53.1,57.5,56.7,,,,,,,,,
nhtsa-chevrolet-cavalier-coupe-2dr-103-9-2,Coupe,2,,,,,103.9,180.7,68.5,53.1,57.5,56.7,,,,,,,,,
nhtsa-chevrolet-cavalier-coupe-2dr-103-9-3,Coupe,2,,,,,103.9,182.7,68.5,52.8,57.5,56.7,,,,,,,,,
nhtsa-chevrolet-cavalier-hatchback-2dr-101-2,Hatchback,2,,,,,101.2,172.4,66.1,51.6,,,,,,,,,,,
nhtsa-chevrolet-cavalier-sedan-4dr-101-2,Sedan,4,,,,,101.2,172.4,66.1,53.5,,,,,,,,,,,
nhtsa-chevrolet-cavalier-sedan-4dr-101-2-2,Sedan,4,,,,,101.2,174.4,66.1,53.9,,,,,,,,,,,
nhtsa-chevrolet-cavalier-sedan-4dr-101-2-3,Sedan,4,,,,,101.2,178.3,64.6,52,,,,,,,,,,,
nhtsa-chevrolet-cavalier-sedan-4dr-101-2-4,Sedan,4,,,,,101.2,178.7,66.1,53.5,55.5,55.5,,,,,,,,,
nhtsa-chevrolet-cavalier-sedan-4dr-101-2-5,Sedan,4,,,,,101.2,178.7,66.1,53.5,,,,,,,,,,,
nhtsa-chevrolet-cavalier-sedan-4dr-101-2-6,Sedan,4,,,,,101.2,182.3,66.1,53.5,,,,,,,,,,,
nhtsa-chevrolet-cavalier-sedan-4dr-101-2-7,Sedan,4,,,,,101.2,182.3,66.1,53.5,55.5,55.5,,,,,,,,,
nhtsa-chevrolet-cavalier-sedan-4dr-103-9,Sedan,4,,,,,103.9,180.3,67.3,54.7,57.5,57.1,,,,,,,,,
nhtsa-chevrolet-cavalier-sedan-4dr-103-9-2,Sedan,4,,,,,103.9,180.7,68.1,54.7,57.5,56.7,,,,,,,,,
nhtsa-chevrolet-cavalier-sedan-4dr-103-9-3,Sedan,4,,,,,103.9,181.1,68.1,54.7,57.5,56.7,,,,,,,,,
nhtsa-chevrolet-cavalier-sedan-4dr-103-9-4,Sedan,4,,,,,103.9,182.7,67.7,54.7,57.9,57.1,,,,,,,,,
nhtsa-chevrolet-cavalier-wagon-101-2,Wagon,,,,,,101.2,174.4,66.1,54.3,,,,,,,,,,,
nhtsa-chevrolet-cavalier-wagon-101-2-2,Wagon,,,,,,101.2,178.3,66.1,54.3,,,,,,,,,,,
nhtsa-chevrolet-cavalier-wagon-101-2-3,Wagon,,,,,,101.2,181.1,66.1,54.3,,,,,,,,,,,
nhtsa-chevrolet-cavalier-wagon-4dr-101-2,Wagon,4,,,,,101.2,172.8,66.1,53.5,,,,,,,,,,,
nhtsa-chevrolet-cavalier-wagon-4dr-101-2-2,Wagon,4,,,,,101.2,181.1,66.1,53.9,55.5,55.5,,,,,,,,,
nhtsa-chevrolet-celebrity-body-2dr-104-7,,2,,,,,104.7,188.2,69.3,53.9,,,,,,,,,,,
nhtsa-chevrolet-celebrity-coupe-104-7,Coupe,,,,,,104.7,188.2,69.3,54.3,,,,,,,,,,,
nhtsa-chevrolet-celebrity-coupe-2dr-104-7,Coupe,2,,,,,104.7,188.2,69.3,54.3,,,,,,,,,,,
nhtsa-chevrolet-celebrity-sedan-104-7,Sedan,,,,,,104.7,188.2,69.3,53.9,,,,,,,,,,,
nhtsa-chevrolet-celebrity-sedan-4dr-104-7,Sedan,4,,,,,104.7,188.2,68.9,53.9,,,,,,,,,,,
nhtsa-chevrolet-celebrity-sedan-4dr-104-7-2,Sedan,4,,,,,104.7,188.2,69.3,53.9,,,,,,,,,,,
nhtsa-chevrolet-celebrity-sedan-4dr-104-7-3,Sedan,4,,,,,104.7,188.2,69.3,54.3,,,,,,,,,,,
nhtsa-chevrolet-celebrity-wagon-104-7,Wagon,,,,,,104.7,190.9,69.3,54.3,,,,,,,,,,,
nhtsa-chevrolet-chevette-body-2dr-94-1,,2,,,,,94.1,161.8,61.8,52.8,,,,,,,,,,,
nhtsa-chevrolet-chevette-body-4dr-97-2,,4,,,,,97.2,165,61.8,52.8,,,,,,,,,,,
nhtsa-chevrolet-chevette-body-4dr-97-2-2,,4,,,,,97.2,164.6,61.8,52.8,,,,,,,,,,,
nhtsa-chevrolet-chevette-hatchback-2dr-94-1,Hatchback,2,,,,,94.1,161.8,61.8,52.8,,,,,,,,,,,
nhtsa-chevrolet-chevette-hatchback-4dr-97-2,Hatchback,4,,,,,97.2,165,61.8,52.8,,,,,,,,,,,
nhtsa-chevrolet-chevette-sedan-4dr-97-2,Sedan,4,,,,,97.2,165,61.8,52.8,,,,,,,,,,,
nhtsa-chevrolet-citation-body-104-7,,,,,,,104.7,176.8,68.5,53.5,,,,,,,,,,,
nhtsa-chevrolet-citation-body-2dr-104-7,,2,,,,,104.7,176.8,68.1,53.5,,,,,,,,,,,
nhtsa-chevrolet-citation-body-2dr-104-7-2,,2,,,,,104.7,176.8,68.5,53.9,,,,,,,,,,,
nhtsa-chevrolet-citation-body-4dr-104-7,,4,,,,,104.7,176.8,68.1,53.5,,,,,,,,,,,
nhtsa-chevrolet-citation-body-4dr-104-7-2,,4,,,,,104.7,176.8,68.5,53.9,,,,,,,,,,,
nhtsa-chevrolet-citation-coupe-104-7,Coupe,,,,,,104.7,176.8,68.5,53.9,,,,,,,,,,,
nhtsa-chevrolet-citation-hatchback-2dr-104-7,Hatchback,2,,,,,104.7,176.8,68.5,53.9,,,,,,,,,,,
nhtsa-chevrolet-citation-hatchback-4dr-104-7,Hatchback,4,,,,,104.7,176.8,68.5,53.9,,,,,,,,,,,
nhtsa-chevrolet-city-express-van-115-4,Van,,,,,,115.4,186.2,68.1,73.6,59.8,59.8,,,,,,,,,
nhtsa-chevrolet-cobalt-coupe-2dr-103-1,Coupe,2,,,,,103.1,180.3,68.1,55.9,57.9,58.7,,,,,,,,,
nhtsa-chevrolet-cobalt-sedan-4dr-103-1,Sedan,4,,,,,103.1,180.3,68.1,57.1,58.7,58.3,,,,,,,,,
nhtsa-chevrolet-cobalt-ss-coupe-2dr-103-1,Coupe,2,,,,,103.1,180.3,68.1,55.9,57.9,58.7,,,,,,,,,
nhtsa-chevrolet-cobalt-ss-sedan-4dr-103-1,Sedan,4,,,,,103.1,180.3,68.1,57.1,58.7,58.3,,,,,,,,,
nhtsa-chevrolet-colorado-body-crew-131-5,,,Crew,,,,131.5,213,74.8,70.9,62.6,62.6,,,,,,,,,
nhtsa-chevrolet-colorado-body-crew-131-5-2,,,Crew,,,,131.5,213,76.4,72,66.1,66.1,,,,,,,,,
nhtsa-chevrolet-colorado-body-crew-131-5-3,,,Crew,,,,131.5,213,76.4,74,66.1,66.1,,,,,,,,,
nhtsa-chevrolet-colorado-pickup-crew-long-140-6,Pickup,,Crew,,,,140.6,224.8,74.4,70.5,62.2,62.2,,,,,,,,,
nhtsa-chevrolet-colorado-pickup-crew-short-126,Pickup,,Crew,,,,126,207.1,68.5,65.4,59.8,60.2,,,,,,,,,
nhtsa-chevrolet-colorado-pickup-crew-short-126-2,Pickup,,Crew,,,,126,207.1,68.5,68.1,59.8,60.2,,,,,,,,,
nhtsa-chevrolet-colorado-pickup-crew-short-126-3,Pickup,,Crew,,,,126,207.1,68.5,63.8,59.8,60.2,,,,,,,,,
nhtsa-chevrolet-colorado-pickup-crew-short-128-3,Pickup,,Crew,,,,128.3,212.6,74.4,70.5,62.2,62.2,,,,,,,,,
nhtsa-chevrolet-colorado-pickup-extended-long-128-3,Pickup,,Extended,,,,128.3,212.6,74.4,70.5,62.2,62.2,,,,,,,,,
nhtsa-chevrolet-colorado-pickup-extended-short-126,Pickup,,Extended,,,,126,207.1,67.7,65,58.3,58.3,,,,,,,,,
nhtsa-chevrolet-colorado-pickup-extended-short-126-2,Pickup,,Extended,,,,126,207.1,67.7,67.7,58.3,58.3,,,,,,,,,
nhtsa-chevrolet-colorado-pickup-extended-short-126-3,Pickup,,Extended,,,,126,207.1,67.7,63.4,58.3,58.3,,,,,,,,,
nhtsa-chevrolet-colorado-pickup-regular-short-111,Pickup,,Regular,,,,111,192.1,67.7,65,59.1,59.1,,,,,,,,,
nhtsa-chevrolet-colorado-pickup-regular-short-111-2,Pickup,,Regular,,,,111,192.1,67.7,67.7,59.1,59.1,,,,,,,,,
nhtsa-chevrolet-corsica-hatchback-103-5,Hatchback,,,,,,103.5,183.5,68.1,56.3,55.9,55.1,,,,,,,,,
nhtsa-chevrolet-corsica-hatchback-4dr-103-5,Hatchback,4,,,,,103.5,183.5,68.1,56.3,55.9,55.9,,,,,,,,,
nhtsa-chevrolet-corsica-sedan-103-5,Sedan,,,,,,103.5,183.5,68.1,56.3,,,,,,,,,,,
nhtsa-chevrolet-corsica-sedan-4dr-103-5,Sedan,4,,,,,103.5,183.5,68.1,56.3,,,,,,,,,,,
nhtsa-chevrolet-corsica-sedan-4dr-103-5-2,Sedan,4,,,,,103.5,183.5,68.1,56.3,55.9,55.9,,,,,,,,,
nhtsa-chevrolet-corsica-sedan-4dr-103-5-3,Sedan,4,,,,,103.5,183.5,68.1,53.9,55.9,55.5,,,,,,,,,
nhtsa-chevrolet-corvette-body-2dr-104-3,,2,,,,,104.3,179.5,73.6,47.6,62.2,62.2,,,,,,,,,
nhtsa-chevrolet-corvette-body-2dr-105-9,,2,,,,,105.9,175.6,76,49.2,63.8,63.4,,,,,,,,,
nhtsa-chevrolet-corvette-body-98,,,,,,,98,185.4,68.9,48,,,,,,,,,,,
nhtsa-chevrolet-corvette-convertible-106-7,Convertible,,,,,,106.7,176.8,74,48.8,63,61.8,,,,,,,,,
nhtsa-chevrolet-corvette-convertible-106-7-2,Convertible,,,,,,106.7,176.8,77.2,48.8,63,61.8,,,,,,,,,
nhtsa-chevrolet-corvette-convertible-107-1,Convertible,,,,,,107.1,182.3,76,48.4,65,62.2,,,,,,,,,
nhtsa-chevrolet-corvette-convertible-107-1-2,Convertible,,,,,,107.1,184.3,79.5,48.4,66.1,66.1,,,,,,,,,
nhtsa-chevrolet-corvette-convertible-2dr-104-3,Convertible,2,,,,,104.3,179.5,73.6,47.6,61.8,61.8,,,,,,,,,
nhtsa-chevrolet-corvette-convertible-2dr-104-3-2,Convertible,2,,,,,104.3,179.9,73.6,48,62.2,62.2,,,,,,,,,
nhtsa-chevrolet-corvette-convertible-2dr-104-7,Convertible,2,,,,,104.7,174.8,72.4,49.2,61.8,61,,,,,,,,,
nhtsa-chevrolet-corvette-convertible-2dr-96-1,Convertible,2,,,,,96.1,178.7,70.9,47.2,57.5,58.7,,,,,,,,,
nhtsa-chevrolet-corvette-convertible-96-1,Convertible,,,,,,96.1,176.4,70.9,46.5,,,,,,,,,,,
nhtsa-chevrolet-corvette-convertible-96-1-2,Convertible,,,,,,96.1,178.7,70.9,46.5,,,,,,,,,,,
nhtsa-chevrolet-corvette-convertible-96-1-3,Convertible,,,,,,96.1,178.7,70.9,47.2,,,,,,,,,,,
nhtsa-chevrolet-corvette-coupe-106-7,Coupe,,,,,,106.7,176.8,74,48.8,63,61.8,,,,,,,,,
nhtsa-chevrolet-corvette-coupe-106-7-2,Coupe,,,,,,106.7,176.8,77.2,48.8,63,61.8,,,,,,,,,
nhtsa-chevrolet-corvette-coupe-107-1,Coupe,,,,,,107.1,182.3,76,48.4,65,62.2,,,,,,,,,
nhtsa-chevrolet-corvette-coupe-107-1-2,Coupe,,,,,,107.1,184.3,79.5,48.4,66.1,66.1,,,,,,,,,
nhtsa-chevrolet-corvette-coupe-2dr-104-3,Coupe,2,,,,,104.3,179.5,73.6,47.6,62.2,62.2,,,,,,,,,
nhtsa-chevrolet-corvette-coupe-2dr-104-3-2,Coupe,2,,,,,104.3,179.9,73.6,47.6,62.2,62.2,,,,,,,,,
nhtsa-chevrolet-corvette-coupe-2dr-104-7,Coupe,2,,,,,104.7,174.8,72.4,49.2,61.8,61,,,,,,,,,
nhtsa-chevrolet-corvette-coupe-2dr-105-9,Coupe,2,,,,,105.9,175.6,76,49.2,63.8,63.4,,,,,,,,,
nhtsa-chevrolet-corvette-coupe-2dr-105-9-2,Coupe,2,,,,,105.9,176,76,48.8,63.8,63.4,,,,,,,,,
nhtsa-chevrolet-corvette-coupe-2dr-96-1,Coupe,2,,,,,96.1,176.4,70.9,46.9,,,,,,,,,,,
nhtsa-chevrolet-corvette-coupe-2dr-96-1-2,Coupe,2,,,,,96.1,176.4,70.9,46.9,58.7,59.1,,,,,,,,,
nhtsa-chevrolet-corvette-coupe-2dr-96-1-3,Coupe,2,,,,,96.1,177.6,74,46.9,58.3,60.6,,,,,,,,,
nhtsa-chevrolet-corvette-coupe-2dr-96-1-4,Coupe,2,,,,,96.1,178.7,70.9,46.9,,,,,,,,,,,
nhtsa-chevrolet-corvette-coupe-2dr-96-1-5,Coupe,2,,,,,96.1,177.6,74,46.9,57.9,60.6,,,,,,,,,
nhtsa-chevrolet-corvette-coupe-96-1,Coupe,,,,,,96.1,176.4,70.9,46.5,,,,,,,,,,,
nhtsa-chevrolet-corvette-hatchback-2dr-96-1,Hatchback,2,,,,,96.1,176.4,70.9,46.5,,,,,,,,,,,
nhtsa-chevrolet-corvette-z06-convertible-107-1,Convertible,,,,,,107.1,184.3,79.5,48.4,66.1,66.1,,,,,,,,,
nhtsa-chevrolet-corvette-z06-coupe-107-1,Coupe,,,,,,107.1,184.3,79.5,48.4,66.1,66.1,,,,,,,,,
nhtsa-chevrolet-corvette-zr-1-coupe-2dr-96-1,Coupe,2,,,,,96.1,177.6,74,46.9,58.3,60.6,,,,,,,,,
nhtsa-chevrolet-cruze-body-5dr-106-3,,5,,,,,106.3,175.2,70.5,57.9,61.4,61,,,,,,,,,
nhtsa-chevrolet-cruze-limited-sedan-4dr-105-5,Sedan,4,,,,,105.5,181.1,70.9,58.3,60.6,61.4,,,,,,,,,
nhtsa-chevrolet-cruze-sedan-4dr-105-5,Sedan,4,,,,,105.5,181.5,70.9,58.3,60.2,61,,,,,,,,,
nhtsa-chevrolet-cruze-sedan-4dr-106-3,Sedan,4,,,,,106.3,183.9,70.9,57.5,61.4,61,,,,,,,,,
nhtsa-chevrolet-epica-sedan-4dr-105-9,Sedan,4,,,,,105.9,187.8,71.7,56.7,60.6,60.6,,,,,,,,,
nhtsa-chevrolet-equinox-suv-4dr-107-5,SUV,4,,,,,107.5,183.1,72.4,65.4,62.2,62.2,,,,,,,,,
nhtsa-chevrolet-equinox-suv-4dr-107-5-2,SUV,4,,,,,107.5,183.1,74.8,65.7,63.8,63.8,,,,,,,,,
nhtsa-chevrolet-equinox-suv-4dr-112-6,SUV,4,,,,,112.6,188.6,71.3,66.9,61.4,61.8,,,,,,,,,
nhtsa-chevrolet-equinox-suv-4dr-112-6-2,SUV,4,,,,,112.6,188.6,72.4,66.9,62.6,61.8,,,,,,,,,
nhtsa-chevrolet-equinox-suv-4dr-112-6-3,SUV,4,,,,,112.6,188.2,72.4,66.9,62.6,61.8,,,,,,,,,
nhtsa-chevrolet-equinox-suv-4dr-115-7,SUV,4,,,,,115.7,190.6,75.2,63.4,62.2,62.2,,,,,,,,,
nhtsa-chevrolet-express-1500-body-135,,,,,,,135,218.9,79.5,,66.5,66.9,,,,,,,,,
nhtsa-chevrolet-express-1500-body-135-2,,,,,,,135,215.4,79.1,83.9,66.5,66.9,,,,,,,,,
nhtsa-chevrolet-express-1500-body-135-3,,,,,,,135,224,79.5,81.5,68.1,67.7,,,,,,,,,
nhtsa-chevrolet-express-1500-van-135,Van,,,,,,135,224,79.5,81.5,68.1,67.7,,,,,,,,,
nhtsa-chevrolet-express-2500-body-135,,,,,,,135,218.9,79.5,,66.5,66.9,,,,,,,,,
nhtsa-chevrolet-express-2500-body-135-2,,,,,,,135,215.4,79.1,83.9,66.5,66.9,,,,,,,,,
nhtsa-chevrolet-express-2500-body-135-3,,,,,,,135,224,79.5,81.5,68.1,67.7,,,,,,,,,
nhtsa-chevrolet-express-2500-body-155-1,,,,,,,155.1,239,79.5,,66.5,66.9,,,,,,,,,
nhtsa-chevrolet-express-2500-body-155-1-2,,,,,,,155.1,235.4,79.1,82.7,66.5,66.9,,,,,,,,,
nhtsa-chevrolet-express-2500-body-155-1-3,,,,,,,155.1,244.1,79.5,81.9,68.1,67.7,,,,,,,,,
nhtsa-chevrolet-express-2500-van-135,Van,,,,,,135,224,79.5,81.5,68.1,67.7,,,,,,,,,
nhtsa-chevrolet-express-2500-van-155-1,Van,,,,,,155.1,244.1,79.5,81.9,68.1,67.7,,,,,,,,,
nhtsa-chevrolet-express-3500-body-135,,,,,,,135,218.9,79.5,,66.5,66.9,,,,,,,,,
nhtsa-chevrolet-express-3500-body-135-2,,,,,,,135,215.4,79.1,83.9,66.5,66.9,,,,,,,,,
nhtsa-chevrolet-express-3500-body-135-3,,,,,,,135,224,79.5,81.5,68.1,67.7,,,,,,,,,
nhtsa-chevrolet-express-3500-body-155-1,,,,,,,155.1,239,79.5,,66.5,66.9,,,,,,,,,
nhtsa-chevrolet-express-3500-body-155-1-2,,,,,,,155.1,235.4,79.1,82.7,66.5,66.9,,,,,,,,,
nhtsa-chevrolet-express-3500-body-155-1-3,,,,,,,155.1,244.1,79.5,81.9,68.1,67.7,,,,,,,,,
nhtsa-chevrolet-express-3500-van-135,Van,,,,,,135,224,79.5,81.5,68.1,67.7,,,,,,,,,
nhtsa-chevrolet-express-3500-van-155-1,Van,,,,,,155.1,244.1,79.5,81.9,68.1,67.7,,,,,,,,,
nhtsa-chevrolet-g-series-10-body-109-8,,,,,,,109.8,178.3,79.5,81.9,,,,,,,,,,,
nhtsa-chevrolet-g-series-10-body-110-2,,,,,,,110.2,,79.5,79.5,,,,,,,,,,,
nhtsa-chevrolet-g-series-10-body-110-2-2,,,,,,,110.2,178.3,79.5,79.5,,,,,,,,,,,
nhtsa-chevrolet-g-series-10-body-125-2,,,,,,,125.2,202.4,79.5,79.5,,,,,,,,,,,
nhtsa-chevrolet-g-series-10-body-135,,,,,,,135,218.9,79.1,82.7,,,,,,,,,,,
nhtsa-chevrolet-g-series-20-body-109-8,,,,,,,109.8,178.3,79.5,81.9,,,,,,,,,,,
nhtsa-chevrolet-g-series-20-body-110-2,,,,,,,110.2,,79.5,79.5,,,,,,,,,,,
nhtsa-chevrolet-g-series-20-body-110-2-2,,,,,,,110.2,178.3,79.5,79.5,,,,,,,,,,,
nhtsa-chevrolet-g-series-20-body-125-2,,,,,,,125.2,202.4,79.5,81.9,,,,,,,,,,,
nhtsa-chevrolet-g-series-20-body-125-2-2,,,,,,,125.2,202.4,79.5,79.5,,,,,,,,,,,
nhtsa-chevrolet-g-series-20-body-135,,,,,,,135,218.9,79.1,84.6,,,,,,,,,,,
nhtsa-chevrolet-g-series-20-body-155-1,,,,,,,155.1,239,79.1,88.2,,,,,,,,,,,
nhtsa-chevrolet-g-series-30-body-125-2,,,,,,,125.2,202.4,79.5,81.9,,,,,,,,,,,
nhtsa-chevrolet-g-series-30-body-125-2-2,,,,,,,125.2,202.4,79.5,82.3,,,,,,,,,,,
nhtsa-chevrolet-g-series-30-body-135,,,,,,,135,218.9,79.1,85,,,,,,,,,,,
nhtsa-chevrolet-g-series-30-body-146-1,,,,,,,146.1,223.2,79.5,81.9,,,,,,,,,,,
nhtsa-chevrolet-g-series-30-body-146-1-2,,,,,,,146.1,223.2,79.5,82.3,,,,,,,,,,,
nhtsa-chevrolet-g-series-30-body-155-1,,,,,,,155.1,239,79.1,84.6,,,,,,,,,,,
nhtsa-chevrolet-hhr-wagon-4dr-103-5,Wagon,4,,,,,103.5,176.4,69.3,65.4,59.1,58.7,,,,,,,,,
nhtsa-chevrolet-impala-body-115-7,,,,,,,115.7,213,75.6,56.3,,,,,,,,,,,
nhtsa-chevrolet-impala-body-4dr-116-1,,4,,,,,116.1,212.2,75.2,56.3,,,,,,,,,,,
nhtsa-chevrolet-impala-limited-sedan-4dr-110-6,Sedan,4,,,,,110.6,200.4,72.8,58.7,61.8,62.2,,,,,,,,,
nhtsa-chevrolet-impala-sedan-4dr-110-6,Sedan,4,,,,,110.6,200,72.8,57.5,61,60.2,,,,,,,,,
nhtsa-chevrolet-impala-sedan-4dr-110-6-2,Sedan,4,,,,,110.6,200,72.8,57.5,62.2,61,,,,,,,,,
nhtsa-chevrolet-impala-sedan-4dr-110-6-3,Sedan,4,,,,,110.6,200.4,72.8,58.7,61.8,62.2,,,,,,,,,
nhtsa-chevrolet-impala-sedan-4dr-111-8,Sedan,4,,,,,111.8,201.2,72.8,59.1,61.8,63,,,,,,,,,
nhtsa-chevrolet-impala-wagon-116-1,Wagon,,,,,,116.1,215,79.1,58.3,,,,,,,,,,,
nhtsa-chevrolet-impala-wagon-4dr-116-1,Wagon,4,,,,,116.1,215,79.1,57.1,,,,,,,,,,,
nhtsa-chevrolet-lumina-apv-wagon-109-8,Wagon,,,,,,109.8,194.5,72,64.6,58.7,61,,,,,,,,,
nhtsa-chevrolet-lumina-apv-wagon-109-8-2,Wagon,,,,,,109.8,194.5,72,64.6,,,,,,,,,,,
nhtsa-chevrolet-lumina-coupe-107-5,Coupe,,,,,,107.5,197.6,70.9,53.5,,,,,,,,,,,
nhtsa-chevrolet-lumina-coupe-2dr-107-5,Coupe,2,,,,,107.5,198.4,71.7,53.1,57.5,59.4,,,,,,,,,
nhtsa-chevrolet-lumina-coupe-2dr-107-5-2,Coupe,2,,,,,107.5,198.4,71.7,53.1,,,,,,,,,,,
nhtsa-chevrolet-lumina-coupe-2dr-107-5-3,Coupe,2,,,,,107.5,198.4,71.7,53.1,59.4,57.9,,,,,,,,,
nhtsa-chevrolet-lumina-coupe-2dr-107-5-4,Coupe,2,,,,,107.5,199.2,71.7,53.1,59.4,57.9,,,,,,,,,
nhtsa-chevrolet-lumina-sedan-4dr-107-5,Sedan,4,,,,,107.5,197.6,70.9,53.5,59.1,56.7,,,,,,,,,
nhtsa-chevrolet-lumina-sedan-4dr-107-5-2,Sedan,4,,,,,107.5,197.6,70.9,53.5,,,,,,,,,,,
nhtsa-chevrolet-lumina-sedan-4dr-107-5-3,Sedan,4,,,,,107.5,198.4,70.9,53.5,59.4,57.9,,,,,,,,,
nhtsa-chevrolet-lumina-sedan-4dr-107-5-4,Sedan,4,,,,,107.5,200.8,72,55.1,59.1,58.7,,,,,,,,,
nhtsa-chevrolet-lumina-sedan-4dr-107-5-5,Sedan,4,,,,,107.5,200.8,72.4,55.1,59.4,59.1,,,,,,,,,
nhtsa-chevrolet-lumina-van-3dr-109-8,Van,3,,,,,109.8,191.3,74,65.7,59.1,61.4,,,,,,,,,
nhtsa-chevrolet-malibu-body-2dr-108-3,,2,,,,,108.3,192.5,72.4,55.9,,,,,,,,,,,
nhtsa-chevrolet-malibu-body-4dr-108-3,,4,,,,,108.3,192.5,72.4,55.9,,,,,,,,,,,
nhtsa-chevrolet-malibu-body-4dr-108-3-2,,4,,,,,108.3,192.9,72.4,55.5,,,,,,,,,,,
nhtsa-chevrolet-malibu-limited-sedan-4dr-107-9,Sedan,4,,,,,107.9,191.7,72.8,57.5,62.2,61.8,,,,,,,,,
nhtsa-chevrolet-malibu-sedan-4dr-106-3,Sedan,4,,,,,106.3,188.2,70.1,57.5,59.8,59.1,,,,,,,,,
nhtsa-chevrolet-malibu-sedan-4dr-107-1,Sedan,4,,,,,107.1,190.6,69.3,56.3,58.7,59.1,,,,,,,,,
nhtsa-chevrolet-malibu-sedan-4dr-107-9,Sedan,4,,,,,107.9,191.7,72.8,57.5,62.2,61.8,,,,,,,,,
nhtsa-chevrolet-malibu-sedan-4dr-111-4,Sedan,4,,,,,111.4,193.7,72.8,57.5,62.6,62.6,,,,,,,,,
nhtsa-chevrolet-malibu-sedan-4dr-112-2,Sedan,4,,,,,112.2,191.7,70.5,57.1,59.8,60.2,,,,,,,,,
nhtsa-chevrolet-malibu-wagon-108-3,Wagon,,,,,,108.3,193.3,72,55.9,,,,,,,,,,,
nhtsa-chevrolet-malibu-wagon-4dr-108-3,Wagon,4,,,,,108.3,189.4,72.4,55.9,,,,,,,,,,,
nhtsa-chevrolet-malibu-wagon-4dr-112-6,Wagon,4,,,,,112.6,187.8,69.7,58.3,59.4,60.2,,,,,,,,,
nhtsa-chevrolet-metro-hatchback-2dr-93-3,Hatchback,2,,,,,93.3,149.6,62.6,54.7,54.7,53.5,,,,,,,,,
nhtsa-chevrolet-metro-sedan-4dr-93-3,Sedan,4,,,,,93.3,164.2,62.6,55.5,54.7,53.5,,,,,,,,,
nhtsa-chevrolet-monte-carlo-body-108-3,,,,,,,108.3,200.4,71.7,54.3,,,,,,,,,,,
nhtsa-chevrolet-monte-carlo-body-108-3-2,,,,,,,108.3,202.4,71.7,55.1,,,,,,,,,,,
nhtsa-chevrolet-monte-carlo-coupe-108-3,Coupe,,,,,,108.3,200.4,71.7,54.3,,,,,,,,,,,
nhtsa-chevrolet-monte-carlo-coupe-2dr-107-5,Coupe,2,,,,,107.5,200.8,72,53.9,59.4,59.1,,,,,,,,,
nhtsa-chevrolet-monte-carlo-coupe-2dr-108-3,Coupe,2,,,,,108.3,200.4,71.7,54.3,,,,,,,,,,,
nhtsa-chevrolet-monte-carlo-coupe-2dr-108-3-2,Coupe,2,,,,,108.3,202.4,71.7,55.1,,,,,,,,,,,
nhtsa-chevrolet-monte-carlo-coupe-2dr-110-6,Coupe,2,,,,,110.6,198,72.4,55.1,62.2,61,,,,,,,,,
nhtsa-chevrolet-monte-carlo-coupe-2dr-110-6-2,Coupe,2,,,,,110.6,196.9,72.8,55.9,62.2,60.6,,,,,,,,,
nhtsa-chevrolet-nova-hatchback-4dr-95-7,Hatchback,4,,,,,95.7,166.5,64.2,52.8,,,,,,,,,,,
nhtsa-chevrolet-nova-hatchback-95-7,Hatchback,,,,,,95.7,166.1,64.2,52.8,,,,,,,,,,,
nhtsa-chevrolet-nova-sedan-4dr-95-7,Sedan,4,,,,,95.7,166.5,64.2,52.8,,,,,,,,,,,
nhtsa-chevrolet-nova-sedan-95-7,Sedan,,,,,,95.7,166.1,64.2,52.8,,,,,,,,,,,
nhtsa-chevrolet-optra-body-4dr-102,,4,,,,,102,169.3,68.1,57.1,57.9,57.9,,,,,,,,,
nhtsa-chevrolet-optra-sedan-4dr-102,Sedan,4,,,,,102,177.2,68.1,57.1,58.3,58.3,,,,,,,,,
nhtsa-chevrolet-optra-wagon-4dr-102,Wagon,4,,,,,102,180.3,68.1,59.1,57.9,58.3,,,,,,,,,
nhtsa-chevrolet-orlando-van-4dr-108-7,Van,4,,,,,108.7,183.1,72.4,64.2,62.2,62.6,,,,,,,,,
nhtsa-chevrolet-r-v-20-pickup-crew-164-6,Pickup,,Crew,,,,164.6,246.5,,,,,,,,,,,,,
nhtsa-chevrolet-r-v-20-pickup-crew-164-6-2,Pickup,,Crew,,,,164.6,246.5,79.5,73.6,,,,,,,,,,,
nhtsa-chevrolet-r-v-30-pickup-crew-164-6,Pickup,,Crew,,,,164.6,246.5,,,,,,,,,,,,,
nhtsa-chevrolet-r-v-30-pickup-crew-164-6-2,Pickup,,Crew,,,,164.6,246.5,79.5,73.6,,,,,,,,,,,
nhtsa-chevrolet-r-v-pickup-crew-164-6,Pickup,,Crew,,,,164.6,246.5,95.7,76.4,,,,,,,,,,,
nhtsa-chevrolet-r-v-pickup-crew-164-6-2,Pickup,,Crew,,,,164.6,246.5,95.7,71.7,,,,,,,,,,,
nhtsa-chevrolet-s-10-pickup-body-108-3,,,,,,,108.3,178,64.6,63,,,,,,,,,,,
nhtsa-chevrolet-s-10-pickup-body-108-3-2,,,,,,,108.3,178,64.6,59.4,,,,,,,,,,,
nhtsa-chevrolet-s-10-pickup-body-118-1,,,,,,,118.1,,,,,,,,,,,,,,
nhtsa-chevrolet-s-10-pickup-body-118-1-2,,,,,,,118.1,194.1,64.6,63,,,,,,,,,,,
nhtsa-chevrolet-s-10-pickup-body-118-1-3,,,,,,,118.1,194.1,64.6,59.4,,,,,,,,,,,
nhtsa-chevrolet-s-10-pickup-body-2dr-100-4,,2,,,,,100.4,170.5,64.6,64.6,,,,,,,,,,,
nhtsa-chevrolet-s-10-pickup-body-2dr-99-6,,2,,,,,99.6,170.5,65.4,65,,,,,,,,,,,
nhtsa-chevrolet-s-10-pickup-body-2dr-99-6-2,,2,,,,,99.6,170.5,65.4,65,56.7,55.1,,,,,,,,,
nhtsa-chevrolet-s-10-pickup-body-4dr-107-1,,4,,,,,107.1,176.8,65.4,62.6,,,,,,,,,,,
nhtsa-chevrolet-s-10-pickup-pickup-108-3,Pickup,,,,,,108.3,178.3,64.6,61.4,,,,,,,,,,,
nhtsa-chevrolet-s-10-pickup-pickup-122-8,Pickup,,,,,,122.8,192.9,65,61.4,,,,,,,,,,,
nhtsa-chevrolet-s-10-pickup-pickup-122-8-2,Pickup,,,,,,122.8,192.9,65,63.4,,,,,,,,,,,
nhtsa-chevrolet-s-10-pickup-pickup-crew-122-4,Pickup,,Crew,,,,122.4,204.7,67.7,63.4,56.7,55.1,,,,,,,,,
nhtsa-chevrolet-s-10-pickup-pickup-crew-short-122-4,Pickup,,Crew,,,,122.4,204.7,67.7,63.4,56.7,55.1,,,,,,,,,
nhtsa-chevrolet-s-10-pickup-pickup-extended-122-8,Pickup,,Extended,,,,122.8,192.9,64.6,63,,,,,,,,,,,
nhtsa-chevrolet-s-10-pickup-pickup-extended-122-8-2,Pickup,,Extended,,,,122.8,192.9,64.6,59.4,,,,,,,,,,,
nhtsa-chevrolet-s-10-pickup-pickup-extended-short-122-8,Pickup,,Extended,,,,122.8,202.8,68.1,60.6,54.7,54.7,,,,,,,,,
nhtsa-chevrolet-s-10-pickup-pickup-extended-short-122-8-10,Pickup,,Extended,,,,122.8,204.7,68.1,,60.2,59.1,,,,,,,,,
nhtsa-chevrolet-s-10-pickup-pickup-extended-short-122-8-11,Pickup,,Extended,,,,122.8,204.7,68.1,,54.7,54.7,,,,,,,,,
nhtsa-chevrolet-s-10-pickup-pickup-extended-short-122-8-2,Pickup,,Extended,,,,122.8,202.8,,60.6,56.7,55.1,,,,,,,,,
nhtsa-chevrolet-s-10-pickup-pickup-extended-short-122-8-3,Pickup,,Extended,,,,122.8,202.8,68.1,60.6,56.7,55.1,,,,,,,,,
nhtsa-chevrolet-s-10-pickup-pickup-extended-short-122-8-4,Pickup,,Extended,,,,122.8,203.1,68.1,62.2,54.7,54.7,,,,,,,,,
nhtsa-chevrolet-s-10-pickup-pickup-extended-short-122-8-5,Pickup,,Extended,,,,122.8,203.1,68.1,63.8,56.7,55.1,,,,,,,,,
nhtsa-chevrolet-s-10-pickup-pickup-extended-short-122-8-6,Pickup,,Extended,,,,122.8,203.1,68.1,,56.7,55.1,,,,,,,,,
nhtsa-chevrolet-s-10-pickup-pickup-extended-short-122-8-7,Pickup,,Extended,,,,122.8,203.1,68.1,61.8,54.7,54.7,,,,,,,,,
nhtsa-chevrolet-s-10-pickup-pickup-extended-short-122-8-8,Pickup,,Extended,,,,122.8,204.7,68.1,62.6,54.7,54.7,,,,,,,,,
nhtsa-chevrolet-s-10-pickup-pickup-extended-short-122-8-9,Pickup,,Extended,,,,122.8,204.7,68.1,63.4,56.7,55.1,,,,,,,,,
nhtsa-chevrolet-s-10-pickup-pickup-regular-108-3,Pickup,,Regular,,,,108.3,178.3,65,61.4,,,,,,,,,,,
nhtsa-chevrolet-s-10-pickup-pickup-regular-108-3-2,Pickup,,Regular,,,,108.3,178.3,65,63.4,,,,,,,,,,,
nhtsa-chevrolet-s-10-pickup-pickup-regular-118-1,Pickup,,Regular,,,,118.1,194.1,65,61.4,,,,,,,,,,,
nhtsa-chevrolet-s-10-pickup-pickup-regular-118-1-2,Pickup,,Regular,,,,118.1,194.1,65,63.4,,,,,,,,,,,
nhtsa-chevrolet-s-10-pickup-pickup-regular-long-116-5,Pickup,,Regular,,,,116.5,204.7,68.1,63,54.7,54.7,,,,,,,,,
nhtsa-chevrolet-s-10-pickup-pickup-regular-long-118-1,Pickup,,Regular,,,,118.1,194.1,65,63.4,,,,,,,,,,,
nhtsa-chevrolet-s-10-pickup-pickup-regular-long-118-1-2,Pickup,,Regular,,,,118.1,194.1,65,61.4,,,,,,,,,,,
nhtsa-chevrolet-s-10-pickup-pickup-regular-long-118-1-3,Pickup,,Regular,,,,118.1,203.9,68.1,60.6,54.7,54.7,,,,,,,,,
nhtsa-chevrolet-s-10-pickup-pickup-regular-long-118-1-4,Pickup,,Regular,,,,118.1,203.9,,61.4,56.7,55.1,,,,,,,,,
nhtsa-chevrolet-s-10-pickup-pickup-regular-long-118-1-5,Pickup,,Regular,,,,118.1,205.1,68.1,62.2,54.7,54.7,,,,,,,,,
nhtsa-chevrolet-s-10-pickup-pickup-regular-long-118-1-6,Pickup,,Regular,,,,118.1,205.1,68.1,65.4,56.7,55.1,,,,,,,,,
nhtsa-chevrolet-s-10-pickup-pickup-regular-long-118-1-7,Pickup,,Regular,,,,118.1,206.3,68.1,63,54.7,54.7,,,,,,,,,
nhtsa-chevrolet-s-10-pickup-pickup-regular-long-118-1-8,Pickup,,Regular,,,,118.1,206.3,68.1,64.6,56.7,55.1,,,,,,,,,
nhtsa-chevrolet-s-10-pickup-pickup-regular-short-108-3,Pickup,,Regular,,,,108.3,178.3,65,61.4,,,,,,,,,,,
nhtsa-chevrolet-s-10-pickup-pickup-regular-short-108-3-10,Pickup,,Regular,,,,108.3,190.2,68.1,62.2,54.7,54.7,,,,,,,,,
nhtsa-chevrolet-s-10-pickup-pickup-regular-short-108-3-11,Pickup,,Regular,,,,108.3,190.2,68.1,63.4,56.7,55.1,,,,,,,,,
nhtsa-chevrolet-s-10-pickup-pickup-regular-short-108-3-12,Pickup,,Regular,,,,108.3,190.2,,,60.2,59.1,,,,,,,,,
nhtsa-chevrolet-s-10-pickup-pickup-regular-short-108-3-13,Pickup,,Regular,,,,108.3,190.2,68.1,,54.7,54.7,,,,,,,,,
nhtsa-chevrolet-s-10-pickup-pickup-regular-short-108-3-14,Pickup,,Regular,,,,108.3,190.2,,,54.7,54.7,,,,,,,,,
nhtsa-chevrolet-s-10-pickup-pickup-regular-short-108-3-2,Pickup,,Regular,,,,108.3,178.3,65,63.4,,,,,,,,,,,
nhtsa-chevrolet-s-10-pickup-pickup-regular-short-108-3-3,Pickup,,Regular,,,,108.3,189,68.1,60.6,54.7,54.7,,,,,,,,,
nhtsa-chevrolet-s-10-pickup-pickup-regular-short-108-3-4,Pickup,,Regular,,,,108.3,189,,61.4,56.7,55.1,,,,,,,,,
nhtsa-chevrolet-s-10-pickup-pickup-regular-short-108-3-5,Pickup,,Regular,,,,108.3,189,,61.4,60.2,59.1,,,,,,,,,
nhtsa-chevrolet-s-10-pickup-pickup-regular-short-108-3-6,Pickup,,Regular,,,,108.3,188.6,68.1,62.2,54.7,54.7,,,,,,,,,
nhtsa-chevrolet-s-10-pickup-pickup-regular-short-108-3-7,Pickup,,Regular,,,,108.3,188.6,68.1,63.8,56.7,55.1,,,,,,,,,
nhtsa-chevrolet-s-10-pickup-pickup-regular-short-108-3-8,Pickup,,Regular,,,,108.3,188.6,68.1,60.6,54.7,54.7,,,,,,,,,
nhtsa-chevrolet-s-10-pickup-pickup-regular-short-108-3-9,Pickup,,Regular,,,,108.3,188.6,68.1,,60.2,59.1,,,,,,,,,
nhtsa-chevrolet-silverado-1500-ld-body-143-7,,,,,,,143.7,225.6,79.9,74,68.9,67.7,,,,,,,,,
nhtsa-chevrolet-silverado-1500-pickup-4dr-145-7,Pickup,4,,,,,145.7,233.1,81.5,78,68.9,68.9,,,,,,,,,
nhtsa-chevrolet-silverado-1500-pickup-4dr-145-7-2,Pickup,4,,,,,145.7,233.1,83.9,78.7,68.9,68.9,,,,,,,,,
nhtsa-chevrolet-silverado-1500-pickup-crew-short-143-7,Pickup,,Crew,,,,143.7,224.8,79.5,71.3,65,66.1,,,,,,,,,
nhtsa-chevrolet-silverado-1500-pickup-crew-short-143-7-2,Pickup,,Crew,,,,143.7,224.8,79.5,76.4,65,66.1,,,,,,,,,
nhtsa-chevrolet-silverado-1500-pickup-crew-short-143-7-3,Pickup,,Crew,,,,143.7,224.4,79.9,74,68.5,67.3,,,,,,,,,
nhtsa-chevrolet-silverado-1500-pickup-crew-short-143-7-4,Pickup,,Crew,,,,143.7,225.6,79.9,74,68.9,67.7,,,,,,,,,
nhtsa-chevrolet-silverado-1500-pickup-crew-short-147-2,Pickup,,Crew,,,,147.2,231.9,81.1,75.6,68.1,68.1,,,,,,,,,
nhtsa-chevrolet-silverado-1500-pickup-crew-standard-153-1,Pickup,,Crew,,,,153.1,235.4,79.9,73.6,68.9,67.7,,,,,,,,,
nhtsa-chevrolet-silverado-1500-pickup-crew-standard-153-1-2,Pickup,,Crew,,,,153.1,235.4,79.9,74,68.9,67.7,,,,,,,,,
nhtsa-chevrolet-silverado-1500-pickup-crew-standard-156-7,Pickup,,Crew,,,,156.7,241.3,81.1,75.6,68.1,68.1,,,,,,,,,
nhtsa-chevrolet-silverado-1500-pickup-double-standard-143-7,Pickup,,Double,,,,143.7,225.6,79.9,74,68.9,67.7,,,,,,,,,
nhtsa-chevrolet-silverado-1500-pickup-double-standard-147-2,Pickup,,Double,,,,147.2,231.9,81.1,75.6,68.1,68.1,,,,,,,,,
nhtsa-chevrolet-silverado-1500-pickup-extended-long-157-5,Pickup,,Extended,,,,157.5,241.3,78.3,70.9,65,66.1,,,,,,,,,
nhtsa-chevrolet-silverado-1500-pickup-extended-long-157-5-2,Pickup,,Extended,,,,157.5,241.3,78.3,73.6,65,66.1,,,,,,,,,
nhtsa-chevrolet-silverado-1500-pickup-extended-long-157-5-3,Pickup,,Extended,,,,157.5,243.7,79.5,71.3,65,66.1,,,,,,,,,
nhtsa-chevrolet-silverado-1500-pickup-extended-long-157-5-4,Pickup,,Extended,,,,157.5,243.7,79.5,76.4,65,66.1,,,,,,,,,
nhtsa-chevrolet-silverado-1500-pickup-extended-long-157-5-5,Pickup,,Extended,,,,157.5,243.3,79.9,74,68.5,67.3,,,,,,,,,
nhtsa-chevrolet-silverado-1500-pickup-extended-short-133-9,Pickup,,Extended,,,,133.9,215,79.5,71.3,65,66.1,,,,,,,,,
nhtsa-chevrolet-silverado-1500-pickup-extended-short-133-9-2,Pickup,,Extended,,,,133.9,215,79.5,76.4,65,66.1,,,,,,,,,
nhtsa-chevrolet-silverado-1500-pickup-extended-short-133-9-3,Pickup,,Extended,,,,133.9,214.6,79.9,74,68.5,67.3,,,,,,,,,
nhtsa-chevrolet-silverado-1500-pickup-extended-short-143-7,Pickup,,Extended,,,,143.7,222.4,78.3,71.3,65,66.1,,,,,,,,,
nhtsa-chevrolet-silverado-1500-pickup-extended-short-143-7-2,Pickup,,Extended,,,,143.7,222.4,78.3,74,65,66.1,,,,,,,,,
nhtsa-chevrolet-silverado-1500-pickup-extended-short-143-7-3,Pickup,,Extended,,,,143.7,224.8,79.5,71.3,65,66.1,,,,,,,,,
nhtsa-chevrolet-silverado-1500-pickup-extended-short-143-7-4,Pickup,,Extended,,,,143.7,224.8,79.5,76.4,65,66.1,,,,,,,,,
nhtsa-chevrolet-silverado-1500-pickup-extended-short-143-7-5,Pickup,,Extended,,,,143.7,224.8,83.5,76.4,65,,,,,,,,,,
nhtsa-chevrolet-silverado-1500-pickup-extended-short-143-7-6,Pickup,,Extended,,,,143.7,224.8,83.5,71.3,65,,,,,,,,,,
nhtsa-chevrolet-silverado-1500-pickup-extended-standard-143-7,Pickup,,Extended,,,,143.7,224.8,79.5,71.3,65,66.1,,,,,,,,,
nhtsa-chevrolet-silverado-1500-pickup-extended-standard-143-7-2,Pickup,,Extended,,,,143.7,224.8,79.5,76.4,65,66.1,,,,,,,,,
nhtsa-chevrolet-silverado-1500-pickup-extended-standard-143-7-3,Pickup,,Extended,,,,143.7,224.8,83.5,71.3,65,,,,,,,,,,
nhtsa-chevrolet-silverado-1500-pickup-extended-standard-143-7-4,Pickup,,Extended,,,,143.7,224.8,83.5,76.4,65,,,,,,,,,,
nhtsa-chevrolet-silverado-1500-pickup-extended-standard-143-7-5,Pickup,,Extended,,,,143.7,224.4,79.9,74,68.5,67.3,,,,,,,,,
nhtsa-chevrolet-silverado-1500-pickup-regular-118-9,Pickup,,Regular,,,,118.9,200,79.5,76.4,65,66.1,,,,,,,,,
nhtsa-chevrolet-silverado-1500-pickup-regular-long-133-1,Pickup,,Regular,,,,133.1,216.9,78.3,71.3,65,66.1,,,,,,,,,
nhtsa-chevrolet-silverado-1500-pickup-regular-long-133-1-2,Pickup,,Regular,,,,133.1,216.9,78.3,74,65,66.1,,,,,,,,,
nhtsa-chevrolet-silverado-1500-pickup-regular-long-133-1-3,Pickup,,Regular,,,,133.1,219.3,79.5,71.3,65,66.1,,,,,,,,,
nhtsa-chevrolet-silverado-1500-pickup-regular-long-133-1-4,Pickup,,Regular,,,,133.1,219.3,79.5,76.4,65,66.1,,,,,,,,,
nhtsa-chevrolet-silverado-1500-pickup-regular-long-133-1-5,Pickup,,Regular,,,,133.1,218.9,79.9,74,68.5,67.3,,,,,,,,,
nhtsa-chevrolet-silverado-1500-pickup-regular-long-133-1-6,Pickup,,Regular,,,,133.1,220.1,79.9,73.6,68.9,67.7,,,,,,,,,
nhtsa-chevrolet-silverado-1500-pickup-regular-long-139-4,Pickup,,Regular,,,,139.4,229.5,81.1,75.6,68.1,68.1,,,,,,,,,
nhtsa-chevrolet-silverado-1500-pickup-regular-short-118-9,Pickup,,Regular,,,,118.9,197.6,78.3,71.3,65,66.1,,,,,,,,,
nhtsa-chevrolet-silverado-1500-pickup-regular-short-118-9-2,Pickup,,Regular,,,,118.9,197.6,78.3,74,65,66.1,,,,,,,,,
nhtsa-chevrolet-silverado-1500-pickup-regular-short-118-9-3,Pickup,,Regular,,,,118.9,200,79.5,71.3,65,66.1,,,,,,,,,
nhtsa-chevrolet-silverado-1500-pickup-regular-short-126-4,Pickup,,Regular,,,,126.4,211,81.1,75.6,68.1,68.1,,,,,,,,,
nhtsa-chevrolet-silverado-1500-pickup-regular-standard-118-9,Pickup,,Regular,,,,118.9,200,79.5,71.3,65,66.1,,,,,,,,,
nhtsa-chevrolet-silverado-1500-pickup-regular-standard-118-9-2,Pickup,,Regular,,,,118.9,200,79.5,76.4,65,66.1,,,,,,,,,
nhtsa-chevrolet-silverado-1500-pickup-regular-standard-118-9-3,Pickup,,Regular,,,,118.9,200,79.9,74,68.5,67.3,,,,,,,,,
nhtsa-chevrolet-silverado-1500-pickup-regular-standard-118-9-4,Pickup,,Regular,,,,118.9,201.2,79.9,74,68.9,67.7,,,,,,,,,
nhtsa-chevrolet-silverado-1500hd-pickup-crew-short-153-1,Pickup,,Crew,,,,153.1,234.3,79.5,71.3,68.5,66.1,,,,,,,,,
nhtsa-chevrolet-silverado-1500hd-pickup-crew-short-153-1-2,Pickup,,Crew,,,,153.1,234.3,79.5,76.4,68.5,66.1,,,,,,,,,
nhtsa-chevrolet-silverado-1500hd-pickup-crew-short-153-1-3,Pickup,,Crew,,,,153.1,234.3,83.5,76.4,68.5,,,,,,,,,,
nhtsa-chevrolet-silverado-1500hd-pickup-crew-short-153-1-4,Pickup,,Crew,,,,153.1,234.3,83.5,71.3,68.5,,,,,,,,,,
nhtsa-chevrolet-silverado-1500hd-pickup-crew-standard-153-1,Pickup,,Crew,,,,153.1,234.3,79.5,71.3,68.5,66.1,,,,,,,,,
nhtsa-chevrolet-silverado-1500hd-pickup-crew-standard-153-1-2,Pickup,,Crew,,,,153.1,234.3,79.5,76.4,68.5,66.1,,,,,,,,,
nhtsa-chevrolet-silverado-1500hd-pickup-crew-standard-153-1-3,Pickup,,Crew,,,,153.1,234.3,83.5,76.4,68.5,,,,,,,,,,
nhtsa-chevrolet-silverado-1500hd-pickup-crew-standard-153-1-4,Pickup,,Crew,,,,153.1,234.3,83.5,71.3,68.5,,,,,,,,,,
nhtsa-chevrolet-silverado-2500-pickup-extended-long-157-5,Pickup,,Extended,,,,157.5,241.3,78.3,74,65,66.1,,,,,,,,,
nhtsa-chevrolet-silverado-2500-pickup-extended-long-157-5-2,Pickup,,Extended,,,,157.5,241.3,78.3,74.4,65,66.1,,,,,,,,,
nhtsa-chevrolet-silverado-2500-pickup-extended-short-143-7,Pickup,,Extended,,,,143.7,222.4,78.3,74,65,66.1,,,,,,,,,
nhtsa-chevrolet-silverado-2500-pickup-extended-short-143-7-2,Pickup,,Extended,,,,143.7,222.4,78.3,74.4,65,66.1,,,,,,,,,
nhtsa-chevrolet-silverado-2500-pickup-extended-short-143-7-3,Pickup,,Extended,,,,143.7,224.8,79.5,76.4,65,66.1,,,,,,,,,
nhtsa-chevrolet-silverado-2500-pickup-extended-standard-143-7,Pickup,,Extended,,,,143.7,224.8,79.5,76.4,65,66.1,,,,,,,,,
nhtsa-chevrolet-silverado-2500-pickup-regular-long-133-1,Pickup,,Regular,,,,133.1,216.9,78.3,74,65,66.1,,,,,,,,,
nhtsa-chevrolet-silverado-2500-pickup-regular-long-133-1-2,Pickup,,Regular,,,,133.1,216.9,78.3,74.4,65,66.1,,,,,,,,,
nhtsa-chevrolet-silverado-2500-pickup-regular-long-133-1-3,Pickup,,Regular,,,,133.1,219.3,79.5,71.3,65,66.1,,,,,,,,,
nhtsa-chevrolet-silverado-2500hd-pickup-crew-long-166-9,Pickup,,Crew,,,,166.9,251.2,79.5,74,68.5,66.1,,,,,,,,,
nhtsa-chevrolet-silverado-2500hd-pickup-crew-long-166-9-2,Pickup,,Crew,,,,166.9,251.2,79.5,,68.5,66.1,,,,,,,,,
nhtsa-chevrolet-silverado-2500hd-pickup-crew-long-166-9-3,Pickup,,Crew,,,,166.9,253.1,79.5,74,68.5,66.1,,,,,,,,,
nhtsa-chevrolet-silverado-2500hd-pickup-crew-long-166-9-4,Pickup,,Crew,,,,166.9,253.1,79.5,76.4,68.5,66.1,,,,,,,,,
nhtsa-chevrolet-silverado-2500hd-pickup-crew-long-167-7,Pickup,,Crew,,,,167.7,253.5,79.9,78,68.5,67.3,,,,,,,,,
nhtsa-chevrolet-silverado-2500hd-pickup-crew-long-167-7-2,Pickup,,Crew,,,,167.7,254.3,79.9,78,68.9,67.7,,,,,,,,,
nhtsa-chevrolet-silverado-2500hd-pickup-crew-long-172,Pickup,,Crew,,,,172,266.1,81.9,79.9,67.3,68.1,,,,,,,,,
nhtsa-chevrolet-silverado-2500hd-pickup-crew-short-153-1,Pickup,,Crew,,,,153.1,232.3,79.5,71.3,68.5,66.1,,,,,,,,,
nhtsa-chevrolet-silverado-2500hd-pickup-crew-short-153-1-2,Pickup,,Crew,,,,153.1,232.3,79.5,,68.5,66.1,,,,,,,,,
nhtsa-chevrolet-silverado-2500hd-pickup-crew-short-153-1-3,Pickup,,Crew,,,,153.1,234.3,79.5,71.3,68.5,66.1,,,,,,,,,
nhtsa-chevrolet-silverado-2500hd-pickup-crew-short-153-1-4,Pickup,,Crew,,,,153.1,234.3,79.5,76.4,68.5,66.1,,,,,,,,,
nhtsa-chevrolet-silverado-2500hd-pickup-crew-standard-153-1,Pickup,,Crew,,,,153.1,234.3,79.5,71.3,68.5,66.1,,,,,,,,,
nhtsa-chevrolet-silverado-2500hd-pickup-crew-standard-153-1-2,Pickup,,Crew,,,,153.1,234.3,79.5,76.4,68.5,66.1,,,,,,,,,
nhtsa-chevrolet-silverado-2500hd-pickup-crew-standard-153-5,Pickup,,Crew,,,,153.5,235.4,79.9,78.3,68.9,67.7,,,,,,,,,
nhtsa-chevrolet-silverado-2500hd-pickup-crew-standard-153-9,Pickup,,Crew,,,,153.9,234.6,79.9,78,68.5,67.3,,,,,,,,,
nhtsa-chevrolet-silverado-2500hd-pickup-crew-standard-159-1,Pickup,,Crew,,,,159.1,250,81.9,79.9,67.3,68.1,,,,,,,,,
nhtsa-chevrolet-silverado-2500hd-pickup-double-long-158-3,Pickup,,Double,,,,158.3,244.9,79.9,78,68.9,67.7,,,,,,,,,
nhtsa-chevrolet-silverado-2500hd-pickup-double-long-162-6,Pickup,,Double,,,,162.6,256.3,81.9,79.9,67.3,68.1,,,,,,,,,
nhtsa-chevrolet-silverado-2500hd-pickup-double-standard-144-1,Pickup,,Double,,,,144.1,225.6,79.9,78,68.9,67.7,,,,,,,,,
nhtsa-chevrolet-silverado-2500hd-pickup-double-standard-149-6,Pickup,,Double,,,,149.6,240.6,81.9,79.9,67.3,68.1,,,,,,,,,
nhtsa-chevrolet-silverado-2500hd-pickup-extended-long-157-5,Pickup,,Extended,,,,157.5,241.3,79.5,71.3,68.5,66.1,,,,,,,,,
nhtsa-chevrolet-silverado-2500hd-pickup-extended-long-157-5-2,Pickup,,Extended,,,,157.5,241.3,79.5,,68.5,66.1,,,,,,,,,
nhtsa-chevrolet-silverado-2500hd-pickup-extended-long-157-5-3,Pickup,,Extended,,,,157.5,243.7,79.5,71.3,68.5,66.1,,,,,,,,,
nhtsa-chevrolet-silverado-2500hd-pickup-extended-long-157-5-4,Pickup,,Extended,,,,157.5,243.7,79.5,76.4,68.5,66.1,,,,,,,,,
nhtsa-chevrolet-silverado-2500hd-pickup-extended-long-157-5-5,Pickup,,Extended,,,,157.5,243.3,79.9,78,68.5,67.3,,,,,,,,,
nhtsa-chevrolet-silverado-2500hd-pickup-extended-short-143-7,Pickup,,Extended,,,,143.7,222.4,79.5,71.3,68.5,66.1,,,,,,,,,
nhtsa-chevrolet-silverado-2500hd-pickup-extended-short-143-7-2,Pickup,,Extended,,,,143.7,222.4,79.5,,68.5,66.1,,,,,,,,,
nhtsa-chevrolet-silverado-2500hd-pickup-extended-short-143-7-3,Pickup,,Extended,,,,143.7,224.8,79.5,71.3,68.5,66.1,,,,,,,,,
nhtsa-chevrolet-silverado-2500hd-pickup-extended-short-143-7-4,Pickup,,Extended,,,,143.7,224.8,79.5,76.4,68.5,66.1,,,,,,,,,
nhtsa-chevrolet-silverado-2500hd-pickup-extended-standard-143-7,Pickup,,Extended,,,,143.7,224.8,79.5,71.3,68.5,66.1,,,,,,,,,
nhtsa-chevrolet-silverado-2500hd-pickup-extended-standard-143-7-2,Pickup,,Extended,,,,143.7,224.8,79.5,76.4,68.5,66.1,,,,,,,,,
nhtsa-chevrolet-silverado-2500hd-pickup-extended-standard-143-7-3,Pickup,,Extended,,,,143.7,224.4,79.9,78,68.5,67.3,,,,,,,,,
nhtsa-chevrolet-silverado-2500hd-pickup-regular-long-133-1,Pickup,,Regular,,,,133.1,216.9,79.5,71.3,68.5,66.1,,,,,,,,,
nhtsa-chevrolet-silverado-2500hd-pickup-regular-long-133-1-2,Pickup,,Regular,,,,133.1,216.9,79.5,,68.5,66.1,,,,,,,,,
nhtsa-chevrolet-silverado-2500hd-pickup-regular-long-133-1-3,Pickup,,Regular,,,,133.1,219.3,79.5,71.3,68.5,66.1,,,,,,,,,
nhtsa-chevrolet-silverado-2500hd-pickup-regular-long-133-1-4,Pickup,,Regular,,,,133.1,219.3,79.5,76.4,68.5,66.1,,,,,,,,,
nhtsa-chevrolet-silverado-2500hd-pickup-regular-long-133-1-5,Pickup,,Regular,,,,133.1,218.9,79.9,78,68.5,67.3,,,,,,,,,
nhtsa-chevrolet-silverado-2500hd-pickup-regular-long-133-5,Pickup,,Regular,,,,133.5,220.1,79.9,78,68.9,67.7,,,,,,,,,
nhtsa-chevrolet-silverado-2500hd-pickup-regular-long-141-7,Pickup,,Regular,,,,141.7,235.4,81.9,79.9,67.3,68.1,,,,,,,,,
nhtsa-chevrolet-silverado-3500-pickup-crew-long-166-9,Pickup,,Crew,,,,166.9,251.2,96.1,74,68.5,74.8,,,,,,,,,
nhtsa-chevrolet-silverado-3500-pickup-crew-long-166-9-2,Pickup,,Crew,,,,166.9,251.2,96.1,,68.5,74.8,,,,,,,,,
nhtsa-chevrolet-silverado-3500-pickup-crew-long-166-9-3,Pickup,,Crew,,,,166.9,253.1,96.1,74,68.5,74.8,,,,,,,,,
nhtsa-chevrolet-silverado-3500-pickup-crew-long-166-9-4,Pickup,,Crew,,,,166.9,253.1,96.1,76.4,68.5,74.8,,,,,,,,,
nhtsa-chevrolet-silverado-3500-pickup-crew-long-166-9-5,Pickup,,Crew,,,,166.9,253.1,79.5,74,68.5,66.1,,,,,,,,,
nhtsa-chevrolet-silverado-3500-pickup-crew-long-166-9-6,Pickup,,Crew,,,,166.9,253.1,79.5,76.4,68.5,66.1,,,,,,,,,
nhtsa-chevrolet-silverado-3500-pickup-crew-long-167-7,Pickup,,Crew,,,,167.7,253.5,96.1,78,68.5,,,,,,,,,,
nhtsa-chevrolet-silverado-3500-pickup-crew-long-167-7-2,Pickup,,Crew,,,,167.7,253.5,79.9,78,68.5,67.3,,,,,,,,,
nhtsa-chevrolet-silverado-3500-pickup-crew-standard-153-9,Pickup,,Crew,,,,153.9,234.6,79.9,78,68.5,67.3,,,,,,,,,
nhtsa-chevrolet-silverado-3500-pickup-extended-long-157-5,Pickup,,Extended,,,,157.5,241.3,96.1,71.3,68.5,74.8,,,,,,,,,
nhtsa-chevrolet-silverado-3500-pickup-extended-long-157-5-2,Pickup,,Extended,,,,157.5,241.3,96.1,,68.5,74.8,,,,,,,,,
nhtsa-chevrolet-silverado-3500-pickup-extended-long-157-5-3,Pickup,,Extended,,,,157.5,243.7,96.1,71.3,68.5,74.8,,,,,,,,,
nhtsa-chevrolet-silverado-3500-pickup-extended-long-157-5-4,Pickup,,Extended,,,,157.5,243.7,96.1,76.4,68.5,74.8,,,,,,,,,
nhtsa-chevrolet-silverado-3500-pickup-extended-long-157-5-5,Pickup,,Extended,,,,157.5,243.7,79.5,74,68.5,66.1,,,,,,,,,
nhtsa-chevrolet-silverado-3500-pickup-extended-long-157-5-6,Pickup,,Extended,,,,157.5,243.7,79.5,76.4,68.5,66.1,,,,,,,,,
nhtsa-chevrolet-silverado-3500-pickup-extended-long-157-5-7,Pickup,,Extended,,,,157.5,243.3,96.1,78,68.5,,,,,,,,,,
nhtsa-chevrolet-silverado-3500-pickup-extended-long-157-5-8,Pickup,,Extended,,,,157.5,243.3,79.9,78,68.5,67.3,,,,,,,,,
nhtsa-chevrolet-silverado-3500-pickup-regular-long-133-1,Pickup,,Regular,,,,133.1,216.9,96.1,71.3,68.5,74.8,,,,,,,,,
nhtsa-chevrolet-silverado-3500-pickup-regular-long-133-1-2,Pickup,,Regular,,,,133.1,216.9,96.1,,68.5,74.8,,,,,,,,,
nhtsa-chevrolet-silverado-3500-pickup-regular-long-133-1-3,Pickup,,Regular,,,,133.1,219.3,96.1,76.4,68.5,74.8,,,,,,,,,
nhtsa-chevrolet-silverado-3500-pickup-regular-long-133-1-4,Pickup,,Regular,,,,133.1,219.3,79.5,76.4,68.5,66.1,,,,,,,,,
nhtsa-chevrolet-silverado-3500-pickup-regular-long-133-1-5,Pickup,,Regular,,,,133.1,218.9,96.1,78,68.5,,,,,,,,,,
nhtsa-chevrolet-silverado-3500-pickup-regular-long-133-1-6,Pickup,,Regular,,,,133.1,218.9,79.9,78,68.5,67.3,,,,,,,,,
nhtsa-chevrolet-silverado-3500hd-pickup-crew-long-167-7,Pickup,,Crew,,,,167.7,254.3,96.1,78,68.9,67.7,,,,,,,,,
nhtsa-chevrolet-silverado-3500hd-pickup-crew-long-167-7-2,Pickup,,Crew,,,,167.7,254.3,79.9,78,68.9,67.7,,,,,,,,,
nhtsa-chevrolet-silverado-3500hd-pickup-crew-long-172,Pickup,,Crew,,,,172,266.1,81.9,79.9,67.3,68.1,,,,,,,,,
nhtsa-chevrolet-silverado-3500hd-pickup-crew-long-172-2,Pickup,,Crew,,,,172,266.1,81.9,80.7,67.3,68.1,,,,,,,,,
nhtsa-chevrolet-silverado-3500hd-pickup-crew-standard-153-5,Pickup,,Crew,,,,153.5,235.4,79.9,78.3,68.9,67.7,,,,,,,,,
nhtsa-chevrolet-silverado-3500hd-pickup-crew-standard-159-1,Pickup,,Crew,,,,159.1,250,81.9,79.9,67.3,68.1,,,,,,,,,
nhtsa-chevrolet-silverado-3500hd-pickup-double-long-158-3,Pickup,,Double,,,,158.3,244.9,96.1,77.6,68.9,67.7,,,,,,,,,
nhtsa-chevrolet-silverado-3500hd-pickup-double-long-158-3-2,Pickup,,Double,,,,158.3,244.9,79.9,78,68.9,67.7,,,,,,,,,
nhtsa-chevrolet-silverado-3500hd-pickup-double-long-162-6,Pickup,,Double,,,,162.6,256.3,81.9,79.9,67.3,68.1,,,,,,,,,
nhtsa-chevrolet-silverado-3500hd-pickup-double-long-162-6-2,Pickup,,Double,,,,162.6,256.3,81.9,80.7,67.3,68.1,,,,,,,,,
nhtsa-chevrolet-silverado-3500hd-pickup-regular-long-133-5,Pickup,,Regular,,,,133.5,220.1,96.1,77.6,68.9,67.7,,,,,,,,,
nhtsa-chevrolet-silverado-3500hd-pickup-regular-long-133-5-2,Pickup,,Regular,,,,133.5,220.1,96.1,77.2,68.9,67.7,,,,,,,,,
nhtsa-chevrolet-silverado-3500hd-pickup-regular-long-133-5-3,Pickup,,Regular,,,,133.5,220.1,79.9,77.2,68.9,67.7,,,,,,,,,
nhtsa-chevrolet-silverado-3500hd-pickup-regular-long-133-5-4,Pickup,,Regular,,,,133.5,220.1,79.9,78,68.9,67.7,,,,,,,,,
nhtsa-chevrolet-silverado-3500hd-pickup-regular-long-141-7,Pickup,,Regular,,,,141.7,235.4,81.9,79.9,67.3,68.1,,,,,,,,,
nhtsa-chevrolet-silverado-3500hd-pickup-regular-long-141-7-2,Pickup,,Regular,,,,141.7,235.4,81.9,80.7,67.3,68.1,,,,,,,,,
nhtsa-chevrolet-silverado-classic-1500-pickup-crew-short-143-7,Pickup,,Crew,,,,143.7,224.8,79.5,71.3,65,66.1,,,,,,,,,
nhtsa-chevrolet-silverado-classic-1500-pickup-crew-short-143-7-2,Pickup,,Crew,,,,143.7,224.8,79.5,76.4,65,66.1,,,,,,,,,
nhtsa-chevrolet-silverado-classic-1500-pickup-extended-long-157-5,Pickup,,Extended,,,,157.5,243.7,79.5,71.3,65,66.1,,,,,,,,,
nhtsa-chevrolet-silverado-classic-1500-pickup-extended-long-157-5-2,Pickup,,Extended,,,,157.5,243.7,79.5,76.4,65,66.1,,,,,,,,,
nhtsa-chevrolet-silverado-classic-1500-pickup-extended-short-133-9,Pickup,,Extended,,,,133.9,215,79.5,71.3,65,66.1,,,,,,,,,
nhtsa-chevrolet-silverado-classic-1500-pickup-extended-short-133-9-2,Pickup,,Extended,,,,133.9,215,79.5,76.4,65,66.1,,,,,,,,,
nhtsa-chevrolet-silverado-classic-1500-pickup-extended-standard-143-7,Pickup,,Extended,,,,143.7,224.8,79.5,71.3,65,66.1,,,,,,,,,
nhtsa-chevrolet-silverado-classic-1500-pickup-extended-standard-143-7-2,Pickup,,Extended,,,,143.7,224.8,79.5,76.4,65,66.1,,,,,,,,,
nhtsa-chevrolet-silverado-classic-1500-pickup-regular-long-133-1,Pickup,,Regular,,,,133.1,219.3,79.5,71.3,65,66.1,,,,,,,,,
nhtsa-chevrolet-silverado-classic-1500-pickup-regular-long-133-1-2,Pickup,,Regular,,,,133.1,219.3,79.5,76.4,65,66.1,,,,,,,,,
nhtsa-chevrolet-silverado-classic-1500-pickup-regular-standard-118-9,Pickup,,Regular,,,,118.9,200,79.5,71.3,65,66.1,,,,,,,,,
nhtsa-chevrolet-silverado-classic-1500-pickup-regular-standard-118-9-2,Pickup,,Regular,,,,118.9,200,79.5,76.4,65,66.1,,,,,,,,,
nhtsa-chevrolet-silverado-classic-1500hd-pickup-crew-standard-153-1,Pickup,,Crew,,,,153.1,234.3,79.5,71.3,68.5,66.1,,,,,,,,,
nhtsa-chevrolet-silverado-classic-1500hd-pickup-crew-standard-153-1-2,Pickup,,Crew,,,,153.1,234.3,79.5,76.4,68.5,66.1,,,,,,,,,
nhtsa-chevrolet-silverado-classic-2500hd-pickup-crew-long-166-9,Pickup,,Crew,,,,166.9,253.1,79.5,74,68.5,66.1,,,,,,,,,
nhtsa-chevrolet-silverado-classic-2500hd-pickup-crew-long-166-9-2,Pickup,,Crew,,,,166.9,253.1,79.5,76.4,68.5,66.1,,,,,,,,,
nhtsa-chevrolet-silverado-classic-2500hd-pickup-crew-standard-153-1,Pickup,,Crew,,,,153.1,234.3,79.5,71.3,68.5,66.1,,,,,,,,,
nhtsa-chevrolet-silverado-classic-2500hd-pickup-crew-standard-153-1-2,Pickup,,Crew,,,,153.1,234.3,79.5,76.4,68.5,66.1,,,,,,,,,
nhtsa-chevrolet-silverado-classic-2500hd-pickup-extended-long-157-5,Pickup,,Extended,,,,157.5,243.7,79.5,71.3,68.5,66.1,,,,,,,,,
nhtsa-chevrolet-silverado-classic-2500hd-pickup-extended-long-157-5-2,Pickup,,Extended,,,,157.5,243.7,79.5,76.4,68.5,66.1,,,,,,,,,
nhtsa-chevrolet-silverado-classic-2500hd-pickup-extended-standard-143-7,Pickup,,Extended,,,,143.7,224.8,79.5,71.3,68.5,66.1,,,,,,,,,
nhtsa-chevrolet-silverado-classic-2500hd-pickup-extended-standard-143-7-2,Pickup,,Extended,,,,143.7,224.8,79.5,76.4,68.5,66.1,,,,,,,,,
nhtsa-chevrolet-silverado-classic-2500hd-pickup-regular-long-133-1,Pickup,,Regular,,,,133.1,219.3,79.5,71.3,68.5,66.1,,,,,,,,,
nhtsa-chevrolet-silverado-classic-2500hd-pickup-regular-long-133-1-2,Pickup,,Regular,,,,133.1,219.3,79.5,76.4,68.5,66.1,,,,,,,,,
nhtsa-chevrolet-silverado-classic-3500-pickup-crew-long-166-9,Pickup,,Crew,,,,166.9,253.1,96.1,74,68.5,74.8,,,,,,,,,
nhtsa-chevrolet-silverado-classic-3500-pickup-crew-long-166-9-2,Pickup,,Crew,,,,166.9,253.1,96.1,76.4,68.5,74.8,,,,,,,,,
nhtsa-chevrolet-silverado-classic-3500-pickup-crew-long-166-9-3,Pickup,,Crew,,,,166.9,253.1,79.5,74,68.5,66.1,,,,,,,,,
nhtsa-chevrolet-silverado-classic-3500-pickup-crew-long-166-9-4,Pickup,,Crew,,,,166.9,253.1,79.5,76.4,68.5,66.1,,,,,,,,,
nhtsa-chevrolet-silverado-classic-3500-pickup-extended-long-157-5,Pickup,,Extended,,,,157.5,243.7,96.1,71.3,68.5,74.8,,,,,,,,,
nhtsa-chevrolet-silverado-classic-3500-pickup-extended-long-157-5-2,Pickup,,Extended,,,,157.5,243.7,96.1,76.4,68.5,74.8,,,,,,,,,
nhtsa-chevrolet-silverado-classic-3500-pickup-extended-long-157-5-3,Pickup,,Extended,,,,157.5,243.7,79.5,74,68.5,66.1,,,,,,,,,
nhtsa-chevrolet-silverado-classic-3500-pickup-extended-long-157-5-4,Pickup,,Extended,,,,157.5,243.7,79.5,76.4,68.5,66.1,,,,,,,,,
nhtsa-chevrolet-silverado-classic-3500-pickup-regular-long-133-1,Pickup,,Regular,,,,133.1,219.3,96.1,76.4,68.5,74.8,,,,,,,,,
nhtsa-chevrolet-silverado-classic-3500-pickup-regular-long-133-1-2,Pickup,,Regular,,,,133.1,219.3,79.5,76.4,68.5,66.1,,,,,,,,,
nhtsa-chevrolet-sonic-hatchback-5dr-99-2,Hatchback,5,,,,,99.2,159.8,68.5,59.8,59.4,59.4,,,,,,,,,
nhtsa-chevrolet-sonic-hatchback-5dr-99-6,Hatchback,5,,,,,99.6,159.1,68.5,59.8,59.4,59.4,,,,,,,,,
nhtsa-chevrolet-sonic-sedan-4dr-99-2,Sedan,4,,,,,99.2,174,68.5,59.8,59.4,59.4,,,,,,,,,
nhtsa-chevrolet-sonic-sedan-4dr-99-6,Sedan,4,,,,,99.6,173.2,68.5,59.8,59.4,59.4,,,,,,,,,
nhtsa-chevrolet-spark-hatchback-4dr-93-7,Hatchback,4,,,,,93.7,143.7,63,59.8,55.5,55.5,,,,,,,,,
nhtsa-chevrolet-spark-hatchback-4dr-93-7-2,Hatchback,4,,,,,93.7,146.5,64.2,62.6,55.5,55.5,,,,,,,,,
nhtsa-chevrolet-spark-hatchback-4dr-94-1,Hatchback,4,,,,,94.1,143.3,63,58.3,54.3,54.3,,,,,,,,,
nhtsa-chevrolet-ssr-pickup-regular-short-116-1,Pickup,,Regular,,,,116.1,191.7,78.3,63.8,64.2,65,,,,,,,,,
nhtsa-chevrolet-suburban-1500-body-129-5,,,,,,,129.5,219.3,79.5,72,,,,,,,,,,,
nhtsa-chevrolet-suburban-1500-body-131-5,,,,,,,131.5,219.7,77.2,75.2,,,,,,,,,,,
nhtsa-chevrolet-suburban-1500-body-131-5-2,,,,,,,131.5,219.7,77.2,73.2,,,,,,,,,,,
nhtsa-chevrolet-suburban-1500-body-131-5-3,,,,,,,131.5,221.3,76.4,68.9,,,,,,,,,,,
nhtsa-chevrolet-suburban-1500-body-131-5-4,,,,,,,131.5,221.3,77.2,73.2,,,,,,,,,,,
nhtsa-chevrolet-suburban-1500-body-4dr-129-9,,4,,,,,129.9,219.3,78.7,73.2,65,66.1,,,,,,,,,
nhtsa-chevrolet-suburban-1500-body-4dr-131-5,,4,,,,,131.5,219.7,76.8,70.1,62.6,63.8,,,,,,,,,
nhtsa-chevrolet-suburban-1500-suv-4dr-129-9,SUV,4,,,,,129.9,222.4,79.1,76.8,68.9,67.3,,,,,,,,,
nhtsa-chevrolet-suburban-2500-body-129-5,,,,,,,129.5,219.3,79.5,74,,,,,,,,,,,
nhtsa-chevrolet-suburban-2500-body-131-5,,,,,,,131.5,219.7,77.2,76.4,,,,,,,,,,,
nhtsa-chevrolet-suburban-2500-body-131-5-2,,,,,,,131.5,219.7,77.2,75.2,,,,,,,,,,,
nhtsa-chevrolet-suburban-2500-body-131-5-3,,,,,,,131.5,221.3,76.4,68.9,,,,,,,,,,,
nhtsa-chevrolet-suburban-2500-body-131-5-4,,,,,,,131.5,221.3,77.2,75.2,,,,,,,,,,,
nhtsa-chevrolet-suburban-2500-body-4dr-129-9,,4,,,,,129.9,219.3,78.7,74,65,66.1,,,,,,,,,
nhtsa-chevrolet-suburban-2500-body-4dr-131-5,,4,,,,,131.5,219.7,76.8,70.1,68.5,63.8,,,,,,,,,
nhtsa-chevrolet-suburban-2500-suv-4dr-129-9,SUV,4,,,,,129.9,222.4,79.1,76.8,68.9,67.3,,,,,,,,,
nhtsa-chevrolet-suburban-body-129-5,,,,,,,129.5,219.3,79.5,74,,,,,,,,,,,
nhtsa-chevrolet-suburban-suv-4dr-129-9,SUV,4,,,,,129.9,222.4,79.1,76.8,68.9,67.3,,,,,,,,,
nhtsa-chevrolet-suburban-suv-4dr-129-9-2,SUV,4,,,,,129.9,224.4,80.3,74.4,68.1,68.1,,,,,,,,,
nhtsa-chevrolet-suburban-suv-4dr-134-3,SUV,4,,,,,134.3,225.6,81.1,75.6,68.5,68.1,,,,,,,,,
nhtsa-chevrolet-tahoe-body-2dr-116-1,,2,,,,,116.1,198.8,78.7,76.4,65,66.1,,,,,,,,,
nhtsa-chevrolet-tahoe-body-4dr-116-1,,4,,,,,116.1,198.8,78.7,74.8,65,66.1,,,,,,,,,
nhtsa-chevrolet-tahoe-body-4dr-117-7,,4,,,,,117.7,199.6,76.8,75.2,63,64.6,,,,,,,,,
nhtsa-chevrolet-tahoe-suv-2dr-111-4,SUV,2,,,,,111.4,188.2,77.2,72.4,64.2,63.8,,,,,,,,,
nhtsa-chevrolet-tahoe-suv-4dr-116-1,SUV,4,,,,,116.1,198.8,78.7,74.8,65,66.1,,,,,,,,,
nhtsa-chevrolet-tahoe-suv-4dr-116-1-2,SUV,4,,,,,116.1,202,77.6,77.2,68.1,66.5,,,,,,,,,
nhtsa-chevrolet-tahoe-suv-4dr-116-1-3,SUV,4,,,,,116.1,202,79.1,77.2,68.1,66.5,,,,,,,,,
nhtsa-chevrolet-tahoe-suv-4dr-116-1-4,SUV,4,,,,,116.1,202,79.1,76.8,68.1,66.5,,,,,,,,,
nhtsa-chevrolet-tahoe-suv-4dr-116-1-5,SUV,4,,,,,116.1,203.9,80.3,74.4,68.1,68.1,,,,,,,,,
nhtsa-chevrolet-tahoe-suv-4dr-116-5,SUV,4,,,,,116.5,198.8,78.7,76.4,65,65.7,,,,,,,,,
nhtsa-chevrolet-tahoe-suv-4dr-117-7,SUV,4,,,,,117.7,200.4,76.4,70.1,63,64.6,,,,,,,,,
nhtsa-chevrolet-tahoe-suv-4dr-117-7-2,SUV,4,,,,,117.7,199.6,76.8,75.2,63,64.6,,,,,,,,,
nhtsa-chevrolet-tahoe-suv-4dr-117-7-3,SUV,4,,,,,117.7,199.6,76.4,75.2,63,64.6,,,,,,,,,
nhtsa-chevrolet-tahoe-suv-4dr-120-9,SUV,4,,,,,120.9,210.6,81.1,75.6,68.5,68.1,,,,,,,,,
nhtsa-chevrolet-tracker-body-4dr-97-6,,4,,,,,97.6,158.7,64.6,66.5,55.1,55.1,,,,,,,,,
nhtsa-chevrolet-tracker-body-4dr-97-6-2,,4,,,,,97.6,159.8,67.3,66.5,57.5,57.5,,,,,,,,,
nhtsa-chevrolet-tracker-convertible-2dr-86-6,Convertible,2,,,,,86.6,140.6,64.2,65,55.1,55.1,,,,,,,,,
nhtsa-chevrolet-tracker-convertible-2dr-86-6-2,Convertible,2,,,,,86.6,148.8,67.3,66.5,57.5,57.5,,,,,,,,,
nhtsa-chevrolet-tracker-suv-4dr-97-6,SUV,4,,,,,97.6,159.8,67.3,66.5,57.5,57.5,,,,,,,,,
nhtsa-chevrolet-trailblazer-suv-4dr-103-9,SUV,4,,,,,103.9,173.6,71.3,65.7,61,61.8,,,,,,,,,
nhtsa-chevrolet-trailblazer-suv-4dr-113,SUV,4,,,,,113,191.7,74.4,72,62.2,62.2,,,,,,,,,
nhtsa-chevrolet-trailblazer-suv-4dr-113-2,SUV,4,,,,,113,191.7,74.4,74.4,62.2,62.2,,,,,,,,,
nhtsa-chevrolet-trailblazer-suv-4dr-113-3,SUV,4,,,,,113,191.7,74.4,67.7,62.2,62.2,,,,,,,,,
nhtsa-chevrolet-trailblazer-suv-4dr-129-1,SUV,4,,,,,129.1,207.9,74.8,72,62.2,62.2,,,,,,,,,
nhtsa-chevrolet-trailblazer-suv-4dr-129-1-2,SUV,4,,,,,129.1,207.9,74.8,77.2,62.2,62.2,,,,,,,,,
nhtsa-chevrolet-traverse-limited-suv-4dr-120-9,SUV,4,,,,,120.9,205.9,78.7,70.9,67.3,66.9,,,,,,,,,
nhtsa-chevrolet-traverse-suv-4dr-118-9,SUV,4,,,,,118.9,205.1,78.3,69.7,66.9,66.9,,,,,,,,,
nhtsa-chevrolet-traverse-suv-4dr-118-9-2,SUV,4,,,,,118.9,203.5,78.3,70.1,67.3,66.9,,,,,,,,,
nhtsa-chevrolet-traverse-suv-4dr-120-9,SUV,4,,,,,120.9,204.3,78.7,70.9,67.3,66.9,,,,,,,,,
nhtsa-chevrolet-traverse-suv-4dr-120-9-2,SUV,4,,,,,120.9,205.9,78.7,70.9,67.3,66.9,,,,,,,,,
nhtsa-chevrolet-traverse-suv-4dr-120-9-3,SUV,4,,,,,120.9,204.3,79.5,70.9,67.3,66.9,,,,,,,,,
nhtsa-chevrolet-traverse-suv-4dr-120-9-4,SUV,4,,,,,120.9,204.3,79.5,72,67.7,67.7,,,,,,,,,
nhtsa-chevrolet-trax-suv-100-8,SUV,,,,,,100.8,167.7,70.1,65.7,60.6,60.6,,,,,,,,,
nhtsa-chevrolet-trax-suv-4dr-100-8,SUV,4,,,,,100.8,167.7,70.1,65.7,60.6,60.6,,,,,,,,,
nhtsa-chevrolet-trax-suv-4dr-100-8-2,SUV,4,,,,,100.8,167.3,70.1,65.7,60.6,60.6,,,,,,,,,
nhtsa-chevrolet-trax-suv-4dr-106-3,SUV,4,,,,,106.3,178.7,71.7,61.4,61.4,62.2,,,,,,,,,
nhtsa-chevrolet-uplander-body-113,,,,,,,113,190.9,72,70.5,63,63,,,,,,,,,
nhtsa-chevrolet-uplander-body-113-2,,,,,,,113,190.9,72,72,63,63,,,,,,,,,
nhtsa-chevrolet-uplander-body-120-9,,,,,,,120.9,204.3,72,72,62.6,63,,,,,,,,,
nhtsa-chevrolet-venture-body-112-2,,,,,,,112.2,187,72,67.3,61.8,63,,,,,,,,,
nhtsa-chevrolet-venture-body-120-1,,,,,,,120.1,201.2,72,68.1,61.8,63,,,,,,,,,
nhtsa-chevrolet-venture-body-120-1-2,,,,,,,120.1,201.6,72,68.1,61.4,63.4,,,,,,,,,
nhtsa-chevrolet-venture-body-3dr-112-2,,3,,,,,112.2,187,72,67.3,61.4,63.4,,,,,,,,,
nhtsa-chevrolet-venture-body-4dr-112-2,,4,,,,,112.2,187,72,67.3,61.4,63.4,,,,,,,,,
nhtsa-chevrolet-venture-body-4dr-112-2-2,,4,,,,,112.2,187,72,68.1,61.4,63.4,,,,,,,,,
nhtsa-chevrolet-venture-body-4dr-120-1,,4,,,,,120.1,201.6,72,68.1,61.4,63.4,,,,,,,,,
nhtsa-chevrolet-venture-body-4dr-120-1-2,,4,,,,,120.1,200.8,72,68.1,61.4,63.4,,,,,,,,,
nhtsa-chevrolet-venture-van-4dr-112-2,Van,4,,,,,112.2,187,72,68.1,61.4,63.4,,,,,,,,,
nhtsa-chevrolet-volt-hatchback-4dr-105-9,Hatchback,4,,,,,105.9,177.2,70.5,56.3,61,61.8,,,,,,,,,
nhtsa-chevrolet-volt-hatchback-4dr-105-9-2,Hatchback,4,,,,,105.9,180.3,71.3,56.3,60.6,61.8,,,,,,,,,
nhtsa-chrysler-200-convertible-109-1,Convertible,,,,,,109.1,194.9,72.4,,61.8,62.6,,,,,,,,,
nhtsa-chrysler-200-convertible-109-1-2,Convertible,,,,,,109.1,194.9,72.4,57.9,61.8,62.6,,,,,,,,,
nhtsa-chrysler-200-sedan-4dr-108-3,Sedan,4,,,,,108.3,192.9,71.3,57.9,63.4,62.2,,,,,,,,,
nhtsa-chrysler-200-sedan-4dr-109-1,Sedan,4,,,,,109.1,191.7,72.4,54.7,61.8,62.6,,,,,,,,,
nhtsa-chrysler-200-wagon-4dr-109-1,Wagon,4,,,,,109.1,191.7,72.4,54.7,61.8,62.6,,,,,,,,,
nhtsa-chrysler-300-body-120-1,,,,,,,120.1,200.4,75.2,58.3,63.4,63,,,,,,,,,
nhtsa-chrysler-300-sedan-4dr-120-1,Sedan,4,,,,,120.1,196.9,74,57.9,63,62.6,,,,,,,,,
nhtsa-chrysler-300-sedan-4dr-120-1-2,Sedan,4,,,,,120.1,198.8,75.2,58.7,64.2,63.8,,,,,,,,,
nhtsa-chrysler-300-wagon-4dr-120-1,Wagon,4,,,,,120.1,196.9,74,58.3,63,62.6,,,,,,,,,
nhtsa-chrysler-300-wagon-4dr-120-1-2,Wagon,4,,,,,120.1,198.8,75.2,58.7,64.2,63.8,,,,,,,,,
nhtsa-chrysler-300c-sedan-4dr-120-1,Sedan,4,,,,,120.1,196.9,74,58.3,63,62.6,,,,,,,,,
nhtsa-chrysler-300c-sedan-4dr-120-1-2,Sedan,4,,,,,120.1,196.9,74,57.9,63,62.6,,,,,,,,,
nhtsa-chrysler-aspen-suv-4dr-119-3,SUV,4,,,,,119.3,200.8,76,74.4,64.2,64.6,,,,,,,,,
nhtsa-chrysler-aspen-suv-4dr-119-3-2,SUV,4,,,,,119.3,202,76,73.6,64.2,64.6,,,,,,,,,
nhtsa-chrysler-cirrus-sedan-4dr-107-9,Sedan,4,,,,,107.9,185.8,71.7,53.9,59.4,59.4,,,,,,,,,
nhtsa-chrysler-cirrus-sedan-4dr-108-3,Sedan,4,,,,,108.3,186.2,71.3,54.3,59.8,59.8,,,,,,,,,
nhtsa-chrysler-cirrus-sedan-4dr-108-3-2,Sedan,4,,,,,108.3,187,71.7,52.8,59.4,59.4,,,,,,,,,
nhtsa-chrysler-concorde-sedan-4dr-113,Sedan,4,,,,,113,201.6,74.4,56.3,,,,,,,,,,,
nhtsa-chrysler-concorde-sedan-4dr-113-2,Sedan,4,,,,,113,201.6,74.4,56.3,62.2,61.8,,,,,,,,,
nhtsa-chrysler-concorde-sedan-4dr-113-3,Sedan,4,,,,,113,202.8,74.4,56.3,61.8,61.8,,,,,,,,,
nhtsa-chrysler-concorde-sedan-4dr-113-4,Sedan,4,,,,,113,209.1,74.4,55.9,62.2,61.8,,,,,,,,,
nhtsa-chrysler-concorde-sedan-4dr-113-5,Sedan,4,,,,,113,207.9,74.4,55.9,61.8,61.4,,,,,,,,,
nhtsa-chrysler-cordoba-body-112-6,,,,,,,112.6,210.2,72.8,53.1,,,,,,,,,,,
nhtsa-chrysler-crossfire-convertible-2dr-94-5,Convertible,2,,,,,94.5,159.8,69.7,52,59.1,58.7,,,,,,,,,
nhtsa-chrysler-crossfire-coupe-2dr-94-9,Coupe,2,,,,,94.9,160.2,69.7,51.6,58.3,58.3,,,,,,,,,
nhtsa-chrysler-daytona-body-96-9,,,,,,,96.9,175.2,69.3,50,57.9,57.5,,,,,,,,,
nhtsa-chrysler-daytona-body-97-2,,,,,,,97.2,175.2,69.3,52,,,,,,,,,,,
nhtsa-chrysler-daytona-body-97-2-2,,,,,,,97.2,179.5,69.3,50,,,,,,,,,,,
nhtsa-chrysler-daytona-body-97-2-3,,,,,,,97.2,179.5,69.3,51.2,,,,,,,,,,,
nhtsa-chrysler-daytona-body-97-2-4,,,,,,,97.2,179.9,69.3,52,,,,,,,,,,,
nhtsa-chrysler-daytona-coupe-2dr-97-2,Coupe,2,,,,,97.2,178.3,69.7,50.8,,,,,,,,,,,
nhtsa-chrysler-daytona-coupe-2dr-97-2-2,Coupe,2,,,,,97.2,179.1,69.3,50,,,,,,,,,,,
nhtsa-chrysler-daytona-coupe-97-2,Coupe,,,,,,97.2,179.9,69.3,52,,,,,,,,,,,
nhtsa-chrysler-daytona-hatchback-2dr-96-9,Hatchback,2,,,,,96.9,175.2,69.3,50,57.9,57.5,,,,,,,,,
nhtsa-chrysler-daytona-hatchback-2dr-97-2,Hatchback,2,,,,,97.2,179.5,69.3,50,,,,,,,,,,,
nhtsa-chrysler-daytona-hatchback-2dr-97-2-2,Hatchback,2,,,,,97.2,179.5,69.3,51.2,,,,,,,,,,,
nhtsa-chrysler-daytona-hatchback-2dr-97-2-3,Hatchback,2,,,,,97.2,179.1,69.3,50,57.5,57.5,,,,,,,,,
nhtsa-chrysler-daytona-hatchback-2dr-97-2-4,Hatchback,2,,,,,97.2,179.1,69.3,50,57.5,57.9,,,,,,,,,
nhtsa-chrysler-daytona-hatchback-2dr-97-2-5,Hatchback,2,,,,,97.2,178.3,69.7,50.8,57.1,57.5,,,,,,,,,
nhtsa-chrysler-dynasty-body-104-3,,,,,,,104.3,192.1,68.5,53.5,57.5,57.1,,,,,,,,,
nhtsa-chrysler-dynasty-sedan-104-3,Sedan,,,,,,104.3,192.1,68.5,53.5,57.5,57.1,,,,,,,,,
nhtsa-chrysler-dynasty-sedan-4dr-104-3,Sedan,4,,,,,104.3,192.1,68.9,53.5,57.5,57.5,,,,,,,,,
nhtsa-chrysler-e-class-sedan-103-1,Sedan,,,,,,103.1,185.8,68.5,53.1,,,,,,,,,,,
nhtsa-chrysler-executive-sedan-124-4,Sedan,,,,,,124.4,203.9,68.5,53.5,,,,,,,,,,,
nhtsa-chrysler-fifth-avenue-body-112-6,,,,,,,112.6,206.7,74.4,55.5,,,,,,,,,,,
nhtsa-chrysler-fifth-avenue-sedan-4dr-112-6,Sedan,4,,,,,112.6,206.7,72.4,55.1,,,,,,,,,,,
nhtsa-chrysler-grand-caravan-van-4dr-121-7,Van,4,,,,,121.7,203.9,79.5,70.1,68.5,68.5,,,,,,,,,
nhtsa-chrysler-imperial-body-112-6,,,,,,,112.6,213.4,72.8,53.1,,,,,,,,,,,
nhtsa-chrysler-imperial-sedan-4dr-109-4,Sedan,4,,,,,109.4,203.1,68.9,55.1,57.5,58.3,,,,,,,,,
nhtsa-chrysler-intrepid-sedan-4dr-113,Sedan,4,,,,,113,202,74.4,56.3,61.8,61.8,,,,,,,,,
nhtsa-chrysler-intrepid-sedan-4dr-113-2,Sedan,4,,,,,113,203.5,74.8,55.9,62.2,61.8,,,,,,,,,
nhtsa-chrysler-intrepid-sedan-4dr-113-3,Sedan,4,,,,,113,203.5,74.8,55.9,62.6,62.2,,,,,,,,,
nhtsa-chrysler-laser-body-96-9,,,,,,,96.9,175.2,69.3,50.4,,,,,,,,,,,
nhtsa-chrysler-laser-body-97-2,,,,,,,97.2,175.2,69.3,52,,,,,,,,,,,
nhtsa-chrysler-lebaron-body-100,,,,,,,100,179.9,68.5,52.8,,,,,,,,,,,
nhtsa-chrysler-lebaron-body-100-4,,,,,,,100.4,179.5,68.5,52.8,,,,,,,,,,,
nhtsa-chrysler-lebaron-body-103-1,,,,,,,103.1,180.3,68.5,53.5,,,,,,,,,,,
nhtsa-chrysler-lebaron-body-2dr-100-4,,2,,,,,100.4,179.5,68.5,52.8,,,,,,,,,,,
nhtsa-chrysler-lebaron-body-2dr-112-6,,2,,,,,112.6,210.2,72.8,53.1,,,,,,,,,,,
nhtsa-chrysler-lebaron-body-4dr-100-4,,4,,,,,100.4,185,68.5,53.1,57.9,57.5,,,,,,,,,
nhtsa-chrysler-lebaron-body-4dr-112-6,,4,,,,,112.6,205.9,74,55.5,,,,,,,,,,,
nhtsa-chrysler-lebaron-convertible-100-4,Convertible,,,,,,100.4,180.7,68.1,53.5,,,,,,,,,,,
nhtsa-chrysler-lebaron-convertible-100-4-2,Convertible,,,,,,100.4,175.2,68.1,52.8,,,,,,,,,,,
nhtsa-chrysler-lebaron-convertible-100-4-3,Convertible,,,,,,100.4,185,68.5,52.4,,,,,,,,,,,
nhtsa-chrysler-lebaron-convertible-100-4-4,Convertible,,,,,,100.4,185,68.5,53.1,57.9,57.5,,,,,,,,,
nhtsa-chrysler-lebaron-convertible-100-4-5,Convertible,,,,,,100.4,185,68.5,52.4,57.9,57.9,,,,,,,,,
nhtsa-chrysler-lebaron-convertible-2dr-100-8,Convertible,2,,,,,100.8,185,69.3,52.4,57.5,57.5,,,,,,,,,
nhtsa-chrysler-lebaron-coupe-100-4,Coupe,,,,,,100.4,179.1,68.1,52.8,,,,,,,,,,,
nhtsa-chrysler-lebaron-coupe-100-4-2,Coupe,,,,,,100.4,179.1,68.1,52.4,,,,,,,,,,,
nhtsa-chrysler-lebaron-coupe-2dr-100-4,Coupe,2,,,,,100.4,185,68.5,50.8,,,,,,,,,,,
nhtsa-chrysler-lebaron-coupe-2dr-100-4-2,Coupe,2,,,,,100.4,185,68.5,50.8,57.9,57.5,,,,,,,,,
nhtsa-chrysler-lebaron-coupe-2dr-100-4-3,Coupe,2,,,,,100.4,185,68.5,51.2,57.9,57.9,,,,,,,,,
nhtsa-chrysler-lebaron-coupe-2dr-100-4-4,Coupe,2,,,,,100.4,185,68.5,51.2,,,,,,,,,,,
nhtsa-chrysler-lebaron-hatchback-4dr-103-1,Hatchback,4,,,,,103.1,180.3,68.5,53.5,,,,,,,,,,,
nhtsa-chrysler-lebaron-sedan-100-4,Sedan,,,,,,100.4,179.1,68.1,52.8,,,,,,,,,,,
nhtsa-chrysler-lebaron-sedan-4dr-100-4,Sedan,4,,,,,100.4,179.5,68.5,52.8,,,,,,,,,,,
nhtsa-chrysler-lebaron-sedan-4dr-100-4-2,Sedan,4,,,,,100.4,179.1,68.1,52.8,,,,,,,,,,,
nhtsa-chrysler-lebaron-sedan-4dr-103-1,Sedan,4,,,,,103.1,181.1,67.3,53.5,58.3,57.1,,,,,,,,,
nhtsa-chrysler-lebaron-sedan-4dr-103-1-2,Sedan,4,,,,,103.1,182.7,68.1,53.5,,,,,,,,,,,
nhtsa-chrysler-lebaron-sedan-4dr-103-5,Sedan,4,,,,,103.5,182.7,68.1,53.5,57.5,57.1,,,,,,,,,
nhtsa-chrysler-lebaron-wagon-100-4,Wagon,,,,,,100.4,179.5,68.5,52.8,,,,,,,,,,,
nhtsa-chrysler-lebaron-wagon-100-4-2,Wagon,,,,,,100.4,179.1,70.9,53.1,,,,,,,,,,,
nhtsa-chrysler-lebaron-wagon-112-6,Wagon,,,,,,112.6,205.9,74,55.5,,,,,,,,,,,
nhtsa-chrysler-lhs-sedan-4dr-113,Sedan,4,,,,,113,207.5,74.8,55.9,62.2,62.2,,,,,,,,,
nhtsa-chrysler-lhs-sedan-4dr-113-2,Sedan,4,,,,,113,207.9,74.4,55.9,61.8,61.8,,,,,,,,,
nhtsa-chrysler-neon-sedan-4dr-105-1,Sedan,4,,,,,105.1,174.4,67.3,55.9,57.9,58.3,,,,,,,,,
nhtsa-chrysler-new-yorker-body-103-1,,,,,,,103.1,187.4,68.1,53.5,,,,,,,,,,,
nhtsa-chrysler-new-yorker-body-104-3,,,,,,,104.3,193.7,68.9,53.5,,,,,,,,,,,
nhtsa-chrysler-new-yorker-body-112-6,,,,,,,112.6,206.7,74.4,55.5,,,,,,,,,,,
nhtsa-chrysler-new-yorker-body-118-5,,,,,,,118.5,220.1,77.6,54.3,,,,,,,,,,,
nhtsa-chrysler-new-yorker-sedan-4dr-103-1,Sedan,4,,,,,103.1,187.4,68.1,53.1,,,,,,,,,,,
nhtsa-chrysler-new-yorker-sedan-4dr-104-3,Sedan,4,,,,,104.3,193.7,68.5,55.9,,,,,,,,,,,
nhtsa-chrysler-new-yorker-sedan-4dr-104-3-2,Sedan,4,,,,,104.3,193.7,68.9,53.5,57.5,57.5,,,,,,,,,
nhtsa-chrysler-new-yorker-sedan-4dr-109-4,Sedan,4,,,,,109.4,198.8,68.9,55.1,57.1,57.5,,,,,,,,,
nhtsa-chrysler-new-yorker-sedan-4dr-113,Sedan,4,,,,,113,207.5,74.8,55.9,62.2,62.2,,,,,,,,,
nhtsa-chrysler-newport-body-118-5,,,,,,,118.5,220.1,77.6,54.3,,,,,,,,,,,
nhtsa-chrysler-pacifica-van-4dr-121-7,Van,4,,,,,121.7,204.3,79.5,70.1,68.5,68.5,,,,,,,,,
nhtsa-chrysler-pacifica-van-4dr-122,Van,4,,,,,122,204.3,79.5,70.1,68.5,68.5,,,,,,,,,
nhtsa-chrysler-pacifica-wagon-4dr-116-5,Wagon,4,,,,,116.5,198.8,79.1,66.5,66.5,66.9,,,,,,,,,
nhtsa-chrysler-pacifica-wagon-4dr-116-5-2,Wagon,4,,,,,116.5,198.8,79.1,68.5,66.5,66.9,,,,,,,,,
nhtsa-chrysler-pt-cruiser-body-4dr-103-1,,4,,,,,103.1,168.9,66.9,63,58.3,58.3,,,,,,,,,
nhtsa-chrysler-pt-cruiser-convertible-2dr-102-8,Convertible,2,,,,,102.8,168.9,66.9,60.6,57.9,57.5,,,,,,,,,
nhtsa-chrysler-pt-cruiser-wagon-4dr-103-1,Wagon,4,,,,,103.1,168.9,67.3,63,58.3,58.3,,,,,,,,,
nhtsa-chrysler-sebring-convertible-2dr-105-9,Convertible,2,,,,,105.9,192.9,69.3,54.7,59.8,60.2,,,,,,,,,
nhtsa-chrysler-sebring-convertible-2dr-105-9-2,Convertible,2,,,,,105.9,192.9,69.3,54.7,60.2,60.2,,,,,,,,,
nhtsa-chrysler-sebring-convertible-2dr-105-9-3,Convertible,2,,,,,105.9,193.7,69.3,55.1,60.2,60.2,,,,,,,,,
nhtsa-chrysler-sebring-convertible-2dr-106-3,Convertible,2,,,,,106.3,193.3,69.3,55.1,60.2,61,,,,,,,,,
nhtsa-chrysler-sebring-convertible-2dr-109-1,Convertible,2,,,,,109.1,193.7,71.7,58.7,61,61.4,,,,,,,,,
nhtsa-chrysler-sebring-coupe-2dr-103-5,Coupe,2,,,,,103.5,190.2,70.5,53.5,59.4,59.4,,,,,,,,,
nhtsa-chrysler-sebring-coupe-2dr-103-9,Coupe,2,,,,,103.9,187.4,69.7,53.1,59.4,59.1,,,,,,,,,
nhtsa-chrysler-sebring-coupe-2dr-103-9-2,Coupe,2,,,,,103.9,190.9,69.7,53.1,59.1,58.7,,,,,,,,,
nhtsa-chrysler-sebring-sedan-4dr-107-9,Sedan,4,,,,,107.9,190.6,70.5,54.7,60.2,60.2,,,,,,,,,
nhtsa-chrysler-sebring-sedan-4dr-109-1,Sedan,4,,,,,109.1,190.6,71.3,59.1,61.8,62.2,,,,,,,,,
nhtsa-chrysler-sebring-wagon-4dr-107-9,Wagon,4,,,,,107.9,190.6,70.5,54.7,60.2,60.2,,,,,,,,,
nhtsa-chrysler-sebring-wagon-4dr-109-1,Wagon,4,,,,,109.1,190.6,71.3,59.1,61.8,62.2,,,,,,,,,
nhtsa-chrysler-town-and-country-wagon-119-3,Wagon,,,,,,119.3,191.7,72,65,60.6,62.2,,,,,,,,,
nhtsa-chrysler-town-and-country-wagon-119-3-2,Wagon,,,,,,119.3,192.9,72,68.9,,,,,,,,,,,
nhtsa-daewoo-lanos-hatchback-2dr-99-2,Hatchback,2,,,,,99.2,160.2,66.1,56.3,55.1,55.9,,,,,,,,,
nhtsa-daewoo-lanos-hatchback-2dr-99-2-2,Hatchback,2,,,,,99.2,160.2,66.1,56.3,55.5,56.3,,,,,,,,,
nhtsa-daewoo-lanos-sedan-4dr-99-2,Sedan,4,,,,,99.2,166.9,66.1,56.3,55.1,55.9,,,,,,,,,
nhtsa-daewoo-leganza-sedan-4dr-105-1,Sedan,4,,,,,105.1,183.9,70.1,56.7,59.4,59.1,,,,,,,,,
nhtsa-daewoo-leganza-sedan-4dr-105-1-2,Sedan,4,,,,,105.1,183.9,70.1,56.7,59.8,59.4,,,,,,,,,
nhtsa-daewoo-nubira-sedan-4dr-101-2,Sedan,4,,,,,101.2,176,66.9,56.3,57.5,57.1,,,,,,,,,
nhtsa-daewoo-nubira-sedan-4dr-101-2-2,Sedan,4,,,,,101.2,177.2,66.9,56.3,57.5,57.1,,,,,,,,,
nhtsa-daewoo-nubira-wagon-4dr-101-2,Wagon,4,,,,,101.2,177.6,66.9,56.3,57.5,57.1,,,,,,,,,
nhtsa-daewoo-nubira-wagon-4dr-101-2-2,Wagon,4,,,,,101.2,179.1,67.7,57.9,57.5,57.1,,,,,,,,,
nhtsa-datsun-210-body-2dr-92-1,,2,,,,,92.1,165,62.2,52.8,,,,,,,,,,,
nhtsa-datsun-210-body-2dr-92-1-2,,2,,,,,92.1,165,62.2,53.9,,,,,,,,,,,
nhtsa-datsun-210-hatchback-92-1,Hatchback,,,,,,92.1,165,62.2,52.4,,,,,,,,,,,
nhtsa-datsun-210-sedan-2dr-92-1,Sedan,2,,,,,92.1,165,62.2,53.9,,,,,,,,,,,
nhtsa-datsun-210-sedan-4dr-92-1,Sedan,4,,,,,92.1,165,62.2,53.9,,,,,,,,,,,
nhtsa-datsun-210-sedan-92-1,Sedan,,,,,,92.1,165,62.2,53.5,,,,,,,,,,,
nhtsa-datsun-210-wagon-5dr-92-1,Wagon,5,,,,,92.1,167.7,62.2,52.8,,,,,,,,,,,
nhtsa-datsun-210-wagon-92-1,Wagon,,,,,,92.1,167.7,62.2,52.4,,,,,,,,,,,
nhtsa-datsun-280zx-body-91-3,,,,,,,91.3,174,66.5,51.6,,,,,,,,,,,
nhtsa-datsun-280zx-body-91-3-2,,,,,,,91.3,174,66.5,51.2,,,,,,,,,,,
nhtsa-datsun-280zx-body-99-2,,,,,,,99.2,181.9,66.5,51.2,,,,,,,,,,,
nhtsa-datsun-280zx-body-99-2-2,,,,,,,99.2,181.9,66.5,51.6,,,,,,,,,,,
nhtsa-datsun-280zx-body-99-6,,,,,,,99.6,181.9,66.5,51.6,,,,,,,,,,,
nhtsa-datsun-280zx-coupe-91-3,Coupe,,,,,,91.3,174,66.5,51.6,,,,,,,,,,,
nhtsa-datsun-310-body-2dr-94-5,,2,,,,,94.5,160.6,63.8,53.5,,,,,,,,,,,
nhtsa-datsun-310-body-2dr-94-5-2,,2,,,,,94.5,160.6,63.8,52,,,,,,,,,,,
nhtsa-datsun-310-body-4dr-94-5,,4,,,,,94.5,160.6,63.8,53.5,,,,,,,,,,,
nhtsa-datsun-310-hatchback-4dr-94-5,Hatchback,4,,,,,94.5,169.3,63.8,53.5,,,,,,,,,,,
nhtsa-datsun-310-sedan-2dr-94-5,Sedan,2,,,,,94.5,169.3,63.8,53.5,,,,,,,,,,,
nhtsa-datsun-510-hatchback-4dr-94-5,Hatchback,4,,,,,94.5,169.7,63,51.6,,,,,,,,,,,
nhtsa-datsun-510-sedan-2dr-94-5,Sedan,2,,,,,94.5,169.7,63,54.7,,,,,,,,,,,
nhtsa-datsun-510-wagon-94-5,Wagon,,,,,,94.5,172.4,63,55.1,,,,,,,,,,,
nhtsa-dodge-400-body-100,,,,,,,100,181.1,68.5,52.4,,,,,,,,,,,
nhtsa-dodge-600-body-100-4,,,,,,,100.4,179.9,68.1,53.9,,,,,,,,,,,
nhtsa-dodge-600-body-103-1,,,,,,,103.1,185,68.1,53.1,,,,,,,,,,,
nhtsa-dodge-600-body-2dr-100-4,,2,,,,,100.4,179.5,68.1,53.1,,,,,,,,,,,
nhtsa-dodge-600-body-2dr-100-4-2,,2,,,,,100.4,180.7,68.1,52.8,,,,,,,,,,,
nhtsa-dodge-600-body-4dr-103-1,,4,,,,,103.1,186.6,68.1,53.1,,,,,,,,,,,
nhtsa-dodge-600-convertible-100-4,Convertible,,,,,,100.4,180.7,68.1,53.9,,,,,,,,,,,
nhtsa-dodge-600-sedan-4dr-103-1,Sedan,4,,,,,103.1,185,68.1,53.1,,,,,,,,,,,
nhtsa-dodge-aries-body-2dr-100-4,,2,,,,,100.4,176,68.5,52.4,,,,,,,,,,,
nhtsa-dodge-aries-body-2dr-100-4-2,,2,,,,,100.4,178.7,68.1,52.8,,,,,,,,,,,
nhtsa-dodge-aries-body-2dr-99-6,,2,,,,,99.6,176,68.5,52.8,,,,,,,,,,,
nhtsa-dodge-aries-body-4dr-100-4,,4,,,,,100.4,176,68.5,52.8,,,,,,,,,,,
nhtsa-dodge-aries-body-4dr-100-4-2,,4,,,,,100.4,178.7,68.1,52.8,,,,,,,,,,,
nhtsa-dodge-aries-body-4dr-99-6,,4,,,,,99.6,176,68.5,52.8,,,,,,,,,,,
nhtsa-dodge-aries-sedan-2dr-100-4,Sedan,2,,,,,100.4,178.7,68.1,52.8,,,,,,,,,,,
nhtsa-dodge-aries-sedan-4dr-100-4,Sedan,4,,,,,100.4,178.7,68.1,52.8,,,,,,,,,,,
nhtsa-dodge-aries-wagon-100-4,Wagon,,,,,,100.4,176.4,68.5,52.4,,,,,,,,,,,
nhtsa-dodge-aries-wagon-100-4-2,Wagon,,,,,,100.4,179.1,68.1,53.1,,,,,,,,,,,
nhtsa-dodge-aries-wagon-99-6,Wagon,,,,,,99.6,176.4,68.5,52.4,,,,,,,,,,,
nhtsa-dodge-avenger-body-103-9,,,,,,,103.9,187.4,68.5,53.1,59.1,59.1,,,,,,,,,
nhtsa-dodge-avenger-body-109-1,,,,,,,109.1,190.9,71.7,58.7,61.8,61.4,,,,,,,,,
nhtsa-dodge-avenger-coupe-2dr-103-9,Coupe,2,,,,,103.9,187.4,68.5,53.1,59.1,59.1,,,,,,,,,
nhtsa-dodge-avenger-coupe-2dr-103-9-2,Coupe,2,,,,,103.9,190.6,68.5,53.1,59.1,59.1,,,,,,,,,
nhtsa-dodge-avenger-sedan-4dr-109-1,Sedan,4,,,,,109.1,192.5,72.8,58.3,62.2,62.6,,,,,,,,,
nhtsa-dodge-b-series-150-body-109-4,,,,,,,109.4,178.7,79.9,79.5,,,,,,,,,,,
nhtsa-dodge-b-series-150-body-127-6,,,,,,,127.6,196.9,79.9,81.1,,,,,,,,,,,
nhtsa-dodge-b-series-150-van-109-4,Van,,,,,,109.4,178.7,79.9,79.5,,,,,,,,,,,
nhtsa-dodge-b-series-150-van-127-6,Van,,,,,,127.6,196.9,79.9,81.1,,,,,,,,,,,
nhtsa-dodge-b-series-250-body-109-4,,,,,,,109.4,178.7,79.9,79.5,,,,,,,,,,,
nhtsa-dodge-b-series-250-body-127-6,,,,,,,127.6,222.8,79.9,80.7,,,,,,,,,,,
nhtsa-dodge-b-series-250-body-127-6-2,,,,,,,127.6,196.9,79.9,81.1,,,,,,,,,,,
nhtsa-dodge-b-series-250-van-127-6,Van,,,,,,127.6,196.9,79.9,81.1,,,,,,,,,,,
nhtsa-dodge-b-series-350-body-127-6,,,,,,,127.6,222.8,79.9,80.7,,,,,,,,,,,
nhtsa-dodge-b-series-350-body-127-6-2,,,,,,,127.6,196.9,79.9,81.1,,,,,,,,,,,
nhtsa-dodge-b-series-350-van-127-6,Van,,,,,,127.6,196.9,79.9,81.1,,,,,,,,,,,
nhtsa-dodge-caliber-hatchback-4dr-103-9,Hatchback,4,,,,,103.9,173.6,68.9,60.2,59.8,59.1,,,,,,,,,
nhtsa-dodge-caliber-suv-4dr-103-9,SUV,4,,,,,103.9,173.6,68.9,60.2,59.8,59.1,,,,,,,,,
nhtsa-dodge-caravan-body-112-2,,,,,,,112.2,176,69.7,64.2,,,,,,,,,,,
nhtsa-dodge-caravan-body-112-2-2,,,,,,,112.2,176,70.9,64.2,,,,,,,,,,,
nhtsa-dodge-caravan-body-112-2-3,,,,,,,112.2,176,70.9,64.6,,,,,,,,,,,
nhtsa-dodge-caravan-body-112-2-4,,,,,,,112.2,177.2,70.9,64.6,,,,,,,,,,,
nhtsa-dodge-caravan-body-112-2-5,,,,,,,112.2,178,72,65.4,,,,,,,,,,,
nhtsa-dodge-caravan-body-112-2-6,,,,,,,112.2,176,72,64.6,,,,,,,,,,,
nhtsa-dodge-caravan-body-112-2-7,,,,,,,112.2,177.2,72,64.2,,,,,,,,,,,
nhtsa-dodge-caravan-body-113-4,,,,,,,113.4,189,78.7,68.9,63,64.2,,,,,,,,,
nhtsa-dodge-caravan-van-112-2,Van,,,,,,112.2,176,70.9,64.6,,,,,,,,,,,
nhtsa-dodge-caravan-van-112-2-2,Van,,,,,,112.2,178.3,72,64.6,59.8,62.2,,,,,,,,,
nhtsa-dodge-caravan-van-119-3,Van,,,,,,119.3,190.6,70.9,65,,,,,,,,,,,
nhtsa-dodge-caravan-van-119-3-2,Van,,,,,,119.3,192.9,72,66.1,,,,,,,,,,,
nhtsa-dodge-caravan-van-119-3-3,Van,,,,,,119.3,190.2,72,64.6,,,,,,,,,,,
nhtsa-dodge-caravan-van-119-3-4,Van,,,,,,119.3,192.9,72,64.6,59.8,62.2,,,,,,,,,
nhtsa-dodge-caravan-van-119-3-5,Van,,,,,,119.3,192.1,72,64.2,,,,,,,,,,,
nhtsa-dodge-caravan-wagon-112-2,Wagon,,,,,,112.2,176,72,65,59.8,62.2,,,,,,,,,
nhtsa-dodge-caravan-wagon-112-2-2,Wagon,,,,,,112.2,178,72,66.1,,,,,,,,,,,
nhtsa-dodge-caravan-wagon-112-2-3,Wagon,,,,,,112.2,176,72,65,,,,,,,,,,,
nhtsa-dodge-caravan-wagon-3dr-112-2,Wagon,3,,,,,112.2,178.3,72,64.2,59.8,62.2,,,,,,,,,
nhtsa-dodge-challenger-body-99-6,,,,,,,99.6,179.9,65.7,52.8,,,,,,,,,,,
nhtsa-dodge-challenger-coupe-2dr-116-1,Coupe,2,,,,,116.1,197.6,75.6,57.1,63,63.8,,,,,,,,,
nhtsa-dodge-challenger-coupe-2dr-116-1-2,Coupe,2,,,,,116.1,197.6,78.7,57.1,63,63.8,,,,,,,,,
nhtsa-dodge-charger-body-96-5,,,,,,,96.5,174,66.5,50.8,,,,,,,,,,,
nhtsa-dodge-charger-body-96-5-2,,,,,,,96.5,174,66.5,51.2,,,,,,,,,,,
nhtsa-dodge-charger-body-96-5-3,,,,,,,96.5,174.8,66.1,50.8,,,,,,,,,,,
nhtsa-dodge-charger-coupe-2dr-120-9,Coupe,2,,,,,120.9,206.7,79.9,59.1,68.9,69.3,,,,,,,,,
nhtsa-dodge-charger-hatchback-2dr-96-5,Hatchback,2,,,,,96.5,174.8,66.1,50.8,,,,,,,,,,,
nhtsa-dodge-charger-sedan-4dr-120-1,Sedan,4,,,,,120.1,200,74.4,58.3,62.6,63,,,,,,,,,
nhtsa-dodge-charger-sedan-4dr-120-1-2,Sedan,4,,,,,120.1,200,74.4,57.9,62.6,63,,,,,,,,,
nhtsa-dodge-charger-sedan-4dr-120-1-3,Sedan,4,,,,,120.1,200,75.2,58.3,63.4,63.8,,,,,,,,,
nhtsa-dodge-charger-sedan-4dr-120-1-4,Sedan,4,,,,,120.1,198.4,75.2,58.3,63.4,63.8,,,,,,,,,
nhtsa-dodge-charger-sedan-4dr-120-1-5,Sedan,4,,,,,120.1,198.4,75.2,58.3,64.2,63.8,,,,,,,,,
nhtsa-dodge-colt-body-2dr-90-6,,2,,,,,90.6,157.1,62.6,50,,,,,,,,,,,
nhtsa-dodge-colt-body-2dr-93-7,,2,,,,,93.7,161,62.6,50,,,,,,,,,,,
nhtsa-dodge-colt-body-4dr-90-6,,4,,,,,90.6,157.1,62.6,50,,,,,,,,,,,
nhtsa-dodge-colt-body-5dr-94-1,,5,,,,,94.1,161,63,50,,,,,,,,,,,
nhtsa-dodge-colt-coupe-2dr-96-1,Coupe,2,,,,,96.1,171.3,66.1,53.5,57.1,57.1,,,,,,,,,
nhtsa-dodge-colt-coupe-2dr-96-1-2,Coupe,2,,,,,96.1,171.3,66.1,51.6,,,,,,,,,,,
nhtsa-dodge-colt-hatchback-90-6,Hatchback,,,,,,90.6,157.1,62.2,50,,,,,,,,,,,
nhtsa-dodge-colt-sedan-4dr-98-4,Sedan,4,,,,,98.4,174,66.1,53.5,57.1,57.1,,,,,,,,,
nhtsa-dodge-colt-sedan-4dr-98-4-2,Sedan,4,,,,,98.4,174,66.1,51.6,,,,,,,,,,,
nhtsa-dodge-colt-wagon-3dr-99-2,Wagon,3,,,,,99.2,168.5,66.5,62.2,58.3,57.9,,,,,,,,,
nhtsa-dodge-colt-wagon-3dr-99-2-2,Wagon,3,,,,,99.2,168.5,66.9,62.6,58.3,57.9,,,,,,,,,
nhtsa-dodge-colt-wagon-99-2,Wagon,,,,,,99.2,168.5,66.5,64.6,,,,,,,,,,,
nhtsa-dodge-d-w-150-body-115,,,,,,,115,190.2,79.5,68.1,,,,,,,,,,,
nhtsa-dodge-d-w-150-body-115-2,,,,,,,115,190.2,79.5,73.2,,,,,,,,,,,
nhtsa-dodge-d-w-150-body-115-3,,,,,,,115,189.4,79.5,73.2,,,,,,,,,,,
nhtsa-dodge-d-w-150-body-131-1,,,,,,,131.1,210.2,79.5,68.1,,,,,,,,,,,
nhtsa-dodge-d-w-150-body-131-1-2,,,,,,,131.1,208.3,79.5,68.1,,,,,,,,,,,
nhtsa-dodge-d-w-150-body-131-1-3,,,,,,,131.1,210.2,79.5,72.4,,,,,,,,,,,
nhtsa-dodge-d-w-150-body-131-1-4,,,,,,,131.1,208.3,79.5,72.4,,,,,,,,,,,
nhtsa-dodge-d-w-150-pickup-extended-133-1,Pickup,,Extended,,,,133.1,208.3,79.5,69.3,,,,,,,,,,,
nhtsa-dodge-d-w-150-pickup-extended-133-1-2,Pickup,,Extended,,,,133.1,208.3,79.5,72.8,,,,,,,,,,,
nhtsa-dodge-d-w-150-pickup-extended-148-8,Pickup,,Extended,,,,148.8,228.3,79.5,69.3,,,,,,,,,,,
nhtsa-dodge-d-w-150-pickup-extended-148-8-2,Pickup,,Extended,,,,148.8,228.3,79.5,73.6,,,,,,,,,,,
nhtsa-dodge-d-w-250-body-131-1,,,,,,,131.1,210.2,79.5,70.1,,,,,,,,,,,
nhtsa-dodge-d-w-250-body-131-1-2,,,,,,,131.1,208.3,79.5,70.1,,,,,,,,,,,
nhtsa-dodge-d-w-250-pickup-131-1,Pickup,,,,,,131.1,206.7,79.5,70.1,,,,,,,,,,,
nhtsa-dodge-d-w-250-pickup-crew-148-8,Pickup,,Crew,,,,148.8,224.4,79.5,70.1,,,,,,,,,,,
nhtsa-dodge-d-w-250-pickup-crew-165,Pickup,,Crew,,,,165,244.1,79.5,70.1,,,,,,,,,,,
nhtsa-dodge-d-w-250-pickup-extended-148-8,Pickup,,Extended,,,,148.8,228.3,79.5,70.1,,,,,,,,,,,
nhtsa-dodge-dakota-body-111-8,,,,,,,111.8,185.8,71.3,,,,,,,,,,,,
nhtsa-dodge-dakota-body-111-8-2,,,,,,,111.8,185.8,71.3,64.2,,,,,,,,,,,
nhtsa-dodge-dakota-body-112-2,,,,,,,112.2,189,69.7,64.2,,,,,,,,,,,
nhtsa-dodge-dakota-body-112-2-2,,,,,,,112.2,189,69.7,67.3,,,,,,,,,,,
nhtsa-dodge-dakota-body-113-8,,,,,,,113.8,185.8,71.3,62.6,,,,,,,,,,,
nhtsa-dodge-dakota-body-124,,,,,,,124,204.3,71.3,,,,,,,,,,,,
nhtsa-dodge-dakota-body-124-2,,,,,,,124,204.3,71.3,62.6,,,,,,,,,,,
nhtsa-dodge-dakota-body-124-3,,,,,,,124,204.3,71.3,64.2,,,,,,,,,,,
nhtsa-dodge-dakota-body-124-4,,,,,,,124,207.5,69.7,64.2,,,,,,,,,,,
nhtsa-dodge-dakota-body-124-5,,,,,,,124,207.5,69.7,67.3,,,,,,,,,,,
nhtsa-dodge-dakota-pickup-extended-131-1,Pickup,,Extended,,,,131.1,205.1,69.7,64.2,58.7,59.4,,,,,,,,,
nhtsa-dodge-dakota-pickup-extended-131-1-2,Pickup,,Extended,,,,131.1,205.1,69.7,64.2,,,,,,,,,,,
nhtsa-dodge-dakota-pickup-extended-131-1-3,Pickup,,Extended,,,,131.1,207.9,68.5,65,,,,,,,,,,,
nhtsa-dodge-dakota-pickup-extended-131-1-4,Pickup,,Extended,,,,131.1,207.9,68.5,67.7,,,,,,,,,,,
nhtsa-dodge-dakota-pickup-extended-131-1-5,Pickup,,Extended,,,,131.1,218.9,71.7,68.5,63,63,,,,,,,,,
nhtsa-dodge-dakota-pickup-extended-long-131-1,Pickup,,Extended,,,,131.1,209.4,71.7,65.4,60.6,61.4,,,,,,,,,
nhtsa-dodge-dakota-pickup-extended-long-131-1-2,Pickup,,Extended,,,,131.1,209.4,71.7,68.1,60.6,61.4,,,,,,,,,
nhtsa-dodge-dakota-pickup-extended-long-131-1-3,Pickup,,Extended,,,,131.1,209.8,71.7,65,61,61.4,,,,,,,,,
nhtsa-dodge-dakota-pickup-extended-long-131-1-4,Pickup,,Extended,,,,131.1,209.8,71.7,67.3,61.4,61.4,,,,,,,,,
nhtsa-dodge-dakota-pickup-extended-short-131-1,Pickup,,Extended,,,,131.1,208.3,69.7,65.7,58.7,59.4,,,,,,,,,
nhtsa-dodge-dakota-pickup-extended-short-131-1-2,Pickup,,Extended,,,,131.1,208.3,69.7,68.5,60.6,59.4,,,,,,,,,
nhtsa-dodge-dakota-pickup-extended-short-131-1-3,Pickup,,Extended,,,,131.1,215,71.7,65.7,60.6,61.4,,,,,,,,,
nhtsa-dodge-dakota-pickup-extended-short-131-1-4,Pickup,,Extended,,,,131.1,215,71.7,68.1,60.6,61.4,,,,,,,,,
nhtsa-dodge-dakota-pickup-quad-130-3,Pickup,,Quad,,,,130.3,218.5,71.7,68.9,63,63,,,,,,,,,
nhtsa-dodge-dakota-pickup-quad-131-5,Pickup,,Quad,,,,131.5,218.9,71.7,68.9,63,63,,,,,,,,,
nhtsa-dodge-dakota-pickup-quad-short-131-1,Pickup,,Quad,,,,131.1,209.4,71.7,66.1,60.6,61.4,,,,,,,,,
nhtsa-dodge-dakota-pickup-quad-short-131-1-2,Pickup,,Quad,,,,131.1,209.4,71.7,68.9,60.6,61.4,,,,,,,,,
nhtsa-dodge-dakota-pickup-regular-long-112-2,Pickup,,Regular,,,,112.2,190.6,71.7,68.1,60.6,61.4,,,,,,,,,
nhtsa-dodge-dakota-pickup-regular-long-112-2-2,Pickup,,Regular,,,,112.2,190.9,71.7,65,61,61.4,,,,,,,,,
nhtsa-dodge-dakota-pickup-regular-long-112-2-3,Pickup,,Regular,,,,112.2,190.9,71.7,67.3,61.4,61.4,,,,,,,,,
nhtsa-dodge-dakota-pickup-regular-long-124,Pickup,,Regular,,,,124,207.5,69.7,65.4,58.7,59.4,,,,,,,,,
nhtsa-dodge-dakota-pickup-regular-long-124-2,Pickup,,Regular,,,,124,207.5,69.7,67.3,60.6,59.4,,,,,,,,,
nhtsa-dodge-dakota-pickup-regular-long-124-3,Pickup,,Regular,,,,124,215.4,71.7,65.4,60.6,61.4,,,,,,,,,
nhtsa-dodge-dakota-pickup-regular-short-111-8,Pickup,,Regular,,,,111.8,195.7,71.7,65.7,60.6,61.4,,,,,,,,,
nhtsa-dodge-dakota-pickup-regular-short-111-8-2,Pickup,,Regular,,,,111.8,195.7,71.7,68.1,61.4,61.8,,,,,,,,,
nhtsa-dodge-dakota-pickup-regular-short-112-2,Pickup,,Regular,,,,112.2,189.4,69.7,65.4,58.7,59.4,,,,,,,,,
nhtsa-dodge-dakota-pickup-regular-short-112-2-2,Pickup,,Regular,,,,112.2,189.4,69.7,67.3,60.6,59.4,,,,,,,,,
nhtsa-dodge-dart-sedan-4dr-106-7,Sedan,4,,,,,106.7,184.3,72,57.9,61.8,62.2,,,,,,,,,
nhtsa-dodge-diplomat-body-112-6,,,,,,,112.6,205.5,74.4,55.5,,,,,,,,,,,
nhtsa-dodge-diplomat-body-112-6-2,,,,,,,112.6,205.9,73.2,55.5,,,,,,,,,,,
nhtsa-dodge-diplomat-body-2dr-112-6,,2,,,,,112.6,205.5,74,53.1,,,,,,,,,,,
nhtsa-dodge-diplomat-body-4dr-112-6,,4,,,,,112.6,205.5,74,55.1,,,,,,,,,,,
nhtsa-dodge-diplomat-sedan-4dr-112-6,Sedan,4,,,,,112.6,204.7,72.4,55.1,,,,,,,,,,,
nhtsa-dodge-diplomat-wagon-112-6,Wagon,,,,,,112.6,205.9,74,55.1,,,,,,,,,,,
nhtsa-dodge-durango-body-115-7,,,,,,,115.7,193.3,71.7,72.4,62.2,61.4,,,,,,,,,
nhtsa-dodge-durango-body-115-7-2,,,,,,,115.7,193.7,71.7,70.9,60.6,61.8,,,,,,,,,
nhtsa-dodge-durango-body-115-7-3,,,,,,,115.7,193.7,71.7,72.4,62.2,61.4,,,,,,,,,
nhtsa-dodge-durango-suv-116-1,SUV,,,,,,116.1,193.7,71.7,72,61.8,61.8,,,,,,,,,
nhtsa-dodge-durango-suv-118-1,SUV,,,,,,118.1,201.2,76,74.4,64.2,64.2,,,,,,,,,
nhtsa-dodge-durango-suv-4dr-118-1,SUV,4,,,,,118.1,201.2,76,73.2,64.2,64.2,,,,,,,,,
nhtsa-dodge-durango-suv-4dr-119-3,SUV,4,,,,,119.3,202,76,73.6,64.2,64.2,,,,,,,,,
nhtsa-dodge-durango-suv-4dr-119-7,SUV,4,,,,,119.7,200,76,70.9,63.8,64.2,,,,,,,,,
nhtsa-dodge-grand-caravan-body-119-3,,,,,,,119.3,191.7,70.9,65,,,,,,,,,,,
nhtsa-dodge-grand-caravan-body-119-3-2,,,,,,,119.3,190.6,70.9,65,,,,,,,,,,,
nhtsa-dodge-grand-caravan-body-119-3-3,,,,,,,119.3,200.4,78.7,68.9,63,64.2,,,,,,,,,
nhtsa-dodge-grand-caravan-van-4dr-121-3,Van,4,,,,,121.3,202.4,76.8,68.9,65.4,64.6,,,,,,,,,
nhtsa-dodge-grand-caravan-van-4dr-121-3-2,Van,4,,,,,121.3,202.4,78.7,67.7,65.7,65,,,,,,,,,
nhtsa-dodge-grand-caravan-wagon-119-3,Wagon,,,,,,119.3,190.6,72,65,59.8,61.4,,,,,,,,,
nhtsa-dodge-grand-caravan-wagon-119-3-2,Wagon,,,,,,119.3,192.9,72,67.7,,,,,,,,,,,
nhtsa-dodge-grand-caravan-wagon-119-3-3,Wagon,,,,,,119.3,190.6,72,65,,,,,,,,,,,
nhtsa-dodge-grand-caravan-wagon-3dr-119-3,Wagon,3,,,,,119.3,192.9,72,65,59.8,62.2,,,,,,,,,
nhtsa-dodge-hornet-suv-4dr-103-9,SUV,4,,,,,103.9,178.3,72.4,63.8,62.2,61.8,,,,,,,,,
nhtsa-dodge-journey-body-4dr-113-8,,4,,,,,113.8,192.5,72,66.9,61.8,62.2,,,,,,,,,
nhtsa-dodge-journey-suv-4dr-113-8,SUV,4,,,,,113.8,192.5,72,66.9,61.8,62.2,,,,,,,,,
nhtsa-dodge-lancer-body-103-1,,,,,,,103.1,180.3,68.5,53.1,,,,,,,,,,,
nhtsa-dodge-lancer-body-4dr-103-1,,4,,,,,103.1,180.3,68.5,52.4,,,,,,,,,,,
nhtsa-dodge-lancer-hatchback-4dr-103-1,Hatchback,4,,,,,103.1,180.3,68.5,53.1,,,,,,,,,,,
nhtsa-dodge-magnum-srt8-wagon-4dr-119-7,Wagon,4,,,,,119.7,197.2,74,58.3,63,63,,,,,,,,,
nhtsa-dodge-magnum-wagon-4dr-119-7,Wagon,4,,,,,119.7,197.2,74,58.3,63,63,,,,,,,,,
nhtsa-dodge-mini-ram-van-112-2,Van,,,,,,112.2,176,70.9,66.5,,,,,,,,,,,
nhtsa-dodge-mini-ram-van-118-9,Van,,,,,,118.9,190.6,70.9,69.7,,,,,,,,,,,
nhtsa-dodge-mirada-body-112-6,,,,,,,112.6,209.4,72.8,53.1,,,,,,,,,,,
nhtsa-dodge-neon-coupe-2dr-103-9,Coupe,2,,,,,103.9,171.7,67.3,54.7,57.5,57.9,,,,,,,,,
nhtsa-dodge-neon-coupe-2dr-103-9-2,Coupe,2,,,,,103.9,171.7,67.3,54.7,57.5,57.5,,,,,,,,,
nhtsa-dodge-neon-sedan-4dr-103-9,Sedan,4,,,,,103.9,172,67.3,54.7,57.5,57.5,,,,,,,,,
nhtsa-dodge-neon-sedan-4dr-103-9-2,Sedan,4,,,,,103.9,172,67.3,52.8,57.5,57.5,,,,,,,,,
nhtsa-dodge-neon-sedan-4dr-103-9-3,Sedan,4,,,,,103.9,171.7,67.3,54.7,57.5,57.5,,,,,,,,,
nhtsa-dodge-nitro-suv-4dr-108-7,SUV,4,,,,,108.7,178.7,73.2,69.7,61.4,61,,,,,,,,,
nhtsa-dodge-omni-body-2dr-96-5,,2,,,,,96.5,174,66.5,51.2,,,,,,,,,,,
nhtsa-dodge-omni-body-4dr-99-6,,4,,,,,99.6,164.6,65.7,53.5,,,,,,,,,,,
nhtsa-dodge-omni-body-5dr-99-2,,5,,,,,99.2,162.6,65.7,53.1,,,,,,,,,,,
nhtsa-dodge-omni-body-99-2,,,,,,,99.2,165,65.7,53.1,,,,,,,,,,,
nhtsa-dodge-omni-body-99-2-2,,,,,,,99.2,162.2,66.1,53.1,,,,,,,,,,,
nhtsa-dodge-omni-body-99-2-3,,,,,,,99.2,163.4,66.1,53.1,,,,,,,,,,,
nhtsa-dodge-omni-hatchback-4dr-99-2,Hatchback,4,,,,,99.2,163.4,66.1,53.1,,,,,,,,,,,
nhtsa-dodge-raider-body-92-5,,,,,,,92.5,157.5,66.1,,,,,,,,,,,,
nhtsa-dodge-ram-1500-body-127-2,,,,,,,127.2,228.7,78.7,79.9,66.9,66.5,,,,,,,,,
nhtsa-dodge-ram-1500-body-127-2-2,,,,,,,127.2,228.7,78.7,79.5,66.9,65.7,,,,,,,,,
nhtsa-dodge-ram-1500-body-long-135,,,,,,,135,220.1,78.3,72,68.5,68.1,,,,,,,,,
nhtsa-dodge-ram-1500-body-long-135-2,,,,,,,135,220.1,78.3,76,68.5,68.1,,,,,,,,,
nhtsa-dodge-ram-1500-body-short-118-9,,,,,,,118.9,199.2,78.3,72,68.5,68.1,,,,,,,,,
nhtsa-dodge-ram-1500-body-short-118-9-2,,,,,,,118.9,199.2,78.3,76,68.5,68.1,,,,,,,,,
nhtsa-dodge-ram-1500-pickup-crew-140-2,Pickup,,Crew,,,,140.2,226,79.1,74,69.3,68.1,,,,,,,,,
nhtsa-dodge-ram-1500-pickup-crew-140-2-2,Pickup,,Crew,,,,140.2,226,79.1,74.8,69.3,68.1,,,,,,,,,
nhtsa-dodge-ram-1500-pickup-extended-long-154-7,Pickup,,Extended,,,,154.7,240.2,78.3,71.7,66.1,66.9,,,,,,,,,
nhtsa-dodge-ram-1500-pickup-extended-long-154-7-2,Pickup,,Extended,,,,154.7,240.2,78.3,74.4,66.1,66.9,,,,,,,,,
nhtsa-dodge-ram-1500-pickup-extended-short-139,Pickup,,Extended,,,,139,220.1,78.3,71.7,66.1,66.9,,,,,,,,,
nhtsa-dodge-ram-1500-pickup-extended-short-139-2,Pickup,,Extended,,,,139,220.1,78.3,74.4,66.1,66.9,,,,,,,,,
nhtsa-dodge-ram-1500-pickup-mega-short-160-6,Pickup,,Mega,,,,160.6,245.7,79.5,75.2,68.5,68.1,,,,,,,,,
nhtsa-dodge-ram-1500-pickup-mega-short-160-6-2,Pickup,,Mega,,,,160.6,245.7,79.5,79.1,68.5,68.1,,,,,,,,,
nhtsa-dodge-ram-1500-pickup-quad-140-2,Pickup,,Quad,,,,140.2,226,79.1,74,68.9,68.1,,,,,,,,,
nhtsa-dodge-ram-1500-pickup-quad-140-2-2,Pickup,,Quad,,,,140.2,226,79.1,74.8,68.9,68.1,,,,,,,,,
nhtsa-dodge-ram-1500-pickup-quad-long-154-7,Pickup,,Quad,,,,154.7,240.2,79.5,71.7,66.5,66.9,,,,,,,,,
nhtsa-dodge-ram-1500-pickup-quad-long-154-7-2,Pickup,,Quad,,,,154.7,240.2,79.5,74.4,68.5,66.9,,,,,,,,,
nhtsa-dodge-ram-1500-pickup-quad-long-154-7-3,Pickup,,Quad,,,,154.7,240.2,79.1,72.8,66.5,66.9,,,,,,,,,
nhtsa-dodge-ram-1500-pickup-quad-long-154-7-4,Pickup,,Quad,,,,154.7,240.2,79.1,76.8,68.5,66.9,,,,,,,,,
nhtsa-dodge-ram-1500-pickup-quad-long-160-6,Pickup,,Quad,,,,160.6,246.5,79.9,74.4,68.1,68.1,,,,,,,,,
nhtsa-dodge-ram-1500-pickup-quad-long-160-6-2,Pickup,,Quad,,,,160.6,246.5,79.9,76.4,68.1,68.1,,,,,,,,,
nhtsa-dodge-ram-1500-pickup-quad-long-160-6-3,Pickup,,Quad,,,,160.6,246.9,79.5,73.6,68.9,68.5,,,,,,,,,
nhtsa-dodge-ram-1500-pickup-quad-long-160-6-4,Pickup,,Quad,,,,160.6,246.9,79.5,79.1,68.9,68.5,,,,,,,,,
nhtsa-dodge-ram-1500-pickup-quad-short-139,Pickup,,Quad,,,,139,220.1,79.5,71.7,66.5,66.9,,,,,,,,,
nhtsa-dodge-ram-1500-pickup-quad-short-139-2,Pickup,,Quad,,,,139,220.1,79.5,74.8,68.5,66.9,,,,,,,,,
nhtsa-dodge-ram-1500-pickup-quad-short-139-3,Pickup,,Quad,,,,139,220.1,79.1,71.7,67.7,66.9,,,,,,,,,
nhtsa-dodge-ram-1500-pickup-quad-short-139-4,Pickup,,Quad,,,,139,220.1,79.1,74.8,68.5,66.9,,,,,,,,,
nhtsa-dodge-ram-1500-pickup-quad-short-140-6,Pickup,,Quad,,,,140.6,224.4,79.9,76.8,68.1,67.7,,,,,,,,,
nhtsa-dodge-ram-1500-pickup-quad-short-140-6-2,Pickup,,Quad,,,,140.6,224.8,79.5,73.6,68.9,68.5,,,,,,,,,
nhtsa-dodge-ram-1500-pickup-quad-short-140-6-3,Pickup,,Quad,,,,140.6,224.8,79.5,79.1,68.9,68.5,,,,,,,,,
nhtsa-dodge-ram-1500-pickup-regular-120-1,Pickup,,Regular,,,,120.1,205.9,79.1,73.2,69.3,68.1,,,,,,,,,
nhtsa-dodge-ram-1500-pickup-regular-140-2,Pickup,,Regular,,,,140.2,228,79.1,73.2,69.3,68.1,,,,,,,,,
nhtsa-dodge-ram-1500-pickup-regular-140-2-2,Pickup,,Regular,,,,140.2,228,79.1,74,69.3,68.1,,,,,,,,,
nhtsa-dodge-ram-1500-pickup-regular-long-135,Pickup,,Regular,,,,135,220.1,78.3,72,68.5,68.1,,,,,,,,,
nhtsa-dodge-ram-1500-pickup-regular-long-135-2,Pickup,,Regular,,,,135,220.1,78.3,76,68.5,68.1,,,,,,,,,
nhtsa-dodge-ram-1500-pickup-regular-long-140-6,Pickup,,Regular,,,,140.6,225.6,79.9,74,68.1,67.7,,,,,,,,,
nhtsa-dodge-ram-1500-pickup-regular-long-140-6-2,Pickup,,Regular,,,,140.6,226.8,79.5,73.6,68.9,68.5,,,,,,,,,
nhtsa-dodge-ram-1500-pickup-regular-long-140-6-3,Pickup,,Regular,,,,140.6,226.8,79.5,78.7,68.9,68.5,,,,,,,,,
nhtsa-dodge-ram-1500-pickup-regular-short-118-9,Pickup,,Regular,,,,118.9,199.2,78.3,72,68.5,68.1,,,,,,,,,
nhtsa-dodge-ram-1500-pickup-regular-short-118-9-2,Pickup,,Regular,,,,118.9,199.2,78.3,76,68.5,68.1,,,,,,,,,
nhtsa-dodge-ram-1500-pickup-regular-short-120-5,Pickup,,Regular,,,,120.5,201.2,79.9,76.8,68.1,67.3,,,,,,,,,
nhtsa-dodge-ram-1500-pickup-regular-short-120-5-2,Pickup,,Regular,,,,120.5,205.1,79.5,73.6,68.9,68.5,,,,,,,,,
nhtsa-dodge-ram-1500-van-109-1,Van,,,,,,109.1,180.7,79.1,78,,,,,,,,,,,
nhtsa-dodge-ram-1500-van-109-4,Van,,,,,,109.4,186.6,78.7,80.3,66.9,66.5,,,,,,,,,
nhtsa-dodge-ram-1500-van-127-2,Van,,,,,,127.2,198.4,79.1,78.3,,,,,,,,,,,
nhtsa-dodge-ram-1500-van-127-2-2,Van,,,,,,127.2,202.8,78.7,81.5,66.9,63.4,,,,,,,,,
nhtsa-dodge-ram-1500-wagon-109-1,Wagon,,,,,,109.1,180.7,79.1,78,,,,,,,,,,,
nhtsa-dodge-ram-1500-wagon-109-4,Wagon,,,,,,109.4,186.6,78.7,80.3,66.9,66.5,,,,,,,,,
nhtsa-dodge-ram-1500-wagon-127-2,Wagon,,,,,,127.2,202.8,78.7,79.9,66.5,63.4,,,,,,,,,
nhtsa-dodge-ram-2500-body-127-2,,,,,,,127.2,224.4,79.1,79.5,,,,,,,,,,,
nhtsa-dodge-ram-2500-body-127-2-2,,,,,,,127.2,228.7,78.7,81.1,66.9,63.4,,,,,,,,,
nhtsa-dodge-ram-2500-body-127-2-3,,,,,,,127.2,228.7,78.7,81.5,66.5,63.4,,,,,,,,,
nhtsa-dodge-ram-2500-body-long-135,,,,,,,135,220.1,78.3,73.6,68.5,68.1,,,,,,,,,
nhtsa-dodge-ram-2500-body-long-135-2,,,,,,,135,220.1,78.3,77.6,68.5,68.1,,,,,,,,,
nhtsa-dodge-ram-2500-pickup-crew-long-169-7,Pickup,,Crew,,,,169.7,256.7,79.5,,68.9,68.5,,,,,,,,,
nhtsa-dodge-ram-2500-pickup-crew-short-149-2,Pickup,,Crew,,,,149.2,234.3,79.5,,68.9,68.5,,,,,,,,,
nhtsa-dodge-ram-2500-pickup-extended-long-154-7,Pickup,,Extended,,,,154.7,240.2,78.3,72.8,66.1,66.9,,,,,,,,,
nhtsa-dodge-ram-2500-pickup-extended-long-154-7-2,Pickup,,Extended,,,,154.7,240.2,78.3,77.2,66.1,66.9,,,,,,,,,
nhtsa-dodge-ram-2500-pickup-extended-short-139,Pickup,,Extended,,,,139,220.1,79.5,71.7,66.9,66.9,,,,,,,,,
nhtsa-dodge-ram-2500-pickup-mega-short-160-6,Pickup,,Mega,,,,160.6,245.7,79.5,,68.9,68.5,,,,,,,,,
nhtsa-dodge-ram-2500-pickup-quad-long-154-7,Pickup,,Quad,,,,154.7,240.2,79.5,72.8,68.5,68.1,,,,,,,,,
nhtsa-dodge-ram-2500-pickup-quad-long-154-7-2,Pickup,,Quad,,,,154.7,240.2,79.5,77.2,68.5,68.1,,,,,,,,,
nhtsa-dodge-ram-2500-pickup-quad-long-154-7-3,Pickup,,Quad,,,,154.7,240.2,79.1,72.8,68.5,68.1,,,,,,,,,
nhtsa-dodge-ram-2500-pickup-quad-long-154-7-4,Pickup,,Quad,,,,154.7,240.2,79.1,76.8,68.5,68.1,,,,,,,,,
nhtsa-dodge-ram-2500-pickup-quad-long-155-1,Pickup,,Quad,,,,155.1,240.2,79.1,72.8,68.5,68.1,,,,,,,,,
nhtsa-dodge-ram-2500-pickup-quad-long-160-6,Pickup,,Quad,,,,160.6,246.5,79.9,74.4,68.1,68.1,,,,,,,,,
nhtsa-dodge-ram-2500-pickup-quad-long-160-6-2,Pickup,,Quad,,,,160.6,246.5,79.9,76.4,68.1,68.1,,,,,,,,,
nhtsa-dodge-ram-2500-pickup-quad-short-139,Pickup,,Quad,,,,139,220.1,79.5,72.8,68.5,68.1,,,,,,,,,
nhtsa-dodge-ram-2500-pickup-quad-short-139-2,Pickup,,Quad,,,,139,220.1,79.5,77.2,68.5,68.1,,,,,,,,,
nhtsa-dodge-ram-2500-pickup-quad-short-139-3,Pickup,,Quad,,,,139,220.1,79.1,72.8,68.5,68.1,,,,,,,,,
nhtsa-dodge-ram-2500-pickup-quad-short-139-4,Pickup,,Quad,,,,139,220.1,79.1,77.2,68.5,68.1,,,,,,,,,
nhtsa-dodge-ram-2500-pickup-quad-short-140-6,Pickup,,Quad,,,,140.6,224.4,79.9,76.8,68.1,67.7,,,,,,,,,
nhtsa-dodge-ram-2500-pickup-regular-long-135,Pickup,,Regular,,,,135,220.1,78.3,73.6,68.5,68.1,,,,,,,,,
nhtsa-dodge-ram-2500-pickup-regular-long-135-2,Pickup,,Regular,,,,135,220.1,78.3,77.6,68.5,68.1,,,,,,,,,
nhtsa-dodge-ram-2500-pickup-regular-long-140-2,Pickup,,Regular,,,,140.2,227.2,79.5,,68.9,68.5,,,,,,,,,
nhtsa-dodge-ram-2500-pickup-regular-long-140-6,Pickup,,Regular,,,,140.6,225.6,79.9,74,68.1,67.7,,,,,,,,,
nhtsa-dodge-ram-2500-van-109-1,Van,,,,,,109.1,180.7,79.1,79.1,,,,,,,,,,,
nhtsa-dodge-ram-2500-van-127-2,Van,,,,,,127.2,198.4,79.1,79.1,,,,,,,,,,,
nhtsa-dodge-ram-2500-van-127-2-2,Van,,,,,,127.2,202.8,78.7,81.1,66.9,63.4,,,,,,,,,
nhtsa-dodge-ram-2500-wagon-127-2,Wagon,,,,,,127.2,198.4,79.1,79.1,,,,,,,,,,,
nhtsa-dodge-ram-2500-wagon-127-2-2,Wagon,,,,,,127.2,202.8,78.7,81.1,66.9,63.4,,,,,,,,,
nhtsa-dodge-ram-3500-body-127-2,,,,,,,127.2,224.4,79.1,81.5,,,,,,,,,,,
nhtsa-dodge-ram-3500-body-127-2-2,,,,,,,127.2,228.7,78.7,82.3,66.9,63.4,,,,,,,,,
nhtsa-dodge-ram-3500-body-long-135,,,,,,,135,220.1,93.7,73.6,68.5,68.1,,,,,,,,,
nhtsa-dodge-ram-3500-body-long-135-2,,,,,,,135,220.1,93.7,78.7,68.5,68.1,,,,,,,,,
nhtsa-dodge-ram-3500-pickup-crew-long-169-7,Pickup,,Crew,,,,169.7,256.7,96.1,,68.9,,,,,,,,,,
nhtsa-dodge-ram-3500-pickup-crew-short-149-2,Pickup,,Crew,,,,149.2,234.3,79.5,,68.9,68.5,,,,,,,,,
nhtsa-dodge-ram-3500-pickup-extended-long-154-7,Pickup,,Extended,,,,154.7,240.2,93.7,72.8,66.1,66.9,,,,,,,,,
nhtsa-dodge-ram-3500-pickup-extended-long-154-7-2,Pickup,,Extended,,,,154.7,240.2,93.7,77.2,66.1,66.9,,,,,,,,,
nhtsa-dodge-ram-3500-pickup-extended-long-154-7-3,Pickup,,Extended,,,,154.7,240.2,93.7,72.8,66.9,73.2,,,,,,,,,
nhtsa-dodge-ram-3500-pickup-extended-long-155-1,Pickup,,Extended,,,,155.1,240.2,93.7,77.2,66.9,73.2,,,,,,,,,
nhtsa-dodge-ram-3500-pickup-mega-short-160-6,Pickup,,Mega,,,,160.6,245.7,96.1,,68.9,,,,,,,,,,
nhtsa-dodge-ram-3500-pickup-quad-long-154-7,Pickup,,Quad,,,,154.7,240.2,93.7,72.8,68.9,72.8,,,,,,,,,
nhtsa-dodge-ram-3500-pickup-quad-long-154-7-2,Pickup,,Quad,,,,154.7,240.2,93.7,77.2,68.9,72.8,,,,,,,,,
nhtsa-dodge-ram-3500-pickup-quad-long-160-6,Pickup,,Quad,,,,160.6,246.5,79.9,74.4,68.1,68.1,,,,,,,,,
nhtsa-dodge-ram-3500-pickup-quad-long-160-6-2,Pickup,,Quad,,,,160.6,246.5,79.9,76.4,68.1,68.1,,,,,,,,,
nhtsa-dodge-ram-3500-pickup-quad-long-161,Pickup,,Quad,,,,161,246.1,96.1,78,69.3,76,,,,,,,,,
nhtsa-dodge-ram-3500-pickup-quad-short-140-6,Pickup,,Quad,,,,140.6,224.4,79.9,76.8,68.1,67.7,,,,,,,,,
nhtsa-dodge-ram-3500-pickup-quad-short-140-6-2,Pickup,,Quad,,,,140.6,224.4,96.1,76.8,68.1,67.7,,,,,,,,,
nhtsa-dodge-ram-3500-pickup-quad-short-140-6-3,Pickup,,Quad,,,,140.6,224.4,96.1,76.8,68.1,76,,,,,,,,,
nhtsa-dodge-ram-3500-pickup-regular-long-134-6,Pickup,,Regular,,,,134.6,220.1,93.7,73.2,66.9,73.2,,,,,,,,,
nhtsa-dodge-ram-3500-pickup-regular-long-134-6-2,Pickup,,Regular,,,,134.6,220.1,93.7,78.7,66.9,73.2,,,,,,,,,
nhtsa-dodge-ram-3500-pickup-regular-long-135,Pickup,,Regular,,,,135,220.1,93.7,73.6,68.5,68.1,,,,,,,,,
nhtsa-dodge-ram-3500-pickup-regular-long-135-2,Pickup,,Regular,,,,135,220.1,93.7,78.7,68.5,68.1,,,,,,,,,
nhtsa-dodge-ram-3500-pickup-regular-long-140-2,Pickup,,Regular,,,,140.2,227.2,96.1,,68.9,,,,,,,,,,
nhtsa-dodge-ram-3500-pickup-regular-long-140-6,Pickup,,Regular,,,,140.6,225.6,96.1,74,68.1,67.7,,,,,,,,,
nhtsa-dodge-ram-3500-pickup-regular-long-140-6-2,Pickup,,Regular,,,,140.6,225.6,96.1,74,68.1,76,,,,,,,,,
nhtsa-dodge-ram-3500-van-127-2,Van,,,,,,127.2,198.4,79.1,80.7,,,,,,,,,,,
nhtsa-dodge-ram-3500-van-127-2-2,Van,,,,,,127.2,202.8,78.7,81.1,66.9,63.4,,,,,,,,,
nhtsa-dodge-ram-3500-wagon-127-2,Wagon,,,,,,127.2,198.4,79.1,80.7,,,,,,,,,,,
nhtsa-dodge-ram-3500-wagon-127-2-2,Wagon,,,,,,127.2,202.8,78.7,81.1,66.9,63.4,,,,,,,,,
nhtsa-dodge-ram-3500-wagon-127-2-3,Wagon,,,,,,127.2,202.8,78.7,83.1,66.5,63.4,,,,,,,,,
nhtsa-dodge-ram-50-body-105-1,,,,,,,105.1,176.8,65,60.6,,,,,,,,,,,
nhtsa-dodge-ram-50-body-105-1-2,,,,,,,105.1,,65,60.6,,,,,,,,,,,
nhtsa-dodge-ram-50-body-105-1-3,,,,,,,105.1,176.8,65.4,61,55.5,55.1,,,,,,,,,
nhtsa-dodge-ram-50-body-105-1-4,,,,,,,105.1,177.2,65.4,58.7,,,,,,,,,,,
nhtsa-dodge-ram-50-body-116-1,,,,,,,116.1,193.7,65,60.6,,,,,,,,,,,
nhtsa-dodge-ram-50-body-116-1-2,,,,,,,116.1,,65,60.6,,,,,,,,,,,
nhtsa-dodge-ram-50-pickup-116-1,Pickup,,,,,,116.1,,65,60.6,,,,,,,,,,,
nhtsa-dodge-ramcharger-body-105-5,,,,,,,105.5,183.9,79.5,68.1,,,,,,,,,,,
nhtsa-dodge-ramcharger-body-105-5-2,,,,,,,105.5,183.9,79.5,73.2,,,,,,,,,,,
nhtsa-dodge-ramcharger-body-105-9,,,,,,,105.9,184.3,79.1,70.1,,,,,,,,,,,
nhtsa-dodge-ramcharger-body-105-9-2,,,,,,,105.9,184.3,79.1,73.6,,,,,,,,,,,
nhtsa-dodge-ramcharger-body-105-9-3,,,,,,,105.9,184.6,79.5,70.1,,,,,,,,,,,
nhtsa-dodge-ramcharger-body-105-9-4,,,,,,,105.9,184.6,79.5,73.6,,,,,,,,,,,
nhtsa-dodge-ramcharger-body-105-9-5,,,,,,,105.9,189,79.5,73.2,,,,,,,,,,,
nhtsa-dodge-ramcharger-body-105-9-6,,,,,,,105.9,189,79.5,69.7,,,,,,,,,,,
nhtsa-dodge-rampage-body-104-3,,,,,,,104.3,183.5,66.9,52,,,,,,,,,,,
nhtsa-dodge-shadow-body-2dr-96-9,,2,,,,,96.9,171.7,67.3,52.8,57.5,57.1,,,,,,,,,
nhtsa-dodge-shadow-body-4dr-96-9,,4,,,,,96.9,171.7,67.3,52.8,57.5,57.1,,,,,,,,,
nhtsa-dodge-shadow-convertible-96-9,Convertible,,,,,,96.9,171.3,67.3,53.9,,,,,,,,,,,
nhtsa-dodge-shadow-hatchback-2dr-100-4,Hatchback,2,,,,,100.4,179.1,68.1,52.8,,,,,,,,,,,
nhtsa-dodge-shadow-hatchback-2dr-96-9,Hatchback,2,,,,,96.9,171.7,67.3,52.8,,,,,,,,,,,
nhtsa-dodge-shadow-hatchback-2dr-96-9-2,Hatchback,2,,,,,96.9,171.7,67.3,52.8,57.1,57.1,,,,,,,,,
nhtsa-dodge-shadow-hatchback-2dr-97-2,Hatchback,2,,,,,97.2,172,67.3,52.8,,,,,,,,,,,
nhtsa-dodge-shadow-hatchback-2dr-97-2-2,Hatchback,2,,,,,97.2,172,67.3,53.1,57.5,57.1,,,,,,,,,
nhtsa-dodge-shadow-hatchback-3dr-96-9,Hatchback,3,,,,,96.9,171.7,67.3,52.8,,,,,,,,,,,
nhtsa-dodge-shadow-hatchback-4dr-96-9,Hatchback,4,,,,,96.9,171.7,67.3,52.8,,,,,,,,,,,
nhtsa-dodge-shadow-hatchback-4dr-96-9-2,Hatchback,4,,,,,96.9,171.7,67.3,52.8,57.1,57.1,,,,,,,,,
nhtsa-dodge-shadow-hatchback-4dr-97-2,Hatchback,4,,,,,97.2,172,67.3,52.8,,,,,,,,,,,
nhtsa-dodge-shadow-hatchback-4dr-97-2-2,Hatchback,4,,,,,97.2,172,67.3,53.1,57.5,57.1,,,,,,,,,
nhtsa-dodge-shadow-hatchback-5dr-96-9,Hatchback,5,,,,,96.9,171.7,67.3,52.8,,,,,,,,,,,
nhtsa-dodge-shelby-charger-body-96-5,,,,,,,96.5,173.2,66.5,50.4,,,,,,,,,,,
nhtsa-dodge-spirit-sedan-4dr-103-1,Sedan,4,,,,,103.1,181.1,68.1,53.5,57.5,57.1,,,,,,,,,
nhtsa-dodge-spirit-sedan-4dr-103-1-2,Sedan,4,,,,,103.1,181.1,68.1,53.5,,,,,,,,,,,
nhtsa-dodge-spirit-sedan-4dr-103-5,Sedan,4,,,,,103.5,181.1,68.1,53.5,57.5,57.1,,,,,,,,,
nhtsa-dodge-st-regis-body-118-5,,,,,,,118.5,220.5,77.6,54.3,,,,,,,,,,,
nhtsa-dodge-stealth-coupe-2dr-97-2,Coupe,2,,,,,97.2,180.3,72.4,49.2,61.4,62.2,,,,,,,,,
nhtsa-dodge-stealth-coupe-97-2,Coupe,,,,,,97.2,179.1,72.4,49.2,,,,,,,,,,,
nhtsa-dodge-stealth-hatchback-2dr-97-2,Hatchback,2,,,,,97.2,180.3,72.4,49.2,61,62.2,,,,,,,,,
nhtsa-dodge-stratus-sedan-4dr-108-3,Sedan,4,,,,,108.3,186.2,71.3,54.3,59.4,59.8,,,,,,,,,
nhtsa-dodge-viper-body-2dr-98,,2,,,,,98,174.4,75.2,47.6,61.8,61,,,,,,,,,
nhtsa-dodge-viper-body-2dr-98-8,,2,,,,,98.8,175.6,76.4,47.6,,,,,,,,,,,
nhtsa-dodge-viper-convertible-2dr-96-1,Convertible,2,,,,,96.1,175.2,75.6,44.1,59.4,60.6,,,,,,,,,
nhtsa-dodge-viper-convertible-2dr-96-5,Convertible,2,,,,,96.5,175.2,76,44.1,59.4,60.6,,,,,,,,,
nhtsa-dodge-viper-convertible-2dr-98,Convertible,2,,,,,98,174.4,75.2,47.6,61.8,61,,,,,,,,,
nhtsa-dodge-viper-convertible-2dr-98-2,Convertible,2,,,,,98,174.4,75.2,47.6,61.4,59.8,,,,,,,,,
nhtsa-dodge-viper-coupe-2dr-98-8,Coupe,2,,,,,98.8,175.6,75.2,47.6,61.8,60.6,,,,,,,,,
nhtsa-dodge-viper-coupe-2dr-98-8-2,Coupe,2,,,,,98.8,175.6,76.4,49.2,63,61,,,,,,,,,
nhtsa-dodge-viper-coupe-98-8,Coupe,,,,,,98.8,175.6,75.2,47.6,61.8,61,,,,,,,,,
nhtsa-dodge-viper-coupe-98-8-2,Coupe,,,,,,98.8,175.6,75.2,47.6,60.6,62.2,,,,,,,,,
nhtsa-dodge-viper-hatchback-2dr-96-1,Hatchback,2,,,,,96.1,176.8,75.6,46.9,59.8,60.6,,,,,,,,,
nhtsa-dodge-viper-hatchback-2dr-96-5,Hatchback,2,,,,,96.5,176.8,75.6,46.9,59.8,60.6,,,,,,,,,
nhtsa-eagle-2000-gtx-sedan-4dr-102-4,Sedan,4,,,,,102.4,183.9,66.9,53.5,,,,,,,,,,,
nhtsa-eagle-2000-gtx-sedan-4dr-102-4-2,Sedan,4,,,,,102.4,183.9,66.9,55.5,,,,,,,,,,,
nhtsa-eagle-medallion-sedan-102-4,Sedan,,,,,,102.4,183.1,67.3,55.9,,,,,,,,,,,
nhtsa-eagle-medallion-wagon-108-3,Wagon,,,,,,108.3,193.7,67.3,56.3,,,,,,,,,,,
nhtsa-eagle-premier-sedan-105-9,Sedan,,,,,,105.9,192.5,70.1,53.1,,,,,,,,,,,
nhtsa-eagle-premier-sedan-4dr-105-9,Sedan,4,,,,,105.9,192.9,70.1,54.7,58.3,57.5,,,,,,,,,
nhtsa-eagle-summit-coupe-2dr-96-1,Coupe,2,,,,,96.1,171.3,66.1,51.6,,,,,,,,,,,
nhtsa-eagle-summit-coupe-2dr-96-1-2,Coupe,2,,,,,96.1,171.3,66.1,51.6,57.1,57.1,,,,,,,,,
nhtsa-eagle-summit-sedan-4dr-96-9,Sedan,4,,,,,96.9,170.1,65.7,52.8,,,,,,,,,,,
nhtsa-eagle-summit-sedan-4dr-98-4,Sedan,4,,,,,98.4,174,66.1,51.6,,,,,,,,,,,
nhtsa-eagle-summit-sedan-4dr-98-4-2,Sedan,4,,,,,98.4,174,66.1,51.6,57.1,57.1,,,,,,,,,
nhtsa-eagle-summit-wagon-3dr-99-2,Wagon,3,,,,,99.2,168.5,66.5,64.6,58.3,57.9,,,,,,,,,
nhtsa-eagle-summit-wagon-3dr-99-2-2,Wagon,3,,,,,99.2,168.5,66.9,62.6,58.3,57.9,,,,,,,,,
nhtsa-eagle-summit-wagon-99-2,Wagon,,,,,,99.2,168.5,66.5,64.6,,,,,,,,,,,
nhtsa-eagle-talon-coupe-97-2,Coupe,,,,,,97.2,172.4,66.9,52,,,,,,,,,,,
nhtsa-eagle-talon-hatchback-2dr-97-2,Hatchback,2,,,,,97.2,172.4,66.9,52,57.9,57.1,,,,,,,,,
nhtsa-eagle-talon-hatchback-2dr-97-2-2,Hatchback,2,,,,,97.2,172.4,66.9,52,57.5,57.1,,,,,,,,,
nhtsa-eagle-talon-hatchback-2dr-97-2-3,Hatchback,2,,,,,97.2,172.4,66.9,51.6,57.5,57.1,,,,,,,,,
nhtsa-eagle-talon-hatchback-2dr-98-8,Hatchback,2,,,,,98.8,172.4,68.5,51.2,59.8,60.2,,,,,,,,,
nhtsa-eagle-talon-hatchback-2dr-98-8-2,Hatchback,2,,,,,98.8,172.4,68.5,51.2,59.4,59.1,,,,,,,,,
nhtsa-eagle-talon-hatchback-2dr-98-8-3,Hatchback,2,,,,,98.8,174.8,68.5,51.2,59.8,59.4,,,,,,,,,
nhtsa-eagle-vision-sedan-4dr-113,Sedan,4,,,,,113,201.6,74.4,56.3,,,,,,,,,,,
nhtsa-eagle-vista-hatchback-2dr-93-7,Hatchback,2,,,,,93.7,157.5,63.8,53.5,55.5,52.8,,,,,,,,,
nhtsa-eagle-vista-hatchback-3dr-93-7,Hatchback,3,,,,,93.7,157.5,63.8,53.5,,,,,,,,,,,
nhtsa-eagle-vista-sedan-4dr-93-7,Sedan,4,,,,,93.7,167.3,63.8,53.5,,,,,,,,,,,
nhtsa-eagle-vista-sedan-4dr-93-7-2,Sedan,4,,,,,93.7,169.3,63.8,53.5,,,,,,,,,,,
nhtsa-eagle-vista-wagon-103-5,Wagon,,,,,,103.5,176.8,64.6,57.5,55.5,54.7,,,,,,,,,
nhtsa-eagle-vista-wagon-103-5-2,Wagon,,,,,,103.5,176.8,64.6,57.5,,,,,,,,,,,
nhtsa-ferrari-12cilindri-body-2dr-106-3,,2,,,,,106.3,186.2,85.8,50.8,66.5,65,,,,,,,,,
nhtsa-ferrari-12cilindri-coupe-2dr-106-3,Coupe,2,,,,,106.3,186.2,85.8,50.8,66.5,65,,,,,,,,,
nhtsa-ferrari-308gtbi-body-92-1,,,,,,,92.1,174,67.7,44.1,,,,,,,,,,,
nhtsa-ferrari-308gtsi-body-92-1,,,,,,,92.1,174,67.7,44.1,,,,,,,,,,,
nhtsa-ferrari-348-spider-convertible-2dr-96-5,Convertible,2,,,,,96.5,166.5,74.4,46.1,59.1,64.2,,,,,,,,,
nhtsa-ferrari-348-ts-convertible-96-5,Convertible,,,,,,96.5,166.5,74.4,46.1,,,,,,,,,,,
nhtsa-ferrari-456m-coupe-2dr-102-4,Coupe,2,,,,,102.4,186.2,75.6,51.2,,,,,,,,,,,
nhtsa-ferrari-458-convertible-2dr-104-3,Convertible,2,,,,,104.3,178.3,76.4,47.6,,,,,,,,,,,
nhtsa-ferrari-458-convertible-2dr-104-3-2,Convertible,2,,,,,104.3,179.9,76.8,47.2,66.1,64.2,,,,,,,,,
nhtsa-ferrari-458-coupe-2dr-104-3,Coupe,2,,,,,104.3,179.9,76.8,47.2,66.1,64.2,,,,,,,,,
nhtsa-ferrari-458-italia-coupe-2dr-104-3,Coupe,2,,,,,104.3,178.3,76.4,47.6,,,,,,,,,,,
nhtsa-ferrari-488-body-104-3,,,,,,,104.3,179.9,76.8,47.6,66.1,65,,,,,,,,,
nhtsa-ferrari-488-body-104-3-2,,,,,,,104.3,181.5,78,47.6,66.1,65,,,,,,,,,
nhtsa-ferrari-575m-maranello-coupe-2dr-98-4,Coupe,2,,,,,98.4,179.1,76.4,50.4,,,,,,,,,,,
nhtsa-ferrari-575m-maranello-coupe-2dr-98-4-2,Coupe,2,,,,,98.4,180.3,76.4,50.4,62.6,61.8,,,,,,,,,
nhtsa-ferrari-599-gtb-fiorano-coupe-2dr-108-3,Coupe,2,,,,,108.3,183.9,77.2,52.4,,,,,,,,,,,
nhtsa-ferrari-612-scaglietti-coupe-2dr-115-7,Coupe,2,,,,,115.7,193.3,77.2,52.8,65.7,64.2,,,,,,,,,
nhtsa-ferrari-812-body-107-1,,,,,,,107.1,183.5,77.6,50,65.7,63.8,,,,,,,,,
nhtsa-ferrari-812-body-107-1-2,,,,,,,107.1,184.6,77.6,50,65.7,65,,,,,,,,,
nhtsa-ferrari-california-coupe-2dr-105-1,Coupe,2,,,,,105.1,179.5,74.8,51.6,,,,,,,,,,,
nhtsa-ferrari-california-t-convertible-2dr-105-1,Convertible,2,,,,,105.1,179.9,75.2,52,64.2,63.4,,,,,,,,,
nhtsa-ferrari-daytona-sp3-body-104-3,,,,,,,104.3,184.6,80.7,44.9,66.5,64.2,,,,,,,,,
nhtsa-ferrari-enzo-coupe-2dr-104-3,Coupe,2,,,,,104.3,185,80.3,45.3,,,,,,,,,,,
nhtsa-ferrari-f12-berlinetta-coupe-2dr-107-1,Coupe,2,,,,,107.1,181.9,76.4,50,65.7,63.8,,,,,,,,,
nhtsa-ferrari-f355-convertible-2dr-96-5,Convertible,2,,,,,96.5,167.3,74.8,46.1,,,,,,,,,,,
nhtsa-ferrari-f355-coupe-2dr-96-5,Coupe,2,,,,,96.5,167.3,74.8,46.1,,,,,,,,,,,
nhtsa-ferrari-f40-body-96-5,,,,,,,96.5,174.4,78,44.5,,,,,,,,,,,
nhtsa-ferrari-f430-body-2dr-102-4,,2,,,,,102.4,177.6,75.6,48.4,,,,,,,,,,,
nhtsa-ferrari-f430-coupe-2dr-102-4,Coupe,2,,,,,102.4,177.6,75.6,47.6,,,,,,,,,,,
nhtsa-ferrari-f8-body-104-3,,,,,,,104.3,181.5,78,47.6,66.1,65,,,,,,,,,
nhtsa-ferrari-ff-coupe-2dr-117-7,Coupe,2,,,,,117.7,193.3,77.2,54.3,65.7,64.2,,,,,,,,,
nhtsa-ferrari-gtc4lusso-body-117-7,,,,,,,117.7,193.7,78,54.3,,,,,,,,,,,
nhtsa-ferrari-la-ferrari-body-104-3,,,,,,,104.3,185,78.3,44.1,,,,,,,,,,,
nhtsa-ferrari-mondial-8-body-104-3,,,,,,,104.3,182.7,70.5,49.6,,,,,,,,,,,
nhtsa-ferrari-portofino-body-105-1,,,,,,,105.1,180.7,76.4,52,64.2,64.6,,,,,,,,,
nhtsa-ferrari-portofino-m-body-105-1,,,,,,,105.1,180.7,76.4,52,64.2,64.6,,,,,,,,,
nhtsa-ferrari-roma-body-105-1,,,,,,,105.1,183.5,77.6,51.2,65,66.1,,,,,,,,,
nhtsa-ferrari-roma-coupe-2dr-105-1,Coupe,2,,,,,105.1,183.5,77.6,51.2,65,66.1,,,,,,,,,
nhtsa-ferrari-sf90-body-104-3,,,,,,,104.3,185.4,77.6,46.9,66.1,65,,,,,,,,,
nhtsa-fiat-124-spider-convertible-2dr-90-9,Convertible,2,,,,,90.9,160.2,68.1,48.8,59.8,59.1,,,,,,,,,
nhtsa-fiat-500-body-90-6,,,,,,,90.6,144.5,64.2,59.1,55.5,55.5,,,,,,,,,
nhtsa-fiat-500-hatchback-2dr-90-6,Hatchback,2,,,,,90.6,139.8,64.2,59.8,55.9,55.1,,,,,,,,,
nhtsa-fiat-500-hatchback-2dr-90-6-2,Hatchback,2,,,,,90.6,144.5,64.2,59.1,55.5,55.5,,,,,,,,,
nhtsa-fiat-500e-hatchback-2dr-91-3,Hatchback,2,,,,,91.3,142.9,74,66.1,57.9,57.9,,,,,,,,,
nhtsa-fiat-500l-hatchback-4dr-102-8,Hatchback,4,,,,,102.8,167.3,70.5,65,59.4,59.4,,,,,,,,,
nhtsa-fiat-500x-suv-4dr-101-2,SUV,4,,,,,101.2,167.7,70.9,63.4,60.6,60.6,,,,,,,,,
nhtsa-fiat-500x-suv-4dr-101-2-2,SUV,4,,,,,101.2,167.7,70.9,63,60.6,60.6,,,,,,,,,
nhtsa-fiat-brava-body-2dr-98,,2,,,,,98,172.4,65,54.3,,,,,,,,,,,
nhtsa-fiat-brava-body-4dr-98,,4,,,,,98,172.4,65,54.3,,,,,,,,,,,
nhtsa-fiat-brava-sedan-4dr-98,Sedan,4,,,,,98,172.4,65,54.3,,,,,,,,,,,
nhtsa-fiat-spider-2000-body-89-8,,,,,,,89.8,163,63.4,48,,,,,,,,,,,
nhtsa-fiat-strada-body-96-5,,,,,,,96.5,161,65,55.1,,,,,,,,,,,
nhtsa-fiat-x-1-9-body-86-6,,,,,,,86.6,156.3,61.8,46.5,,,,,,,,,,,
nhtsa-fisker-karma-body-124-4,,,,,,,124.4,196.9,78,52.4,66.5,66.9,,,,,,,,,
nhtsa-fisker-ocean-suv-4dr-115,SUV,4,,,,,115,187.8,83.5,64.2,66.9,68.1,,,,,,,,,
nhtsa-ford-aerostar-van-118-9,Van,,,,,,118.9,174.8,71.7,72.8,,,,,,,,,,,
nhtsa-ford-aerostar-van-118-9-2,Van,,,,,,118.9,174.8,71.7,72.8,61.4,59.8,,,,,,,,,
nhtsa-ford-aerostar-van-118-9-3,Van,,,,,,118.9,190.2,72,73.2,61.4,59.8,,,,,,,,,
nhtsa-ford-aerostar-van-118-9-4,Van,,,,,,118.9,190.2,72,74,61.4,59.8,,,,,,,,,
nhtsa-ford-aerostar-van-118-9-5,Van,,,,,,118.9,174.8,71.7,73.2,61.4,59.8,,,,,,,,,
nhtsa-ford-aerostar-wagon-118-9,Wagon,,,,,,118.9,174.8,71.7,72,,,,,,,,,,,
nhtsa-ford-aerostar-wagon-118-9-2,Wagon,,,,,,118.9,174.8,71.7,72.8,,,,,,,,,,,
nhtsa-ford-aerostar-wagon-118-9-3,Wagon,,,,,,118.9,174.8,71.7,72.4,,,,,,,,,,,
nhtsa-ford-aerostar-wagon-118-9-4,Wagon,,,,,,118.9,190.2,72,73.2,61.4,59.8,,,,,,,,,
nhtsa-ford-aerostar-wagon-118-9-5,Wagon,,,,,,118.9,174.8,71.7,72.8,61.4,59.8,,,,,,,,,
nhtsa-ford-aerostar-wagon-118-9-6,Wagon,,,,,,118.9,190.2,72,73.2,,,,,,,,,,,
nhtsa-ford-aerostar-wagon-118-9-7,Wagon,,,,,,118.9,190.2,72,72.8,61.4,59.8,,,,,,,,,
nhtsa-ford-aspire-hatchback-2dr-90-9,Hatchback,2,,,,,90.9,152.8,65.4,55.5,55.9,55.5,,,,,,,,,
nhtsa-ford-aspire-hatchback-2dr-90-9-2,Hatchback,2,,,,,90.9,152.8,65.4,55.5,55.5,55.1,,,,,,,,,
nhtsa-ford-aspire-hatchback-4dr-94-1,Hatchback,4,,,,,94.1,155.9,65.4,55.5,55.9,55.5,,,,,,,,,
nhtsa-ford-bronco-body-104-7,,,,,,,104.7,177.6,,73.2,,,,,,,,,,,
nhtsa-ford-bronco-body-104-7-2,,,,,,,104.7,177.6,77.2,72.8,,,,,,,,,,,
nhtsa-ford-bronco-body-104-7-3,,,,,,,104.7,180.7,79.1,74,65,64.6,,,,,,,,,
nhtsa-ford-bronco-body-104-7-4,,,,,,,104.7,180.3,79.1,74,,,,,,,,,,,
nhtsa-ford-bronco-body-2dr-104-7,,2,,,,,104.7,183.5,79.1,74.4,,,,,,,,,,,
nhtsa-ford-bronco-body-2dr-104-7-2,,2,,,,,104.7,183.5,79.1,74.4,65,64.6,,,,,,,,,
nhtsa-ford-bronco-ii-body-94-1,,,,,,,94.1,158.3,68.1,68.9,,,,,,,,,,,
nhtsa-ford-bronco-ii-body-94-1-2,,,,,,,94.1,158.3,68.1,68.1,,,,,,,,,,,
nhtsa-ford-bronco-ii-body-94-1-3,,,,,,,94.1,162.2,68.1,70.5,56.7,57.1,,,,,,,,,
nhtsa-ford-bronco-sport-suv-105-1,SUV,,,,,,105.1,172.8,74.4,71.3,63.4,63,,,,,,,,,
nhtsa-ford-bronco-suv-2dr-100-4,SUV,2,,,,,100.4,165,79.5,72,66.9,66.9,,,,,,,,,
nhtsa-ford-bronco-suv-4dr-116-1,SUV,4,,,,,116.1,180.7,79.5,72.8,66.9,66.9,,,,,,,,,
nhtsa-ford-bronco-suv-4dr-116-1-2,SUV,4,,,,,116.1,180.7,85.8,77.6,73.2,73.6,,,,,,,,,
nhtsa-ford-c-max-hatchback-4dr-104-3,Hatchback,4,,,,,104.3,174,72,63.8,60.6,60.2,,,,,,,,,
nhtsa-ford-contour-sedan-4dr-106-3,Sedan,4,,,,,106.3,183.9,69.3,54.3,59.1,58.3,,,,,,,,,
nhtsa-ford-contour-sedan-4dr-106-7,Sedan,4,,,,,106.7,184.6,69.3,54.3,57.5,58.7,,,,,,,,,
nhtsa-ford-contour-sedan-4dr-106-7-2,Sedan,4,,,,,106.7,183.9,69.3,54.3,,,,,,,,,,,
nhtsa-ford-contour-sedan-4dr-106-7-3,Sedan,4,,,,,106.7,183.9,69.3,54.3,59.1,58.7,,,,,,,,,
nhtsa-ford-courier-body-107-1,,,,,,,107.1,178,63,61.4,,,,,,,,,,,
nhtsa-ford-courier-body-113,,,,,,,113,189.4,63,61.4,,,,,,,,,,,
nhtsa-ford-courier-pickup-107-1,Pickup,,,,,,107.1,178,63,61.4,,,,,,,,,,,
nhtsa-ford-courier-pickup-113,Pickup,,,,,,113,189.4,63,61.4,,,,,,,,,,,
nhtsa-ford-crown-victoria-body-114-2,,,,,,,114.2,211.8,78.3,56.7,63,64.6,,,,,,,,,
nhtsa-ford-crown-victoria-sedan-4dr-114-2,Sedan,4,,,,,114.2,212.6,78,56.7,,,,,,,,,,,
nhtsa-ford-crown-victoria-sedan-4dr-114-6,Sedan,4,,,,,114.6,212.6,78,56.7,63,63.4,,,,,,,,,
nhtsa-ford-crown-victoria-sedan-4dr-114-6-2,Sedan,4,,,,,114.6,211.8,78.3,56.7,63.4,65.4,,,,,,,,,
nhtsa-ford-e-100-body-124,,,,,,,124,187,79.9,79.1,,,,,,,,,,,
nhtsa-ford-e-150-body-124,,,,,,,124,187,79.9,80.7,,,,,,,,,,,
nhtsa-ford-e-150-van-124,Van,,,,,,124,186.6,79.9,79.1,,,,,,,,,,,
nhtsa-ford-e-150-van-137-8,Van,,,,,,137.8,211.8,79.5,81.1,,,,,,,,,,,
nhtsa-ford-e-150-van-138-2,Van,,,,,,138.2,226.8,79.9,80.7,,,,,,,,,,,
nhtsa-ford-e-150-van-138-2-2,Van,,,,,,138.2,206.7,79.9,79.9,,,,,,,,,,,
nhtsa-ford-e-150-van-138-2-3,Van,,,,,,138.2,216.5,79.5,82.3,70.1,66.9,,,,,,,,,
nhtsa-ford-e-150-van-138-2-4,Van,,,,,,138.2,236.2,79.5,85,70.1,66.5,,,,,,,,,
nhtsa-ford-e-150-wagon-137-8,Wagon,,,,,,137.8,211.8,79.5,81.1,,,,,,,,,,,
nhtsa-ford-e-150-wagon-138-2,Wagon,,,,,,138.2,206.7,79.9,81.1,,,,,,,,,,,
nhtsa-ford-e-150-wagon-138-2-2,Wagon,,,,,,138.2,211.8,79.5,81.1,70.1,66.9,,,,,,,,,
nhtsa-ford-e-150-wagon-138-2-3,Wagon,,,,,,138.2,216.5,79.5,82.3,70.1,66.9,,,,,,,,,
nhtsa-ford-e-250-body-138-2,,,,,,,138.2,226.8,79.9,81.1,,,,,,,,,,,
nhtsa-ford-e-250-van-137-8,Van,,,,,,137.8,231.9,79.5,81.1,,,,,,,,,,,
nhtsa-ford-e-250-van-137-8-2,Van,,,,,,137.8,211.8,79.5,81.1,,,,,,,,,,,
nhtsa-ford-e-250-van-138-2,Van,,,,,,138.2,226.8,79.9,83.5,,,,,,,,,,,
nhtsa-ford-e-250-van-138-2-2,Van,,,,,,138.2,206.7,79.9,83.5,,,,,,,,,,,
nhtsa-ford-e-250-van-138-2-3,Van,,,,,,138.2,231.9,79.5,81.1,70.1,66.5,,,,,,,,,
nhtsa-ford-e-250-van-138-2-4,Van,,,,,,138.2,216.5,79.5,85,70.1,66.5,,,,,,,,,
nhtsa-ford-e-250-van-138-2-5,Van,,,,,,138.2,236.2,79.5,85,70.1,66.5,,,,,,,,,
nhtsa-ford-e-250-wagon-138-2,Wagon,,,,,,138.2,206.7,79.9,83.5,,,,,,,,,,,
nhtsa-ford-e-350-body-138-2,,,,,,,138.2,226.8,79.9,85,,,,,,,,,,,
nhtsa-ford-e-350-body-138-2-2,,,,,,,138.2,206.7,79.9,84.3,,,,,,,,,,,
nhtsa-ford-e-350-van-137-8,Van,,,,,,137.8,231.9,79.5,81.1,,,,,,,,,,,
nhtsa-ford-e-350-van-137-8-2,Van,,,,,,137.8,211.8,79.5,81.1,,,,,,,,,,,
nhtsa-ford-e-350-van-138-2,Van,,,,,,138.2,226.8,79.9,85.4,,,,,,,,,,,
nhtsa-ford-e-350-van-138-2-2,Van,,,,,,138.2,206.7,79.9,85.4,,,,,,,,,,,
nhtsa-ford-e-350-van-138-2-3,Van,,,,,,138.2,211.8,79.5,81.1,70.1,66.5,,,,,,,,,
nhtsa-ford-e-350-van-138-2-4,Van,,,,,,138.2,231.9,79.5,81.1,70.1,66.5,,,,,,,,,
nhtsa-ford-e-350-van-138-2-5,Van,,,,,,138.2,216.5,79.5,83.5,70.1,66.5,,,,,,,,,
nhtsa-ford-e-350-van-138-2-6,Van,,,,,,138.2,236.2,79.5,83.5,70.1,66.5,,,,,,,,,
nhtsa-ford-e-350-wagon-137-8,Wagon,,,,,,137.8,211.8,79.5,81.1,,,,,,,,,,,
nhtsa-ford-e-350-wagon-137-8-2,Wagon,,,,,,137.8,231.9,79.5,81.1,,,,,,,,,,,
nhtsa-ford-e-350-wagon-138-2,Wagon,,,,,,138.2,226.8,79.9,84.3,,,,,,,,,,,
nhtsa-ford-e-350-wagon-138-2-2,Wagon,,,,,,138.2,211.8,79.5,81.1,70.1,66.5,,,,,,,,,
nhtsa-ford-e-350-wagon-138-2-3,Wagon,,,,,,138.2,231.9,79.5,81.1,70.1,66.5,,,,,,,,,
nhtsa-ford-e-350-wagon-138-2-4,Wagon,,,,,,138.2,216.5,79.5,83.5,70.1,66.5,,,,,,,,,
nhtsa-ford-e-350-wagon-138-2-5,Wagon,,,,,,138.2,236.2,79.5,83.5,70.1,66.5,,,,,,,,,
nhtsa-ford-ecosport-body-4dr-99-2,,4,,,,,99.2,162.2,68.1,65,60.6,60.6,,,,,,,,,
nhtsa-ford-ecosport-body-4dr-99-2-2,,4,,,,,99.2,161.4,69.3,65,59.8,59.8,,,,,,,,,
nhtsa-ford-edge-suv-4dr-111,SUV,4,,,,,111,187,74.8,66.1,64.2,65.7,,,,,,,,,
nhtsa-ford-edge-suv-4dr-111-2,SUV,4,,,,,111,184.3,76,66.9,65.4,65.4,,,,,,,,,
nhtsa-ford-edge-suv-4dr-112-2,SUV,4,,,,,112.2,188.2,76,68.5,65,64.6,,,,,,,,,
nhtsa-ford-edge-suv-4dr-112-2-2,SUV,4,,,,,112.2,189,76,68.5,65,64.6,,,,,,,,,
nhtsa-ford-escape-suv-4dr-103-1,SUV,4,,,,,103.1,172.8,70.1,66.9,60.6,59.8,,,,,,,,,
nhtsa-ford-escape-suv-4dr-103-1-2,SUV,4,,,,,103.1,172.8,71.3,66.9,61,60.2,,,,,,,,,
nhtsa-ford-escape-suv-4dr-103-1-3,SUV,4,,,,,103.1,172.8,70.1,67.7,61,60.2,,,,,,,,,
nhtsa-ford-escape-suv-4dr-103-1-4,SUV,4,,,,,103.1,172.8,70.1,69.3,61,60.2,,,,,,,,,
nhtsa-ford-escape-suv-4dr-103-1-5,SUV,4,,,,,103.1,172.8,70.1,69.3,60.6,59.8,,,,,,,,,
nhtsa-ford-escape-suv-4dr-103-1-6,SUV,4,,,,,103.1,174.8,70.1,69.3,61.4,61,,,,,,,,,
nhtsa-ford-escape-suv-4dr-103-1-7,SUV,4,,,,,103.1,174.8,70.1,69.7,61.4,61,,,,,,,,,
nhtsa-ford-escape-suv-4dr-103-1-8,SUV,4,,,,,103.1,174.8,70.1,70.1,61.4,61,,,,,,,,,
nhtsa-ford-escape-suv-4dr-103-1-9,SUV,4,,,,,103.1,174.8,71.3,68.1,61.4,60.2,,,,,,,,,
nhtsa-ford-escape-suv-4dr-105-9,SUV,4,,,,,105.9,178.7,72.4,66.1,61.4,61.8,,,,,,,,,
nhtsa-ford-escape-suv-4dr-105-9-2,SUV,4,,,,,105.9,178.7,72.4,66.1,61.4,62.2,,,,,,,,,
nhtsa-ford-escape-suv-4dr-106-7,SUV,4,,,,,106.7,180.7,74,66.1,62.6,61.8,,,,,,,,,
nhtsa-ford-escort-body-2dr-94-1,,2,,,,,94.1,163.8,65.7,53.1,,,,,,,,,,,
nhtsa-ford-escort-body-2dr-94-1-2,,2,,,,,94.1,166.9,65.7,53.1,,,,,,,,,,,
nhtsa-ford-escort-body-4dr-94-1,,4,,,,,94.1,163.8,65.7,53.1,,,,,,,,,,,
nhtsa-ford-escort-body-4dr-94-1-2,,4,,,,,94.1,163.8,65.7,53.5,,,,,,,,,,,
nhtsa-ford-escort-body-94-1,,,,,,,94.1,165,65.7,53.1,,,,,,,,,,,
nhtsa-ford-escort-body-94-1-2,,,,,,,94.1,163.8,65.7,53.1,,,,,,,,,,,
nhtsa-ford-escort-body-98-4,,,,,,,98.4,170.1,66.9,52.4,,,,,,,,,,,
nhtsa-ford-escort-coupe-2dr-94-1,Coupe,2,,,,,94.1,168.5,65.7,53.5,,,,,,,,,,,
nhtsa-ford-escort-coupe-2dr-94-1-2,Coupe,2,,,,,94.1,168.5,65.7,50.8,,,,,,,,,,,
nhtsa-ford-escort-coupe-2dr-98-4,Coupe,2,,,,,98.4,175.2,67.3,52.4,56.3,56.7,,,,,,,,,
nhtsa-ford-escort-hatchback-2dr-94-1,Hatchback,2,,,,,94.1,166.9,65.7,53.5,,,,,,,,,,,
nhtsa-ford-escort-hatchback-2dr-94-1-2,Hatchback,2,,,,,94.1,166.9,65.7,53.1,,,,,,,,,,,
nhtsa-ford-escort-hatchback-2dr-94-1-3,Hatchback,2,,,,,94.1,169.3,65.7,53.5,55.5,55.5,,,,,,,,,
nhtsa-ford-escort-hatchback-2dr-98-4,Hatchback,2,,,,,98.4,170.1,66.9,52.4,54.7,55.9,,,,,,,,,
nhtsa-ford-escort-hatchback-2dr-98-4-2,Hatchback,2,,,,,98.4,170.1,66.9,52.4,,,,,,,,,,,
nhtsa-ford-escort-hatchback-2dr-98-4-3,Hatchback,2,,,,,98.4,170.1,66.9,52.4,56.7,56.7,,,,,,,,,
nhtsa-ford-escort-hatchback-4dr-94-1,Hatchback,4,,,,,94.1,163.8,65.7,53.5,,,,,,,,,,,
nhtsa-ford-escort-hatchback-4dr-94-1-2,Hatchback,4,,,,,94.1,169.3,65.7,53.5,55.5,55.5,,,,,,,,,
nhtsa-ford-escort-hatchback-4dr-98-4,Hatchback,4,,,,,98.4,170.1,66.9,52.4,55.1,55.9,,,,,,,,,
nhtsa-ford-escort-hatchback-4dr-98-4-2,Hatchback,4,,,,,98.4,170.1,66.9,52.4,56.7,56.7,,,,,,,,,
nhtsa-ford-escort-sedan-4dr-98-4,Sedan,4,,,,,98.4,170.9,66.9,52.8,56.7,56.7,,,,,,,,,
nhtsa-ford-escort-sedan-4dr-98-4-2,Sedan,4,,,,,98.4,174.8,66.9,53.1,55.9,55.9,,,,,,,,,
nhtsa-ford-escort-sedan-94-1,Sedan,,,,,,94.1,163.8,65.7,53.1,,,,,,,,,,,
nhtsa-ford-escort-wagon-4dr-98-4,Wagon,4,,,,,98.4,171.3,66.9,53.5,56.7,56.7,,,,,,,,,
nhtsa-ford-escort-wagon-4dr-98-4-2,Wagon,4,,,,,98.4,172.4,66.9,53.9,55.9,55.9,,,,,,,,,
nhtsa-ford-escort-wagon-4dr-98-4-3,Wagon,4,,,,,98.4,172.8,66.9,53.9,55.9,55.9,,,,,,,,,
nhtsa-ford-escort-wagon-4dr-98-4-4,Wagon,4,,,,,98.4,172.8,66.9,53.9,56.7,56.7,,,,,,,,,
nhtsa-ford-escort-wagon-94-1,Wagon,,,,,,94.1,170.5,65.7,53.1,,,,,,,,,,,
nhtsa-ford-escort-wagon-94-1-2,Wagon,,,,,,94.1,165,65.7,53.1,,,,,,,,,,,
nhtsa-ford-excursion-body-4dr-137,,4,,,,,137,226.8,79.9,80.3,68.5,68.1,,,,,,,,,
nhtsa-ford-excursion-body-4dr-137-2,,4,,,,,137,226.8,79.9,77.6,68.5,68.1,,,,,,,,,
nhtsa-ford-excursion-body-4dr-137-3,,4,,,,,137,226.8,79.9,77.2,68.5,68.1,,,,,,,,,
nhtsa-ford-expedition-body-4dr-117-7,,4,,,,,117.7,203.9,78.7,77.6,66.9,66.9,,,,,,,,,
nhtsa-ford-expedition-body-4dr-118-9,,4,,,,,118.9,204.7,78.7,76.4,65.4,65.4,,,,,,,,,
nhtsa-ford-expedition-body-4dr-118-9-2,,4,,,,,118.9,204.7,78.7,78.3,65.4,65.4,,,,,,,,,
nhtsa-ford-expedition-body-4dr-119-3,,4,,,,,119.3,204.7,78.7,76.4,45.7,45.7,,,,,,,,,
nhtsa-ford-expedition-body-4dr-119-3-2,,4,,,,,119.3,204.7,78.7,76.4,65.4,65.4,,,,,,,,,
nhtsa-ford-expedition-max-suv-131-1,SUV,,,,,,131.1,221.3,78.7,77.6,66.9,67.3,,,,,,,,,
nhtsa-ford-expedition-max-suv-131-1-2,SUV,,,,,,131.1,221.3,78.7,77.6,66.5,66.1,,,,,,,,,
nhtsa-ford-expedition-max-suv-131-1-3,SUV,,,,,,131.1,220.9,78.7,77.6,66.9,67.3,,,,,,,,,
nhtsa-ford-expedition-max-suv-131-5,SUV,,,,,,131.5,222,79.9,76.4,67.7,67.3,,,,,,,,,
nhtsa-ford-expedition-max-suv-4dr-131-5,SUV,4,,,,,131.5,222,79.9,78,68.1,68.1,,,,,,,,,
nhtsa-ford-expedition-suv-118-9,SUV,,,,,,118.9,206.7,78.7,77.2,66.9,67.3,,,,,,,,,
nhtsa-ford-expedition-suv-118-9-2,SUV,,,,,,118.9,205.9,78.7,77.2,66.5,66.1,,,,,,,,,
nhtsa-ford-expedition-suv-118-9-3,SUV,,,,,,118.9,205.9,78.7,77.2,66.9,67.3,,,,,,,,,
nhtsa-ford-expedition-suv-122-4,SUV,,,,,,122.4,209.8,79.9,76.4,67.7,67.3,,,,,,,,,
nhtsa-ford-expedition-suv-131-1,SUV,,,,,,131.1,221.3,78.7,77.6,66.9,67.3,,,,,,,,,
nhtsa-ford-expedition-suv-131-1-2,SUV,,,,,,131.1,221.3,78.7,77.6,66.5,66.1,,,,,,,,,
nhtsa-ford-expedition-suv-131-1-3,SUV,,,,,,131.1,220.9,78.7,77.6,66.9,67.3,,,,,,,,,
nhtsa-ford-expedition-suv-4dr-118-9,SUV,4,,,,,118.9,206.7,78.7,77.2,66.9,67.3,,,,,,,,,
nhtsa-ford-expedition-suv-4dr-122-4,SUV,4,,,,,122.4,209.8,79.9,78,68.1,68.1,,,,,,,,,
nhtsa-ford-expedition-suv-4dr-131-1,SUV,4,,,,,131.1,221.3,78.7,77.6,66.9,67.3,,,,,,,,,
nhtsa-ford-explorer-body-2dr-101-6,,2,,,,,101.6,178.7,70.1,67.7,58.7,58.7,,,,,,,,,
nhtsa-ford-explorer-body-2dr-101-6-2,,2,,,,,101.6,179.5,70.1,66.9,58.7,58.7,,,,,,,,,
nhtsa-ford-explorer-body-2dr-101-6-3,,2,,,,,101.6,180.7,70.1,66.9,58.7,58.7,,,,,,,,,
nhtsa-ford-explorer-body-2dr-101-6-4,,2,,,,,101.6,180.3,70.1,67.7,58.7,58.7,,,,,,,,,
nhtsa-ford-explorer-body-2dr-102,,2,,,,,102,174.4,68.5,70.1,,,,,,,,,,,
nhtsa-ford-explorer-body-2dr-102-8,,2,,,,,102.8,178.7,70.1,67.3,58.7,58.7,,,,,,,,,
nhtsa-ford-explorer-body-2dr-111-8,,2,,,,,111.8,184.3,70.1,67.3,,,,,,,,,,,
nhtsa-ford-explorer-body-2dr-111-8-2,,2,,,,,111.8,184.3,70.1,67.3,58.3,58.3,,,,,,,,,
nhtsa-ford-explorer-body-4dr-111-4,,4,,,,,111.4,189.4,70.1,67.7,58.7,58.7,,,,,,,,,
nhtsa-ford-explorer-body-4dr-111-8,,4,,,,,111.8,184.3,70.1,68.1,,,,,,,,,,,
nhtsa-ford-explorer-body-4dr-111-8-2,,4,,,,,111.8,184.3,70.1,67.3,,,,,,,,,,,
nhtsa-ford-explorer-body-4dr-111-8-3,,4,,,,,111.8,184.3,70.1,67.3,58.3,58.3,,,,,,,,,
nhtsa-ford-explorer-body-4dr-111-8-4,,4,,,,,111.8,188.6,70.1,67.3,58.3,58.7,,,,,,,,,
nhtsa-ford-explorer-body-4dr-111-8-5,,4,,,,,111.8,190.6,70.1,67.7,58.7,58.7,,,,,,,,,
nhtsa-ford-explorer-body-4dr-113-8,,4,,,,,113.8,189.4,72,72,61,61,,,,,,,,,
nhtsa-ford-explorer-body-4dr-113-8-2,,4,,,,,113.8,189.4,72,71.3,61,61,,,,,,,,,
nhtsa-ford-explorer-body-4dr-126,,4,,,,,126,205.9,71.7,70.1,58.7,58.7,,,,,,,,,
nhtsa-ford-explorer-sport-trac-body-4dr-126,,4,,,,,126,205.9,74,70.1,58.7,58.7,,,,,,,,,
nhtsa-ford-explorer-sport-trac-body-4dr-130-3,,4,,,,,130.3,210.2,73.6,72,60.6,61.8,,,,,,,,,
nhtsa-ford-explorer-suv-4dr-112-6,SUV,4,,,,,112.6,197.2,78.7,70.5,66.9,66.9,,,,,,,,,
nhtsa-ford-explorer-suv-4dr-113,SUV,4,,,,,113,198.4,78.7,69.7,66.9,66.9,,,,,,,,,
nhtsa-ford-explorer-suv-4dr-113-8,SUV,4,,,,,113.8,189.4,72,71.3,61,61,,,,,,,,,
nhtsa-ford-explorer-suv-4dr-113-8-2,SUV,4,,,,,113.8,193.7,73.6,72.8,60.6,61.8,,,,,,,,,
nhtsa-ford-explorer-suv-4dr-119-3,SUV,4,,,,,119.3,198.8,78.7,70.1,66.9,66.9,,,,,,,,,
nhtsa-ford-f-100-body-116-9,,,,,,,116.9,192.1,77.6,69.3,,,,,,,,,,,
nhtsa-ford-f-100-body-116-9-2,,,,,,,116.9,189.4,77.6,70.1,,,,,,,,,,,
nhtsa-ford-f-100-body-133-1,,,,,,,133.1,208.3,77.6,69.3,,,,,,,,,,,
nhtsa-ford-f-150-body-116-9,,,,,,,116.9,192.1,77.6,70.1,,,,,,,,,,,
nhtsa-ford-f-150-body-116-9-2,,,,,,,116.9,189.4,77.6,70.1,,,,,,,,,,,
nhtsa-ford-f-150-body-116-9-3,,,,,,,116.9,191.7,77.6,72.4,,,,,,,,,,,
nhtsa-ford-f-150-body-116-9-4,,,,,,,116.9,192.1,77.2,72,,,,,,,,,,,
nhtsa-ford-f-150-body-116-9-5,,,,,,,116.9,192.1,77.2,69.7,,,,,,,,,,,
nhtsa-ford-f-150-body-116-9-6,,,,,,,116.9,189.4,77.2,72,,,,,,,,,,,
nhtsa-ford-f-150-body-116-9-7,,,,,,,116.9,191.7,77.2,69.7,,,,,,,,,,,
nhtsa-ford-f-150-body-116-9-8,,,,,,,116.9,191.7,77.2,70.1,,,,,,,,,,,
nhtsa-ford-f-150-body-116-9-9,,,,,,,116.9,189.4,79.1,73.2,,,,,,,,,,,
nhtsa-ford-f-150-body-133-1,,,,,,,133.1,208.3,77.6,69.7,,,,,,,,,,,
nhtsa-ford-f-150-body-133-1-2,,,,,,,133.1,208.3,77.2,72,,,,,,,,,,,
nhtsa-ford-f-150-body-133-1-3,,,,,,,133.1,208.3,77.2,69.7,,,,,,,,,,,
nhtsa-ford-f-150-body-133-1-4,,,,,,,133.1,208.3,77.2,70.1,,,,,,,,,,,
nhtsa-ford-f-150-body-133-5,,,,,,,133.5,217.7,86.2,78.3,74,73.6,,,,,,,,,
nhtsa-ford-f-150-body-138-6,,,,,,,138.6,220.9,78.7,75.6,66.9,66.5,,,,,,,,,
nhtsa-ford-f-150-body-139,,,,,,,139,216.1,79.1,73.6,,,,,,,,,,,
nhtsa-ford-f-150-body-139-2,,,,,,,139,221.7,79.1,75.6,65,65,,,,,,,,,
nhtsa-ford-f-150-body-139-3,,,,,,,139,220.9,78.7,74.8,66.9,66.5,,,,,,,,,
nhtsa-ford-f-150-body-144-9,,,,,,,144.9,228.7,78.7,74.4,66.9,66.9,,,,,,,,,
nhtsa-ford-f-150-body-144-9-2,,,,,,,144.9,228.7,78.7,76.4,66.9,66.9,,,,,,,,,
nhtsa-ford-f-150-body-144-9-3,,,,,,,144.9,228.7,86.2,78.3,74,73.6,,,,,,,,,
nhtsa-ford-f-150-body-144-9-4,,,,,,,144.9,229.9,79.9,75.6,67.7,67.7,,,,,,,,,
nhtsa-ford-f-150-body-144-9-5,,,,,,,144.9,229.9,79.9,77.2,67.7,67.7,,,,,,,,,
nhtsa-ford-f-150-body-145-3,,,,,,,145.3,229.9,79.9,77.2,67.7,68.1,,,,,,,,,
nhtsa-ford-f-150-body-150,,,,,,,150,232.7,78.7,75.6,66.9,66.5,,,,,,,,,
nhtsa-ford-f-150-body-156-7,,,,,,,156.7,240.6,78.7,74.4,66.9,66.9,,,,,,,,,
nhtsa-ford-f-150-body-156-7-2,,,,,,,156.7,240.6,78.7,76.4,66.9,66.9,,,,,,,,,
nhtsa-ford-f-150-body-156-7-3,,,,,,,156.7,243.7,78.7,74.4,66.9,66.9,,,,,,,,,
nhtsa-ford-f-150-body-156-7-4,,,,,,,156.7,243.7,78.7,76.4,66.9,66.9,,,,,,,,,
nhtsa-ford-f-150-body-156-7-5,,,,,,,156.7,241.7,79.9,75.6,67.7,67.7,,,,,,,,,
nhtsa-ford-f-150-body-156-7-6,,,,,,,156.7,241.7,79.9,77.2,67.7,67.7,,,,,,,,,
nhtsa-ford-f-150-body-crew-144-9,,,Crew,,,,144.9,229.9,79.9,75.6,67.7,67.7,,,,,,,,,
nhtsa-ford-f-150-body-crew-144-9-2,,,Crew,,,,144.9,229.9,79.9,77.2,67.7,67.7,,,,,,,,,
nhtsa-ford-f-150-body-crew-145-3,,,Crew,,,,145.3,229.9,79.9,75.6,67.7,68.1,,,,,,,,,
nhtsa-ford-f-150-body-crew-145-3-2,,,Crew,,,,145.3,229.9,79.9,77.2,67.7,68.1,,,,,,,,,
nhtsa-ford-f-150-body-crew-145-3-3,,,Crew,,,,145.3,229.5,79.9,75.6,67.7,68.1,,,,,,,,,
nhtsa-ford-f-150-body-crew-145-3-4,,,Crew,,,,145.3,229.5,79.9,77.2,67.7,68.1,,,,,,,,,
nhtsa-ford-f-150-body-crew-145-3-5,,,Crew,,,,145.3,230.7,86.6,79.9,74,73.6,,,,,,,,,
nhtsa-ford-f-150-body-crew-145-7,,,Crew,,,,145.7,230.7,86.6,79.9,74,73.6,,,,,,,,,
nhtsa-ford-f-150-body-crew-146-1,,,Crew,,,,146.1,229.9,86.2,78.3,74,73.6,,,,,,,,,
nhtsa-ford-f-150-body-crew-156-7,,,Crew,,,,156.7,241.7,79.9,75.6,67.7,67.7,,,,,,,,,
nhtsa-ford-f-150-body-crew-156-7-2,,,Crew,,,,156.7,241.7,79.9,77.2,67.7,67.7,,,,,,,,,
nhtsa-ford-f-150-body-crew-157-1,,,Crew,,,,157.1,241.7,79.9,75.6,67.7,68.1,,,,,,,,,
nhtsa-ford-f-150-body-crew-157-1-2,,,Crew,,,,157.1,241.7,79.9,77.2,67.7,68.1,,,,,,,,,
nhtsa-ford-f-150-body-crew-157-1-3,,,Crew,,,,157.1,241.3,79.9,77.2,67.7,68.1,,,,,,,,,
nhtsa-ford-f-150-body-extended-134-3,,,Extended,,,,134.3,218.1,86.2,78.3,74,73.6,,,,,,,,,
nhtsa-ford-f-150-body-extended-139,,,Extended,,,,139,216.1,79.1,69.7,,,,,,,,,,,
nhtsa-ford-f-150-body-extended-139-2,,,Extended,,,,139,219.3,78.7,70.1,,,,,,,,,,,
nhtsa-ford-f-150-body-extended-144-9,,,Extended,,,,144.9,229.9,79.9,75.6,67.7,67.7,,,,,,,,,
nhtsa-ford-f-150-body-extended-144-9-2,,,Extended,,,,144.9,229.9,79.9,77.2,67.7,67.7,,,,,,,,,
nhtsa-ford-f-150-body-extended-145-3,,,Extended,,,,145.3,229.9,79.9,75.6,67.7,68.1,,,,,,,,,
nhtsa-ford-f-150-body-extended-145-3-2,,,Extended,,,,145.3,229.9,79.9,77.2,67.7,68.1,,,,,,,,,
nhtsa-ford-f-150-body-extended-145-3-3,,,Extended,,,,145.3,229.5,79.9,75.6,67.7,68.1,,,,,,,,,
nhtsa-ford-f-150-body-extended-145-3-4,,,Extended,,,,145.3,229.5,79.9,77.2,67.7,68.1,,,,,,,,,
nhtsa-ford-f-150-body-extended-155-1,,,Extended,,,,155.1,232.3,79.1,73.6,,,,,,,,,,,
nhtsa-ford-f-150-body-extended-155-1-2,,,Extended,,,,155.1,232.3,79.1,69.7,,,,,,,,,,,
nhtsa-ford-f-150-body-extended-155-1-3,,,Extended,,,,155.1,235.4,78.7,70.1,,,,,,,,,,,
nhtsa-ford-f-150-body-extended-163-8,,,Extended,,,,163.8,248.8,79.9,75.6,67.7,67.7,,,,,,,,,
nhtsa-ford-f-150-body-extended-163-8-2,,,Extended,,,,163.8,248.8,79.9,77.2,67.7,67.7,,,,,,,,,
nhtsa-ford-f-150-body-extended-164-2,,,Extended,,,,164.2,248.4,79.9,75.6,67.7,68.1,,,,,,,,,
nhtsa-ford-f-150-body-extended-164-2-2,,,Extended,,,,164.2,248.4,79.9,77.2,67.7,68.1,,,,,,,,,
nhtsa-ford-f-150-heritage-pickup-crew-short-139,Pickup,,Crew,,,,139,221.7,79.9,76.8,65,65,,,,,,,,,
nhtsa-ford-f-150-heritage-pickup-extended-long-157-1,Pickup,,Extended,,,,157.1,239,79.1,72.8,,,,,,,,,,,
nhtsa-ford-f-150-heritage-pickup-extended-long-157-1-2,Pickup,,Extended,,,,157.1,239,79.5,75.6,65,65,,,,,,,,,
nhtsa-ford-f-150-heritage-pickup-extended-short-139,Pickup,,Extended,,,,139,221.7,79.5,72.8,,,,,,,,,,,
nhtsa-ford-f-150-heritage-pickup-extended-short-139-2,Pickup,,Extended,,,,139,220.9,79.5,75.6,65,65,,,,,,,,,
nhtsa-ford-f-150-heritage-pickup-regular-long-139,Pickup,,Regular,,,,139,221.7,79.5,72.4,,,,,,,,,,,
nhtsa-ford-f-150-heritage-pickup-regular-long-139-2,Pickup,,Regular,,,,139,220.9,79.5,75.6,65,65,,,,,,,,,
nhtsa-ford-f-150-heritage-pickup-regular-short-120-1,Pickup,,Regular,,,,120.1,202.8,79.5,72.8,,,,,,,,,,,
nhtsa-ford-f-150-heritage-pickup-regular-short-120-1-2,Pickup,,Regular,,,,120.1,202,79.5,75.6,65,65,,,,,,,,,
nhtsa-ford-f-150-heritage-pickup-short-139,Pickup,,,,,,139,221.7,79.1,74,,,,,,,,,,,
nhtsa-ford-f-150-pickup-116-9,Pickup,,,,,,116.9,194.1,79.1,73.6,,,,,,,,,,,
nhtsa-ford-f-150-pickup-116-9-2,Pickup,,,,,,116.9,194.1,79.1,69.7,,,,,,,,,,,
nhtsa-ford-f-150-pickup-116-9-3,Pickup,,,,,,116.9,196.9,78.7,70.1,,,,,,,,,,,
nhtsa-ford-f-150-pickup-133-1,Pickup,,,,,,133.1,210.2,79.1,69.7,,,,,,,,,,,
nhtsa-ford-f-150-pickup-133-1-2,Pickup,,,,,,133.1,210.2,79.1,73.6,,,,,,,,,,,
nhtsa-ford-f-150-pickup-133-1-3,Pickup,,,,,,133.1,213.4,78.7,70.1,,,,,,,,,,,
nhtsa-ford-f-150-pickup-4dr-145-3,Pickup,4,,,,,145.3,229.9,79.9,75.6,67.7,68.1,,,,,,,,,
nhtsa-ford-f-150-pickup-crew-short-139,Pickup,,Crew,,,,139,221.7,79.9,76.8,65,65,,,,,,,,,
nhtsa-ford-f-150-pickup-extended-132-7,Pickup,,Extended,,,,132.7,214.6,78.7,73.6,66.9,67.7,,,,,,,,,
nhtsa-ford-f-150-pickup-extended-132-7-2,Pickup,,Extended,,,,132.7,214.6,78.7,75.6,66.9,67.7,,,,,,,,,
nhtsa-ford-f-150-pickup-extended-133-5,Pickup,,Extended,,,,133.5,217.7,86.2,78.3,74,73.6,,,,,,,,,
nhtsa-ford-f-150-pickup-extended-139,Pickup,,Extended,,,,139,214.2,77.6,70.9,,,,,,,,,,,
nhtsa-ford-f-150-pickup-extended-139-2,Pickup,,Extended,,,,139,214.2,79.1,71.7,,,,,,,,,,,
nhtsa-ford-f-150-pickup-extended-139-3,Pickup,,Extended,,,,139,219.3,78.7,70.1,,,,,,,,,,,
nhtsa-ford-f-150-pickup-extended-144-9,Pickup,,Extended,,,,144.9,228.7,78.7,71.7,66.9,66.9,,,,,,,,,
nhtsa-ford-f-150-pickup-extended-144-9-2,Pickup,,Extended,,,,144.9,228.7,78.7,76,66.9,66.9,,,,,,,,,
nhtsa-ford-f-150-pickup-extended-144-9-3,Pickup,,Extended,,,,144.9,228.7,78.7,74.4,66.9,66.9,,,,,,,,,
nhtsa-ford-f-150-pickup-extended-144-9-4,Pickup,,Extended,,,,144.9,228.7,78.7,76.4,66.9,66.9,,,,,,,,,
nhtsa-ford-f-150-pickup-extended-144-9-5,Pickup,,Extended,,,,144.9,229.9,79.9,75.6,67.7,67.7,,,,,,,,,
nhtsa-ford-f-150-pickup-extended-144-9-6,Pickup,,Extended,,,,144.9,229.9,79.9,77.2,67.7,67.7,,,,,,,,,
nhtsa-ford-f-150-pickup-extended-145-3,Pickup,,Extended,,,,145.3,227.2,78.7,73.2,66.9,67.7,,,,,,,,,
nhtsa-ford-f-150-pickup-extended-155-1,Pickup,,Extended,,,,155.1,230.3,77.6,70.9,,,,,,,,,,,
nhtsa-ford-f-150-pickup-extended-155-1-2,Pickup,,Extended,,,,155.1,230.3,79.1,71.7,,,,,,,,,,,
nhtsa-ford-f-150-pickup-extended-155-1-3,Pickup,,Extended,,,,155.1,230.3,79.1,73.2,,,,,,,,,,,
nhtsa-ford-f-150-pickup-extended-163,Pickup,,Extended,,,,163,244.9,78.7,73.6,66.9,67.7,,,,,,,,,
nhtsa-ford-f-150-pickup-extended-163-2,Pickup,,Extended,,,,163,244.9,78.7,75.6,66.9,67.7,,,,,,,,,
nhtsa-ford-f-150-pickup-extended-163-3,Pickup,,Extended,,,,163,247.2,78.7,76,66.9,66.9,,,,,,,,,
nhtsa-ford-f-150-pickup-extended-163-4,Pickup,,Extended,,,,163,247.2,78.7,76.8,66.9,66.9,,,,,,,,,
nhtsa-ford-f-150-pickup-extended-163-8,Pickup,,Extended,,,,163.8,248.8,79.9,75.6,67.7,67.7,,,,,,,,,
nhtsa-ford-f-150-pickup-extended-163-8-2,Pickup,,Extended,,,,163.8,248.8,79.9,77.2,67.7,67.7,,,,,,,,,
nhtsa-ford-f-150-pickup-extended-long-155-1,Pickup,,Extended,,,,155.1,235.4,78.7,70.1,65.7,63.4,,,,,,,,,
nhtsa-ford-f-150-pickup-extended-long-157-1,Pickup,,Extended,,,,157.1,239,75.6,72,,,,,,,,,,,
nhtsa-ford-f-150-pickup-extended-long-157-1-2,Pickup,,Extended,,,,157.1,239,75.6,75.2,65,65,,,,,,,,,
nhtsa-ford-f-150-pickup-extended-long-157-1-3,Pickup,,Extended,,,,157.1,239,79.1,72.8,,,,,,,,,,,
nhtsa-ford-f-150-pickup-extended-long-157-1-4,Pickup,,Extended,,,,157.1,239,79.5,75.6,65,65,,,,,,,,,
nhtsa-ford-f-150-pickup-extended-short-139,Pickup,,Extended,,,,139,219.3,78.7,70.1,65.7,63.4,,,,,,,,,
nhtsa-ford-f-150-pickup-extended-short-139-2,Pickup,,Extended,,,,139,220.9,75.6,72,,,,,,,,,,,
nhtsa-ford-f-150-pickup-extended-short-139-3,Pickup,,Extended,,,,139,220.9,75.6,75.2,65,65,,,,,,,,,
nhtsa-ford-f-150-pickup-extended-short-139-4,Pickup,,Extended,,,,139,221.7,79.5,72.8,,,,,,,,,,,
nhtsa-ford-f-150-pickup-extended-short-139-5,Pickup,,Extended,,,,139,220.9,79.5,75.6,65,65,,,,,,,,,
nhtsa-ford-f-150-pickup-regular-122-4,Pickup,,Regular,,,,122.4,207.5,79.9,75.6,67.7,67.7,,,,,,,,,
nhtsa-ford-f-150-pickup-regular-122-4-2,Pickup,,Regular,,,,122.4,207.5,79.9,76.8,67.7,67.7,,,,,,,,,
nhtsa-ford-f-150-pickup-regular-122-8,Pickup,,Regular,,,,122.8,207.1,79.9,75.6,67.7,68.1,,,,,,,,,
nhtsa-ford-f-150-pickup-regular-122-8-2,Pickup,,Regular,,,,122.8,207.1,79.9,76.8,67.7,68.1,,,,,,,,,
nhtsa-ford-f-150-pickup-regular-122-8-3,Pickup,,Regular,,,,122.8,206.7,79.9,75.6,67.7,68.1,,,,,,,,,
nhtsa-ford-f-150-pickup-regular-122-8-4,Pickup,,Regular,,,,122.8,206.7,79.9,76.8,67.7,68.1,,,,,,,,,
nhtsa-ford-f-150-pickup-regular-126,Pickup,,Regular,,,,126,207.9,78.7,72.8,66.9,66.9,,,,,,,,,
nhtsa-ford-f-150-pickup-regular-126-2,Pickup,,Regular,,,,126,207.9,78.7,73.6,66.9,66.9,,,,,,,,,
nhtsa-ford-f-150-pickup-regular-126-3,Pickup,,Regular,,,,126,209.8,78.7,74.8,66.9,66.9,,,,,,,,,
nhtsa-ford-f-150-pickup-regular-126-4,Pickup,,Regular,,,,126,209.8,78.7,76,66.9,66.9,,,,,,,,,
nhtsa-ford-f-150-pickup-regular-140-9,Pickup,,Regular,,,,140.9,226,79.9,75.2,67.7,67.7,,,,,,,,,
nhtsa-ford-f-150-pickup-regular-140-9-2,Pickup,,Regular,,,,140.9,226,79.9,76.8,67.7,67.7,,,,,,,,,
nhtsa-ford-f-150-pickup-regular-141-3,Pickup,,Regular,,,,141.3,225.6,79.9,75.2,67.7,68.1,,,,,,,,,
nhtsa-ford-f-150-pickup-regular-141-3-2,Pickup,,Regular,,,,141.3,225.6,79.9,76.8,67.7,68.1,,,,,,,,,
nhtsa-ford-f-150-pickup-regular-141-3-3,Pickup,,Regular,,,,141.3,225.2,79.9,75.2,67.7,68.1,,,,,,,,,
nhtsa-ford-f-150-pickup-regular-141-3-4,Pickup,,Regular,,,,141.3,225.2,79.9,76.8,67.7,68.1,,,,,,,,,
nhtsa-ford-f-150-pickup-regular-144-5,Pickup,,Regular,,,,144.5,226.4,78.7,74.8,66.9,66.9,,,,,,,,,
nhtsa-ford-f-150-pickup-regular-144-5-2,Pickup,,Regular,,,,144.5,226.4,78.7,76,66.9,66.9,,,,,,,,,
nhtsa-ford-f-150-pickup-regular-144-9,Pickup,,Regular,,,,144.9,228.7,78.7,76.4,66.9,66.9,,,,,,,,,
nhtsa-ford-f-150-pickup-regular-144-9-2,Pickup,,Regular,,,,144.9,228.7,78.7,76,66.9,66.9,,,,,,,,,
nhtsa-ford-f-150-pickup-regular-long-133-1,Pickup,,Regular,,,,133.1,213.4,78.7,70.1,65.7,63.4,,,,,,,,,
nhtsa-ford-f-150-pickup-regular-long-139,Pickup,,Regular,,,,139,220.9,75.6,72,,,,,,,,,,,
nhtsa-ford-f-150-pickup-regular-long-139-2,Pickup,,Regular,,,,139,220.9,75.6,75.2,65,65,,,,,,,,,
nhtsa-ford-f-150-pickup-regular-long-139-3,Pickup,,Regular,,,,139,221.7,79.5,72.4,,,,,,,,,,,
nhtsa-ford-f-150-pickup-regular-long-139-4,Pickup,,Regular,,,,139,220.9,79.5,75.6,65,65,,,,,,,,,
nhtsa-ford-f-150-pickup-regular-short-116-9,Pickup,,Regular,,,,116.9,197.2,78.7,70.1,65.7,63.4,,,,,,,,,
nhtsa-ford-f-150-pickup-regular-short-119-7,Pickup,,Regular,,,,119.7,202,79.1,70.9,65.4,65.4,,,,,,,,,
nhtsa-ford-f-150-pickup-regular-short-120-1,Pickup,,Regular,,,,120.1,202,75.6,72,,,,,,,,,,,
nhtsa-ford-f-150-pickup-regular-short-120-1-2,Pickup,,Regular,,,,120.1,202,75.6,75.2,65,65,,,,,,,,,
nhtsa-ford-f-150-pickup-regular-short-120-1-3,Pickup,,Regular,,,,120.1,202,75.6,75.2,,,,,,,,,,,
nhtsa-ford-f-150-pickup-regular-short-120-1-4,Pickup,,Regular,,,,120.1,202.8,79.5,72.8,,,,,,,,,,,
nhtsa-ford-f-150-pickup-regular-short-120-1-5,Pickup,,Regular,,,,120.1,202.8,79.1,75.6,65,65,,,,,,,,,
nhtsa-ford-f-150-pickup-regular-short-120-1-6,Pickup,,Regular,,,,120.1,202,79.5,75.6,65,65,,,,,,,,,
nhtsa-ford-f-150-pickup-short-139,Pickup,,,,,,139,220.9,79.9,74,,,,,,,,,,,
nhtsa-ford-f-150-pickup-short-139-2,Pickup,,,,,,139,220.9,79.9,76.8,65,65,,,,,,,,,
nhtsa-ford-f-150-pickup-short-139-3,Pickup,,,,,,139,221.7,79.5,72.8,,,,,,,,,,,
nhtsa-ford-f-150-pickup-short-139-4,Pickup,,,,,,139,221.7,79.1,74,,,,,,,,,,,
nhtsa-ford-f-250-body-133-1,,,,,,,133.1,208.3,77.6,68.5,,,,,,,,,,,
nhtsa-ford-f-250-body-133-1-2,,,,,,,133.1,208.3,77.6,72.4,,,,,,,,,,,
nhtsa-ford-f-250-body-extended-115-7,,,Extended,,,,115.7,230.3,77.6,72.4,,,,,,,,,,,
nhtsa-ford-f-250-pickup-133-1,Pickup,,,,,,133.1,210.2,79.1,74.4,,,,,,,,,,,
nhtsa-ford-f-250-pickup-133-1-2,Pickup,,,,,,133.1,210.2,79.1,78.3,,,,,,,,,,,
nhtsa-ford-f-250-pickup-133-1-3,Pickup,,,,,,133.1,213.4,78.7,71.7,,,,,,,,,,,
nhtsa-ford-f-250-pickup-crew-long-172,Pickup,,Crew,,,,172,256.3,79.9,80.7,68.5,68.5,,,,,,,,,
nhtsa-ford-f-250-pickup-crew-long-172-2,Pickup,,Crew,,,,172,256.3,79.9,77.2,68.5,68.5,,,,,,,,,
nhtsa-ford-f-250-pickup-crew-long-172-4,Pickup,,Crew,,,,172.4,257.5,79.9,,68.5,68.5,,,,,,,,,
nhtsa-ford-f-250-pickup-crew-long-172-8,Pickup,,Crew,,,,172.8,258.7,79.9,77.2,68.5,67.3,,,,,,,,,
nhtsa-ford-f-250-pickup-crew-long-172-8-2,Pickup,,Crew,,,,172.8,258.7,79.9,79.9,68.5,67.3,,,,,,,,,
nhtsa-ford-f-250-pickup-crew-long-176,Pickup,,Crew,,,,176,263.8,79.9,78,68.5,67.3,,,,,,,,,
nhtsa-ford-f-250-pickup-crew-long-176-2,Pickup,,Crew,,,,176,263.8,79.9,81.5,68.5,67.3,,,,,,,,,
nhtsa-ford-f-250-pickup-crew-long-176-3,Pickup,,Crew,,,,176,263.8,79.9,79.1,69.7,67.3,,,,,,,,,
nhtsa-ford-f-250-pickup-crew-short-156-3,Pickup,,Crew,,,,156.3,241.3,79.9,,68.5,68.5,,,,,,,,,
nhtsa-ford-f-250-pickup-crew-short-157-1,Pickup,,Crew,,,,157.1,242.9,79.9,77.6,68.5,67.3,,,,,,,,,
nhtsa-ford-f-250-pickup-crew-short-157-1-2,Pickup,,Crew,,,,157.1,242.9,79.9,79.5,68.5,67.3,,,,,,,,,
nhtsa-ford-f-250-pickup-crew-short-159-8,Pickup,,Crew,,,,159.8,247.6,79.9,78.3,68.5,67.3,,,,,,,,,
nhtsa-ford-f-250-pickup-crew-short-159-8-2,Pickup,,Crew,,,,159.8,247.6,79.9,81.5,68.5,67.3,,,,,,,,,
nhtsa-ford-f-250-pickup-crew-short-159-8-3,Pickup,,Crew,,,,159.8,247.6,79.9,79.1,69.7,67.3,,,,,,,,,
nhtsa-ford-f-250-pickup-crew-short-159-8-4,Pickup,,Crew,,,,159.8,247.6,79.9,81.5,69.7,67.3,,,,,,,,,
nhtsa-ford-f-250-pickup-extended-115-7,Pickup,,Extended,,,,115.7,230.3,77.6,72.4,,,,,,,,,,,
nhtsa-ford-f-250-pickup-extended-139,Pickup,,Extended,,,,139,214.2,77.6,72.8,,,,,,,,,,,
nhtsa-ford-f-250-pickup-extended-long-157-9,Pickup,,Extended,,,,157.9,243.3,79.9,,68.5,68.5,,,,,,,,,
nhtsa-ford-f-250-pickup-extended-long-157-9-2,Pickup,,Extended,,,,157.9,243.3,79.9,76.4,68.5,68.5,,,,,,,,,
nhtsa-ford-f-250-pickup-extended-long-158-7,Pickup,,Extended,,,,158.7,244.5,79.9,76.8,68.5,67.3,,,,,,,,,
nhtsa-ford-f-250-pickup-extended-long-158-7-2,Pickup,,Extended,,,,158.7,244.5,79.9,79.1,68.5,67.3,,,,,,,,,
nhtsa-ford-f-250-pickup-extended-long-164-2,Pickup,,Extended,,,,164.2,252,79.9,78,68.5,67.3,,,,,,,,,
nhtsa-ford-f-250-pickup-extended-long-164-2-2,Pickup,,Extended,,,,164.2,252,79.9,81.5,68.5,67.3,,,,,,,,,
nhtsa-ford-f-250-pickup-extended-long-164-2-3,Pickup,,Extended,,,,164.2,252,79.9,79.1,69.7,67.3,,,,,,,,,
nhtsa-ford-f-250-pickup-extended-long-164-2-4,Pickup,,Extended,,,,164.2,252,79.9,81.5,69.7,67.3,,,,,,,,,
nhtsa-ford-f-250-pickup-extended-short-139,Pickup,,Extended,,,,139,220.9,75.6,72,,,,,,,,,,,
nhtsa-ford-f-250-pickup-extended-short-139-2,Pickup,,Extended,,,,139,220.9,75.6,75.2,65,65,,,,,,,,,
nhtsa-ford-f-250-pickup-extended-short-141-7,Pickup,,Extended,,,,141.7,227.2,79.9,,68.5,68.5,,,,,,,,,
nhtsa-ford-f-250-pickup-extended-short-142-9,Pickup,,Extended,,,,142.9,228.7,79.9,77.2,68.5,67.3,,,,,,,,,
nhtsa-ford-f-250-pickup-extended-short-142-9-2,Pickup,,Extended,,,,142.9,228.7,79.9,79.5,68.5,67.3,,,,,,,,,
nhtsa-ford-f-250-pickup-extended-short-147-6,Pickup,,Extended,,,,147.6,235.8,79.9,79.1,69.7,67.3,,,,,,,,,
nhtsa-ford-f-250-pickup-extended-short-148,Pickup,,Extended,,,,148,235.8,79.9,78.3,68.5,67.3,,,,,,,,,
nhtsa-ford-f-250-pickup-extended-short-148-2,Pickup,,Extended,,,,148,235.8,79.9,81.5,68.5,67.3,,,,,,,,,
nhtsa-ford-f-250-pickup-extended-short-148-3,Pickup,,Extended,,,,148,235.8,79.9,81.5,69.7,67.3,,,,,,,,,
nhtsa-ford-f-250-pickup-regular-long-133-1,Pickup,,Regular,,,,133.1,213.4,78.7,71.7,65.7,63.4,,,,,,,,,
nhtsa-ford-f-250-pickup-regular-long-137,Pickup,,Regular,,,,137,222,79.9,,68.5,68.5,,,,,,,,,
nhtsa-ford-f-250-pickup-regular-long-137-2,Pickup,,Regular,,,,137,222,79.9,79.5,68.5,68.5,,,,,,,,,
nhtsa-ford-f-250-pickup-regular-long-137-3,Pickup,,Regular,,,,137,222,79.9,76.4,68.5,68.5,,,,,,,,,
nhtsa-ford-f-250-pickup-regular-long-137-8,Pickup,,Regular,,,,137.8,223.6,79.9,76.8,68.5,67.3,,,,,,,,,
nhtsa-ford-f-250-pickup-regular-long-137-8-2,Pickup,,Regular,,,,137.8,223.6,79.9,79.1,68.5,67.3,,,,,,,,,
nhtsa-ford-f-250-pickup-regular-long-139,Pickup,,Regular,,,,139,220.9,75.6,72,,,,,,,,,,,
nhtsa-ford-f-250-pickup-regular-long-139-2,Pickup,,Regular,,,,139,220.9,75.6,75.2,65,65,,,,,,,,,
nhtsa-ford-f-250-pickup-regular-long-141-3,Pickup,,Regular,,,,141.3,229.5,79.9,79.1,69.7,67.3,,,,,,,,,
nhtsa-ford-f-250-pickup-regular-long-141-3-2,Pickup,,Regular,,,,141.3,229.5,79.9,81.5,69.7,67.3,,,,,,,,,
nhtsa-ford-f-250-pickup-regular-long-141-7,Pickup,,Regular,,,,141.7,229.5,79.9,78,68.5,67.3,,,,,,,,,
nhtsa-ford-f-250-pickup-regular-long-141-7-2,Pickup,,Regular,,,,141.7,229.5,79.9,81.5,68.5,67.3,,,,,,,,,
nhtsa-ford-f-350-body-116-9,,,,,,,116.9,191.7,77.6,72.4,,,,,,,,,,,
nhtsa-ford-f-350-body-133-1,,,,,,,133.1,208.3,77.6,72,,,,,,,,,,,
nhtsa-ford-f-350-body-133-1-2,,,,,,,133.1,208.3,77.6,73.2,,,,,,,,,,,
nhtsa-ford-f-350-body-extended-155-1,,,Extended,,,,155.1,232.3,79.1,78.3,,,,,,,,,,,
nhtsa-ford-f-350-body-extended-155-1-2,,,Extended,,,,155.1,235.4,,73.2,,,,,,,,,,,
nhtsa-ford-f-350-pickup-133-1,Pickup,,,,,,133.1,210.2,79.1,78.3,,,,,,,,,,,
nhtsa-ford-f-350-pickup-133-1-2,Pickup,,,,,,133.1,213.4,,73.2,,,,,,,,,,,
nhtsa-ford-f-350-pickup-133-1-3,Pickup,,,,,,133.1,213.4,78.7,,,,,,,,,,,,
nhtsa-ford-f-350-pickup-crew-168-1,Pickup,,Crew,,,,168.1,248.8,,73.2,,,,,,,,,,,
nhtsa-ford-f-350-pickup-crew-168-1-2,Pickup,,Crew,,,,168.1,248.8,78.7,73.2,,,,,,,,,,,
nhtsa-ford-f-350-pickup-crew-168-5,Pickup,,Crew,,,,168.5,243.7,79.1,74.4,,,,,,,,,,,
nhtsa-ford-f-350-pickup-crew-168-5-2,Pickup,,Crew,,,,168.5,243.7,79.1,76.4,,,,,,,,,,,
nhtsa-ford-f-350-pickup-crew-168-5-3,Pickup,,Crew,,,,168.5,245.7,79.1,78.3,,,,,,,,,,,
nhtsa-ford-f-350-pickup-crew-long-168-1,Pickup,,Crew,,,,168.1,248.8,78.7,73.2,65.7,63.4,,,,,,,,,
nhtsa-ford-f-350-pickup-crew-long-168-1-2,Pickup,,Crew,,,,168.1,248.8,,73.2,65.7,73.2,,,,,,,,,
nhtsa-ford-f-350-pickup-crew-long-172,Pickup,,Crew,,,,172,257.1,95.7,80.7,,,,,,,,,,,
nhtsa-ford-f-350-pickup-crew-long-172-2,Pickup,,Crew,,,,172,257.1,95.7,78,,,,,,,,,,,
nhtsa-ford-f-350-pickup-crew-long-172-4,Pickup,,Crew,,,,172.4,257.5,79.9,,68.5,68.5,,,,,,,,,
nhtsa-ford-f-350-pickup-crew-long-172-4-2,Pickup,,Crew,,,,172.4,257.5,95.7,,,,,,,,,,,,
nhtsa-ford-f-350-pickup-crew-long-172-8,Pickup,,Crew,,,,172.8,258.7,79.9,77.2,68.5,67.3,,,,,,,,,
nhtsa-ford-f-350-pickup-crew-long-172-8-2,Pickup,,Crew,,,,172.8,258.7,79.9,80.7,68.5,67.3,,,,,,,,,
nhtsa-ford-f-350-pickup-crew-long-172-8-3,Pickup,,Crew,,,,172.8,258.7,96.1,77.2,68.5,74.8,,,,,,,,,
nhtsa-ford-f-350-pickup-crew-long-172-8-4,Pickup,,Crew,,,,172.8,258.7,96.1,79.9,68.5,74.8,,,,,,,,,
nhtsa-ford-f-350-pickup-crew-long-176,Pickup,,Crew,,,,176,263.8,79.9,78,68.5,67.3,,,,,,,,,
nhtsa-ford-f-350-pickup-crew-long-176-2,Pickup,,Crew,,,,176,263.8,79.9,81.1,68.5,67.3,,,,,,,,,
nhtsa-ford-f-350-pickup-crew-long-176-3,Pickup,,Crew,,,,176,263.8,79.9,78,69.3,74.8,,,,,,,,,
nhtsa-ford-f-350-pickup-crew-long-176-4,Pickup,,Crew,,,,176,263.8,79.9,81.1,69.3,74.8,,,,,,,,,
nhtsa-ford-f-350-pickup-crew-long-176-5,Pickup,,Crew,,,,176,263.8,79.9,78.7,69.7,67.3,,,,,,,,,
nhtsa-ford-f-350-pickup-crew-long-176-6,Pickup,,Crew,,,,176,263.8,79.9,79.1,69.7,74,,,,,,,,,
nhtsa-ford-f-350-pickup-crew-short-156-3,Pickup,,Crew,,,,156.3,241.3,79.9,,68.5,68.5,,,,,,,,,
nhtsa-ford-f-350-pickup-crew-short-156-3-2,Pickup,,Crew,,,,156.3,241.3,95.7,,,,,,,,,,,,
nhtsa-ford-f-350-pickup-crew-short-157-1,Pickup,,Crew,,,,157.1,242.9,79.9,77.2,68.5,67.3,,,,,,,,,
nhtsa-ford-f-350-pickup-crew-short-157-1-2,Pickup,,Crew,,,,157.1,242.9,79.9,80.7,68.5,67.3,,,,,,,,,
nhtsa-ford-f-350-pickup-crew-short-159-8,Pickup,,Crew,,,,159.8,247.6,79.9,78.3,68.5,67.3,,,,,,,,,
nhtsa-ford-f-350-pickup-crew-short-159-8-2,Pickup,,Crew,,,,159.8,247.6,79.9,81.5,68.5,67.3,,,,,,,,,
nhtsa-ford-f-350-pickup-crew-short-159-8-3,Pickup,,Crew,,,,159.8,247.6,79.9,79.1,69.7,67.3,,,,,,,,,
nhtsa-ford-f-350-pickup-crew-short-159-8-4,Pickup,,Crew,,,,159.8,247.6,79.9,81.5,69.7,67.3,,,,,,,,,
nhtsa-ford-f-350-pickup-extended-long-142-1,Pickup,,Extended,,,,142.1,227.2,79.9,80.7,68.5,68.5,,,,,,,,,
nhtsa-ford-f-350-pickup-extended-long-142-1-2,Pickup,,Extended,,,,142.1,227.2,79.9,76.8,68.5,68.5,,,,,,,,,
nhtsa-ford-f-350-pickup-extended-long-155-1,Pickup,,Extended,,,,155.1,235.4,,73.2,65.7,73.2,,,,,,,,,
nhtsa-ford-f-350-pickup-extended-long-157-9,Pickup,,Extended,,,,157.9,243.3,79.9,,68.5,68.5,,,,,,,,,
nhtsa-ford-f-350-pickup-extended-long-157-9-2,Pickup,,Extended,,,,157.9,243.3,95.7,,,,,,,,,,,,
nhtsa-ford-f-350-pickup-extended-long-158-7,Pickup,,Extended,,,,158.7,244.5,79.9,76.8,68.5,67.3,,,,,,,,,
nhtsa-ford-f-350-pickup-extended-long-158-7-2,Pickup,,Extended,,,,158.7,244.5,79.9,80.3,68.5,67.3,,,,,,,,,
nhtsa-ford-f-350-pickup-extended-long-158-7-3,Pickup,,Extended,,,,158.7,244.5,96.1,76.8,68.5,74.8,,,,,,,,,
nhtsa-ford-f-350-pickup-extended-long-158-7-4,Pickup,,Extended,,,,158.7,244.5,96.1,79.5,68.5,74.8,,,,,,,,,
nhtsa-ford-f-350-pickup-extended-long-164-2,Pickup,,Extended,,,,164.2,252,79.9,78,68.5,67.3,,,,,,,,,
nhtsa-ford-f-350-pickup-extended-long-164-2-2,Pickup,,Extended,,,,164.2,252,79.9,81.1,68.5,67.3,,,,,,,,,
nhtsa-ford-f-350-pickup-extended-long-164-2-3,Pickup,,Extended,,,,164.2,252,79.9,78,69.3,74.8,,,,,,,,,
nhtsa-ford-f-350-pickup-extended-long-164-2-4,Pickup,,Extended,,,,164.2,252,79.9,81.1,69.3,74.8,,,,,,,,,
nhtsa-ford-f-350-pickup-extended-long-164-2-5,Pickup,,Extended,,,,164.2,252,79.9,79.1,69.7,67.3,,,,,,,,,
nhtsa-ford-f-350-pickup-extended-long-164-2-6,Pickup,,Extended,,,,164.2,252,79.9,81.5,69.7,67.3,,,,,,,,,
nhtsa-ford-f-350-pickup-extended-long-164-2-7,Pickup,,Extended,,,,164.2,252,79.9,79.1,69.7,74,,,,,,,,,
nhtsa-ford-f-350-pickup-extended-long-164-2-8,Pickup,,Extended,,,,164.2,252,79.9,81.5,69.7,74,,,,,,,,,
nhtsa-ford-f-350-pickup-extended-short-141-7,Pickup,,Extended,,,,141.7,227.2,79.9,,68.5,68.5,,,,,,,,,
nhtsa-ford-f-350-pickup-extended-short-141-7-2,Pickup,,Extended,,,,141.7,227.2,79.9,76.8,68.5,68.5,,,,,,,,,
nhtsa-ford-f-350-pickup-extended-short-142-9,Pickup,,Extended,,,,142.9,228.7,79.9,76.8,68.5,67.3,,,,,,,,,
nhtsa-ford-f-350-pickup-extended-short-142-9-2,Pickup,,Extended,,,,142.9,228.7,79.9,80.3,68.5,67.3,,,,,,,,,
nhtsa-ford-f-350-pickup-extended-short-147-6,Pickup,,Extended,,,,147.6,235.8,79.9,79.1,69.7,67.3,,,,,,,,,
nhtsa-ford-f-350-pickup-extended-short-148,Pickup,,Extended,,,,148,235.8,79.9,78,68.5,67.3,,,,,,,,,
nhtsa-ford-f-350-pickup-extended-short-148-2,Pickup,,Extended,,,,148,235.8,79.9,81.5,68.5,67.3,,,,,,,,,
nhtsa-ford-f-350-pickup-extended-short-148-3,Pickup,,Extended,,,,148,235.8,79.9,81.5,69.7,67.3,,,,,,,,,
nhtsa-ford-f-350-pickup-regular-long-133-1,Pickup,,Regular,,,,133.1,213.4,78.7,73.2,65.7,63.4,,,,,,,,,
nhtsa-ford-f-350-pickup-regular-long-133-1-2,Pickup,,Regular,,,,133.1,213.4,,73.2,65.7,73.2,,,,,,,,,
nhtsa-ford-f-350-pickup-regular-long-137,Pickup,,Regular,,,,137,222,79.9,,68.5,68.5,,,,,,,,,
nhtsa-ford-f-350-pickup-regular-long-137-2,Pickup,,Regular,,,,137,222,95.7,,,,,,,,,,,,
nhtsa-ford-f-350-pickup-regular-long-137-3,Pickup,,Regular,,,,137,222,79.9,79.5,68.5,68.5,,,,,,,,,
nhtsa-ford-f-350-pickup-regular-long-137-4,Pickup,,Regular,,,,137,222,79.9,76.4,68.5,68.5,,,,,,,,,
nhtsa-ford-f-350-pickup-regular-long-137-8,Pickup,,Regular,,,,137.8,223.6,79.9,76.4,68.5,67.3,,,,,,,,,
nhtsa-ford-f-350-pickup-regular-long-137-8-2,Pickup,,Regular,,,,137.8,223.6,79.9,79.9,68.5,67.3,,,,,,,,,
nhtsa-ford-f-350-pickup-regular-long-137-8-3,Pickup,,Regular,,,,137.8,223.6,96.1,76.8,68.5,74.8,,,,,,,,,
nhtsa-ford-f-350-pickup-regular-long-137-8-4,Pickup,,Regular,,,,137.8,223.6,96.1,79.5,68.5,74.8,,,,,,,,,
nhtsa-ford-f-350-pickup-regular-long-141-3,Pickup,,Regular,,,,141.3,229.5,79.9,78.7,69.7,67.3,,,,,,,,,
nhtsa-ford-f-350-pickup-regular-long-141-3-2,Pickup,,Regular,,,,141.3,229.5,79.9,81.5,69.7,67.3,,,,,,,,,
nhtsa-ford-f-350-pickup-regular-long-141-3-3,Pickup,,Regular,,,,141.3,229.5,79.9,79.5,69.7,74,,,,,,,,,
nhtsa-ford-f-350-pickup-regular-long-141-3-4,Pickup,,Regular,,,,141.3,229.5,79.9,81.5,69.7,74,,,,,,,,,
nhtsa-ford-f-350-pickup-regular-long-141-7,Pickup,,Regular,,,,141.7,229.5,79.9,78,68.5,67.3,,,,,,,,,
nhtsa-ford-f-350-pickup-regular-long-141-7-2,Pickup,,Regular,,,,141.7,229.5,79.9,81.1,68.5,67.3,,,,,,,,,
nhtsa-ford-f-350-pickup-regular-long-141-7-3,Pickup,,Regular,,,,141.7,229.5,79.9,78.3,69.3,74.8,,,,,,,,,
nhtsa-ford-f-350-pickup-regular-long-141-7-4,Pickup,,Regular,,,,141.7,229.5,79.9,80.7,69.3,74.8,,,,,,,,,
nhtsa-ford-f-450-pickup-crew-long-172-8,Pickup,,Crew,,,,172.8,258.7,96.1,79.5,68.5,74.8,,,,,,,,,
nhtsa-ford-f-450-pickup-crew-long-176,Pickup,,Crew,,,,176,263.8,79.9,81.1,74.8,74.8,,,,,,,,,
nhtsa-ford-f-450-pickup-crew-long-176-2,Pickup,,Crew,,,,176,263.8,79.9,81.9,77.2,74,,,,,,,,,
nhtsa-ford-f-450-pickup-regular-long-141-3,Pickup,,Regular,,,,141.3,229.5,79.9,81.9,77.2,74,,,,,,,,,
nhtsa-ford-fairmont-body-2dr-105-5,,2,,,,,105.5,197.2,70.9,51.6,,,,,,,,,,,
nhtsa-ford-fairmont-body-2dr-105-5-2,,2,,,,,105.5,195.7,70.9,52.8,,,,,,,,,,,
nhtsa-ford-fairmont-body-4dr-105-5,,4,,,,,105.5,195.7,70.9,52.8,,,,,,,,,,,
nhtsa-ford-fairmont-wagon-105-5,Wagon,,,,,,105.5,195.7,70.9,54.3,,,,,,,,,,,
nhtsa-ford-festiva-body-2dr-90-2,,2,,,,,90.2,140.6,63.4,55.1,55.1,54.7,,,,,,,,,
nhtsa-ford-festiva-body-2dr-90-2-2,,2,,,,,90.2,140.6,63.4,55.1,,,,,,,,,,,
nhtsa-ford-fiesta-body-4dr-98,,4,,,,,98,160.2,67.7,57.9,57.9,57.9,,,,,,,,,
nhtsa-ford-fiesta-body-4dr-98-2,,4,,,,,98,159.8,67.7,58.3,57.9,57.1,,,,,,,,,
nhtsa-ford-fiesta-hatchback-4dr-98,Hatchback,4,,,,,98,160.2,67.7,57.1,57.9,57.1,,,,,,,,,
nhtsa-ford-fiesta-sedan-4dr-98,Sedan,4,,,,,98,173.6,67.7,57.9,57.9,57.9,,,,,,,,,
nhtsa-ford-fiesta-sedan-4dr-98-2,Sedan,4,,,,,98,173.2,67.7,58.3,57.5,57.1,,,,,,,,,
nhtsa-ford-fiesta-st-hatchback-4dr-98,Hatchback,4,,,,,98,160.2,67.7,57.1,57.9,57.1,,,,,,,,,
nhtsa-ford-five-hundred-sedan-4dr-112-6,Sedan,4,,,,,112.6,200.8,74.4,61.8,64.2,64.2,,,,,,,,,
nhtsa-ford-five-hundred-sedan-4dr-112-6-2,Sedan,4,,,,,112.6,200.8,73.6,60.2,64.2,64.2,,,,,,,,,
nhtsa-ford-flex-body-5dr-118-1,,5,,,,,118.1,202,76,67.7,65.7,65.7,,,,,,,,,
nhtsa-ford-focus-body-2dr-103-1,,2,,,,,103.1,168.9,66.9,56.3,58.7,58.3,,,,,,,,,
nhtsa-ford-focus-body-2dr-103-1-2,,2,,,,,103.1,168.9,66.9,58.7,58.7,58.3,,,,,,,,,
nhtsa-ford-focus-body-3dr-102-8,,3,,,,,102.8,168.9,66.9,56.3,58.7,58.3,,,,,,,,,
nhtsa-ford-focus-body-4dr-102-8,,4,,,,,102.8,168.1,66.9,56.3,57.9,57.9,,,,,,,,,
nhtsa-ford-focus-body-4dr-102-8-2,,4,,,,,102.8,168.1,66.9,58.7,57.9,57.9,,,,,,,,,
nhtsa-ford-focus-body-5dr-102-8,,5,,,,,102.8,168.9,66.9,56.3,59.1,58.7,,,,,,,,,
nhtsa-ford-focus-coupe-2dr-102-8,Coupe,2,,,,,102.8,175.2,67.7,58.7,57.9,57.5,,,,,,,,,
nhtsa-ford-focus-hatchback-104-3,Hatchback,,,,,,104.3,172.4,71.7,58.3,60.6,59.4,,,,,,,,,
nhtsa-ford-focus-hatchback-2dr-103-1,Hatchback,2,,,,,103.1,168.1,66.9,56.3,57.9,57.9,,,,,,,,,
nhtsa-ford-focus-hatchback-4dr-104-3,Hatchback,4,,,,,104.3,171.7,72,57.9,60.6,60.6,,,,,,,,,
nhtsa-ford-focus-hatchback-4dr-104-3-2,Hatchback,4,,,,,104.3,172,73.2,58.3,60.2,60.6,,,,,,,,,
nhtsa-ford-focus-hatchback-4dr-104-3-3,Hatchback,4,,,,,104.3,172.8,71.7,57.9,60.6,59.8,,,,,,,,,
nhtsa-ford-focus-sedan-4dr-102-8,Sedan,4,,,,,102.8,175.2,67.7,58.7,58.3,57.1,,,,,,,,,
nhtsa-ford-focus-sedan-4dr-103-1,Sedan,4,,,,,103.1,174.8,66.9,56.3,57.9,57.9,,,,,,,,,
nhtsa-ford-focus-sedan-4dr-103-1-2,Sedan,4,,,,,103.1,174.8,66.9,58.7,57.9,57.9,,,,,,,,,
nhtsa-ford-focus-sedan-4dr-104-3,Sedan,4,,,,,104.3,178.3,72,57.9,61,59.8,,,,,,,,,
nhtsa-ford-focus-st-hatchback-4dr-104-3,Hatchback,4,,,,,104.3,172,73.2,58.3,60.2,60.6,,,,,,,,,
nhtsa-ford-focus-wagon-4dr-103-1,Wagon,4,,,,,103.1,178.3,66.9,57.1,57.9,57.9,,,,,,,,,
nhtsa-ford-focus-wagon-4dr-103-1-2,Wagon,4,,,,,103.1,178.3,66.9,61.4,57.9,57.9,,,,,,,,,
nhtsa-ford-freestar-body-121-3,,,,,,,121.3,201.6,76.8,68.9,63.8,62.6,,,,,,,,,
nhtsa-ford-freestyle-wagon-4dr-112-6,Wagon,4,,,,,112.6,200,74.4,65,64.2,64.6,,,,,,,,,
nhtsa-ford-freestyle-wagon-4dr-112-6-2,Wagon,4,,,,,112.6,200,74.8,65,64.2,64.6,,,,,,,,,
nhtsa-ford-fusion-sedan-4dr-107-5,Sedan,4,,,,,107.5,190.2,71.7,55.9,60.6,61.4,,,,,,,,,
nhtsa-ford-fusion-sedan-4dr-107-5-2,Sedan,4,,,,,107.5,190.2,71.7,57.1,60.6,61.4,,,,,,,,,
nhtsa-ford-fusion-sedan-4dr-107-5-3,Sedan,4,,,,,107.5,190.2,72,57.1,61.4,61,,,,,,,,,
nhtsa-ford-fusion-sedan-4dr-111-8,Sedan,4,,,,,111.8,192.1,73.2,57.5,63,63,,,,,,,,,
nhtsa-ford-fusion-sedan-4dr-112-2,Sedan,4,,,,,112.2,191.7,72.8,58.3,62.6,62.6,,,,,,,,,
nhtsa-ford-fusion-sedan-4dr-112-2-2,Sedan,4,,,,,112.2,191.7,73.2,57.5,62.2,62.2,,,,,,,,,
nhtsa-ford-granada-body-2dr-105-5,,2,,,,,105.5,196.5,70.9,52.8,,,,,,,,,,,
nhtsa-ford-granada-body-4dr-105-5,,4,,,,,105.5,196.5,70.9,52.8,,,,,,,,,,,
nhtsa-ford-granada-wagon-105-5,Wagon,,,,,,105.5,196.5,70.9,54.3,,,,,,,,,,,
nhtsa-ford-gt-coupe-2dr-106-7,Coupe,2,,,,,106.7,182.7,76.8,44.5,63,65,,,,,,,,,
nhtsa-ford-gt-coupe-2dr-106-7-2,Coupe,2,,,,,106.7,187.4,78.7,43.7,66.5,65.4,,,,,,,,,
nhtsa-ford-ltd-body-105-5,,,,,,,105.5,196.5,70.9,53.5,,,,,,,,,,,
nhtsa-ford-ltd-body-2dr-114-2,,2,,,,,114.2,209.4,77.6,54.7,,,,,,,,,,,
nhtsa-ford-ltd-body-2dr-114-2-2,,2,,,,,114.2,211,77.2,55.1,,,,,,,,,,,
nhtsa-ford-ltd-body-2dr-114-2-3,,2,,,,,114.2,211,77.6,55.1,,,,,,,,,,,
nhtsa-ford-ltd-body-4dr-105-5,,4,,,,,105.5,196.5,70.9,53.9,,,,,,,,,,,
nhtsa-ford-ltd-body-4dr-114-2,,4,,,,,114.2,209.4,75.6,54.7,,,,,,,,,,,
nhtsa-ford-ltd-body-4dr-114-2-2,,4,,,,,114.2,211,77.6,55.1,,,,,,,,,,,
nhtsa-ford-ltd-wagon-105-5,Wagon,,,,,,105.5,196.5,70.9,54.3,,,,,,,,,,,
nhtsa-ford-ltd-wagon-114-2,Wagon,,,,,,114.2,215,79.1,57.5,,,,,,,,,,,
nhtsa-ford-ltd-wagon-114-2-2,Wagon,,,,,,114.2,215,79.1,56.7,,,,,,,,,,,
nhtsa-ford-maverick-pickup-4dr-121-3,Pickup,4,,,,,121.3,199.6,72.4,74,63.4,63,,,,,,,,,
nhtsa-ford-mustang-body-100-4,,,,,,,100.4,179.1,68.9,51.2,,,,,,,,,,,
nhtsa-ford-mustang-body-100-4-2,,,,,,,100.4,179.1,68.9,52,,,,,,,,,,,
nhtsa-ford-mustang-body-100-4-3,,,,,,,100.4,180.7,68.9,52,,,,,,,,,,,
nhtsa-ford-mustang-body-101-2,,,,,,,101.2,181.5,71.7,53.5,59.8,58.7,,,,,,,,,
nhtsa-ford-mustang-body-2dr-100-4,,2,,,,,100.4,179.1,69.3,51.6,,,,,,,,,,,
nhtsa-ford-mustang-body-2dr-100-4-2,,2,,,,,100.4,179.5,68.9,52,,,,,,,,,,,
nhtsa-ford-mustang-body-2dr-100-4-3,,2,,,,,100.4,179.5,68.1,52,57.1,57.1,,,,,,,,,
nhtsa-ford-mustang-body-2dr-100-4-4,,2,,,,,100.4,179.5,68.1,52,,,,,,,,,,,
nhtsa-ford-mustang-body-2dr-101-6,,2,,,,,101.6,186.2,73.2,52.8,59.8,60.2,,,,,,,,,
nhtsa-ford-mustang-convertible-100-4,Convertible,,,,,,100.4,179.5,68.9,52,,,,,,,,,,,
nhtsa-ford-mustang-convertible-100-4-2,Convertible,,,,,,100.4,179.5,57.5,52,58.3,58.3,,,,,,,,,
nhtsa-ford-mustang-convertible-100-4-3,Convertible,,,,,,100.4,179.5,68.1,52,58.3,57.9,,,,,,,,,
nhtsa-ford-mustang-convertible-2dr-101-2,Convertible,2,,,,,101.2,181.5,71.7,52.8,60.6,59.1,,,,,,,,,
nhtsa-ford-mustang-convertible-2dr-101-2-2,Convertible,2,,,,,101.2,181.5,71.7,53.5,60.2,59.1,,,,,,,,,
nhtsa-ford-mustang-convertible-2dr-101-2-3,Convertible,2,,,,,101.2,183.1,73.2,53.5,60.2,60.6,,,,,,,,,
nhtsa-ford-mustang-convertible-2dr-101-2-4,Convertible,2,,,,,101.2,183.5,73.2,53.5,59.8,59.8,,,,,,,,,
nhtsa-ford-mustang-convertible-2dr-107-1,Convertible,2,,,,,107.1,187.4,74,54.3,62.2,62.2,,,,,,,,,
nhtsa-ford-mustang-convertible-2dr-107-1-2,Convertible,2,,,,,107.1,188.2,74,55.9,62.2,63,,,,,,,,,
nhtsa-ford-mustang-convertible-2dr-107-1-3,Convertible,2,,,,,107.1,188.2,75.6,54.7,62.6,65,,,,,,,,,
nhtsa-ford-mustang-convertible-2dr-107-1-4,Convertible,2,,,,,107.1,189.4,75.6,55.1,61.8,64.6,,,,,,,,,
nhtsa-ford-mustang-coupe-2dr-100-4,Coupe,2,,,,,100.4,179.5,70.1,52,,,,,,,,,,,
nhtsa-ford-mustang-coupe-2dr-100-4-2,Coupe,2,,,,,100.4,179.5,68.1,52,56.7,56.7,,,,,,,,,
nhtsa-ford-mustang-coupe-2dr-101-2,Coupe,2,,,,,101.2,181.5,71.7,52.8,60.6,59.1,,,,,,,,,
nhtsa-ford-mustang-coupe-2dr-101-2-2,Coupe,2,,,,,101.2,181.5,71.7,53.5,59.8,58.7,,,,,,,,,
nhtsa-ford-mustang-coupe-2dr-101-2-3,Coupe,2,,,,,101.2,183.1,73.2,53.1,60.2,60.6,,,,,,,,,
nhtsa-ford-mustang-coupe-2dr-101-2-4,Coupe,2,,,,,101.2,183.5,73.2,53.1,59.8,59.8,,,,,,,,,
nhtsa-ford-mustang-coupe-2dr-101-6,Coupe,2,,,,,101.6,186.2,73.2,52.8,59.8,60.2,,,,,,,,,
nhtsa-ford-mustang-coupe-2dr-107-1,Coupe,2,,,,,107.1,187.8,74,54.3,62.2,62.6,,,,,,,,,
nhtsa-ford-mustang-coupe-2dr-107-1-2,Coupe,2,,,,,107.1,188.2,74,55.9,62.2,63,,,,,,,,,
nhtsa-ford-mustang-coupe-2dr-107-1-3,Coupe,2,,,,,107.1,188.2,75.6,54.3,62.2,65,,,,,,,,,
nhtsa-ford-mustang-coupe-2dr-107-1-4,Coupe,2,,,,,107.1,189.8,76,54.3,63.4,63.8,,,,,,,,,
nhtsa-ford-mustang-coupe-2dr-107-1-5,Coupe,2,,,,,107.1,190.2,76.8,54.3,63.4,63.8,,,,,,,,,
nhtsa-ford-mustang-coupe-2dr-107-1-6,Coupe,2,,,,,107.1,188.6,75.6,54.3,62.2,63.8,,,,,,,,,
nhtsa-ford-mustang-coupe-2dr-107-1-7,Coupe,2,,,,,107.1,189.4,75.6,55.1,62.2,63.8,,,,,,,,,
nhtsa-ford-mustang-coupe-2dr-107-1-8,Coupe,2,,,,,107.1,189.4,75.6,55.1,61.8,64.6,,,,,,,,,
nhtsa-ford-mustang-hatchback-100-4,Hatchback,,,,,,100.4,179.5,68.9,52,,,,,,,,,,,
nhtsa-ford-mustang-hatchback-2dr-100-4,Hatchback,2,,,,,100.4,179.5,70.1,52,,,,,,,,,,,
nhtsa-ford-mustang-hatchback-2dr-100-4-2,Hatchback,2,,,,,100.4,179.5,57.5,52,58.3,58.3,,,,,,,,,
nhtsa-ford-mustang-mach-e-suv-4dr-116-9,SUV,4,,,,,116.9,185.8,74,63,64.2,64.2,,,,,,,,,
nhtsa-ford-mustang-sedan-2dr-100-4,Sedan,2,,,,,100.4,179.1,69.3,51.6,,,,,,,,,,,
nhtsa-ford-probe-coupe-2dr-102-8,Coupe,2,,,,,102.8,178.7,69.7,51.6,,,,,,,,,,,
nhtsa-ford-probe-coupe-2dr-102-8-2,Coupe,2,,,,,102.8,178.7,69.7,52,59.4,59.4,,,,,,,,,
nhtsa-ford-probe-coupe-2dr-102-8-3,Coupe,2,,,,,102.8,178.7,69.7,51.6,59.8,59.8,,,,,,,,,
nhtsa-ford-probe-coupe-2dr-102-8-4,Coupe,2,,,,,102.8,179.5,69.7,52,59.4,59.4,,,,,,,,,
nhtsa-ford-probe-hatchback-2dr-99-2,Hatchback,2,,,,,99.2,177.2,,52,57.9,57.9,,,,,,,,,
nhtsa-ford-probe-hatchback-2dr-99-2-2,Hatchback,2,,,,,99.2,177.2,67.7,52,57.5,57.5,,,,,,,,,
nhtsa-ford-probe-hatchback-2dr-99-2-3,Hatchback,2,,,,,99.2,177.2,68.5,52,57.5,57.5,,,,,,,,,
nhtsa-ford-ranger-body-107-9,,,,,,,107.9,175.6,66.9,64.2,,,,,,,,,,,
nhtsa-ford-ranger-body-107-9-2,,,,,,,107.9,175.6,66.9,66.9,,,,,,,,,,,
nhtsa-ford-ranger-body-107-9-3,,,,,,,107.9,179.9,69.3,67.7,,,,,,,,,,,
nhtsa-ford-ranger-body-108-3,,,,,,,108.3,181.1,69.3,64.2,,,,,,,,,,,
nhtsa-ford-ranger-body-108-3-2,,,,,,,108.3,179.9,69.3,64.2,,,,,,,,,,,
nhtsa-ford-ranger-body-113-8,,,,,,,113.8,187.8,66.9,64.2,,,,,,,,,,,
nhtsa-ford-ranger-body-113-8-2,,,,,,,113.8,187.8,66.9,66.9,,,,,,,,,,,
nhtsa-ford-ranger-body-113-8-3,,,,,,,113.8,187.8,66.9,63.8,,,,,,,,,,,
nhtsa-ford-ranger-body-113-8-4,,,,,,,113.8,187.8,66.9,66.5,,,,,,,,,,,
nhtsa-ford-ranger-body-113-8-5,,,,,,,113.8,192.9,69.3,64.2,,,,,,,,,,,
nhtsa-ford-ranger-body-113-8-6,,,,,,,113.8,192.9,69.3,67.7,,,,,,,,,,,
nhtsa-ford-ranger-body-crew-126-8,,,Crew,,,,126.8,211,73.2,71.3,61.4,61.4,,,,,,,,,
nhtsa-ford-ranger-body-crew-128-7,,,Crew,,,,128.7,210.6,79.9,76,63.8,67.3,,,,,,,,,
nhtsa-ford-ranger-body-crew-128-7-2,,,Crew,,,,128.7,210.6,75.6,74.4,63.8,67.3,,,,,,,,,
nhtsa-ford-ranger-body-extended-125-2,,,Extended,,,,125.2,192.5,66.9,65.4,,,,,,,,,,,
nhtsa-ford-ranger-body-extended-125-2-2,,,Extended,,,,125.2,192.5,66.9,68.1,,,,,,,,,,,
nhtsa-ford-ranger-body-extended-126,,,Extended,,,,126,198,69.3,64.2,,,,,,,,,,,
nhtsa-ford-ranger-body-extended-126-2,,,Extended,,,,126,198,69.3,67.7,,,,,,,,,,,
nhtsa-ford-ranger-body-extended-126-8,,,Extended,,,,126.8,211,73.2,71.3,61.4,61.4,,,,,,,,,
nhtsa-ford-ranger-pickup-extended-125-2,Pickup,,Extended,,,,125.2,192.5,66.9,68.1,,,,,,,,,,,
nhtsa-ford-ranger-pickup-extended-125-2-2,Pickup,,Extended,,,,125.2,192.5,66.9,65.4,,,,,,,,,,,
nhtsa-ford-ranger-pickup-extended-125-2-3,Pickup,,Extended,,,,125.2,198,69.3,64.2,56.7,58.3,,,,,,,,,
nhtsa-ford-ranger-pickup-extended-125-2-4,Pickup,,Extended,,,,125.2,198,69.3,67.7,57.5,57.5,,,,,,,,,
nhtsa-ford-ranger-pickup-extended-125-6,Pickup,,Extended,,,,125.6,202.8,69.3,65,58.7,57.5,,,,,,,,,
nhtsa-ford-ranger-pickup-extended-126,Pickup,,Extended,,,,126,201.6,70.1,67.7,58.7,57.5,,,,,,,,,
nhtsa-ford-ranger-pickup-extended-short-125-2,Pickup,,Extended,,,,125.2,198,69.3,67.7,57.5,57.5,,,,,,,,,
nhtsa-ford-ranger-pickup-extended-short-125-2-2,Pickup,,Extended,,,,125.2,198,69.3,64.2,56.7,58.3,,,,,,,,,
nhtsa-ford-ranger-pickup-extended-short-125-6,Pickup,,Extended,,,,125.6,202.8,69.3,65,58.7,57.5,,,,,,,,,
nhtsa-ford-ranger-pickup-extended-short-125-6-2,Pickup,,Extended,,,,125.6,201.6,69.3,67.7,58.7,57.5,,,,,,,,,
nhtsa-ford-ranger-pickup-extended-short-125-6-3,Pickup,,Extended,,,,125.6,201.6,69.3,65,58.7,57.5,,,,,,,,,
nhtsa-ford-ranger-pickup-extended-short-126,Pickup,,Extended,,,,126,202.8,70.1,67.7,58.7,57.5,,,,,,,,,
nhtsa-ford-ranger-pickup-regular-107-9,Pickup,,Regular,,,,107.9,179.9,69.3,64.2,56.7,58.3,,,,,,,,,
nhtsa-ford-ranger-pickup-regular-107-9-2,Pickup,,Regular,,,,107.9,179.9,69.3,67.7,57.5,57.5,,,,,,,,,
nhtsa-ford-ranger-pickup-regular-111-8,Pickup,,Regular,,,,111.8,187.4,69.3,65,58.7,57.5,,,,,,,,,
nhtsa-ford-ranger-pickup-regular-111-8-2,Pickup,,Regular,,,,111.8,187.8,70.1,67.7,58.7,57.5,,,,,,,,,
nhtsa-ford-ranger-pickup-regular-long-114-2,Pickup,,Regular,,,,114.2,192.9,69.3,64.2,56.7,58.3,,,,,,,,,
nhtsa-ford-ranger-pickup-regular-long-114-2-2,Pickup,,Regular,,,,114.2,192.9,69.3,67.7,57.5,57.5,,,,,,,,,
nhtsa-ford-ranger-pickup-regular-long-117-3,Pickup,,Regular,,,,117.3,199.6,69.3,65,58.7,57.5,,,,,,,,,
nhtsa-ford-ranger-pickup-regular-long-117-3-2,Pickup,,Regular,,,,117.3,199.6,69.3,68.1,58.7,57.5,,,,,,,,,
nhtsa-ford-ranger-pickup-regular-long-117-7,Pickup,,Regular,,,,117.7,200.8,69.3,65,58.7,57.5,,,,,,,,,
nhtsa-ford-ranger-pickup-regular-long-117-7-2,Pickup,,Regular,,,,117.7,199.6,70.1,67.7,58.7,57.5,,,,,,,,,
nhtsa-ford-ranger-pickup-regular-short-107-9,Pickup,,Regular,,,,107.9,179.9,69.3,64.2,56.7,58.3,,,,,,,,,
nhtsa-ford-ranger-pickup-regular-short-107-9-2,Pickup,,Regular,,,,107.9,179.9,69.3,67.7,57.5,57.5,,,,,,,,,
nhtsa-ford-ranger-pickup-regular-short-111-8,Pickup,,Regular,,,,111.8,188.6,69.3,65,58.7,57.5,,,,,,,,,
nhtsa-ford-ranger-pickup-regular-short-111-8-2,Pickup,,Regular,,,,111.8,187.4,70.1,67.7,58.7,57.5,,,,,,,,,
nhtsa-ford-ranger-pickup-regular-short-111-8-3,Pickup,,Regular,,,,111.8,187.4,69.3,65,58.7,57.5,,,,,,,,,
nhtsa-ford-ranger-pickup-regular-short-111-8-4,Pickup,,Regular,,,,111.8,187.8,70.1,67.7,58.7,57.5,,,,,,,,,
nhtsa-ford-ranger-pickup-regular-short-111-8-5,Pickup,,Regular,,,,111.8,187.4,70.1,63.8,58.7,57.5,,,,,,,,,
nhtsa-ford-ranger-pickup-regular-short-111-8-6,Pickup,,Regular,,,,111.8,187.4,69.3,63.8,58.7,57.5,,,,,,,,,
nhtsa-ford-ranger-pickup-regular-short-111-8-7,Pickup,,Regular,,,,111.8,187.4,69.3,67.7,58.7,57.5,,,,,,,,,
nhtsa-ford-taurus-sedan-105-9,Sedan,,,,,,105.9,188.6,70.9,54.3,,,,,,,,,,,
nhtsa-ford-taurus-sedan-105-9-2,Sedan,,,,,,105.9,188.6,70.9,54.3,61.4,60.2,,,,,,,,,
nhtsa-ford-taurus-sedan-4dr-105-9,Sedan,4,,,,,105.9,188.6,70.9,54.3,,,,,,,,,,,
nhtsa-ford-taurus-sedan-4dr-105-9-2,Sedan,4,,,,,105.9,188.6,70.9,54.3,61.4,60.2,,,,,,,,,
nhtsa-ford-taurus-sedan-4dr-105-9-3,Sedan,4,,,,,105.9,188.6,70.9,54.7,61.4,60.2,,,,,,,,,
nhtsa-ford-taurus-sedan-4dr-105-9-4,Sedan,4,,,,,105.9,188.6,70.9,54.7,61.4,59.8,,,,,,,,,
nhtsa-ford-taurus-sedan-4dr-105-9-5,Sedan,4,,,,,105.9,192.1,71.3,53.9,,,,,,,,,,,
nhtsa-ford-taurus-sedan-4dr-105-9-6,Sedan,4,,,,,105.9,192.1,70.9,53.9,61.4,60.6,,,,,,,,,
nhtsa-ford-taurus-sedan-4dr-108-7,Sedan,4,,,,,108.7,197.6,72.8,55.1,61.4,61.4,,,,,,,,,
nhtsa-ford-taurus-sedan-4dr-108-7-2,Sedan,4,,,,,108.7,197.6,72.8,55.1,61.8,61.4,,,,,,,,,
nhtsa-ford-taurus-sedan-4dr-108-7-3,Sedan,4,,,,,108.7,197.6,72.8,56.3,61.8,62.2,,,,,,,,,
nhtsa-ford-taurus-sedan-4dr-113,Sedan,4,,,,,113,202,74.4,61.4,65,64.6,,,,,,,,,
nhtsa-ford-taurus-sedan-4dr-113-2,Sedan,4,,,,,113,203.1,76.4,60.6,66.1,66.1,,,,,,,,,
nhtsa-ford-taurus-wagon-105-9,Wagon,,,,,,105.9,191.7,70.9,55.1,,,,,,,,,,,
nhtsa-ford-taurus-wagon-105-9-2,Wagon,,,,,,105.9,192.9,71.3,55.5,,,,,,,,,,,
nhtsa-ford-taurus-wagon-4dr-105-9,Wagon,4,,,,,105.9,191.7,70.9,55.1,,,,,,,,,,,
nhtsa-ford-taurus-wagon-4dr-105-9-2,Wagon,4,,,,,105.9,193.3,70.9,55.5,61.4,59.8,,,,,,,,,
nhtsa-ford-taurus-wagon-4dr-108-7,Wagon,4,,,,,108.7,199.6,72.8,57.9,61,61.4,,,,,,,,,
nhtsa-ford-taurus-wagon-4dr-108-7-2,Wagon,4,,,,,108.7,199.6,72.8,57.5,61,61.4,,,,,,,,,
nhtsa-ford-taurus-wagon-4dr-108-7-3,Wagon,4,,,,,108.7,199.6,72.8,57.9,61.8,62.2,,,,,,,,,
nhtsa-ford-taurus-wagon-4dr-108-7-4,Wagon,4,,,,,108.7,197.6,72.8,57.9,61.8,62.2,,,,,,,,,
nhtsa-ford-taurus-x-body-4dr-113,,4,,,,,113,200.4,74.8,67.3,64.6,64.6,,,,,,,,,
nhtsa-ford-tempo-body-2dr-100,,2,,,,,100,176.4,68.1,52.8,,,,,,,,,,,
nhtsa-ford-tempo-body-2dr-100-2,,2,,,,,100,176.4,66.1,52.8,,,,,,,,,,,
nhtsa-ford-tempo-body-2dr-100-3,,2,,,,,100,176.8,69.3,52.8,55.5,57.5,,,,,,,,,
nhtsa-ford-tempo-body-4dr-100,,4,,,,,100,176.4,68.1,52.8,,,,,,,,,,,
nhtsa-ford-tempo-body-4dr-100-2,,4,,,,,100,176.4,66.1,52.8,,,,,,,,,,,
nhtsa-ford-tempo-coupe-2dr-100,Coupe,2,,,,,100,176.4,68.1,52.8,,,,,,,,,,,
nhtsa-ford-tempo-coupe-2dr-100-2,Coupe,2,,,,,100,176.8,68.5,52.8,54.7,57.5,,,,,,,,,
nhtsa-ford-tempo-sedan-2dr-100,Sedan,2,,,,,100,176.8,68.1,52.8,55.1,57.1,,,,,,,,,
nhtsa-ford-tempo-sedan-2dr-100-2,Sedan,2,,,,,100,176.8,68.1,52.8,,,,,,,,,,,
nhtsa-ford-tempo-sedan-4dr-100,Sedan,4,,,,,100,176.4,68.1,52.8,,,,,,,,,,,
nhtsa-ford-tempo-sedan-4dr-100-2,Sedan,4,,,,,100,177.2,68.1,52.8,55.1,57.1,,,,,,,,,
nhtsa-ford-tempo-sedan-4dr-100-3,Sedan,4,,,,,100,177.2,68.1,52.8,,,,,,,,,,,
nhtsa-ford-tempo-sedan-4dr-100-4,Sedan,4,,,,,100,177.2,68.5,52.8,54.7,57.5,,,,,,,,,
nhtsa-ford-thunderbird-body-103-9,,,,,,,103.9,197.6,71.3,53.1,,,,,,,,,,,
nhtsa-ford-thunderbird-convertible-2dr-107-1,Convertible,2,,,,,107.1,186.2,72,52,61,60.6,,,,,,,,,
nhtsa-ford-thunderbird-coupe-103-9,Coupe,,,,,,103.9,197.6,71.3,53.1,,,,,,,,,,,
nhtsa-ford-thunderbird-coupe-113,Coupe,,,,,,113,198.8,72.8,52.8,61.8,60.2,,,,,,,,,
nhtsa-ford-thunderbird-coupe-113-2,Coupe,,,,,,113,198.8,72.8,52.8,,,,,,,,,,,
nhtsa-ford-thunderbird-coupe-2dr-104-3,Coupe,2,,,,,104.3,202,71.3,53.5,,,,,,,,,,,
nhtsa-ford-thunderbird-coupe-2dr-113,Coupe,2,,,,,113,198.8,72.8,52.8,62.2,62.2,,,,,,,,,
nhtsa-ford-thunderbird-coupe-2dr-113-2,Coupe,2,,,,,113,200.4,72.8,52.4,61.8,60.2,,,,,,,,,
nhtsa-ford-thunderbird-coupe-2dr-113-3,Coupe,2,,,,,113,200.4,72.8,52.4,61.4,59.8,,,,,,,,,
nhtsa-ford-transit-connect-body-115,,,,,,,115,181.1,70.9,79.1,59.1,61.4,,,,,,,,,
nhtsa-ford-transit-connect-van-120-5,Van,,,,,,120.5,189.4,72.4,70.5,61.4,62.2,,,,,,,,,
nhtsa-ford-transit-connect-wagon-115,Wagon,,,,,,115,181.1,70.9,79.1,59.1,61.4,,,,,,,,,
nhtsa-ford-transit-connect-wagon-120-5,Wagon,,,,,,120.5,189.4,72.4,70.5,61.4,62.2,,,,,,,,,
nhtsa-ford-transit-van-120-5,Van,,,,,,120.5,189.4,72.4,70.5,61.4,62.2,,,,,,,,,
nhtsa-ford-transit-wagon-120-5,Wagon,,,,,,120.5,189.4,72.4,70.5,61.4,62.2,,,,,,,,,
nhtsa-ford-windstar-body-120-9,,,,,,,120.9,201.2,75.6,68.1,63.8,63.4,,,,,,,,,
nhtsa-ford-windstar-body-120-9-2,,,,,,,120.9,201.2,74.4,68.1,64.2,63,,,,,,,,,
nhtsa-ford-windstar-body-120-9-3,,,,,,,120.9,201.2,75.6,68.1,64.2,63,,,,,,,,,
nhtsa-ford-windstar-body-120-9-4,,,,,,,120.9,201.2,75.6,65.7,64.2,63,,,,,,,,,
nhtsa-ford-windstar-body-120-9-5,,,,,,,120.9,200.8,75.6,65.7,64.2,63,,,,,,,,,
nhtsa-ford-windstar-body-120-9-6,,,,,,,120.9,200.8,75.2,65.7,64.2,63,,,,,,,,,
nhtsa-genesis-g70-sedan-4dr-111-8,Sedan,4,,,,,111.8,183.9,72.8,55.1,62.6,62.6,,,,,,,,,
nhtsa-genesis-g80-sedan-4dr-118-5,Sedan,4,,,,,118.5,196.5,74.8,57.9,64.6,65.7,,,,,,,,,
nhtsa-genesis-g80-sedan-4dr-118-5-2,Sedan,4,,,,,118.5,196.5,75.6,57.9,64.6,65.7,,,,,,,,,
nhtsa-genesis-g90-sedan-4dr-124-4,Sedan,4,,,,,124.4,205.1,75.2,59.1,63.8,63.8,,,,,,,,,
nhtsa-genesis-g90-sedan-4dr-124-8,Sedan,4,,,,,124.8,205.5,76,58.3,64.6,65,,,,,,,,,
nhtsa-genesis-g90-sedan-4dr-124-8-2,Sedan,4,,,,,124.8,205.5,74.4,59.4,63.8,63.8,,,,,,,,,
nhtsa-genesis-g90-sedan-4dr-125-2,Sedan,4,,,,,125.2,207.9,58.7,76,64.6,64.6,,,,,,,,,
nhtsa-genesis-gv60-body-114-2,,,,,,,114.2,177.6,74.4,62.2,64.2,64.6,,,,,,,,,
nhtsa-genesis-gv70-suv-4dr-113,SUV,4,,,,,113,185.4,75.2,64.2,64.6,65.4,,,,,,,,,
nhtsa-genesis-gv80-coupe-4dr-116-5,Coupe,4,,,,,116.5,194.9,78,67.7,65.7,66.5,,,,,,,,,
nhtsa-genesis-gv80-suv-4dr-116-5,SUV,4,,,,,116.5,194.9,77.6,67.3,65.7,66.5,,,,,,,,,
nhtsa-geo-405-sedan-105-1,Sedan,,,,,,105.1,177.6,67.7,55.5,57.5,56.7,,,,,,,,,
nhtsa-geo-405-sedan-105-1-2,Sedan,,,,,,105.1,177.6,67.3,55.1,,,,,,,,,,,
nhtsa-geo-504-wagon-114-2,Wagon,,,,,,114.2,194.5,66.5,59.8,,,,,,,,,,,
nhtsa-geo-505-body-107-9,,,,,,,107.9,186.6,68.5,56.3,,,,,,,,,,,
nhtsa-geo-505-body-107-9-2,,,,,,,107.9,186.6,68.5,56.7,,,,,,,,,,,
nhtsa-geo-505-sedan-4dr-107-9,Sedan,4,,,,,107.9,186.6,68.5,56.3,,,,,,,,,,,
nhtsa-geo-505-wagon-114-2,Wagon,,,,,,114.2,198.8,68.5,61,,,,,,,,,,,
nhtsa-gmc-acadia-suv-4dr-112-6,SUV,4,,,,,112.6,193.7,75.6,68.9,64.6,64.6,,,,,,,,,
nhtsa-gmc-acadia-suv-4dr-112-6-2,SUV,4,,,,,112.6,193.3,75.6,66.5,64.6,64.6,,,,,,,,,
nhtsa-gmc-acadia-suv-4dr-118-9,SUV,4,,,,,118.9,201.2,78.7,72.8,67.3,66.9,,,,,,,,,
nhtsa-gmc-acadia-suv-4dr-118-9-2,SUV,4,,,,,118.9,201.2,78.7,72.8,66.9,66.9,,,,,,,,,
nhtsa-gmc-acadia-suv-4dr-120-9,SUV,4,,,,,120.9,203.9,79.5,70.9,67.7,67.3,,,,,,,,,
nhtsa-gmc-c-k-1500-coupe-141-3,Coupe,,,,,,141.3,218.1,76.8,,,,,,,,,,,,
nhtsa-gmc-c-k-1500-coupe-141-3-2,Coupe,,,,,,141.3,,76.8,71.3,,,,,,,,,,,
nhtsa-gmc-c-k-1500-coupe-141-3-3,Coupe,,,,,,141.3,218.1,77.2,70.5,,,,,,,,,,,
nhtsa-gmc-c-k-1500-coupe-141-3-4,Coupe,,,,,,141.3,,76.8,70.5,,,,,,,,,,,
nhtsa-gmc-c-k-1500-coupe-155-5,Coupe,,,,,,155.5,237,76.8,71.3,,,,,,,,,,,
nhtsa-gmc-c-k-1500-coupe-155-5-2,Coupe,,,,,,155.5,237,76.8,70.5,,,,,,,,,,,
nhtsa-gmc-c-k-1500-pickup-regular-117-3,Pickup,,Regular,,,,117.3,194.1,76.8,71.3,,,,,,,,,,,
nhtsa-gmc-c-k-1500-pickup-regular-117-3-2,Pickup,,Regular,,,,117.3,194.1,76.8,70.5,,,,,,,,,,,
nhtsa-gmc-c-k-1500-pickup-regular-131-5,Pickup,,Regular,,,,131.5,212.6,76.8,71.3,,,,,,,,,,,
nhtsa-gmc-c-k-1500-pickup-regular-131-5-2,Pickup,,Regular,,,,131.5,212.6,76.8,70.5,,,,,,,,,,,
nhtsa-gmc-c-k-2500-coupe-141-3,Coupe,,,,,,141.3,,76.8,74.4,,,,,,,,,,,
nhtsa-gmc-c-k-2500-coupe-141-3-2,Coupe,,,,,,141.3,,76.8,72.8,,,,,,,,,,,
nhtsa-gmc-c-k-2500-coupe-155-5,Coupe,,,,,,155.5,237,76.8,74.4,,,,,,,,,,,
nhtsa-gmc-c-k-2500-coupe-155-5-2,Coupe,,,,,,155.5,237,76.8,72.8,,,,,,,,,,,
nhtsa-gmc-c-k-2500-pickup-regular-131-5,Pickup,,Regular,,,,131.5,212.6,76.8,74.4,,,,,,,,,,,
nhtsa-gmc-c-k-2500-pickup-regular-131-5-2,Pickup,,Regular,,,,131.5,212.6,76.8,72.8,,,,,,,,,,,
nhtsa-gmc-c-k-3500-coupe-155-5,Coupe,,,,,,155.5,237,76.8,,,,,,,,,,,,
nhtsa-gmc-c-k-3500-coupe-155-5-2,Coupe,,,,,,155.5,237,94.5,75.6,,,,,,,,,,,
nhtsa-gmc-c-k-3500-coupe-155-5-3,Coupe,,,,,,155.5,237,76.8,75.6,,,,,,,,,,,
nhtsa-gmc-c-k-3500-pickup-crew-168-5,Pickup,,Crew,,,,168.5,255.5,77.2,,,,,,,,,,,,
nhtsa-gmc-c-k-3500-pickup-crew-168-5-2,Pickup,,Crew,,,,168.5,250.8,77.2,,,,,,,,,,,,
nhtsa-gmc-c-k-3500-pickup-regular-131-5,Pickup,,Regular,,,,131.5,212.6,76.8,74.4,,,,,,,,,,,
nhtsa-gmc-c-k-3500-pickup-regular-131-5-2,Pickup,,Regular,,,,131.5,212.6,94.5,75.6,,,,,,,,,,,
nhtsa-gmc-c-k-3500-pickup-regular-131-5-3,Pickup,,Regular,,,,131.5,212.6,76.8,75.6,,,,,,,,,,,
nhtsa-gmc-canyon-body-crew-131-5,,,Crew,,,,131.5,213,74.8,79.9,66.1,66.1,,,,,,,,,
nhtsa-gmc-canyon-body-crew-131-5-2,,,Crew,,,,131.5,213,76.4,79.9,66.1,66.1,,,,,,,,,
nhtsa-gmc-canyon-body-crew-131-5-3,,,Crew,,,,131.5,213,76.4,81.5,66.1,66.1,,,,,,,,,
nhtsa-gmc-canyon-pickup-crew-long-140-6,Pickup,,Crew,,,,140.6,224.8,74.4,70.5,62.2,62.2,,,,,,,,,
nhtsa-gmc-canyon-pickup-crew-short-126,Pickup,,Crew,,,,126,207.1,68.5,65.4,59.8,60.2,,,,,,,,,
nhtsa-gmc-canyon-pickup-crew-short-126-2,Pickup,,Crew,,,,126,207.1,68.5,68.1,59.8,60.2,,,,,,,,,
nhtsa-gmc-canyon-pickup-crew-short-128-3,Pickup,,Crew,,,,128.3,212.6,74.4,70.5,62.2,62.2,,,,,,,,,
nhtsa-gmc-canyon-pickup-extended-long-128-3,Pickup,,Extended,,,,128.3,212.6,74.4,70.5,62.2,62.2,,,,,,,,,
nhtsa-gmc-canyon-pickup-extended-short-126,Pickup,,Extended,,,,126,207.1,67.7,65,58.3,58.3,,,,,,,,,
nhtsa-gmc-canyon-pickup-extended-short-126-2,Pickup,,Extended,,,,126,207.1,67.7,67.7,58.3,58.3,,,,,,,,,
nhtsa-gmc-canyon-pickup-regular-short-111,Pickup,,Regular,,,,111,191.7,67.7,65,58.7,59.1,,,,,,,,,
nhtsa-gmc-canyon-pickup-regular-short-111-2,Pickup,,Regular,,,,111,191.7,67.7,67.7,58.7,59.1,,,,,,,,,
nhtsa-gmc-envoy-suv-4dr-113,SUV,4,,,,,113,191.7,74.4,72,62.2,62.2,,,,,,,,,
nhtsa-gmc-envoy-suv-4dr-128-3,SUV,4,,,,,128.3,208.3,74.8,77.2,63,62.2,,,,,,,,,
nhtsa-gmc-envoy-suv-4dr-128-3-2,SUV,4,,,,,128.3,208.3,74.8,72.4,63,62.2,,,,,,,,,
nhtsa-gmc-envoy-suv-4dr-129-1,SUV,4,,,,,129.1,207.9,74.8,72,62.2,62.2,,,,,,,,,
nhtsa-gmc-hummer-ev-pickup-pickup-4dr-135-8,Pickup,4,,,,,135.8,216.9,86.6,79.1,73.2,73.2,,,,,,,,,
nhtsa-gmc-hummer-ev-pickup-pickup-4dr-135-8-2,Pickup,4,,,,,135.8,216.9,86.6,79.1,74.8,74,,,,,,,,,
nhtsa-gmc-hummer-ev-pickup-suv-126-8,SUV,,,,,,126.8,196.9,86.6,78,73.2,73.2,,,,,,,,,
nhtsa-gmc-hummer-ev-suv-suv-126-8,SUV,,,,,,126.8,196.9,86.6,78,74.8,74,,,,,,,,,
nhtsa-gmc-rally-10-body-109-8,,,,,,,109.8,178.3,79.5,81.9,55.9,54.7,,,,,,,,,
nhtsa-gmc-rally-1500-body-109-8,,,,,,,109.8,178.3,79.5,81.9,,,,,,,,,,,
nhtsa-gmc-rally-1500-body-125-2,,,,,,,125.2,202.4,79.5,79.5,,,,,,,,,,,
nhtsa-gmc-rally-20-body-125-2,,,,,,,125.2,202,79.5,81.9,68.1,68.9,,,,,,,,,
nhtsa-gmc-rally-2500-body-125-2,,,,,,,125.2,202.4,79.5,81.9,,,,,,,,,,,
nhtsa-gmc-rally-2500-body-125-2-2,,,,,,,125.2,202.4,79.5,79.5,,,,,,,,,,,
nhtsa-gmc-rally-30-body-125-2,,,,,,,125.2,202,79.5,81.9,64.6,65,,,,,,,,,
nhtsa-gmc-rally-3500-body-125-2,,,,,,,125.2,202.4,79.5,81.9,,,,,,,,,,,
nhtsa-gmc-rally-3500-body-125-2-2,,,,,,,125.2,202.4,79.5,79.5,,,,,,,,,,,
nhtsa-gmc-rally-3500-body-146-1,,,,,,,146.1,223.2,79.5,81.9,,,,,,,,,,,
nhtsa-gmc-rally-3500-body-146-1-2,,,,,,,146.1,223.2,79.5,82.3,,,,,,,,,,,
nhtsa-gmc-rally-van-109-8,Van,,,,,,109.8,178.3,79.5,81.9,,,,,,,,,,,
nhtsa-gmc-s15-pickup-body-108-3,,,,,,,108.3,178,64.6,63,,,,,,,,,,,
nhtsa-gmc-s15-pickup-body-108-3-2,,,,,,,108.3,178,64.6,59.4,,,,,,,,,,,
nhtsa-gmc-s15-pickup-body-118-1,,,,,,,118.1,194.1,64.6,63,,,,,,,,,,,
nhtsa-gmc-s15-pickup-body-118-1-2,,,,,,,118.1,194.1,64.6,59.4,,,,,,,,,,,
nhtsa-gmc-s15-pickup-body-2dr-100-4,,2,,,,,100.4,170.5,64.6,64.6,,,,,,,,,,,
nhtsa-gmc-s15-pickup-body-2dr-99-6,,2,,,,,99.6,170.5,65.4,65,,,,,,,,,,,
nhtsa-gmc-s15-pickup-coupe-122-8,Coupe,,,,,,122.8,192.9,65,61.4,,,,,,,,,,,
nhtsa-gmc-s15-pickup-coupe-122-8-2,Coupe,,,,,,122.8,192.9,65,63.4,,,,,,,,,,,
nhtsa-gmc-s15-pickup-pickup-extended-122-8,Pickup,,Extended,,,,122.8,192.9,64.6,63,,,,,,,,,,,
nhtsa-gmc-s15-pickup-pickup-extended-122-8-2,Pickup,,Extended,,,,122.8,192.9,64.6,59.4,,,,,,,,,,,
nhtsa-gmc-s15-pickup-pickup-regular-108-3,Pickup,,Regular,,,,108.3,178.3,65,61.4,,,,,,,,,,,
nhtsa-gmc-s15-pickup-pickup-regular-108-3-2,Pickup,,Regular,,,,108.3,178.3,65,63.4,,,,,,,,,,,
nhtsa-gmc-s15-pickup-pickup-regular-118-1,Pickup,,Regular,,,,118.1,194.1,65,61.4,,,,,,,,,,,
nhtsa-gmc-s15-pickup-pickup-regular-118-1-2,Pickup,,Regular,,,,118.1,194.1,65,63.4,,,,,,,,,,,
nhtsa-gmc-safari-body-111,,,,,,,111,176.8,77.2,71.7,,,,,,,,,,,
nhtsa-gmc-safari-body-111-2,,,,,,,111,187,77.2,74.8,,,,,,,,,,,
nhtsa-gmc-safari-body-111-3,,,,,,,111,176.8,77.2,74,,,,,,,,,,,
nhtsa-gmc-safari-body-111-4,,,,,,,111,176.8,77.6,76.4,65,65,,,,,,,,,
nhtsa-gmc-safari-body-111-5,,,,,,,111,187,77.6,76.4,65,65,,,,,,,,,
nhtsa-gmc-safari-body-111-6,,,,,,,111,189.8,77.6,76.4,65,65.4,,,,,,,,,
nhtsa-gmc-safari-body-111-7,,,,,,,111,189.8,77.6,75.2,65,65.4,,,,,,,,,
nhtsa-gmc-safari-van-111,Van,,,,,,111,187,77.2,73.6,65.7,65.7,,,,,,,,,
nhtsa-gmc-safari-van-111-2,Van,,,,,,111,176.8,77.2,74,,,,,,,,,,,
nhtsa-gmc-safari-van-111-3,Van,,,,,,111,187,77.2,73.6,,,,,,,,,,,
nhtsa-gmc-safari-wagon-111,Wagon,,,,,,111,176.8,77.2,73.6,,,,,,,,,,,
nhtsa-gmc-safari-wagon-111-2,Wagon,,,,,,111,187,77.2,73.6,,,,,,,,,,,
nhtsa-gmc-safari-wagon-111-3,Wagon,,,,,,111,176.8,77.2,74,,,,,,,,,,,
nhtsa-gmc-safari-wagon-111-4,Wagon,,,,,,111,176.8,77.6,76.4,65,65,,,,,,,,,
nhtsa-gmc-safari-wagon-111-5,Wagon,,,,,,111,187,77.6,76.4,65,65,,,,,,,,,
nhtsa-gmc-safari-wagon-111-6,Wagon,,,,,,111,189.8,77.6,76.4,65,65.4,,,,,,,,,
nhtsa-gmc-safari-wagon-111-7,Wagon,,,,,,111,189.8,77.6,74.8,65,65.4,,,,,,,,,
nhtsa-gmc-savana-1500-body-135,,,,,,,135,218.9,79.5,,66.5,66.9,,,,,,,,,
nhtsa-gmc-savana-1500-van-135,Van,,,,,,135,224,79.5,81.5,68.1,67.7,,,,,,,,,
nhtsa-gmc-savana-2500-body-135,,,,,,,135,218.9,79.5,,66.5,66.9,,,,,,,,,
nhtsa-gmc-savana-2500-body-155-1,,,,,,,155.1,239,79.5,,66.5,66.9,,,,,,,,,
nhtsa-gmc-savana-2500-van-135,Van,,,,,,135,224,79.5,81.5,68.1,67.7,,,,,,,,,
nhtsa-gmc-savana-2500-van-155-1,Van,,,,,,155.1,244.1,79.5,81.9,68.1,67.7,,,,,,,,,
nhtsa-gmc-savana-3500-body-135,,,,,,,135,218.9,79.5,,66.5,66.9,,,,,,,,,
nhtsa-gmc-savana-3500-body-155-1,,,,,,,155.1,239,79.5,,66.5,66.9,,,,,,,,,
nhtsa-gmc-savana-3500-van-135,Van,,,,,,135,224,79.5,81.5,68.1,67.7,,,,,,,,,
nhtsa-gmc-savana-3500-van-155-1,Van,,,,,,155.1,244.1,79.5,81.9,68.1,67.7,,,,,,,,,
nhtsa-gmc-sierra-1500-coupe-long-155-5,Coupe,,,,,,155.5,237,76.8,71.3,68.5,63.8,,,,,,,,,
nhtsa-gmc-sierra-1500-coupe-long-155-5-2,Coupe,,,,,,155.5,237,76.8,70.5,62.6,63.8,,,,,,,,,
nhtsa-gmc-sierra-1500-coupe-short-141-3,Coupe,,,,,,141.3,218.1,77.2,70.5,62.6,63.8,,,,,,,,,
nhtsa-gmc-sierra-1500-coupe-short-141-3-2,Coupe,,,,,,141.3,218.1,76.8,71.3,68.5,63.8,,,,,,,,,
nhtsa-gmc-sierra-1500-coupe-short-141-3-3,Coupe,,,,,,141.3,218.1,76.8,70.5,62.6,63.8,,,,,,,,,
nhtsa-gmc-sierra-1500-limited-pickup-double-standard-143-7,Pickup,,Double,,,,143.7,225.6,79.9,74,68.9,67.7,,,,,,,,,
nhtsa-gmc-sierra-1500-pickup-4dr-145-7,Pickup,4,,,,,145.7,233.1,83.9,78.7,68.9,68.9,,,,,,,,,
nhtsa-gmc-sierra-1500-pickup-crew-short-143-7,Pickup,,Crew,,,,143.7,224.8,79.5,71.3,65,66.1,,,,,,,,,
nhtsa-gmc-sierra-1500-pickup-crew-short-143-7-2,Pickup,,Crew,,,,143.7,224.8,79.5,76.4,65,66.1,,,,,,,,,
nhtsa-gmc-sierra-1500-pickup-crew-short-143-7-3,Pickup,,Crew,,,,143.7,224.4,79.9,74,68.5,67.3,,,,,,,,,
nhtsa-gmc-sierra-1500-pickup-crew-short-143-7-4,Pickup,,Crew,,,,143.7,225.6,79.9,74,68.9,67.7,,,,,,,,,
nhtsa-gmc-sierra-1500-pickup-crew-short-147-2,Pickup,,Crew,,,,147.2,231.9,81.1,75.6,68.1,68.1,,,,,,,,,
nhtsa-gmc-sierra-1500-pickup-crew-standard-153-1,Pickup,,Crew,,,,153.1,235.4,79.9,73.6,68.9,67.7,,,,,,,,,
nhtsa-gmc-sierra-1500-pickup-crew-standard-153-1-2,Pickup,,Crew,,,,153.1,235.4,79.9,74,68.9,67.7,,,,,,,,,
nhtsa-gmc-sierra-1500-pickup-crew-standard-156-7,Pickup,,Crew,,,,156.7,241.3,81.1,75.6,68.1,68.1,,,,,,,,,
nhtsa-gmc-sierra-1500-pickup-double-standard-143-7,Pickup,,Double,,,,143.7,225.6,79.9,74,68.9,67.7,,,,,,,,,
nhtsa-gmc-sierra-1500-pickup-double-standard-147-2,Pickup,,Double,,,,147.2,231.9,81.1,75.6,68.1,68.1,,,,,,,,,
nhtsa-gmc-sierra-1500-pickup-extended-long-157-5,Pickup,,Extended,,,,157.5,241.3,78.3,70.9,65,66.1,,,,,,,,,
nhtsa-gmc-sierra-1500-pickup-extended-long-157-5-2,Pickup,,Extended,,,,157.5,241.3,78.3,73.6,65,66.1,,,,,,,,,
nhtsa-gmc-sierra-1500-pickup-extended-long-157-5-3,Pickup,,Extended,,,,157.5,241.3,79.5,74,65,66.1,,,,,,,,,
nhtsa-gmc-sierra-1500-pickup-extended-long-157-5-4,Pickup,,Extended,,,,157.5,241.3,79.5,70.9,65,66.1,,,,,,,,,
nhtsa-gmc-sierra-1500-pickup-extended-long-157-5-5,Pickup,,Extended,,,,157.5,243.7,79.5,71.3,65,66.1,,,,,,,,,
nhtsa-gmc-sierra-1500-pickup-extended-long-157-5-6,Pickup,,Extended,,,,157.5,243.7,79.5,76.4,65,66.1,,,,,,,,,
nhtsa-gmc-sierra-1500-pickup-extended-long-157-5-7,Pickup,,Extended,,,,157.5,243.3,79.9,74,68.5,67.3,,,,,,,,,
nhtsa-gmc-sierra-1500-pickup-extended-short-133-9,Pickup,,Extended,,,,133.9,214.6,79.9,74,68.5,67.3,,,,,,,,,
nhtsa-gmc-sierra-1500-pickup-extended-short-133-9-2,Pickup,,Extended,,,,133.9,215,79.5,71.3,65,66.1,,,,,,,,,
nhtsa-gmc-sierra-1500-pickup-extended-short-133-9-3,Pickup,,Extended,,,,133.9,215,79.5,76.4,65,66.1,,,,,,,,,
nhtsa-gmc-sierra-1500-pickup-extended-short-143-7,Pickup,,Extended,,,,143.7,222.4,78.3,71.3,65,66.1,,,,,,,,,
nhtsa-gmc-sierra-1500-pickup-extended-short-143-7-2,Pickup,,Extended,,,,143.7,222.4,78.3,74,65,66.1,,,,,,,,,
nhtsa-gmc-sierra-1500-pickup-extended-short-143-7-3,Pickup,,Extended,,,,143.7,222.4,79.5,71.3,65,66.1,,,,,,,,,
nhtsa-gmc-sierra-1500-pickup-extended-short-143-7-4,Pickup,,Extended,,,,143.7,222.4,79.5,74,65,66.1,,,,,,,,,
nhtsa-gmc-sierra-1500-pickup-extended-short-143-7-5,Pickup,,Extended,,,,143.7,224.8,79.5,71.3,65,66.1,,,,,,,,,
nhtsa-gmc-sierra-1500-pickup-extended-short-143-7-6,Pickup,,Extended,,,,143.7,224.8,79.5,76.4,65,66.1,,,,,,,,,
nhtsa-gmc-sierra-1500-pickup-extended-short-143-7-7,Pickup,,Extended,,,,143.7,224.8,83.5,76.4,65,,,,,,,,,,
nhtsa-gmc-sierra-1500-pickup-extended-short-143-7-8,Pickup,,Extended,,,,143.7,224.8,83.5,71.3,65,,,,,,,,,,
nhtsa-gmc-sierra-1500-pickup-extended-standard-143-7,Pickup,,Extended,,,,143.7,224.8,79.5,71.3,65,66.1,,,,,,,,,
nhtsa-gmc-sierra-1500-pickup-extended-standard-143-7-2,Pickup,,Extended,,,,143.7,224.8,79.5,76.4,65,66.1,,,,,,,,,
nhtsa-gmc-sierra-1500-pickup-extended-standard-143-7-3,Pickup,,Extended,,,,143.7,224.8,83.5,71.3,65,,,,,,,,,,
nhtsa-gmc-sierra-1500-pickup-extended-standard-143-7-4,Pickup,,Extended,,,,143.7,224.8,83.5,76.4,65,,,,,,,,,,
nhtsa-gmc-sierra-1500-pickup-extended-standard-143-7-5,Pickup,,Extended,,,,143.7,224.4,79.9,74,68.5,67.3,,,,,,,,,
nhtsa-gmc-sierra-1500-pickup-regular-118-9,Pickup,,Regular,,,,118.9,200,79.5,71.3,65,66.1,,,,,,,,,
nhtsa-gmc-sierra-1500-pickup-regular-long-131-5,Pickup,,Regular,,,,131.5,212.6,76.8,70.5,62.6,63.8,,,,,,,,,
nhtsa-gmc-sierra-1500-pickup-regular-long-131-5-2,Pickup,,Regular,,,,131.5,212.6,76.8,71.3,68.5,63.8,,,,,,,,,
nhtsa-gmc-sierra-1500-pickup-regular-long-133-1,Pickup,,Regular,,,,133.1,216.9,78.3,71.3,65,66.1,,,,,,,,,
nhtsa-gmc-sierra-1500-pickup-regular-long-133-1-2,Pickup,,Regular,,,,133.1,216.9,78.3,74,65,66.1,,,,,,,,,
nhtsa-gmc-sierra-1500-pickup-regular-long-133-1-3,Pickup,,Regular,,,,133.1,216.9,78.3,70.9,65,66.1,,,,,,,,,
nhtsa-gmc-sierra-1500-pickup-regular-long-133-1-4,Pickup,,Regular,,,,133.1,219.3,79.5,71.3,65,66.1,,,,,,,,,
nhtsa-gmc-sierra-1500-pickup-regular-long-133-1-5,Pickup,,Regular,,,,133.1,219.3,79.5,76.4,65,66.1,,,,,,,,,
nhtsa-gmc-sierra-1500-pickup-regular-long-133-1-6,Pickup,,Regular,,,,133.1,218.9,79.9,74,68.5,67.3,,,,,,,,,
nhtsa-gmc-sierra-1500-pickup-regular-long-133-1-7,Pickup,,Regular,,,,133.1,220.1,79.9,73.6,68.9,67.7,,,,,,,,,
nhtsa-gmc-sierra-1500-pickup-regular-long-139-4,Pickup,,Regular,,,,139.4,229.5,81.1,75.6,68.1,68.1,,,,,,,,,
nhtsa-gmc-sierra-1500-pickup-regular-short-117-3,Pickup,,Regular,,,,117.3,194.1,76.8,70.5,62.6,63.8,,,,,,,,,
nhtsa-gmc-sierra-1500-pickup-regular-short-117-3-2,Pickup,,Regular,,,,117.3,194.1,76.8,71.3,68.5,63.8,,,,,,,,,
nhtsa-gmc-sierra-1500-pickup-regular-short-118-9,Pickup,,Regular,,,,118.9,197.6,78.3,71.3,65,66.1,,,,,,,,,
nhtsa-gmc-sierra-1500-pickup-regular-short-118-9-2,Pickup,,Regular,,,,118.9,197.6,78.3,74,65,66.1,,,,,,,,,
nhtsa-gmc-sierra-1500-pickup-regular-short-118-9-3,Pickup,,Regular,,,,118.9,200,79.5,71.3,65,66.1,,,,,,,,,
nhtsa-gmc-sierra-1500-pickup-regular-short-118-9-4,Pickup,,Regular,,,,118.9,200,79.5,76.4,65,66.1,,,,,,,,,
nhtsa-gmc-sierra-1500-pickup-regular-short-126-4,Pickup,,Regular,,,,126.4,211,81.1,75.6,68.1,68.1,,,,,,,,,
nhtsa-gmc-sierra-1500-pickup-regular-standard-118-9,Pickup,,Regular,,,,118.9,200,79.5,76.4,65,66.1,,,,,,,,,
nhtsa-gmc-sierra-1500-pickup-regular-standard-118-9-2,Pickup,,Regular,,,,118.9,200,79.5,71.3,65,66.1,,,,,,,,,
nhtsa-gmc-sierra-1500-pickup-regular-standard-118-9-3,Pickup,,Regular,,,,118.9,200,79.9,74,68.5,67.3,,,,,,,,,
nhtsa-gmc-sierra-1500-pickup-regular-standard-118-9-4,Pickup,,Regular,,,,118.9,201.2,79.9,74,68.9,67.7,,,,,,,,,
nhtsa-gmc-sierra-1500-pickup-short-143-7,Pickup,,,,,,143.7,222.4,83.5,74,65,,,,,,,,,,
nhtsa-gmc-sierra-1500hd-pickup-crew-short-153-1,Pickup,,Crew,,,,153.1,234.3,79.5,74,68.5,66.1,,,,,,,,,
nhtsa-gmc-sierra-1500hd-pickup-crew-short-153-1-2,Pickup,,Crew,,,,153.1,234.3,83.5,74,68.5,,,,,,,,,,
nhtsa-gmc-sierra-1500hd-pickup-crew-standard-153-1,Pickup,,Crew,,,,153.1,234.3,79.5,71.3,68.5,66.1,,,,,,,,,
nhtsa-gmc-sierra-1500hd-pickup-crew-standard-153-1-2,Pickup,,Crew,,,,153.1,234.3,79.5,76.4,68.5,66.1,,,,,,,,,
nhtsa-gmc-sierra-1500hd-pickup-crew-standard-153-1-3,Pickup,,Crew,,,,153.1,234.3,83.5,76.4,68.5,,,,,,,,,,
nhtsa-gmc-sierra-1500hd-pickup-crew-standard-153-1-4,Pickup,,Crew,,,,153.1,234.3,83.5,71.3,68.5,,,,,,,,,,
nhtsa-gmc-sierra-2500-coupe-long-155-5,Coupe,,,,,,155.5,237,76.8,72.8,62.6,63.8,,,,,,,,,
nhtsa-gmc-sierra-2500-coupe-long-155-5-2,Coupe,,,,,,155.5,237,76.8,74.4,68.5,63.8,,,,,,,,,
nhtsa-gmc-sierra-2500-coupe-short-141-3,Coupe,,,,,,141.3,218.1,76.8,68.9,62.6,63.8,,,,,,,,,
nhtsa-gmc-sierra-2500-coupe-short-141-3-2,Coupe,,,,,,141.3,218.1,76.8,74.4,68.5,63.8,,,,,,,,,
nhtsa-gmc-sierra-2500-pickup-extended-long-157-5,Pickup,,Extended,,,,157.5,241.3,78.3,74,65,66.1,,,,,,,,,
nhtsa-gmc-sierra-2500-pickup-extended-long-157-5-2,Pickup,,Extended,,,,157.5,241.3,78.3,74.4,65,66.1,,,,,,,,,
nhtsa-gmc-sierra-2500-pickup-extended-short-143-7,Pickup,,Extended,,,,143.7,222.4,78.3,74,65,66.1,,,,,,,,,
nhtsa-gmc-sierra-2500-pickup-extended-short-143-7-2,Pickup,,Extended,,,,143.7,222.4,78.3,74.4,65,66.1,,,,,,,,,
nhtsa-gmc-sierra-2500-pickup-extended-short-143-7-3,Pickup,,Extended,,,,143.7,224.8,79.5,76.4,65,66.1,,,,,,,,,
nhtsa-gmc-sierra-2500-pickup-extended-standard-143-7,Pickup,,Extended,,,,143.7,224.8,79.5,76.4,65,66.1,,,,,,,,,
nhtsa-gmc-sierra-2500-pickup-regular-long-131-5,Pickup,,Regular,,,,131.5,212.6,76.8,72.8,62.6,63.8,,,,,,,,,
nhtsa-gmc-sierra-2500-pickup-regular-long-131-5-2,Pickup,,Regular,,,,131.5,212.6,76.8,74.4,68.5,63.8,,,,,,,,,
nhtsa-gmc-sierra-2500-pickup-regular-long-133-1,Pickup,,Regular,,,,133.1,216.9,78.3,74,65,66.1,,,,,,,,,
nhtsa-gmc-sierra-2500-pickup-regular-long-133-1-2,Pickup,,Regular,,,,133.1,216.9,78.3,74.4,65,66.1,,,,,,,,,
nhtsa-gmc-sierra-2500-pickup-regular-long-133-1-3,Pickup,,Regular,,,,133.1,216.9,79.5,71.3,65,66.1,,,,,,,,,
nhtsa-gmc-sierra-2500-pickup-regular-short-117-3,Pickup,,Regular,,,,117.3,194.1,76.8,72.8,62.6,63.8,,,,,,,,,
nhtsa-gmc-sierra-2500-pickup-regular-short-117-3-2,Pickup,,Regular,,,,117.3,194.1,76.8,74.4,68.5,63.8,,,,,,,,,
nhtsa-gmc-sierra-2500hd-pickup-crew-long-166-9,Pickup,,Crew,,,,166.9,251.2,79.5,74,68.5,66.1,,,,,,,,,
nhtsa-gmc-sierra-2500hd-pickup-crew-long-166-9-2,Pickup,,Crew,,,,166.9,251.2,79.5,,68.5,66.1,,,,,,,,,
nhtsa-gmc-sierra-2500hd-pickup-crew-long-166-9-3,Pickup,,Crew,,,,166.9,253.1,79.5,74,68.5,66.1,,,,,,,,,
nhtsa-gmc-sierra-2500hd-pickup-crew-long-167-7,Pickup,,Crew,,,,167.7,253.5,79.9,78,68.5,67.3,,,,,,,,,
nhtsa-gmc-sierra-2500hd-pickup-crew-long-167-7-2,Pickup,,Crew,,,,167.7,254.3,79.9,78,68.9,67.7,,,,,,,,,
nhtsa-gmc-sierra-2500hd-pickup-crew-long-172,Pickup,,Crew,,,,172,266.1,81.9,79.9,67.3,68.1,,,,,,,,,
nhtsa-gmc-sierra-2500hd-pickup-crew-short-153-1,Pickup,,Crew,,,,153.1,232.3,79.5,74,68.5,66.1,,,,,,,,,
nhtsa-gmc-sierra-2500hd-pickup-crew-short-153-1-2,Pickup,,Crew,,,,153.1,232.3,79.5,,68.5,66.1,,,,,,,,,
nhtsa-gmc-sierra-2500hd-pickup-crew-short-153-1-3,Pickup,,Crew,,,,153.1,234.3,79.5,74,68.5,66.1,,,,,,,,,
nhtsa-gmc-sierra-2500hd-pickup-crew-standard-153-1,Pickup,,Crew,,,,153.1,234.3,79.5,71.3,68.5,66.1,,,,,,,,,
nhtsa-gmc-sierra-2500hd-pickup-crew-standard-153-1-2,Pickup,,Crew,,,,153.1,234.3,79.5,76.4,68.5,66.1,,,,,,,,,
nhtsa-gmc-sierra-2500hd-pickup-crew-standard-153-5,Pickup,,Crew,,,,153.5,235.4,79.9,78.3,68.9,67.7,,,,,,,,,
nhtsa-gmc-sierra-2500hd-pickup-crew-standard-153-9,Pickup,,Crew,,,,153.9,234.6,79.9,78,68.5,67.3,,,,,,,,,
nhtsa-gmc-sierra-2500hd-pickup-crew-standard-159-1,Pickup,,Crew,,,,159.1,250,81.9,79.9,67.3,68.1,,,,,,,,,
nhtsa-gmc-sierra-2500hd-pickup-double-long-158-3,Pickup,,Double,,,,158.3,244.9,79.9,78,68.9,67.7,,,,,,,,,
nhtsa-gmc-sierra-2500hd-pickup-double-long-162-6,Pickup,,Double,,,,162.6,256.3,81.9,79.9,67.3,68.1,,,,,,,,,
nhtsa-gmc-sierra-2500hd-pickup-double-standard-144-1,Pickup,,Double,,,,144.1,225.6,79.9,78,68.9,67.7,,,,,,,,,
nhtsa-gmc-sierra-2500hd-pickup-double-standard-149-6,Pickup,,Double,,,,149.6,240.6,81.9,79.9,67.3,68.1,,,,,,,,,
nhtsa-gmc-sierra-2500hd-pickup-extended-long-157-5,Pickup,,Extended,,,,157.5,241.3,79.5,74.4,68.5,66.1,,,,,,,,,
nhtsa-gmc-sierra-2500hd-pickup-extended-long-157-5-2,Pickup,,Extended,,,,157.5,241.3,79.5,,68.5,66.1,,,,,,,,,
nhtsa-gmc-sierra-2500hd-pickup-extended-long-157-5-3,Pickup,,Extended,,,,157.5,243.7,79.5,74.4,68.5,66.1,,,,,,,,,
nhtsa-gmc-sierra-2500hd-pickup-extended-long-157-5-4,Pickup,,Extended,,,,157.5,243.7,79.5,74,68.5,66.1,,,,,,,,,
nhtsa-gmc-sierra-2500hd-pickup-extended-long-157-5-5,Pickup,,Extended,,,,157.5,243.3,79.9,78,68.5,67.3,,,,,,,,,
nhtsa-gmc-sierra-2500hd-pickup-extended-short-143-7,Pickup,,Extended,,,,143.7,222.4,78.3,74.4,68.5,66.1,,,,,,,,,
nhtsa-gmc-sierra-2500hd-pickup-extended-short-143-7-2,Pickup,,Extended,,,,143.7,222.4,78.3,,68.5,66.1,,,,,,,,,
nhtsa-gmc-sierra-2500hd-pickup-extended-short-143-7-3,Pickup,,Extended,,,,143.7,224.8,78.3,74.4,68.5,66.1,,,,,,,,,
nhtsa-gmc-sierra-2500hd-pickup-extended-short-143-7-4,Pickup,,Extended,,,,143.7,224.8,78.3,74,68.5,66.1,,,,,,,,,
nhtsa-gmc-sierra-2500hd-pickup-extended-standard-143-7,Pickup,,Extended,,,,143.7,224.8,79.5,71.3,68.5,66.1,,,,,,,,,
nhtsa-gmc-sierra-2500hd-pickup-extended-standard-143-7-2,Pickup,,Extended,,,,143.7,224.8,79.5,76.4,68.5,66.1,,,,,,,,,
nhtsa-gmc-sierra-2500hd-pickup-extended-standard-143-7-3,Pickup,,Extended,,,,143.7,224.4,79.9,78,68.5,67.3,,,,,,,,,
nhtsa-gmc-sierra-2500hd-pickup-regular-long-133-1,Pickup,,Regular,,,,133.1,216.9,79.5,71.3,68.5,66.1,,,,,,,,,
nhtsa-gmc-sierra-2500hd-pickup-regular-long-133-1-2,Pickup,,Regular,,,,133.1,216.9,79.5,,68.5,66.1,,,,,,,,,
nhtsa-gmc-sierra-2500hd-pickup-regular-long-133-1-3,Pickup,,Regular,,,,133.1,219.3,79.5,71.3,68.5,66.1,,,,,,,,,
nhtsa-gmc-sierra-2500hd-pickup-regular-long-133-1-4,Pickup,,Regular,,,,133.1,219.3,79.5,74,68.5,66.1,,,,,,,,,
nhtsa-gmc-sierra-2500hd-pickup-regular-long-133-1-5,Pickup,,Regular,,,,133.1,218.9,79.9,78,68.5,67.3,,,,,,,,,
nhtsa-gmc-sierra-2500hd-pickup-regular-long-133-5,Pickup,,Regular,,,,133.5,220.1,79.9,78,68.9,67.7,,,,,,,,,
nhtsa-gmc-sierra-2500hd-pickup-regular-long-141-7,Pickup,,Regular,,,,141.7,235.4,81.9,79.9,67.3,68.1,,,,,,,,,
nhtsa-gmc-sierra-3500-coupe-long-155-5,Coupe,,,,,,155.5,237,77.2,,68.5,72.8,,,,,,,,,
nhtsa-gmc-sierra-3500-coupe-long-155-5-2,Coupe,,,,,,155.5,237,94.5,75.6,62.6,72.8,,,,,,,,,
nhtsa-gmc-sierra-3500-pickup-crew-long-166-9,Pickup,,Crew,,,,166.9,251.2,96.1,74,68.5,74.8,,,,,,,,,
nhtsa-gmc-sierra-3500-pickup-crew-long-166-9-2,Pickup,,Crew,,,,166.9,251.2,96.1,,68.5,74.8,,,,,,,,,
nhtsa-gmc-sierra-3500-pickup-crew-long-166-9-3,Pickup,,Crew,,,,166.9,253.1,96.1,74,68.5,74.8,,,,,,,,,
nhtsa-gmc-sierra-3500-pickup-crew-long-166-9-4,Pickup,,Crew,,,,166.9,253.1,79.5,74,68.5,66.1,,,,,,,,,
nhtsa-gmc-sierra-3500-pickup-crew-long-166-9-5,Pickup,,Crew,,,,166.9,253.1,79.5,76.4,68.5,66.1,,,,,,,,,
nhtsa-gmc-sierra-3500-pickup-crew-long-167-7,Pickup,,Crew,,,,167.7,253.5,96.1,78,68.5,,,,,,,,,,
nhtsa-gmc-sierra-3500-pickup-crew-long-167-7-2,Pickup,,Crew,,,,167.7,253.5,79.9,78,68.5,67.3,,,,,,,,,
nhtsa-gmc-sierra-3500-pickup-crew-long-168-5,Pickup,,Crew,,,,168.5,250.8,94.5,,62.6,72.8,,,,,,,,,
nhtsa-gmc-sierra-3500-pickup-crew-long-168-5-2,Pickup,,Crew,,,,168.5,250.8,77.2,,62.6,63.8,,,,,,,,,
nhtsa-gmc-sierra-3500-pickup-crew-long-168-5-3,Pickup,,Crew,,,,168.5,250.8,77.2,,68.5,63.8,,,,,,,,,
nhtsa-gmc-sierra-3500-pickup-crew-long-168-5-4,Pickup,,Crew,,,,168.5,250.8,94.5,,68.5,72.8,,,,,,,,,
nhtsa-gmc-sierra-3500-pickup-crew-standard-153-9,Pickup,,Crew,,,,153.9,234.6,79.9,78,68.5,67.3,,,,,,,,,
nhtsa-gmc-sierra-3500-pickup-extended-long-157-5,Pickup,,Extended,,,,157.5,241.3,79.5,74.4,68.5,74.8,,,,,,,,,
nhtsa-gmc-sierra-3500-pickup-extended-long-157-5-2,Pickup,,Extended,,,,157.5,241.3,79.5,,68.5,74.8,,,,,,,,,
nhtsa-gmc-sierra-3500-pickup-extended-long-157-5-3,Pickup,,Extended,,,,157.5,243.7,96.1,74.4,68.5,74.8,,,,,,,,,
nhtsa-gmc-sierra-3500-pickup-extended-long-157-5-4,Pickup,,Extended,,,,157.5,243.7,96.1,74,68.5,74.8,,,,,,,,,
nhtsa-gmc-sierra-3500-pickup-extended-long-157-5-5,Pickup,,Extended,,,,157.5,243.3,96.1,78,68.5,,,,,,,,,,
nhtsa-gmc-sierra-3500-pickup-extended-long-157-5-6,Pickup,,Extended,,,,157.5,243.3,79.9,78,68.5,67.3,,,,,,,,,
nhtsa-gmc-sierra-3500-pickup-extended-long-157-5-7,Pickup,,Extended,,,,157.5,243.7,79.5,74,68.5,66.1,,,,,,,,,
nhtsa-gmc-sierra-3500-pickup-extended-long-157-5-8,Pickup,,Extended,,,,157.5,243.7,79.5,76.4,68.5,66.1,,,,,,,,,
nhtsa-gmc-sierra-3500-pickup-regular-long-131-5,Pickup,,Regular,,,,131.5,212.6,76.8,75.6,62.6,63.8,,,,,,,,,
nhtsa-gmc-sierra-3500-pickup-regular-long-131-5-2,Pickup,,Regular,,,,131.5,212.6,76.8,,68.5,63.8,,,,,,,,,
nhtsa-gmc-sierra-3500-pickup-regular-long-131-5-3,Pickup,,Regular,,,,131.5,212.6,94.5,,68.5,72.8,,,,,,,,,
nhtsa-gmc-sierra-3500-pickup-regular-long-131-5-4,Pickup,,Regular,,,,131.5,212.6,94.5,75.6,62.6,72.8,,,,,,,,,
nhtsa-gmc-sierra-3500-pickup-regular-long-133-1,Pickup,,Regular,,,,133.1,216.9,79.5,71.3,68.5,74.8,,,,,,,,,
nhtsa-gmc-sierra-3500-pickup-regular-long-133-1-2,Pickup,,Regular,,,,133.1,216.9,79.5,,68.5,74.8,,,,,,,,,
nhtsa-gmc-sierra-3500-pickup-regular-long-133-1-3,Pickup,,Regular,,,,133.1,219.3,96.1,74,68.5,74.8,,,,,,,,,
nhtsa-gmc-sierra-3500-pickup-regular-long-133-1-4,Pickup,,Regular,,,,133.1,218.9,96.1,78,68.5,,,,,,,,,,
nhtsa-gmc-sierra-3500-pickup-regular-long-133-1-5,Pickup,,Regular,,,,133.1,218.9,79.9,78,68.5,67.3,,,,,,,,,
nhtsa-gmc-sierra-3500-pickup-regular-long-133-1-6,Pickup,,Regular,,,,133.1,219.3,79.5,76.4,68.5,66.1,,,,,,,,,
nhtsa-gmc-sierra-3500hd-pickup-crew-long-167-7,Pickup,,Crew,,,,167.7,254.3,96.1,78,68.9,67.7,,,,,,,,,
nhtsa-gmc-sierra-3500hd-pickup-crew-long-167-7-2,Pickup,,Crew,,,,167.7,254.3,79.9,78,68.9,67.7,,,,,,,,,
nhtsa-gmc-sierra-3500hd-pickup-crew-long-172,Pickup,,Crew,,,,172,266.1,81.9,79.9,67.3,68.1,,,,,,,,,
nhtsa-gmc-sierra-3500hd-pickup-crew-long-172-2,Pickup,,Crew,,,,172,266.1,81.9,80.7,67.3,68.1,,,,,,,,,
nhtsa-gmc-sierra-3500hd-pickup-crew-standard-153-5,Pickup,,Crew,,,,153.5,235.4,79.9,78.3,68.9,67.7,,,,,,,,,
nhtsa-gmc-sierra-3500hd-pickup-crew-standard-159-1,Pickup,,Crew,,,,159.1,250,81.9,79.9,67.3,68.1,,,,,,,,,
nhtsa-gmc-sierra-3500hd-pickup-double-long-158-3,Pickup,,Double,,,,158.3,244.9,96.1,77.6,68.9,67.7,,,,,,,,,
nhtsa-gmc-sierra-3500hd-pickup-double-long-158-3-2,Pickup,,Double,,,,158.3,244.9,79.9,78,68.9,67.7,,,,,,,,,
nhtsa-gmc-sierra-3500hd-pickup-double-long-162-6,Pickup,,Double,,,,162.6,256.3,81.9,79.9,67.3,68.1,,,,,,,,,
nhtsa-gmc-sierra-3500hd-pickup-double-long-162-6-2,Pickup,,Double,,,,162.6,256.3,81.9,80.7,67.3,68.1,,,,,,,,,
nhtsa-gmc-sierra-3500hd-pickup-regular-long-133-5,Pickup,,Regular,,,,133.5,220.1,96.1,77.6,68.9,67.7,,,,,,,,,
nhtsa-gmc-sierra-3500hd-pickup-regular-long-133-5-2,Pickup,,Regular,,,,133.5,220.1,96.1,77.2,68.9,67.7,,,,,,,,,
nhtsa-gmc-sierra-3500hd-pickup-regular-long-133-5-3,Pickup,,Regular,,,,133.5,220.1,79.9,77.2,68.9,67.7,,,,,,,,,
nhtsa-gmc-sierra-3500hd-pickup-regular-long-133-5-4,Pickup,,Regular,,,,133.5,220.1,79.9,78,68.9,67.7,,,,,,,,,
nhtsa-gmc-sierra-3500hd-pickup-regular-long-141-7,Pickup,,Regular,,,,141.7,235.4,81.9,79.9,67.3,68.1,,,,,,,,,
nhtsa-gmc-sierra-3500hd-pickup-regular-long-141-7-2,Pickup,,Regular,,,,141.7,235.4,81.9,80.7,67.3,68.1,,,,,,,,,
nhtsa-gmc-sierra-classic-pickup-crew-long-166-9,Pickup,,Crew,,,,166.9,253.1,79.5,74,68.5,66.1,,,,,,,,,
nhtsa-gmc-sierra-classic-pickup-crew-long-166-9-2,Pickup,,Crew,,,,166.9,253.1,79.5,76.4,68.5,66.1,,,,,,,,,
nhtsa-gmc-sierra-classic-pickup-crew-long-166-9-3,Pickup,,Crew,,,,166.9,253.1,96.1,74,68.5,74.8,,,,,,,,,
nhtsa-gmc-sierra-classic-pickup-crew-long-166-9-4,Pickup,,Crew,,,,166.9,253.1,96.1,76.4,68.5,74.8,,,,,,,,,
nhtsa-gmc-sierra-classic-pickup-crew-long-168-5,Pickup,,Crew,,,,168.5,250.8,77.2,,62.6,63.8,,,,,,,,,
nhtsa-gmc-sierra-classic-pickup-crew-long-168-5-2,Pickup,,Crew,,,,168.5,250.8,77.2,,68.5,63.8,,,,,,,,,
nhtsa-gmc-sierra-classic-pickup-crew-long-168-5-3,Pickup,,Crew,,,,168.5,250.8,94.5,,68.5,72.8,,,,,,,,,
nhtsa-gmc-sierra-classic-pickup-crew-long-168-5-4,Pickup,,Crew,,,,168.5,250.8,94.5,,62.6,72.8,,,,,,,,,
nhtsa-gmc-sierra-classic-pickup-crew-short-143-7,Pickup,,Crew,,,,143.7,224.8,79.5,71.3,65,66.1,,,,,,,,,
nhtsa-gmc-sierra-classic-pickup-crew-short-143-7-2,Pickup,,Crew,,,,143.7,224.8,79.5,76.4,65,66.1,,,,,,,,,
nhtsa-gmc-sierra-classic-pickup-crew-short-154-3,Pickup,,Crew,,,,154.3,231.1,77.2,74.4,62.6,63.8,,,,,,,,,
nhtsa-gmc-sierra-classic-pickup-crew-short-154-3-2,Pickup,,Crew,,,,154.3,231.1,77.2,74.4,68.5,63.8,,,,,,,,,
nhtsa-gmc-sierra-classic-pickup-crew-short-154-3-3,Pickup,,Crew,,,,154.3,231.1,77.2,74.4,62.6,72.8,,,,,,,,,
nhtsa-gmc-sierra-classic-pickup-crew-short-154-3-4,Pickup,,Crew,,,,154.3,231.1,77.2,74.4,68.5,72.8,,,,,,,,,
nhtsa-gmc-sierra-classic-pickup-crew-standard-153-1,Pickup,,Crew,,,,153.1,234.3,79.5,71.3,68.5,66.1,,,,,,,,,
nhtsa-gmc-sierra-classic-pickup-crew-standard-153-1-2,Pickup,,Crew,,,,153.1,234.3,79.5,76.4,68.5,66.1,,,,,,,,,
nhtsa-gmc-sierra-classic-pickup-extended-long-155-5,Pickup,,Extended,,,,155.5,237,76.8,72.8,62.6,63.8,,,,,,,,,
nhtsa-gmc-sierra-classic-pickup-extended-long-155-5-2,Pickup,,Extended,,,,155.5,237,76.8,74.4,68.5,63.8,,,,,,,,,
nhtsa-gmc-sierra-classic-pickup-extended-long-155-5-3,Pickup,,Extended,,,,155.5,237,77.2,,68.5,72.8,,,,,,,,,
nhtsa-gmc-sierra-classic-pickup-extended-long-155-5-4,Pickup,,Extended,,,,155.5,237,94.5,75.6,62.6,72.8,,,,,,,,,
nhtsa-gmc-sierra-classic-pickup-extended-long-157-5,Pickup,,Extended,,,,157.5,243.7,79.5,71.3,65,66.1,,,,,,,,,
nhtsa-gmc-sierra-classic-pickup-extended-long-157-5-2,Pickup,,Extended,,,,157.5,243.7,79.5,76.4,65,66.1,,,,,,,,,
nhtsa-gmc-sierra-classic-pickup-extended-long-157-5-3,Pickup,,Extended,,,,157.5,243.7,79.5,71.3,68.5,66.1,,,,,,,,,
nhtsa-gmc-sierra-classic-pickup-extended-long-157-5-4,Pickup,,Extended,,,,157.5,243.7,79.5,76.4,68.5,66.1,,,,,,,,,
nhtsa-gmc-sierra-classic-pickup-extended-long-157-5-5,Pickup,,Extended,,,,157.5,243.7,96.1,71.3,68.5,74.8,,,,,,,,,
nhtsa-gmc-sierra-classic-pickup-extended-long-157-5-6,Pickup,,Extended,,,,157.5,243.7,96.1,76.4,68.5,74.8,,,,,,,,,
nhtsa-gmc-sierra-classic-pickup-extended-long-157-5-7,Pickup,,Extended,,,,157.5,243.7,79.5,74,68.5,66.1,,,,,,,,,
nhtsa-gmc-sierra-classic-pickup-extended-short-133-9,Pickup,,Extended,,,,133.9,215,79.5,71.3,65,66.1,,,,,,,,,
nhtsa-gmc-sierra-classic-pickup-extended-short-133-9-2,Pickup,,Extended,,,,133.9,215,79.5,76.4,65,66.1,,,,,,,,,
nhtsa-gmc-sierra-classic-pickup-extended-short-141-3,Pickup,,Extended,,,,141.3,218.1,76.8,70.5,62.6,63.8,,,,,,,,,
nhtsa-gmc-sierra-classic-pickup-extended-short-141-3-2,Pickup,,Extended,,,,141.3,218.1,76.8,71.3,68.5,63.8,,,,,,,,,
nhtsa-gmc-sierra-classic-pickup-extended-short-141-3-3,Pickup,,Extended,,,,141.3,218.1,76.8,68.9,62.6,63.8,,,,,,,,,
nhtsa-gmc-sierra-classic-pickup-extended-standard-143-7,Pickup,,Extended,,,,143.7,224.8,79.5,71.3,65,66.1,,,,,,,,,
nhtsa-gmc-sierra-classic-pickup-extended-standard-143-7-2,Pickup,,Extended,,,,143.7,224.8,79.5,76.4,65,66.1,,,,,,,,,
nhtsa-gmc-sierra-classic-pickup-extended-standard-143-7-3,Pickup,,Extended,,,,143.7,224.8,79.5,71.3,68.5,66.1,,,,,,,,,
nhtsa-gmc-sierra-classic-pickup-extended-standard-143-7-4,Pickup,,Extended,,,,143.7,224.8,79.5,76.4,68.5,66.1,,,,,,,,,
nhtsa-gmc-sierra-classic-pickup-regular-long-131-5,Pickup,,Regular,,,,131.5,212.6,76.8,72.8,62.6,63.8,,,,,,,,,
nhtsa-gmc-sierra-classic-pickup-regular-long-131-5-2,Pickup,,Regular,,,,131.5,212.6,76.8,74.4,68.5,63.8,,,,,,,,,
nhtsa-gmc-sierra-classic-pickup-regular-long-131-5-3,Pickup,,Regular,,,,131.5,212.6,76.8,75.6,62.6,63.8,,,,,,,,,
nhtsa-gmc-sierra-classic-pickup-regular-long-131-5-4,Pickup,,Regular,,,,131.5,212.6,76.8,,68.5,63.8,,,,,,,,,
nhtsa-gmc-sierra-classic-pickup-regular-long-131-5-5,Pickup,,Regular,,,,131.5,212.6,94.5,,68.5,72.8,,,,,,,,,
nhtsa-gmc-sierra-classic-pickup-regular-long-131-5-6,Pickup,,Regular,,,,131.5,212.6,94.5,75.6,62.6,72.8,,,,,,,,,
nhtsa-gmc-sierra-classic-pickup-regular-long-133-1,Pickup,,Regular,,,,133.1,219.3,79.5,71.3,65,66.1,,,,,,,,,
nhtsa-gmc-sierra-classic-pickup-regular-long-133-1-2,Pickup,,Regular,,,,133.1,219.3,79.5,76.4,65,66.1,,,,,,,,,
nhtsa-gmc-sierra-classic-pickup-regular-long-133-1-3,Pickup,,Regular,,,,133.1,219.3,79.5,71.3,68.5,66.1,,,,,,,,,
nhtsa-gmc-sierra-classic-pickup-regular-long-133-1-4,Pickup,,Regular,,,,133.1,219.3,79.5,76.4,68.5,66.1,,,,,,,,,
nhtsa-gmc-sierra-classic-pickup-regular-long-133-1-5,Pickup,,Regular,,,,133.1,219.3,96.1,76.4,68.5,74.8,,,,,,,,,
nhtsa-gmc-sierra-classic-pickup-regular-standard-118-9,Pickup,,Regular,,,,118.9,200,79.5,71.3,65,66.1,,,,,,,,,
nhtsa-gmc-sierra-classic-pickup-regular-standard-118-9-2,Pickup,,Regular,,,,118.9,200,79.5,76.4,65,66.1,,,,,,,,,
nhtsa-gmc-sonoma-coupe-122-8,Coupe,,,,,,122.8,192.9,65,61.4,,,,,,,,,,,
nhtsa-gmc-sonoma-coupe-122-8-2,Coupe,,,,,,122.8,192.9,65,63.4,,,,,,,,,,,
nhtsa-gmc-sonoma-coupe-short-122-8,Coupe,,,,,,122.8,202.8,68.1,60.6,54.7,54.7,,,,,,,,,
nhtsa-gmc-sonoma-coupe-short-122-8-2,Coupe,,,,,,122.8,202.8,,61.4,57.1,55.1,,,,,,,,,
nhtsa-gmc-sonoma-coupe-short-122-8-3,Coupe,,,,,,122.8,203.1,68.1,62.2,54.7,54.7,,,,,,,,,
nhtsa-gmc-sonoma-coupe-short-122-8-4,Coupe,,,,,,122.8,203.1,68.1,63.8,57.1,55.1,,,,,,,,,
nhtsa-gmc-sonoma-coupe-short-122-8-5,Coupe,,,,,,122.8,203.1,,,57.1,55.1,,,,,,,,,
nhtsa-gmc-sonoma-coupe-short-122-8-6,Coupe,,,,,,122.8,204.7,68.1,62.6,54.7,54.7,,,,,,,,,
nhtsa-gmc-sonoma-coupe-short-122-8-7,Coupe,,,,,,122.8,204.7,68.1,63.4,57.1,55.1,,,,,,,,,
nhtsa-gmc-sonoma-coupe-short-122-8-8,Coupe,,,,,,122.8,204.7,,,60.2,59.1,,,,,,,,,
nhtsa-gmc-sonoma-pickup-crew-122-8,Pickup,,Crew,,,,122.8,205.1,67.7,63.4,56.7,55.1,,,,,,,,,
nhtsa-gmc-sonoma-pickup-crew-short-122-8,Pickup,,Crew,,,,122.8,205.1,67.7,63.4,56.7,55.1,,,,,,,,,
nhtsa-gmc-sonoma-pickup-extended-short-122-8,Pickup,,Extended,,,,122.8,204.7,68.1,62.6,54.7,54.7,,,,,,,,,
nhtsa-gmc-sonoma-pickup-extended-short-122-8-2,Pickup,,Extended,,,,122.8,204.7,68.1,63.4,57.1,55.1,,,,,,,,,
nhtsa-gmc-sonoma-pickup-extended-short-122-8-3,Pickup,,Extended,,,,122.8,204.7,,,60.2,59.1,,,,,,,,,
nhtsa-gmc-sonoma-pickup-regular-long-118-1,Pickup,,Regular,,,,118.1,194.1,65,61.4,,,,,,,,,,,
nhtsa-gmc-sonoma-pickup-regular-long-118-1-2,Pickup,,Regular,,,,118.1,194.1,65,63.4,,,,,,,,,,,
nhtsa-gmc-sonoma-pickup-regular-long-118-1-3,Pickup,,Regular,,,,118.1,203.9,68.1,60.6,54.7,54.7,,,,,,,,,
nhtsa-gmc-sonoma-pickup-regular-long-118-1-4,Pickup,,Regular,,,,118.1,203.9,,61.4,57.1,55.1,,,,,,,,,
nhtsa-gmc-sonoma-pickup-regular-long-118-1-5,Pickup,,Regular,,,,118.1,205.1,68.1,62.2,54.7,54.7,,,,,,,,,
nhtsa-gmc-sonoma-pickup-regular-long-118-1-6,Pickup,,Regular,,,,118.1,205.1,68.1,65.4,57.1,55.1,,,,,,,,,
nhtsa-gmc-sonoma-pickup-regular-long-118-1-7,Pickup,,Regular,,,,118.1,206.3,68.1,63,54.7,54.7,,,,,,,,,
nhtsa-gmc-sonoma-pickup-regular-long-118-1-8,Pickup,,Regular,,,,118.1,206.3,68.1,65,57.1,55.1,,,,,,,,,
nhtsa-gmc-sonoma-pickup-regular-short-108-3,Pickup,,Regular,,,,108.3,178.3,65,61.4,,,,,,,,,,,
nhtsa-gmc-sonoma-pickup-regular-short-108-3-10,Pickup,,Regular,,,,108.3,190.2,68.1,63.4,57.1,55.1,,,,,,,,,
nhtsa-gmc-sonoma-pickup-regular-short-108-3-11,Pickup,,Regular,,,,108.3,190.2,,,60.2,59.1,,,,,,,,,
nhtsa-gmc-sonoma-pickup-regular-short-108-3-2,Pickup,,Regular,,,,108.3,178.3,65,63.4,,,,,,,,,,,
nhtsa-gmc-sonoma-pickup-regular-short-108-3-3,Pickup,,Regular,,,,108.3,189,68.1,60.6,54.7,54.7,,,,,,,,,
nhtsa-gmc-sonoma-pickup-regular-short-108-3-4,Pickup,,Regular,,,,108.3,189,,61.4,57.1,55.1,,,,,,,,,
nhtsa-gmc-sonoma-pickup-regular-short-108-3-5,Pickup,,Regular,,,,108.3,189,,61.4,60.2,59.1,,,,,,,,,
nhtsa-gmc-sonoma-pickup-regular-short-108-3-6,Pickup,,Regular,,,,108.3,188.6,68.1,62.2,54.7,54.7,,,,,,,,,
nhtsa-gmc-sonoma-pickup-regular-short-108-3-7,Pickup,,Regular,,,,108.3,188.6,68.1,63.8,57.1,55.1,,,,,,,,,
nhtsa-gmc-sonoma-pickup-regular-short-108-3-8,Pickup,,Regular,,,,108.3,188.6,,,60.2,59.1,,,,,,,,,
nhtsa-gmc-sonoma-pickup-regular-short-108-3-9,Pickup,,Regular,,,,108.3,190.2,68.1,62.2,54.7,54.7,,,,,,,,,
nhtsa-gmc-sonoma-pickup-regular-short-118-1,Pickup,,Regular,,,,118.1,205.1,68.1,62.2,54.7,54.7,,,,,,,,,
nhtsa-gmc-sonoma-pickup-regular-short-118-1-2,Pickup,,Regular,,,,118.1,205.1,68.1,65.4,57.1,55.1,,,,,,,,,
nhtsa-gmc-suburban-1500-body-129-5,,,,,,,129.5,219.3,79.5,72,,,,,,,,,,,
nhtsa-gmc-suburban-1500-body-131-5,,,,,,,131.5,219.7,77.2,73.6,,,,,,,,,,,
nhtsa-gmc-suburban-1500-body-131-5-2,,,,,,,131.5,221.3,76.8,68.9,,,,,,,,,,,
nhtsa-gmc-suburban-1500-body-131-5-3,,,,,,,131.5,221.3,76.4,68.9,,,,,,,,,,,
nhtsa-gmc-suburban-1500-body-4dr-131-5,,4,,,,,131.5,219.7,76.8,70.1,62.6,63.8,,,,,,,,,
nhtsa-gmc-suburban-1500-body-4dr-131-5-2,,4,,,,,131.5,219.7,76.8,70.1,68.5,63.8,,,,,,,,,
nhtsa-gmc-suburban-2500-body-129-5,,,,,,,129.5,219.3,79.5,74,,,,,,,,,,,
nhtsa-gmc-suburban-2500-body-131-5,,,,,,,131.5,219.7,77.2,,,,,,,,,,,,
nhtsa-gmc-suburban-2500-body-131-5-2,,,,,,,131.5,219.7,77.2,73.6,,,,,,,,,,,
nhtsa-gmc-suburban-2500-body-131-5-3,,,,,,,131.5,221.3,76.4,68.9,,,,,,,,,,,
nhtsa-gmc-suburban-2500-body-4dr-131-5,,4,,,,,131.5,219.7,76.8,70.1,62.6,63.8,,,,,,,,,
nhtsa-gmc-suburban-2500-body-4dr-131-5-2,,4,,,,,131.5,219.7,76.8,70.1,68.5,63.8,,,,,,,,,
nhtsa-gmc-suburban-body-129-5,,,,,,,129.5,219.3,79.5,74,,,,,,,,,,,
nhtsa-gmc-suburban-body-129-5-2,,,,,,,129.5,219.3,79.5,76,,,,,,,,,,,
nhtsa-gmc-terrain-suv-4dr-107-1,SUV,4,,,,,107.1,181.1,74.4,65.7,64.2,64.2,,,,,,,,,
nhtsa-gmc-terrain-suv-4dr-107-5,SUV,4,,,,,107.5,183.1,72.4,65.4,62.2,62.2,,,,,,,,,
nhtsa-gmc-terrain-suv-4dr-112-6,SUV,4,,,,,112.6,185.4,72.8,66.5,62.2,61.8,,,,,,,,,
nhtsa-gmc-terrain-suv-4dr-112-6-2,SUV,4,,,,,112.6,185.4,72.8,66.5,63,62.2,,,,,,,,,
nhtsa-gmc-vandura-10-body-109-8,,,,,,,109.8,178.3,79.5,81.9,55.9,54.7,,,,,,,,,
nhtsa-gmc-vandura-1500-body-109-8,,,,,,,109.8,178.3,79.5,81.9,,,,,,,,,,,
nhtsa-gmc-vandura-1500-body-125-2,,,,,,,125.2,202.4,79.5,79.5,,,,,,,,,,,
nhtsa-gmc-vandura-1500-body-135,,,,,,,135,218.9,79.1,82.7,,,,,,,,,,,
nhtsa-gmc-vandura-20-body-125-2,,,,,,,125.2,202,79.5,81.9,68.1,68.9,,,,,,,,,
nhtsa-gmc-vandura-2500-body-109-8,,,,,,,109.8,178.3,79.5,81.9,,,,,,,,,,,
nhtsa-gmc-vandura-2500-body-125-2,,,,,,,125.2,202.4,79.5,79.5,,,,,,,,,,,
nhtsa-gmc-vandura-2500-body-135,,,,,,,135,218.9,79.1,84.6,,,,,,,,,,,
nhtsa-gmc-vandura-2500-body-155-1,,,,,,,155.1,239,79.1,88.2,,,,,,,,,,,
nhtsa-gmc-vandura-30-body-125-2,,,,,,,125.2,202,79.5,81.9,64.6,65,,,,,,,,,
nhtsa-gmc-vandura-3500-body-125-2,,,,,,,125.2,202.4,79.5,81.9,,,,,,,,,,,
nhtsa-gmc-vandura-3500-body-135,,,,,,,135,218.9,79.1,85,,,,,,,,,,,
nhtsa-gmc-vandura-3500-body-146-1,,,,,,,146.1,223.2,79.5,81.9,,,,,,,,,,,
nhtsa-gmc-vandura-3500-body-155-1,,,,,,,155.1,239,79.1,84.6,,,,,,,,,,,
nhtsa-gmc-yukon-body-111-4,,,,,,,111.4,188.2,77.2,75.2,,,,,,,,,,,
nhtsa-gmc-yukon-body-4dr-116-1,,4,,,,,116.1,198.8,78.7,76.4,65,66.1,,,,,,,,,
nhtsa-gmc-yukon-body-4dr-116-1-2,,4,,,,,116.1,198.8,78.7,74.8,65,66.1,,,,,,,,,
nhtsa-gmc-yukon-body-4dr-116-1-3,,4,,,,,116.1,198.8,78.7,77.2,64.6,66.1,,,,,,,,,
nhtsa-gmc-yukon-body-4dr-116-1-4,,4,,,,,116.1,198.8,78.7,76.8,65,66.1,,,,,,,,,
nhtsa-gmc-yukon-body-4dr-116-1-5,,4,,,,,116.1,198.8,78.7,76.8,64.6,66.1,,,,,,,,,
nhtsa-gmc-yukon-body-4dr-117-7,,4,,,,,117.7,201.6,78.7,74.4,64.2,63.8,,,,,,,,,
nhtsa-gmc-yukon-suv-2dr-111-4,SUV,2,,,,,111.4,188.2,77.2,72.4,64.2,63.8,,,,,,,,,
nhtsa-gmc-yukon-suv-4dr-116-1,SUV,4,,,,,116.1,202,79.1,77.2,68.1,67.3,,,,,,,,,
nhtsa-gmc-yukon-suv-4dr-116-1-2,SUV,4,,,,,116.1,202,79.1,76.8,68.1,67.3,,,,,,,,,
nhtsa-gmc-yukon-suv-4dr-116-1-3,SUV,4,,,,,116.1,203.9,80.3,74.4,68.9,68.5,,,,,,,,,
nhtsa-gmc-yukon-suv-4dr-117-7,SUV,4,,,,,117.7,200.4,76.4,70.1,63,64.6,,,,,,,,,
nhtsa-gmc-yukon-suv-4dr-117-7-2,SUV,4,,,,,117.7,199.6,76.8,75.2,64.2,63.8,,,,,,,,,
nhtsa-gmc-yukon-suv-4dr-117-7-3,SUV,4,,,,,117.7,199.6,76.8,75.2,64.6,64.2,,,,,,,,,
nhtsa-gmc-yukon-suv-4dr-117-7-4,SUV,4,,,,,117.7,201.6,78.7,74.4,64.2,63.8,,,,,,,,,
nhtsa-gmc-yukon-suv-4dr-120-9,SUV,4,,,,,120.9,209.8,81.1,75.6,68.5,68.1,,,,,,,,,
nhtsa-gmc-yukon-xl-1500-body-4dr-129-9,,4,,,,,129.9,219.3,78.7,73.2,65,66.1,,,,,,,,,
nhtsa-gmc-yukon-xl-1500-body-4dr-129-9-2,,4,,,,,129.9,219.3,78.7,74,65,66.1,,,,,,,,,
nhtsa-gmc-yukon-xl-1500-body-4dr-129-9-3,,4,,,,,129.9,219.3,78.7,74.8,65,66.1,,,,,,,,,
nhtsa-gmc-yukon-xl-1500-body-4dr-129-9-4,,4,,,,,129.9,219.3,78.7,71.7,65,66.1,,,,,,,,,
nhtsa-gmc-yukon-xl-1500-body-4dr-129-9-5,,4,,,,,129.9,219.3,78.7,71.7,65.4,66.5,,,,,,,,,
nhtsa-gmc-yukon-xl-1500-body-4dr-129-9-6,,4,,,,,129.9,219.3,78.7,76.4,65,66.1,,,,,,,,,
nhtsa-gmc-yukon-xl-1500-body-4dr-129-9-7,,4,,,,,129.9,219.3,78.7,76.8,65,66.1,,,,,,,,,
nhtsa-gmc-yukon-xl-2500-body-4dr-129-9,,4,,,,,129.9,219.3,78.7,73.2,65,66.1,,,,,,,,,
nhtsa-gmc-yukon-xl-2500-body-4dr-129-9-2,,4,,,,,129.9,219.3,78.7,74,65,66.1,,,,,,,,,
nhtsa-gmc-yukon-xl-2500-suv-4dr-129-9,SUV,4,,,,,129.9,222.4,79.1,77.2,68.1,67.3,,,,,,,,,
nhtsa-gmc-yukon-xl-2500-suv-4dr-129-9-2,SUV,4,,,,,129.9,222.4,79.1,76.8,68.1,67.3,,,,,,,,,
nhtsa-gmc-yukon-xl-suv-4dr-129-9,SUV,4,,,,,129.9,222.4,79.1,77.2,68.1,67.3,,,,,,,,,
nhtsa-gmc-yukon-xl-suv-4dr-129-9-2,SUV,4,,,,,129.9,222.4,79.1,76.8,68.1,67.3,,,,,,,,,
nhtsa-gmc-yukon-xl-suv-4dr-129-9-3,SUV,4,,,,,129.9,224.4,80.3,74.4,68.9,68.5,,,,,,,,,
nhtsa-gmc-yukon-xl-suv-4dr-134-3,SUV,4,,,,,134.3,225.2,81.1,75.6,68.5,68.1,,,,,,,,,
nhtsa-honda-accord-body-2dr-96-5,,2,,,,,96.5,165.7,65.4,53.5,,,,,,,,,,,
nhtsa-honda-accord-body-96-5,,,,,,,96.5,165.7,65,53.5,,,,,,,,,,,
nhtsa-honda-accord-coupe-102-4,Coupe,,,,,,102.4,179.9,67.3,52.8,58.3,57.9,,,,,,,,,
nhtsa-honda-accord-coupe-2dr-105-1,Coupe,2,,,,,105.1,187,70.5,55.1,61,60.2,,,,,,,,,
nhtsa-honda-accord-coupe-2dr-105-1-2,Coupe,2,,,,,105.1,187.8,70.5,55.1,61.4,60.6,,,,,,,,,
nhtsa-honda-accord-coupe-2dr-105-1-3,Coupe,2,,,,,105.1,187.8,70.5,55.5,61.4,60.6,,,,,,,,,
nhtsa-honda-accord-coupe-2dr-105-1-4,Coupe,2,,,,,105.1,187,70.5,55.1,61.4,60.6,,,,,,,,,
nhtsa-honda-accord-coupe-2dr-105-1-5,Coupe,2,,,,,105.1,187.8,71.3,55.9,61.4,61,,,,,,,,,
nhtsa-honda-accord-coupe-2dr-107-1,Coupe,2,,,,,107.1,182.7,68.1,53.9,58.3,58.3,,,,,,,,,
nhtsa-honda-accord-coupe-2dr-107-1-2,Coupe,2,,,,,107.1,184.3,70.1,55.1,59.8,59.1,,,,,,,,,
nhtsa-honda-accord-coupe-2dr-107-1-3,Coupe,2,,,,,107.1,184.6,70.1,54.7,59.4,59.1,,,,,,,,,
nhtsa-honda-accord-coupe-2dr-107-1-4,Coupe,2,,,,,107.1,184.6,70.1,54.7,59.8,59.1,,,,,,,,,
nhtsa-honda-accord-coupe-2dr-107-1-5,Coupe,2,,,,,107.1,189,72.8,56.7,62.2,62.2,,,,,,,,,
nhtsa-honda-accord-coupe-2dr-107-1-6,Coupe,2,,,,,107.1,190.2,72.8,56.7,62.2,62.2,,,,,,,,,
nhtsa-honda-accord-coupe-2dr-107-9,Coupe,2,,,,,107.9,190.9,72.8,56.3,62.2,61.8,,,,,,,,,
nhtsa-honda-accord-hatchback-2dr-102-4,Hatchback,2,,,,,102.4,174.8,66.9,52.8,,,,,,,,,,,
nhtsa-honda-accord-hatchback-93-7,Hatchback,,,,,,93.7,163,63.8,52.8,,,,,,,,,,,
nhtsa-honda-accord-hatchback-96-5,Hatchback,,,,,,96.5,167.7,65.7,52.8,,,,,,,,,,,
nhtsa-honda-accord-sedan-102-4,Sedan,,,,,,102.4,178.7,66.9,53.5,,,,,,,,,,,
nhtsa-honda-accord-sedan-4dr-102-4,Sedan,4,,,,,102.4,178.7,66.9,53.5,,,,,,,,,,,
nhtsa-honda-accord-sedan-4dr-102-4-2,Sedan,4,,,,,102.4,179.9,67.3,53.5,58.7,58.3,,,,,,,,,
nhtsa-honda-accord-sedan-4dr-107-1,Sedan,4,,,,,107.1,185,68.1,54.7,58.3,58.3,,,,,,,,,
nhtsa-honda-accord-sedan-4dr-107-1-10,Sedan,4,,,,,107.1,189,70.5,57.5,61,60.2,,,,,,,,,
nhtsa-honda-accord-sedan-4dr-107-1-11,Sedan,4,,,,,107.1,189,70.5,57.1,61.4,60.6,,,,,,,,,
nhtsa-honda-accord-sedan-4dr-107-1-12,Sedan,4,,,,,107.1,189.4,70.5,57.1,61.4,60.6,,,,,,,,,
nhtsa-honda-accord-sedan-4dr-107-1-2,Sedan,4,,,,,107.1,185,68.1,54.7,,,,,,,,,,,
nhtsa-honda-accord-sedan-4dr-107-1-3,Sedan,4,,,,,107.1,184.3,70.1,55.1,59.8,59.1,,,,,,,,,
nhtsa-honda-accord-sedan-4dr-107-1-4,Sedan,4,,,,,107.1,187,70.1,55.5,59.8,59.1,,,,,,,,,
nhtsa-honda-accord-sedan-4dr-107-1-5,Sedan,4,,,,,107.1,185.8,70.1,55.1,59.4,59.1,,,,,,,,,
nhtsa-honda-accord-sedan-4dr-107-1-6,Sedan,4,,,,,107.1,185.8,70.1,55.1,59.8,59.1,,,,,,,,,
nhtsa-honda-accord-sedan-4dr-107-1-7,Sedan,4,,,,,107.1,185.8,70.1,54.7,59.8,59.1,,,,,,,,,
nhtsa-honda-accord-sedan-4dr-107-1-8,Sedan,4,,,,,107.1,188.6,70.1,55.5,59.8,59.1,,,,,,,,,
nhtsa-honda-accord-sedan-4dr-107-1-9,Sedan,4,,,,,107.1,189,70.5,57.1,61,60.2,,,,,,,,,
nhtsa-honda-accord-sedan-4dr-107-5,Sedan,4,,,,,107.5,190.9,71.7,57.1,60.6,60.6,,,,,,,,,
nhtsa-honda-accord-sedan-4dr-107-9,Sedan,4,,,,,107.9,189.4,71.7,57.5,61.8,61.4,,,,,,,,,
nhtsa-honda-accord-sedan-4dr-109-4,Sedan,4,,,,,109.4,191.3,72.8,57.9,62.2,62.2,,,,,,,,,
nhtsa-honda-accord-sedan-4dr-109-4-2,Sedan,4,,,,,109.4,192.1,72.8,57.5,62.2,62.6,,,,,,,,,
nhtsa-honda-accord-sedan-4dr-109-4-3,Sedan,4,,,,,109.4,194.9,72.8,57.5,62.2,62.2,,,,,,,,,
nhtsa-honda-accord-sedan-4dr-110-2,Sedan,4,,,,,110.2,194.1,72.8,58.3,62.2,61.4,,,,,,,,,
nhtsa-honda-accord-sedan-4dr-110-2-2,Sedan,4,,,,,110.2,194.5,72.8,58.3,62.2,61.4,,,,,,,,,
nhtsa-honda-accord-sedan-4dr-111-4,Sedan,4,,,,,111.4,192.1,75.2,57.1,62.6,63,,,,,,,,,
nhtsa-honda-accord-sedan-4dr-111-4-2,Sedan,4,,,,,111.4,195.7,73.2,57.1,63.8,62.6,,,,,,,,,
nhtsa-honda-accord-sedan-4dr-96-5,Sedan,4,,,,,96.5,165.7,65.4,54.3,,,,,,,,,,,
nhtsa-honda-accord-sedan-96-5,Sedan,,,,,,96.5,173.6,65,54.3,,,,,,,,,,,
nhtsa-honda-accord-sedan-96-5-2,Sedan,,,,,,96.5,175.6,65,53.9,,,,,,,,,,,
nhtsa-honda-accord-sedan-96-5-3,Sedan,,,,,,96.5,175.6,65.7,54.3,,,,,,,,,,,
nhtsa-honda-accord-wagon-107-1,Wagon,,,,,,107.1,186.2,68.1,55.9,,,,,,,,,,,
nhtsa-honda-accord-wagon-4dr-107-1,Wagon,4,,,,,107.1,187.8,70.1,55.9,59.8,59.1,,,,,,,,,
nhtsa-honda-accord-wagon-4dr-109-4,Wagon,4,,,,,109.4,191.3,72.8,57.9,62.2,62.2,,,,,,,,,
nhtsa-honda-accord-wagon-4dr-109-4-2,Wagon,4,,,,,109.4,192.5,72.8,57.9,62.2,62.2,,,,,,,,,
nhtsa-honda-accord-wagon-4dr-109-4-3,Wagon,4,,,,,109.4,193.3,72.8,57.9,62.2,62.2,,,,,,,,,
nhtsa-honda-accord-wagon-4dr-111-4,Wagon,4,,,,,111.4,192.1,75.2,57.1,62.6,63,,,,,,,,,
nhtsa-honda-civic-body-2dr-88-6,,2,,,,,88.6,148,62.2,53.1,,,,,,,,,,,
nhtsa-honda-civic-body-2dr-93-7,,2,,,,,93.7,150,64.2,52.8,,,,,,,,,,,
nhtsa-honda-civic-body-2dr-98-4,,2,,,,,98.4,156.3,65.7,52.4,,,,,,,,,,,
nhtsa-honda-civic-body-3dr-101-6,,3,,,,,101.6,165.7,66.5,56.7,58.3,57.9,,,,,,,,,
nhtsa-honda-civic-body-4dr-91-3,,4,,,,,91.3,151.2,62.2,53.1,,,,,,,,,,,
nhtsa-honda-civic-body-4dr-91-3-2,,4,,,,,91.3,150.8,62.2,53.1,,,,,,,,,,,
nhtsa-honda-civic-body-5dr-106-3,,5,,,,,106.3,178,74,56.3,61,61.4,,,,,,,,,
nhtsa-honda-civic-body-5dr-107-5,,5,,,,,107.5,179.1,70.9,55.9,61,62.2,,,,,,,,,
nhtsa-honda-civic-body-88-6,,,,,,,88.6,148,62.2,53.1,,,,,,,,,,,
nhtsa-honda-civic-coupe-2dr-103-1,Coupe,2,,,,,103.1,172.8,66.9,53.1,,,,,,,,,,,
nhtsa-honda-civic-coupe-2dr-103-1-2,Coupe,2,,,,,103.1,172.8,66.9,53.1,58.3,57.9,,,,,,,,,
nhtsa-honda-civic-coupe-2dr-103-1-3,Coupe,2,,,,,103.1,175.2,67.3,54.3,57.9,57.9,,,,,,,,,
nhtsa-honda-civic-coupe-2dr-103-1-4,Coupe,2,,,,,103.1,175.2,67.3,54.3,58.3,58.3,,,,,,,,,
nhtsa-honda-civic-coupe-2dr-103-1-5,Coupe,2,,,,,103.1,174.8,66.9,55.1,57.9,57.9,,,,,,,,,
nhtsa-honda-civic-coupe-2dr-103-1-6,Coupe,2,,,,,103.1,176,68.9,55.1,59.1,59.8,,,,,,,,,
nhtsa-honda-civic-coupe-2dr-103-1-7,Coupe,2,,,,,103.1,178,68.9,55.1,59.1,59.8,,,,,,,,,
nhtsa-honda-civic-coupe-2dr-104-3,Coupe,2,,,,,104.3,174.8,68.9,53.5,59.1,59.4,,,,,,,,,
nhtsa-honda-civic-coupe-2dr-106-3,Coupe,2,,,,,106.3,176.8,74,54.7,61,61.4,,,,,,,,,
nhtsa-honda-civic-coupe-2dr-90-6,Coupe,2,,,,,90.6,148,65.7,50,,,,,,,,,,,
nhtsa-honda-civic-coupe-2dr-93-3,Coupe,2,,,,,93.3,157.5,66.9,49.6,,,,,,,,,,,
nhtsa-honda-civic-coupe-2dr-93-3-2,Coupe,2,,,,,93.3,157.5,66.9,49.6,58.3,57.9,,,,,,,,,
nhtsa-honda-civic-coupe-86-6,Coupe,,,,,,86.6,144.9,64.2,50.8,,,,,,,,,,,
nhtsa-honda-civic-hatchback-101-2,Hatchback,,,,,,101.2,160.2,66.9,53.1,,,,,,,,,,,
nhtsa-honda-civic-hatchback-2dr-101-2,Hatchback,2,,,,,101.2,160.2,66.9,53.1,,,,,,,,,,,
nhtsa-honda-civic-hatchback-2dr-101-2-2,Hatchback,2,,,,,101.2,160.2,66.9,53.1,58.3,57.9,,,,,,,,,
nhtsa-honda-civic-hatchback-2dr-103-1,Hatchback,2,,,,,103.1,164.6,67.3,54.3,57.9,57.9,,,,,,,,,
nhtsa-honda-civic-hatchback-2dr-103-1-2,Hatchback,2,,,,,103.1,164.2,67.3,54.3,58.3,58.3,,,,,,,,,
nhtsa-honda-civic-hatchback-2dr-86-6,Hatchback,2,,,,,86.6,144.9,64.2,50.8,,,,,,,,,,,
nhtsa-honda-civic-hatchback-2dr-98-4,Hatchback,2,,,,,98.4,156.3,65.7,52.4,57.1,57.5,,,,,,,,,
nhtsa-honda-civic-hatchback-3dr-101-6,Hatchback,3,,,,,101.6,165.7,66.5,56.7,58.3,57.9,,,,,,,,,
nhtsa-honda-civic-hatchback-88-6,Hatchback,,,,,,88.6,148,62.2,53.1,,,,,,,,,,,
nhtsa-honda-civic-hatchback-93-7,Hatchback,,,,,,93.7,150,64.2,52.8,,,,,,,,,,,
nhtsa-honda-civic-hatchback-98-4,Hatchback,,,,,,98.4,156.3,65.7,52.4,57.1,57.5,,,,,,,,,
nhtsa-honda-civic-sedan-4dr-103-1,Sedan,4,,,,,103.1,173.2,66.9,53.9,,,,,,,,,,,
nhtsa-honda-civic-sedan-4dr-103-1-2,Sedan,4,,,,,103.1,173.2,66.9,53.1,58.3,57.9,,,,,,,,,
nhtsa-honda-civic-sedan-4dr-103-1-3,Sedan,4,,,,,103.1,175.2,67.3,54.7,58.3,57.9,,,,,,,,,
nhtsa-honda-civic-sedan-4dr-103-1-4,Sedan,4,,,,,103.1,175.2,67.3,54.7,58.3,58.3,,,,,,,,,
nhtsa-honda-civic-sedan-4dr-103-1-5,Sedan,4,,,,,103.1,174.8,67.7,56.7,57.9,57.9,,,,,,,,,
nhtsa-honda-civic-sedan-4dr-103-1-6,Sedan,4,,,,,103.1,174.8,67.7,56.3,57.9,57.9,,,,,,,,,
nhtsa-honda-civic-sedan-4dr-105-1,Sedan,4,,,,,105.1,177.2,68.9,56.7,59.1,59.8,,,,,,,,,
nhtsa-honda-civic-sedan-4dr-105-1-2,Sedan,4,,,,,105.1,179.5,68.9,56.7,59.1,59.8,,,,,,,,,
nhtsa-honda-civic-sedan-4dr-106-3,Sedan,4,,,,,106.3,176.8,68.9,56.7,58.3,59.4,,,,,,,,,
nhtsa-honda-civic-sedan-4dr-106-3-2,Sedan,4,,,,,106.3,182.3,74,55.9,61,61.4,,,,,,,,,
nhtsa-honda-civic-sedan-4dr-107-9,Sedan,4,,,,,107.9,183.9,70.9,55.9,61,62.2,,,,,,,,,
nhtsa-honda-civic-sedan-4dr-96-5,Sedan,4,,,,,96.5,163.4,64.2,54.7,,,,,,,,,,,
nhtsa-honda-civic-sedan-4dr-98-4,Sedan,4,,,,,98.4,166.5,66.1,53.5,,,,,,,,,,,
nhtsa-honda-civic-sedan-91-3,Sedan,,,,,,91.3,161,62.2,53.1,,,,,,,,,,,
nhtsa-honda-civic-sedan-96-5,Sedan,,,,,,96.5,163.4,64.2,54.7,,,,,,,,,,,
nhtsa-honda-civic-si-hatchback-98-4,Hatchback,,,,,,98.4,156.3,65.7,52.4,57.1,57.5,,,,,,,,,
nhtsa-honda-civic-type-r-body-4dr-107-9,,4,,,,,107.9,180.7,70.9,55.5,64.2,63.4,,,,,,,,,
nhtsa-honda-civic-type-r-body-5dr-106-3,,5,,,,,106.3,178,74,56.3,61,61.4,,,,,,,,,
nhtsa-honda-civic-wagon-4dr-105-1,Wagon,4,,,,,105.1,179.5,68.9,56.7,59.1,59.8,,,,,,,,,
nhtsa-honda-civic-wagon-4dr-106-3,Wagon,4,,,,,106.3,182.3,74,55.9,61,61.4,,,,,,,,,
nhtsa-honda-civic-wagon-91-3,Wagon,,,,,,91.3,157.5,62.2,54.3,,,,,,,,,,,
nhtsa-honda-civic-wagon-98-4,Wagon,,,,,,98.4,161.8,66.1,58.3,,,,,,,,,,,
nhtsa-honda-civic-wagon-98-4-2,Wagon,,,,,,98.4,161.8,66.5,57.9,57.1,56.7,,,,,,,,,
nhtsa-honda-civic-wagon-98-4-3,Wagon,,,,,,98.4,161.8,66.5,57.9,,,,,,,,,,,
nhtsa-honda-clarity-body-108-3,,,,,,,108.3,192.9,74.8,58.3,62.2,62.6,,,,,,,,,
nhtsa-honda-cr-v-suv-4dr-103-1,SUV,4,,,,,103.1,177.6,68.9,65.7,60.2,59.8,,,,,,,,,
nhtsa-honda-cr-v-suv-4dr-103-1-2,SUV,4,,,,,103.1,173.2,68.9,65.7,60.2,59.8,,,,,,,,,
nhtsa-honda-cr-v-suv-4dr-103-1-3,SUV,4,,,,,103.1,173.2,68.9,66.1,60.2,60.2,,,,,,,,,
nhtsa-honda-cr-v-suv-4dr-103-1-4,SUV,4,,,,,103.1,174,70.1,66.1,60.6,60.6,,,,,,,,,
nhtsa-honda-cr-v-suv-4dr-103-1-5,SUV,4,,,,,103.1,178,71.7,66.1,61.4,61.4,,,,,,,,,
nhtsa-honda-cr-v-suv-4dr-103-1-6,SUV,4,,,,,103.1,178.3,71.7,64.6,61.4,61.4,,,,,,,,,
nhtsa-honda-cr-v-suv-4dr-103-1-7,SUV,4,,,,,103.1,179.5,71.7,64.6,62.2,62.2,,,,,,,,,
nhtsa-honda-cr-v-suv-4dr-103-5,SUV,4,,,,,103.5,171.7,70.1,66.1,60.2,60.2,,,,,,,,,
nhtsa-honda-cr-v-suv-4dr-104-7,SUV,4,,,,,104.7,180.7,72.8,66.1,63,63.8,,,,,,,,,
nhtsa-honda-cr-v-suv-4dr-106-3,SUV,4,,,,,106.3,184.6,73.6,66.1,63.4,64.2,,,,,,,,,
nhtsa-honda-cr-v-wagon-4dr-103-1,Wagon,4,,,,,103.1,178.3,71.7,64.6,61.4,61.4,,,,,,,,,
nhtsa-honda-cr-v-wagon-4dr-103-1-2,Wagon,4,,,,,103.1,179.5,71.7,65,62.2,62.2,,,,,,,,,
nhtsa-honda-cr-z-hatchback-2dr-96-1,Hatchback,2,,,,,96.1,160.6,68.5,54.7,59.8,59.1,,,,,,,,,
nhtsa-honda-crosstour-body-110-6,,,,,,,110.6,196.9,74.8,65.7,65,64.6,,,,,,,,,
nhtsa-honda-crosstour-hatchback-4dr-110-6,Hatchback,4,,,,,110.6,196.9,74.8,65.7,65,64.6,,,,,,,,,
nhtsa-honda-element-suv-4dr-101-6,SUV,4,,,,,101.6,169.3,71.7,74,62.2,62.2,,,,,,,,,
nhtsa-honda-element-suv-4dr-101-6-2,SUV,4,,,,,101.6,169.3,71.7,70.1,62.2,62.2,,,,,,,,,
nhtsa-honda-fit-body-4dr-96-5,,4,,,,,96.5,157.1,66.9,60.2,57.1,56.7,,,,,,,,,
nhtsa-honda-fit-body-4dr-98-4,,4,,,,,98.4,161.8,66.9,59.8,59.1,57.9,,,,,,,,,
nhtsa-honda-fit-body-4dr-99-6,,4,,,,,99.6,159.8,66.9,58.3,57.5,57.5,,,,,,,,,
nhtsa-honda-fit-body-4dr-99-6-2,,4,,,,,99.6,161.4,66.5,59.8,57.5,57.5,,,,,,,,,
nhtsa-honda-hr-v-body-102-8,,,,,,,102.8,168.9,70.1,63,60.6,60.6,,,,,,,,,
nhtsa-honda-hr-v-body-4dr-102-8,,4,,,,,102.8,168.9,70.1,63,60.6,60.6,,,,,,,,,
nhtsa-honda-hr-v-suv-4dr-102-8,SUV,4,,,,,102.8,171.3,69.7,63,60.6,60.6,,,,,,,,,
nhtsa-honda-hr-v-suv-4dr-104-7,SUV,4,,,,,104.7,179.9,72.4,63.4,62.6,63,,,,,,,,,
nhtsa-honda-insight-body-100-8,,,,,,,100.8,172.4,66.5,56.3,59.1,58.3,,,,,,,,,
nhtsa-honda-insight-hatchback-2dr-94-5,Hatchback,2,,,,,94.5,155.1,66.9,53.5,56.7,52.4,,,,,,,,,
nhtsa-honda-insight-hatchback-2dr-94-5-2,Hatchback,2,,,,,94.5,155.1,66.9,52.8,57.1,52,,,,,,,,,
nhtsa-honda-insight-hatchback-4dr-100-8,Hatchback,4,,,,,100.8,172.4,66.5,56.3,59.1,58.3,,,,,,,,,
nhtsa-honda-insight-sedan-4dr-106-3,Sedan,4,,,,,106.3,183.5,74,55.5,61,61.8,,,,,,,,,
nhtsa-honda-odyssey-body-118-1,,,,,,,118.1,203.9,78,67.7,67.7,67.3,,,,,,,,,
nhtsa-honda-odyssey-van-118-1,Van,,,,,,118.1,205.1,78.7,68.1,66.9,67.3,,,,,,,,,
nhtsa-honda-odyssey-van-4dr-111-4,Van,4,,,,,111.4,187.4,70.5,64.6,60.2,60.6,,,,,,,,,
nhtsa-honda-odyssey-van-4dr-118-1,Van,4,,,,,118.1,201.2,75.6,68.5,66.1,66.1,,,,,,,,,
nhtsa-honda-odyssey-van-4dr-118-1-2,Van,4,,,,,118.1,201.2,75.6,69.7,66.1,66.1,,,,,,,,,
nhtsa-honda-odyssey-van-4dr-118-1-3,Van,4,,,,,118.1,201.2,77.2,70.1,66.5,66.5,,,,,,,,,
nhtsa-honda-odyssey-van-4dr-118-1-4,Van,4,,,,,118.1,201.2,77.2,68.9,66.5,66.5,,,,,,,,,
nhtsa-honda-odyssey-van-4dr-118-1-5,Van,4,,,,,118.1,202.8,79.1,68.5,67.7,68.1,,,,,,,,,
nhtsa-honda-odyssey-wagon-118-1,Wagon,,,,,,118.1,203.9,78,67.7,67.7,67.3,,,,,,,,,
nhtsa-honda-odyssey-wagon-4dr-118-1,Wagon,4,,,,,118.1,201.2,77.2,70.1,66.5,66.5,,,,,,,,,
nhtsa-honda-odyssey-wagon-4dr-118-1-2,Wagon,4,,,,,118.1,202.8,79.1,68.5,67.7,68.1,,,,,,,,,
nhtsa-honda-passport-suv-4dr-111,SUV,4,,,,,111,190.6,78.7,71.7,66.5,66.5,,,,,,,,,
nhtsa-honda-passport-suv-4dr-111-2,SUV,4,,,,,111,189.8,78.7,71.7,66.5,66.5,,,,,,,,,
nhtsa-honda-pilot-suv-4dr-105-9,SUV,4,,,,,105.9,188.2,77.2,70.5,66.9,66.5,,,,,,,,,
nhtsa-honda-pilot-suv-4dr-105-9-2,SUV,4,,,,,105.9,188.2,77.2,71.7,66.9,66.5,,,,,,,,,
nhtsa-honda-pilot-suv-4dr-109-4,SUV,4,,,,,109.4,190.9,78.3,72.8,66.9,66.9,,,,,,,,,
nhtsa-honda-pilot-suv-4dr-111,SUV,4,,,,,111,194.9,79.9,69.7,66.1,66.1,,,,,,,,,
nhtsa-honda-pilot-suv-4dr-111-2,SUV,4,,,,,111,196.5,79.9,70.5,66.1,66.1,,,,,,,,,
nhtsa-honda-pilot-suv-4dr-113-8,SUV,4,,,,,113.8,200,78.3,70.9,67.7,67.7,,,,,,,,,
nhtsa-honda-pilot-suv-4dr-113-8-2,SUV,4,,,,,113.8,200,78.3,72,67.3,67.3,,,,,,,,,
nhtsa-honda-pilot-wagon-4dr-109-4,Wagon,4,,,,,109.4,190.9,78.3,72.8,66.9,66.9,,,,,,,,,
nhtsa-honda-pilot-wagon-4dr-109-4-2,Wagon,4,,,,,109.4,191.3,78.3,72.8,66.9,66.9,,,,,,,,,
nhtsa-honda-pilot-wagon-4dr-113-8,Wagon,4,,,,,113.8,200,78.3,70.9,67.7,67.7,,,,,,,,,
nhtsa-honda-prelude-body-91-3,,,,,,,91.3,161,64.6,51.2,,,,,,,,,,,
nhtsa-honda-prelude-body-96-5,,,,,,,96.5,169.3,66.5,51.2,,,,,,,,,,,
nhtsa-honda-prelude-body-96-5-2,,,,,,,96.5,172,66.9,51.2,,,,,,,,,,,
nhtsa-honda-prelude-coupe-2dr-100-4,Coupe,2,,,,,100.4,174.8,69.7,50.8,,,,,,,,,,,
nhtsa-honda-prelude-coupe-2dr-100-4-2,Coupe,2,,,,,100.4,174.8,69.7,50.8,60.2,59.8,,,,,,,,,
nhtsa-honda-prelude-coupe-2dr-101-2,Coupe,2,,,,,101.2,175.6,67.3,51.2,,,,,,,,,,,
nhtsa-honda-prelude-coupe-2dr-101-2-2,Coupe,2,,,,,101.2,177.6,67.3,51.2,,,,,,,,,,,
nhtsa-honda-prelude-coupe-2dr-101-2-3,Coupe,2,,,,,101.2,177.6,67.3,51.2,58.3,58.3,,,,,,,,,
nhtsa-honda-prelude-coupe-2dr-101-6,Coupe,2,,,,,101.6,178,68.5,52,59.8,59.4,,,,,,,,,
nhtsa-honda-prelude-coupe-2dr-102,Coupe,2,,,,,102,178,68.9,52,59.8,59.4,,,,,,,,,
nhtsa-honda-prelude-coupe-2dr-102-2,Coupe,2,,,,,102,178,68.9,52,60.2,59.8,,,,,,,,,
nhtsa-honda-prelude-coupe-2dr-96-5,Coupe,2,,,,,96.5,169.3,66.5,51.2,,,,,,,,,,,
nhtsa-honda-prelude-coupe-2dr-96-5-2,Coupe,2,,,,,96.5,172,66.9,51.2,,,,,,,,,,,
nhtsa-honda-prologue-suv-4dr-121-7,SUV,4,,,,,121.7,192.1,78.3,64.6,66.1,66.1,,,,,,,,,
nhtsa-honda-ridgeline-pickup-122,Pickup,,,,,,122,206.7,76.8,70.5,66.9,66.9,,,,,,,,,
nhtsa-honda-ridgeline-pickup-4dr-122,Pickup,4,,,,,122,206.7,76.8,70.5,66.9,66.9,,,,,,,,,
nhtsa-honda-ridgeline-pickup-4dr-125-2,Pickup,4,,,,,125.2,209.8,78.7,70.9,66.1,66.5,,,,,,,,,
nhtsa-honda-ridgeline-pickup-4dr-125-2-2,Pickup,4,,,,,125.2,210.2,78.7,70.9,66.1,66.5,,,,,,,,,
nhtsa-honda-ridgeline-wagon-4dr-122,Wagon,4,,,,,122,206.7,76.8,70.5,66.9,66.9,,,,,,,,,
nhtsa-honda-s2000-convertible-94-5,Convertible,,,,,,94.5,162.2,68.9,50.8,57.9,59.1,,,,,,,,,
nhtsa-hummer-h1-suv-4dr-129-9,SUV,4,,,,,129.9,187.4,101.2,77.2,71.7,71.3,,,,,,,,,
nhtsa-hummer-h1-wagon-4dr-129-9,Wagon,4,,,,,129.9,187.4,101.2,74.8,71.7,71.3,,,,,,,,,
nhtsa-hummer-h2-pickup-4dr-122-8,Pickup,4,,,,,122.8,189.8,81.1,79.1,,,,,,,,,,,
nhtsa-hummer-h2-pickup-regular-short-122,Pickup,,Regular,,,,122,188.6,81.1,74.4,68.9,69.7,,,,,,,,,
nhtsa-hummer-h2-suv-4dr-122-8,SUV,4,,,,,122.8,189.8,81.1,79.1,68.5,69.7,,,,,,,,,
nhtsa-hummer-h2-suv-4dr-123-2,SUV,4,,,,,123.2,186.2,81.1,81.9,68.9,69.7,,,,,,,,,
nhtsa-hummer-h3-suv-4dr-111-8,SUV,4,,,,,111.8,182.3,74.8,74.4,65,65.7,,,,,,,,,
nhtsa-hummer-h3t-pickup-4dr-134-3,Pickup,4,,,,,134.3,212.6,75.2,72,65,65.4,,,,,,,,,
nhtsa-hyundai-accent-body-4dr-96-1,,4,,,,,96.1,167.7,66.1,55.1,56.3,55.9,,,,,,,,,
nhtsa-hyundai-accent-body-5dr-101-6,,5,,,,,101.6,165,66.9,56.3,59.4,60.2,,,,,,,,,
nhtsa-hyundai-accent-hatchback-2dr-94-5,Hatchback,2,,,,,94.5,161.4,63.8,54.7,55.5,55.5,,,,,,,,,
nhtsa-hyundai-accent-hatchback-2dr-94-5-2,Hatchback,2,,,,,94.5,161.4,63.8,54.7,55.9,55.5,,,,,,,,,
nhtsa-hyundai-accent-hatchback-2dr-96-1,Hatchback,2,,,,,96.1,165.4,65.7,55.1,56.7,56.3,,,,,,,,,
nhtsa-hyundai-accent-hatchback-2dr-96-1-2,Hatchback,2,,,,,96.1,166.1,66.1,55.1,56.3,55.9,,,,,,,,,
nhtsa-hyundai-accent-hatchback-2dr-98-4,Hatchback,2,,,,,98.4,159.4,66.9,57.9,57.9,57.1,,,,,,,,,
nhtsa-hyundai-accent-hatchback-2dr-98-4-2,Hatchback,2,,,,,98.4,159.4,66.9,66.9,57.9,57.1,,,,,,,,,
nhtsa-hyundai-accent-hatchback-4dr-101-2,Hatchback,4,,,,,101.2,162.2,66.9,57.1,58.3,58.3,,,,,,,,,
nhtsa-hyundai-accent-hatchback-4dr-101-2-2,Hatchback,4,,,,,101.2,162.2,66.9,57.1,58.7,58.7,,,,,,,,,
nhtsa-hyundai-accent-sedan-4dr-101-2,Sedan,4,,,,,101.2,172,67.7,57.1,57.9,58.7,,,,,,,,,
nhtsa-hyundai-accent-sedan-4dr-101-2-2,Sedan,4,,,,,101.2,172,67.7,57.1,58.7,59.1,,,,,,,,,
nhtsa-hyundai-accent-sedan-4dr-101-6,Sedan,4,,,,,101.6,172.8,66.9,56.3,59.4,60.2,,,,,,,,,
nhtsa-hyundai-accent-sedan-4dr-94-5,Sedan,4,,,,,94.5,162.2,63.8,54.7,55.5,55.5,,,,,,,,,
nhtsa-hyundai-accent-sedan-4dr-94-5-2,Sedan,4,,,,,94.5,162.2,63.8,54.7,55.9,55.5,,,,,,,,,
nhtsa-hyundai-accent-sedan-4dr-96-1,Sedan,4,,,,,96.1,166.9,65.7,55.1,56.7,56.3,,,,,,,,,
nhtsa-hyundai-accent-sedan-4dr-96-5,Sedan,4,,,,,96.5,167.7,66.1,55.1,57.1,55.9,,,,,,,,,
nhtsa-hyundai-accent-sedan-4dr-98-4,Sedan,4,,,,,98.4,168.5,66.9,57.9,57.1,57.5,,,,,,,,,
nhtsa-hyundai-azera-sedan-4dr-109-4,Sedan,4,,,,,109.4,192.9,72.8,58.7,61.8,61.4,,,,,,,,,
nhtsa-hyundai-elantra-body-102-8,,,,,,,102.8,177.2,67.7,56.3,57.9,58.3,,,,,,,,,
nhtsa-hyundai-elantra-body-107-1,,,,,,,107.1,183.9,71.7,55.5,62.6,63,,,,,,,,,
nhtsa-hyundai-elantra-body-107-1-2,,,,,,,107.1,185.4,71.7,55.9,62.2,62.6,,,,,,,,,
nhtsa-hyundai-elantra-body-4dr-102-8,,4,,,,,102.8,177.2,67.7,56.3,57.9,58.3,,,,,,,,,
nhtsa-hyundai-elantra-body-5dr-103-9,,5,,,,,103.9,168.9,70.1,57.1,61,61.4,,,,,,,,,
nhtsa-hyundai-elantra-coupe-2dr-106-3,Coupe,2,,,,,106.3,178.7,70.1,57.1,61,61.4,,,,,,,,,
nhtsa-hyundai-elantra-gt-hatchback-5dr-103-9,Hatchback,5,,,,,103.9,168.9,70.1,57.1,61,61.4,,,,,,,,,
nhtsa-hyundai-elantra-gt-hatchback-5dr-104-3,Hatchback,5,,,,,104.3,171.7,70.1,56.3,61,61.8,,,,,,,,,
nhtsa-hyundai-elantra-hatchback-5dr-103-9,Hatchback,5,,,,,103.9,168.9,70.1,57.1,61,61.4,,,,,,,,,
nhtsa-hyundai-elantra-sedan-4dr-100-4,Sedan,4,,,,,100.4,174,66.9,54.7,57.5,57.1,,,,,,,,,
nhtsa-hyundai-elantra-sedan-4dr-100-4-2,Sedan,4,,,,,100.4,175.2,66.9,55.1,57.9,57.1,,,,,,,,,
nhtsa-hyundai-elantra-sedan-4dr-102,Sedan,4,,,,,102,178,68.1,56.3,57.5,57.9,,,,,,,,,
nhtsa-hyundai-elantra-sedan-4dr-102-8,Sedan,4,,,,,102.8,177.2,67.7,56.3,58.7,58.3,,,,,,,,,
nhtsa-hyundai-elantra-sedan-4dr-104-3,Sedan,4,,,,,104.3,177.6,70.1,58.3,60.6,59.8,,,,,,,,,
nhtsa-hyundai-elantra-sedan-4dr-106-3,Sedan,4,,,,,106.3,178.3,70.1,56.7,60.6,62.2,,,,,,,,,
nhtsa-hyundai-elantra-sedan-4dr-106-3-2,Sedan,4,,,,,106.3,179.1,70.1,57.1,61.4,62.2,,,,,,,,,
nhtsa-hyundai-elantra-sedan-4dr-106-3-3,Sedan,4,,,,,106.3,179.9,70.5,55.1,61.4,61.4,,,,,,,,,
nhtsa-hyundai-elantra-sedan-4dr-106-3-4,Sedan,4,,,,,106.3,181.9,70.9,56.7,61.4,61,,,,,,,,,
nhtsa-hyundai-elantra-sedan-4dr-107-1,Sedan,4,,,,,107.1,183.9,71.7,55.5,62.6,63,,,,,,,,,
nhtsa-hyundai-elantra-sedan-4dr-107-1-2,Sedan,4,,,,,107.1,185.4,71.7,55.9,62.6,63,,,,,,,,,
nhtsa-hyundai-elantra-sedan-4dr-107-1-3,Sedan,4,,,,,107.1,185.4,71.7,55.9,61.8,62.2,,,,,,,,,
nhtsa-hyundai-elantra-sedan-4dr-98-4,Sedan,4,,,,,98.4,171.7,66.1,54.7,,,,,,,,,,,
nhtsa-hyundai-elantra-sedan-4dr-98-4-2,Sedan,4,,,,,98.4,171.7,66.1,54.7,57.1,56.3,,,,,,,,,
nhtsa-hyundai-elantra-sedan-4dr-98-4-3,Sedan,4,,,,,98.4,172.8,66.5,54.7,57.1,55.9,,,,,,,,,
nhtsa-hyundai-elantra-touring-wagon-5dr-106-3,Wagon,5,,,,,106.3,176.4,69.7,59.8,60.2,60.6,,,,,,,,,
nhtsa-hyundai-elantra-wagon-4dr-100-4,Wagon,4,,,,,100.4,175.2,66.9,57.5,57.5,57.1,,,,,,,,,
nhtsa-hyundai-elantra-wagon-4dr-100-4-2,Wagon,4,,,,,100.4,175.2,66.9,57.9,57.5,57.1,,,,,,,,,
nhtsa-hyundai-elantra-wagon-4dr-100-4-3,Wagon,4,,,,,100.4,175.6,66.9,57.5,57.9,57.1,,,,,,,,,
nhtsa-hyundai-elantra-wagon-5dr-106-3,Wagon,5,,,,,106.3,176.4,69.7,59.8,60.2,60.6,,,,,,,,,
nhtsa-hyundai-entourage-van-4dr-118-9,Van,4,,,,,118.9,202,78.3,69.3,65.4,66.1,,,,,,,,,
nhtsa-hyundai-equus-sedan-4dr-120-1,Sedan,4,,,,,120.1,203.1,74.4,58.7,63.8,64.2,,,,,,,,,
nhtsa-hyundai-excel-body-93-7,,,,,,,93.7,161,62.6,54.3,,,,,,,,,,,
nhtsa-hyundai-excel-hatchback-2dr-93-7,Hatchback,2,,,,,93.7,161,63,53.9,,,,,,,,,,,
nhtsa-hyundai-excel-hatchback-2dr-93-7-2,Hatchback,2,,,,,93.7,161,63,53.9,54.3,52.8,,,,,,,,,
nhtsa-hyundai-excel-hatchback-2dr-93-7-3,Hatchback,2,,,,,93.7,161.4,63.4,54.7,55.1,53.1,,,,,,,,,
nhtsa-hyundai-excel-hatchback-2dr-93-7-4,Hatchback,2,,,,,93.7,161.4,63.4,54.7,,,,,,,,,,,
nhtsa-hyundai-excel-hatchback-2dr-93-7-5,Hatchback,2,,,,,93.7,161.4,63.4,51.6,54.7,52.8,,,,,,,,,
nhtsa-hyundai-excel-hatchback-4dr-93-7,Hatchback,4,,,,,93.7,161,63,53.9,,,,,,,,,,,
nhtsa-hyundai-excel-hatchback-4dr-93-7-2,Hatchback,4,,,,,93.7,161,63,53.9,54.3,52.8,,,,,,,,,
nhtsa-hyundai-excel-sedan-4dr-93-7,Sedan,4,,,,,93.7,168.1,63,53.9,,,,,,,,,,,
nhtsa-hyundai-excel-sedan-4dr-93-7-2,Sedan,4,,,,,93.7,168.1,63,53.9,54.3,52.8,,,,,,,,,
nhtsa-hyundai-excel-sedan-4dr-93-7-3,Sedan,4,,,,,93.7,168.5,63.4,54.7,57.5,57.1,,,,,,,,,
nhtsa-hyundai-excel-sedan-4dr-93-7-4,Sedan,4,,,,,93.7,168.5,63.4,51.6,54.7,52.8,,,,,,,,,
nhtsa-hyundai-genesis-coupe-2dr-111,Coupe,2,,,,,111,182.3,73.2,54.3,64.2,63.8,,,,,,,,,
nhtsa-hyundai-genesis-sedan-4dr-115-7,Sedan,4,,,,,115.7,196.1,74.4,58.3,63.4,63.8,,,,,,,,,
nhtsa-hyundai-genesis-sedan-4dr-118-5,Sedan,4,,,,,118.5,196.5,74.8,57.9,64.6,65.7,,,,,,,,,
nhtsa-hyundai-ioniq-5-body-4dr-118-1,,4,,,,,118.1,182.7,74.4,63.4,64.6,65,,,,,,,,,
nhtsa-hyundai-ioniq-6-sedan-4dr-116-1,Sedan,4,,,,,116.1,190.9,74,59.1,64.6,64.6,,,,,,,,,
nhtsa-hyundai-ioniq-body-106-3,,,,,,,106.3,176,71.7,57.1,61.4,62.2,,,,,,,,,
nhtsa-hyundai-ioniq-body-4dr-106-3,,4,,,,,106.3,176,71.7,57.1,61.4,62.2,,,,,,,,,
nhtsa-hyundai-kona-suv-4dr-102-4,SUV,4,,,,,102.4,164.2,70.9,59.1,61.4,61.4,,,,,,,,,
nhtsa-hyundai-kona-suv-4dr-102-4-2,SUV,4,,,,,102.4,164.6,70.9,61.8,61.4,61.4,,,,,,,,,
nhtsa-hyundai-kona-suv-4dr-102-4-3,SUV,4,,,,,102.4,165.4,70.9,61,61.8,62.2,,,,,,,,,
nhtsa-hyundai-kona-suv-4dr-104-7,SUV,4,,,,,104.7,171.3,71.7,63.4,62.6,63,,,,,,,,,
nhtsa-hyundai-kona-suv-4dr-104-7-2,SUV,4,,,,,104.7,171.3,71.7,62.2,62.6,63,,,,,,,,,
nhtsa-hyundai-kona-suv-4dr-104-7-3,SUV,4,,,,,104.7,171.7,71.7,62.2,62.6,63,,,,,,,,,
nhtsa-hyundai-kona-suv-4dr-104-7-4,SUV,4,,,,,104.7,172.8,71.7,63.4,62.6,63,,,,,,,,,
nhtsa-hyundai-nexo-suv-4dr-109-8,SUV,4,,,,,109.8,183.9,73.2,64.6,63.4,63.4,,,,,,,,,
nhtsa-hyundai-palisade-suv-4dr-114-2,SUV,4,,,,,114.2,196.1,78,68.9,66.9,66.9,,,,,,,,,
nhtsa-hyundai-palisade-suv-4dr-114-2-2,SUV,4,,,,,114.2,196.5,78,68.9,66.9,66.9,,,,,,,,,
nhtsa-hyundai-pony-body-92-1,,,,,,,92.1,164.6,61.8,53.9,,,,,,,,,,,
nhtsa-hyundai-pony-hatchback-4dr-92-1,Hatchback,4,,,,,92.1,164.6,61.8,53.9,,,,,,,,,,,
nhtsa-hyundai-santa-cruz-pickup-4dr-118-5,Pickup,4,,,,,118.5,195.7,75.2,66.5,64.6,65,,,,,,,,,
nhtsa-hyundai-santa-fe-sport-body-106-3,,,,,,,106.3,184.6,74,66.5,64.2,64.6,,,,,,,,,
nhtsa-hyundai-santa-fe-sport-suv-4dr-106-3,SUV,4,,,,,106.3,184.6,74,66.5,64.2,64.6,,,,,,,,,
nhtsa-hyundai-santa-fe-suv-4dr-103-1,SUV,4,,,,,103.1,177.2,71.7,66.1,60.6,60.6,,,,,,,,,
nhtsa-hyundai-santa-fe-suv-4dr-106-3,SUV,4,,,,,106.3,184.3,74.4,70.9,63.8,63.8,,,,,,,,,
nhtsa-hyundai-santa-fe-suv-4dr-109-1,SUV,4,,,,,109.1,187.8,74.4,67.3,64.6,65,,,,,,,,,
nhtsa-hyundai-santa-fe-suv-4dr-109-1-2,SUV,4,,,,,109.1,188.6,74.8,67.3,64.6,65,,,,,,,,,
nhtsa-hyundai-santa-fe-suv-4dr-110-6,SUV,4,,,,,110.6,190.2,74.8,67.7,64.6,64.6,,,,,,,,,
nhtsa-hyundai-santa-fe-xl-suv-4dr-110-2,SUV,4,,,,,110.2,192.9,74.4,66.9,64.2,64.6,,,,,,,,,
nhtsa-hyundai-scoupe-coupe-2dr-93-7,Coupe,2,,,,,93.7,165.7,64.2,52.4,,,,,,,,,,,
nhtsa-hyundai-scoupe-coupe-2dr-93-7-2,Coupe,2,,,,,93.7,166.1,63.8,52,54.7,52.8,,,,,,,,,
nhtsa-hyundai-sonata-body-104-3,,,,,,,104.3,184.3,68.9,55.5,57.5,56.7,,,,,,,,,
nhtsa-hyundai-sonata-sedan-4dr-104-3,Sedan,4,,,,,104.3,184.3,68.9,55.5,57.5,57.1,,,,,,,,,
nhtsa-hyundai-sonata-sedan-4dr-106-3,Sedan,4,,,,,106.3,185,69.7,55.5,59.4,59.4,,,,,,,,,
nhtsa-hyundai-sonata-sedan-4dr-106-3-2,Sedan,4,,,,,106.3,185,69.7,55.5,59.8,59.4,,,,,,,,,
nhtsa-hyundai-sonata-sedan-4dr-106-3-3,Sedan,4,,,,,106.3,185,69.7,55.5,59.1,59.1,,,,,,,,,
nhtsa-hyundai-sonata-sedan-4dr-106-3-4,Sedan,4,,,,,106.3,185.4,71.7,71.7,60.6,59.8,,,,,,,,,
nhtsa-hyundai-sonata-sedan-4dr-106-3-5,Sedan,4,,,,,106.3,187,71.7,55.5,61.4,60.6,,,,,,,,,
nhtsa-hyundai-sonata-sedan-4dr-106-3-6,Sedan,4,,,,,106.3,187,71.7,55.9,61.4,60.6,,,,,,,,,
nhtsa-hyundai-sonata-sedan-4dr-107-5,Sedan,4,,,,,107.5,189,72,58.3,61.4,60.6,,,,,,,,,
nhtsa-hyundai-sonata-sedan-4dr-110-2,Sedan,4,,,,,110.2,189.8,72.4,57.9,62.6,62.6,,,,,,,,,
nhtsa-hyundai-sonata-sedan-4dr-110-2-2,Sedan,4,,,,,110.2,189.8,72,57.9,63,63,,,,,,,,,
nhtsa-hyundai-sonata-sedan-4dr-110-2-3,Sedan,4,,,,,110.2,189.8,72.4,57.9,63,63,,,,,,,,,
nhtsa-hyundai-sonata-sedan-4dr-110-6,Sedan,4,,,,,110.6,191.3,73.6,58.3,63.4,63.8,,,,,,,,,
nhtsa-hyundai-sonata-sedan-4dr-110-6-2,Sedan,4,,,,,110.6,191.3,73.6,58.3,63,63,,,,,,,,,
nhtsa-hyundai-sonata-sedan-4dr-111-8,Sedan,4,,,,,111.8,192.9,73.2,57.1,63.8,64.2,,,,,,,,,
nhtsa-hyundai-sonata-sedan-4dr-111-8-2,Sedan,4,,,,,111.8,193.3,73.2,56.7,63.4,63.8,,,,,,,,,
nhtsa-hyundai-stellar-body-99-2,,,,,,,99.2,178,67.7,52.8,,,,,,,,,,,
nhtsa-hyundai-stellar-sedan-4dr-101-6,Sedan,4,,,,,101.6,179.5,67.7,54.3,,,,,,,,,,,
nhtsa-hyundai-tiburon-body-2dr-99-6,,2,,,,,99.6,173.2,69.3,52.4,59.4,59.1,,,,,,,,,
nhtsa-hyundai-tiburon-body-99-6,,,,,,,99.6,173.2,69.3,52.4,59.4,59.1,,,,,,,,,
nhtsa-hyundai-tiburon-hatchback-2dr-96-9,Hatchback,2,,,,,96.9,170.9,68.1,51.6,57.9,57.5,,,,,,,,,
nhtsa-hyundai-tiburon-hatchback-2dr-97-6,Hatchback,2,,,,,97.6,170.9,68.1,51.2,57.9,57.1,,,,,,,,,
nhtsa-hyundai-tucson-suv-4dr-103-1,SUV,4,,,,,103.1,170.5,70.9,68.1,61,61,,,,,,,,,
nhtsa-hyundai-tucson-suv-4dr-103-5,SUV,4,,,,,103.5,170.5,72,68.1,61,61,,,,,,,,,
nhtsa-hyundai-tucson-suv-4dr-103-5-2,SUV,4,,,,,103.5,170.5,70.9,68.1,61,61,,,,,,,,,
nhtsa-hyundai-tucson-suv-4dr-103-9,SUV,4,,,,,103.9,173.2,71.7,65.4,62.2,62.2,,,,,,,,,
nhtsa-hyundai-tucson-suv-4dr-103-9-2,SUV,4,,,,,103.9,173.6,71.3,65.4,62.2,62.2,,,,,,,,,
nhtsa-hyundai-tucson-suv-4dr-105-1,SUV,4,,,,,105.1,176.4,72.8,65,63.4,63.8,,,,,,,,,
nhtsa-hyundai-tucson-suv-4dr-108-7,SUV,4,,,,,108.7,182.3,73.2,64.2,63.8,63.8,,,,,,,,,
nhtsa-hyundai-veloster-coupe-3dr-104-3,Coupe,3,,,,,104.3,166.9,70.9,54.7,61,61.4,,,,,,,,,
nhtsa-hyundai-veloster-hatchback-3dr-104-3,Hatchback,3,,,,,104.3,166.1,70.5,55.1,61.4,61.4,,,,,,,,,
nhtsa-hyundai-veloster-hatchback-3dr-104-3-2,Hatchback,3,,,,,104.3,167.3,71.3,55.1,61.4,61.8,,,,,,,,,
nhtsa-hyundai-veloster-n-coupe-3dr-104-3,Coupe,3,,,,,104.3,167.7,70.9,54.7,61,61.4,,,,,,,,,
nhtsa-hyundai-veloster-turbo-hatchback-3dr-104-3,Hatchback,3,,,,,104.3,167.3,71.3,55.1,61.4,61.8,,,,,,,,,
nhtsa-hyundai-venue-suv-4dr-99-2,SUV,4,,,,,99.2,159.1,69.7,62.6,60.6,60.6,,,,,,,,,
nhtsa-hyundai-veracruz-body-110-6,,,,,,,110.6,190.6,77.6,71.3,,,,,,,,,,,
nhtsa-hyundai-veracruz-body-4dr-110-6,,4,,,,,110.6,190.6,77.6,71.3,65,65,,,,,,,,,
nhtsa-hyundai-xg300-sedan-4dr-108-3,Sedan,4,,,,,108.3,191.7,72,55.9,60.6,60.2,,,,,,,,,
nhtsa-hyundai-xg350-sedan-4dr-108-3,Sedan,4,,,,,108.3,191.3,72,55.9,61.4,60.6,,,,,,,,,
nhtsa-infiniti-ex35-body-4dr-110-2,,4,,,,,110.2,182.3,70.9,62.6,60.2,60.2,,,,,,,,,
nhtsa-infiniti-fx35-suv-4dr-112-2,SUV,4,,,,,112.2,189,75.6,65.7,62.2,65,,,,,,,,,
nhtsa-infiniti-fx35-suv-4dr-113-8,SUV,4,,,,,113.8,191.3,76,66.1,64.6,64.6,,,,,,,,,
nhtsa-infiniti-fx45-suv-4dr-112-2,SUV,4,,,,,112.2,189,75.6,65.7,62.2,65,,,,,,,,,
nhtsa-infiniti-fx50-suv-4dr-113-8,SUV,4,,,,,113.8,191.3,76,66.1,64.6,64.6,,,,,,,,,
nhtsa-infiniti-g20-sedan-4dr-100-4,Sedan,4,,,,,100.4,175.2,66.5,54.7,,,,,,,,,,,
nhtsa-infiniti-g25-sedan-4dr-112-2,Sedan,4,,,,,112.2,187,69.7,57.1,59.8,59.8,,,,,,,,,
nhtsa-infiniti-g35-coupe-2dr-112-2,Coupe,2,,,,,112.2,182.3,71.7,55.1,60.6,60.6,,,,,,,,,
nhtsa-infiniti-g35-sedan-112-2,Sedan,,,,,,112.2,186.6,68.9,57.9,59.1,59.1,,,,,,,,,
nhtsa-infiniti-g35-sedan-4dr-112-2,Sedan,4,,,,,112.2,186.6,68.9,57.9,59.1,59.1,,,,,,,,,
nhtsa-infiniti-g37-body-2dr-112-2,,2,,,,,112.2,183.5,71.7,54.7,60.6,63,,,,,,,,,
nhtsa-infiniti-g37-convertible-2dr-112-2,Convertible,2,,,,,112.2,185,71.7,54.7,60.6,61.4,,,,,,,,,
nhtsa-infiniti-g37-coupe-2dr-112-2,Coupe,2,,,,,112.2,183.1,71.7,54.7,61,61,,,,,,,,,
nhtsa-infiniti-g37-coupe-2dr-112-2-2,Coupe,2,,,,,112.2,183.1,71.7,55.5,60.6,61.4,,,,,,,,,
nhtsa-infiniti-g37-coupe-2dr-112-2-3,Coupe,2,,,,,112.2,183.1,71.7,54.7,60.6,61.4,,,,,,,,,
nhtsa-infiniti-g37-coupe-2dr-112-2-4,Coupe,2,,,,,112.2,185,71.7,54.7,60.6,61.4,,,,,,,,,
nhtsa-infiniti-g37-sedan-4dr-112-2,Sedan,4,,,,,112.2,187,69.7,57.1,59.1,59.1,,,,,,,,,
nhtsa-infiniti-g37-sedan-4dr-112-2-2,Sedan,4,,,,,112.2,187,69.7,57.1,59.8,60.2,,,,,,,,,
nhtsa-infiniti-i35-sedan-4dr-108-3,Sedan,4,,,,,108.3,193.7,70.1,56.7,60.2,59.4,,,,,,,,,
nhtsa-infiniti-j30-sedan-4dr-108-7,Sedan,4,,,,,108.7,191.3,69.7,54.3,,,,,,,,,,,
nhtsa-infiniti-jx35-suv-4dr-114-2,SUV,4,,,,,114.2,196.5,77.2,68.5,66.1,65.7,,,,,,,,,
nhtsa-infiniti-m35-sedan-4dr-113-8,Sedan,4,,,,,113.8,193.3,70.9,57.9,60.2,60.2,,,,,,,,,
nhtsa-infiniti-m35h-sedan-4dr-114-2,Sedan,4,,,,,114.2,194.9,72.8,59.1,62.2,61.8,,,,,,,,,
nhtsa-infiniti-m37-sedan-4dr-114-2,Sedan,4,,,,,114.2,194.9,72.8,59.1,62.2,61.8,,,,,,,,,
nhtsa-infiniti-m45-sedan-4dr-110-2,Sedan,4,,,,,110.2,197.2,70.1,57.5,59.4,59.4,,,,,,,,,
nhtsa-infiniti-m45-sedan-4dr-113-8,Sedan,4,,,,,113.8,193.3,70.9,57.9,60.2,60.2,,,,,,,,,
nhtsa-infiniti-m56-sedan-4dr-114-2,Sedan,4,,,,,114.2,194.9,72.8,59.1,62.2,61.8,,,,,,,,,
nhtsa-infiniti-q45-body-4dr-113,,4,,,,,113,199.6,72.4,58.7,61.8,61,,,,,,,,,
nhtsa-infiniti-q45-body-4dr-113-2,,4,,,,,113,201.6,72.4,58.7,61.8,61.4,,,,,,,,,
nhtsa-infiniti-q45-sedan-4dr-111-4,Sedan,4,,,,,111.4,199.2,71.7,57.1,60.6,60.6,,,,,,,,,
nhtsa-infiniti-q45-sedan-4dr-113,Sedan,4,,,,,113,199.6,72.4,57.1,61.8,61,,,,,,,,,
nhtsa-infiniti-q45-sedan-4dr-113-4,Sedan,4,,,,,113.4,200,72,56.3,61.4,61.4,,,,,,,,,
nhtsa-infiniti-q45-sedan-4dr-113-4-2,Sedan,4,,,,,113.4,200,72,56.3,61.8,61.8,,,,,,,,,
nhtsa-infiniti-q50-sedan-4dr-112-2,Sedan,4,,,,,112.2,189.4,71.3,57.5,60.6,62.6,,,,,,,,,
nhtsa-infiniti-q50-sedan-4dr-112-2-2,Sedan,4,,,,,112.2,189,71.7,57.5,60.6,62.6,,,,,,,,,
nhtsa-infiniti-q60-body-2dr-112-2,,2,,,,,112.2,183.5,71.7,54.7,60.6,63,,,,,,,,,
nhtsa-infiniti-q60-convertible-2dr-112-2,Convertible,2,,,,,112.2,185,71.7,54.7,60.6,61.4,,,,,,,,,
nhtsa-infiniti-q60-convertible-2dr-112-2-2,Convertible,2,,,,,112.2,183.5,71.7,54.7,60.6,63,,,,,,,,,
nhtsa-infiniti-q60-coupe-2dr-112-2,Coupe,2,,,,,112.2,183.1,71.7,55.5,60.6,61.4,,,,,,,,,
nhtsa-infiniti-q60-coupe-2dr-112-2-2,Coupe,2,,,,,112.2,183.5,71.7,54.7,60.6,61.4,,,,,,,,,
nhtsa-infiniti-q60-coupe-2dr-112-2-3,Coupe,2,,,,,112.2,183.5,71.7,55.5,60.6,61.4,,,,,,,,,
nhtsa-infiniti-q60-coupe-2dr-112-2-4,Coupe,2,,,,,112.2,184.6,72.8,55.1,61.4,62.2,,,,,,,,,
nhtsa-infiniti-q70-sedan-4dr-114-2,Sedan,4,,,,,114.2,194.9,72.8,59.1,62.2,61.8,,,,,,,,,
nhtsa-infiniti-q70-sedan-4dr-114-2-2,Sedan,4,,,,,114.2,196.1,72.8,59.8,62.2,61.8,,,,,,,,,
nhtsa-infiniti-q70l-sedan-4dr-120-1,Sedan,4,,,,,120.1,202,72.8,59.8,62.2,61.8,,,,,,,,,
nhtsa-infiniti-qx30-suv-4dr-105-9,SUV,4,,,,,105.9,174.4,71.7,60.6,60.2,61,,,,,,,,,
nhtsa-infiniti-qx4-suv-4dr-106-3,SUV,4,,,,,106.3,183.9,72.4,70.9,59.8,59.8,,,,,,,,,
nhtsa-infiniti-qx50-body-4dr-110-2,,4,,,,,110.2,182.3,70.9,62.6,60.2,60.2,,,,,,,,,
nhtsa-infiniti-qx50-body-4dr-110-2-2,,4,,,,,110.2,182.3,70.9,61.8,60.2,60.2,,,,,,,,,
nhtsa-infiniti-qx50-suv-4dr-110-2,SUV,4,,,,,110.2,185,75.2,66.1,64.6,64.6,,,,,,,,,
nhtsa-infiniti-qx50-suv-4dr-113-4,SUV,4,,,,,113.4,186.6,70.9,63.4,60.2,60.6,,,,,,,,,
nhtsa-infiniti-qx55-suv-4dr-110-2,SUV,4,,,,,110.2,186.2,74.8,63.8,64.6,63.8,,,,,,,,,
nhtsa-infiniti-qx56-suv-4dr-121-3,SUV,4,,,,,121.3,208.3,79.9,76,67.7,68.5,,,,,,,,,
nhtsa-infiniti-qx56-suv-4dr-123-6,SUV,4,,,,,123.6,207.5,78.7,78.7,66.9,66.9,,,,,,,,,
nhtsa-infiniti-qx60-suv-4dr-114-2,SUV,4,,,,,114.2,196.5,77.2,68.5,66.1,65.7,,,,,,,,,
nhtsa-infiniti-qx60-suv-4dr-114-2-2,SUV,4,,,,,114.2,196.5,77.2,68.5,65.7,65.7,,,,,,,,,
nhtsa-infiniti-qx60-suv-4dr-114-2-3,SUV,4,,,,,114.2,198,78,69.7,66.9,66.9,,,,,,,,,
nhtsa-infiniti-qx70-suv-4dr-113-8,SUV,4,,,,,113.8,191.3,76,66.1,64.6,64.6,,,,,,,,,
nhtsa-infiniti-qx80-suv-4dr-121-3,SUV,4,,,,,121.3,208.3,79.9,76,67.7,68.5,,,,,,,,,
nhtsa-infiniti-qx80-suv-4dr-121-3-2,SUV,4,,,,,121.3,209.1,79.9,76,67.7,68.1,,,,,,,,,
nhtsa-infiniti-qx80-suv-4dr-121-3-3,SUV,4,,,,,121.3,210.2,79.9,76,67.7,68.1,,,,,,,,,
nhtsa-infiniti-qx80-suv-4dr-121-3-4,SUV,4,,,,,121.3,211.4,79.9,76.8,68.1,68.1,,,,,,,,,
nhtsa-isuzu-ascender-suv-4dr-129-1,SUV,4,,,,,129.1,207.5,74.8,77.2,62.2,62.2,,,,,,,,,
nhtsa-isuzu-hombre-pickup-extended-short-2dr-122-8,Pickup,2,Extended,,,,122.8,203.5,68.1,62.2,53.9,54.7,,,,,,,,,
nhtsa-isuzu-hombre-pickup-regular-short-2dr-108-3,Pickup,2,Regular,,,,108.3,189,68.1,62.2,53.9,54.7,,,,,,,,,
nhtsa-isuzu-hombre-pickup-short-2dr-108-3,Pickup,2,,,,,108.3,189,68.1,62.2,53.9,54.7,,,,,,,,,
nhtsa-isuzu-hombre-pickup-short-2dr-122-8,Pickup,2,,,,,122.8,203.5,68.1,62.2,53.9,54.7,,,,,,,,,
nhtsa-isuzu-impulse-hatchback-2dr-96-5,Hatchback,2,,,,,96.5,166.1,66.5,51.2,56.7,55.1,,,,,,,,,
nhtsa-isuzu-impulse-hatchback-2dr-96-5-2,Hatchback,2,,,,,96.5,166.1,66.5,51.2,,,,,,,,,,,
nhtsa-isuzu-pickup-pickup-105-5,Pickup,,,,,,105.5,177.2,66.5,62.2,,,,,,,,,,,
nhtsa-isuzu-pickup-pickup-119-3,Pickup,,,,,,119.3,193.7,66.5,62.2,,,,,,,,,,,
nhtsa-isuzu-rodeo-body-108-7,,,,,,,108.7,176.4,66.5,65.4,,,,,,,,,,,
nhtsa-isuzu-rodeo-suv-4dr-106-3,SUV,4,,,,,106.3,175.2,70.5,66.5,59.8,59.8,,,,,,,,,
nhtsa-isuzu-rodeo-suv-4dr-106-3-2,SUV,4,,,,,106.3,177.6,70.5,69.3,59.8,59.8,,,,,,,,,
nhtsa-isuzu-rodeo-suv-4dr-106-3-3,SUV,4,,,,,106.3,177.6,71.3,69.3,59.8,59.8,,,,,,,,,
nhtsa-isuzu-rodeo-suv-4dr-108-7,SUV,4,,,,,108.7,176.4,68.5,66.5,56.7,57.1,,,,,,,,,
nhtsa-isuzu-stylus-sedan-4dr-96-5,Sedan,4,,,,,96.5,165,66.1,53.9,,,,,,,,,,,
nhtsa-isuzu-trooper-body-104-3,,,,,,,104.3,176,65,71.7,55.1,55.5,,,,,,,,,
nhtsa-isuzu-trooper-body-104-3-2,,,,,,,104.3,176,65,71.7,55.9,55.9,,,,,,,,,
nhtsa-isuzu-trooper-body-108-7,,,,,,,108.7,179.1,68.9,72.8,,,,,,,,,,,
nhtsa-isuzu-trooper-suv-4dr-108-7,SUV,4,,,,,108.7,179.1,68.9,72.8,57.5,57.5,,,,,,,,,
nhtsa-isuzu-trooper-suv-4dr-108-7-2,SUV,4,,,,,108.7,183.5,72.4,72.4,59.4,59.8,,,,,,,,,
nhtsa-isuzu-trooper-suv-4dr-108-7-3,SUV,4,,,,,108.7,180.7,69.7,72.4,59.8,59.8,,,,,,,,,
nhtsa-jaguar-e-pace-suv-4dr-105-5,SUV,4,,,,,105.5,173.2,78,65,64.2,63.8,,,,,,,,,
nhtsa-jaguar-e-pace-suv-4dr-105-5-2,SUV,4,,,,,105.5,173.2,78,65.4,64.2,63.8,,,,,,,,,
nhtsa-jaguar-f-pace-suv-4dr-113,SUV,4,,,,,113,186.2,76.4,65,64.6,65,,,,,,,,,
nhtsa-jaguar-f-pace-suv-4dr-113-2,SUV,4,,,,,113,186.2,76.4,65.7,65,65.7,,,,,,,,,
nhtsa-jaguar-f-pace-suv-4dr-113-3,SUV,4,,,,,113,186.6,76.4,65.4,64.6,65,,,,,,,,,
nhtsa-jaguar-f-type-convertible-2dr-103-1,Convertible,2,,,,,103.1,176,75.6,51.2,62.2,64.2,,,,,,,,,
nhtsa-jaguar-f-type-convertible-2dr-103-1-2,Convertible,2,,,,,103.1,176,75.6,51.6,63,65,,,,,,,,,
nhtsa-jaguar-f-type-convertible-2dr-103-1-3,Convertible,2,,,,,103.1,176,75.6,51.6,62.6,64.2,,,,,,,,,
nhtsa-jaguar-f-type-convertible-2dr-103-1-4,Convertible,2,,,,,103.1,176,75.6,51.6,62.6,64.2,,,,,,,,,
nhtsa-jaguar-f-type-convertible-2dr-103-1-5,Convertible,2,,,,,103.1,176,75.6,51.6,63,65,,,,,,,,,
nhtsa-jaguar-f-type-coupe-2dr-103-1,Coupe,2,,,,,103.1,176,75.6,51.6,63,65,,,,,,,,,
nhtsa-jaguar-f-type-coupe-2dr-103-1-2,Coupe,2,,,,,103.1,176,75.6,51.6,63,65,,,,,,,,,
nhtsa-jaguar-f-type-coupe-2dr-103-1-3,Coupe,2,,,,,103.1,176,75.6,51.6,62.6,64.2,,,,,,,,,
nhtsa-jaguar-i-pace-suv-4dr-117-7,SUV,4,,,,,117.7,184.3,79.1,61.8,64.6,64.6,,,,,,,,,
nhtsa-jaguar-s-type-sedan-4dr-114-6,Sedan,4,,,,,114.6,191.3,71.7,55.9,60.6,60.6,,,,,,,,,
nhtsa-jaguar-s-type-sedan-4dr-114-6-2,Sedan,4,,,,,114.6,192.1,71.7,55.9,60.6,60.6,,,,,,,,,
nhtsa-jaguar-s-type-sedan-4dr-114-6-3,Sedan,4,,,,,114.6,191.3,71.7,57.1,60.6,60.6,,,,,,,,,
nhtsa-jaguar-s-type-sedan-4dr-114-6-4,Sedan,4,,,,,114.6,192.1,71.7,57.1,60.6,60.6,,,,,,,,,
nhtsa-jaguar-vanden-plas-sedan-4dr-113,Sedan,4,,,,,113,199.6,69.7,52.8,,,,,,,,,,,
nhtsa-jaguar-vanden-plas-sedan-4dr-113-2,Sedan,4,,,,,113,199.6,69.7,53.9,,,,,,,,,,,
nhtsa-jaguar-vanden-plas-sedan-4dr-118-1,Sedan,4,,,,,118.1,202.8,70.9,53.1,59.1,59.1,,,,,,,,,
nhtsa-jaguar-vanden-plas-sedan-4dr-118-1-2,Sedan,4,,,,,118.1,202.8,70.9,52.8,59.1,59.1,,,,,,,,,
nhtsa-jaguar-x-type-sedan-4dr-106-3,Sedan,4,,,,,106.3,183.9,70.5,54.7,59.8,60.6,,,,,,,,,
nhtsa-jaguar-x-type-wagon-4dr-106-7,Wagon,4,,,,,106.7,185.4,70.5,54.7,59.4,60.2,,,,,,,,,
nhtsa-jaguar-xe-sedan-4dr-111-4,Sedan,4,,,,,111.4,183.9,72.8,55.9,62.2,62.2,,,,,,,,,
nhtsa-jaguar-xf-sedan-4dr-114-6,Sedan,4,,,,,114.6,195.3,71.7,57.5,61,62.6,,,,,,,,,
nhtsa-jaguar-xf-sedan-4dr-114-6-2,Sedan,4,,,,,114.6,195.3,74.4,57.5,61,62.6,,,,,,,,,
nhtsa-jaguar-xf-sedan-4dr-116-5,Sedan,4,,,,,116.5,194.9,78.3,57.5,63.4,62.6,,,,,,,,,
nhtsa-jaguar-xf-sedan-4dr-116-5-2,Sedan,4,,,,,116.5,194.9,74,57.5,63.4,62.6,,,,,,,,,
nhtsa-jaguar-xj-sedan-4dr-119-3,Sedan,4,,,,,119.3,200.4,71.7,57.1,61,61,,,,,,,,,
nhtsa-jaguar-xj-sedan-4dr-119-3-2,Sedan,4,,,,,119.3,200.4,73.2,57.1,61,61,,,,,,,,,
nhtsa-jaguar-xj-sedan-4dr-119-3-3,Sedan,4,,,,,119.3,201.6,74.4,57.1,64.2,64.2,,,,,,,,,
nhtsa-jaguar-xj-sedan-4dr-119-3-4,Sedan,4,,,,,119.3,201.6,74.4,57.1,64.2,63,,,,,,,,,
nhtsa-jaguar-xj-sedan-4dr-124,Sedan,4,,,,,124,206.3,71.7,57.5,61.4,61,,,,,,,,,
nhtsa-jaguar-xj-sedan-4dr-124-2,Sedan,4,,,,,124,206.3,73.2,57.5,61.4,61,,,,,,,,,
nhtsa-jaguar-xj-sedan-4dr-124-4,Sedan,4,,,,,124.4,206.7,74.4,57.1,64.2,64.2,,,,,,,,,
nhtsa-jaguar-xj12-sedan-4dr-113,Sedan,4,,,,,113,196.5,70.9,53.1,59.1,59.1,,,,,,,,,
nhtsa-jaguar-xj12-sedan-4dr-113-2,Sedan,4,,,,,113,197.6,70.9,52.8,59.1,59.1,,,,,,,,,
nhtsa-jaguar-xj12-sedan-4dr-118-1,Sedan,4,,,,,118.1,202.8,70.9,53.5,59.1,59.1,,,,,,,,,
nhtsa-jaguar-xj6-body-113,,,,,,,113,199.6,69.7,53.9,,,,,,,,,,,
nhtsa-jaguar-xj6-sedan-4dr-113,Sedan,4,,,,,113,196.5,79.1,53.5,,,,,,,,,,,
nhtsa-jaguar-xj6-sedan-4dr-113-2,Sedan,4,,,,,113,196.5,79.5,53.5,,,,,,,,,,,
nhtsa-jaguar-xj6-sedan-4dr-113-3,Sedan,4,,,,,113,196.5,79.1,53.1,59.1,59.1,,,,,,,,,
nhtsa-jaguar-xj6-sedan-4dr-113-4,Sedan,4,,,,,113,196.5,79.1,53.1,,,,,,,,,,,
nhtsa-jaguar-xj6-sedan-4dr-113-5,Sedan,4,,,,,113,196.5,79.1,54.3,,,,,,,,,,,
nhtsa-jaguar-xj6-sedan-4dr-113-6,Sedan,4,,,,,113,196.5,79.5,54.3,,,,,,,,,,,
nhtsa-jaguar-xj6-sedan-4dr-113-7,Sedan,4,,,,,113,196.5,70.9,53.1,59.1,59.1,,,,,,,,,
nhtsa-jaguar-xj6-sedan-4dr-113-8,Sedan,4,,,,,113,197.6,70.9,52.8,59.1,59.1,,,,,,,,,
nhtsa-jaguar-xj6-sedan-4dr-118-1,Sedan,4,,,,,118.1,202.8,70.9,53.5,59.1,58.7,,,,,,,,,
nhtsa-jaguar-xj8-sedan-4dr-113,Sedan,4,,,,,113,197.6,70.9,52.8,59.1,59.1,,,,,,,,,
nhtsa-jaguar-xj8-sedan-4dr-118-1,Sedan,4,,,,,118.1,202.8,70.9,53.1,59.1,59.1,,,,,,,,,
nhtsa-jaguar-xjr-sedan-4dr-113,Sedan,4,,,,,113,197.6,70.9,52.8,59.1,58.7,,,,,,,,,
nhtsa-jaguar-xjr-sedan-4dr-113-2,Sedan,4,,,,,113,197.6,70.9,52.8,59.1,59.1,,,,,,,,,
nhtsa-jaguar-xjr-sedan-4dr-119-3,Sedan,4,,,,,119.3,200,71.7,57.1,61,61,,,,,,,,,
nhtsa-jaguar-xjs-body-102,,,,,,,102,186.6,70.5,50,,,,,,,,,,,
nhtsa-jaguar-xjs-convertible-102,Convertible,,,,,,102,191.7,70.5,47.6,58.7,59.1,,,,,,,,,
nhtsa-jaguar-xjs-convertible-2dr-102,Convertible,2,,,,,102,191.3,70.5,49.2,,,,,,,,,,,
nhtsa-jaguar-xjs-convertible-2dr-102-2,Convertible,2,,,,,102,191.3,70.5,48.8,58.7,59.1,,,,,,,,,
nhtsa-jaguar-xjs-convertible-2dr-102-3,Convertible,2,,,,,102,191.3,70.5,50,,59.1,,,,,,,,,
nhtsa-jaguar-xjs-coupe-2dr-102,Coupe,2,,,,,102,192.5,70.5,48,,,,,,,,,,,
nhtsa-jaguar-xjs-coupe-2dr-102-2,Coupe,2,,,,,102,191.3,70.5,49.2,,,,,,,,,,,
nhtsa-jaguar-xjs-coupe-2dr-102-3,Coupe,2,,,,,102,191.3,70.5,48.8,58.7,59.1,,,,,,,,,
nhtsa-jaguar-xk-body-108-3,,,,,,,108.3,188.2,74.4,52,61,63.4,,,,,,,,,
nhtsa-jaguar-xk-convertible-108-3,Convertible,,,,,,108.3,188.2,73.2,,61,63.4,,,,,,,,,
nhtsa-jaguar-xk-convertible-108-3-2,Convertible,,,,,,108.3,188.2,74.4,52,61,63.4,,,,,,,,,
nhtsa-jaguar-xk-coupe-108-3,Coupe,,,,,,108.3,188.2,74,52.4,61.4,63.8,,,,,,,,,
nhtsa-jaguar-xk-coupe-108-3-2,Coupe,,,,,,108.3,188.2,73.2,52.4,61,63.4,,,,,,,,,
nhtsa-jaguar-xk-coupe-108-3-3,Coupe,,,,,,108.3,188.2,74.4,52.4,61.4,63.8,,,,,,,,,
nhtsa-jaguar-xk8-convertible-2dr-102,Convertible,2,,,,,102,187.4,72,51.2,,,,,,,,,,,
nhtsa-jaguar-xk8-convertible-2dr-102-2,Convertible,2,,,,,102,187.4,72,51.6,58.7,58.7,,,,,,,,,
nhtsa-jaguar-xk8-convertible-2dr-102-3,Convertible,2,,,,,102,187.4,72,50.8,59.1,59.1,,,,,,,,,
nhtsa-jaguar-xk8-coupe-2dr-102,Coupe,2,,,,,102,187.4,72,51.2,,,,,,,,,,,
nhtsa-jaguar-xk8-coupe-2dr-102-2,Coupe,2,,,,,102,187.4,72,51.2,58.7,58.7,,,,,,,,,
nhtsa-jaguar-xk8-coupe-2dr-102-3,Coupe,2,,,,,102,187.4,72,50.4,59.1,59.1,,,,,,,,,
nhtsa-jaguar-xkr-convertible-2dr-102,Convertible,2,,,,,102,187.4,72,50.8,59.1,59.1,,,,,,,,,
nhtsa-jaguar-xkr-coupe-2dr-102,Coupe,2,,,,,102,187.4,72,50.4,59.1,59.1,,,,,,,,,
nhtsa-jeep-cherokee-body-101-6,,,,,,,101.6,165.4,70.5,63.4,57.1,57.1,,,,,,,,,
nhtsa-jeep-cherokee-body-101-6-2,,,,,,,101.6,165.4,70.5,63.4,58.3,58.3,,,,,,,,,
nhtsa-jeep-cherokee-body-106-3,,,,,,,106.3,181.9,73.2,66.5,61.8,61.8,,,,,,,,,
nhtsa-jeep-cherokee-body-2dr-101-6,,2,,,,,101.6,165.4,69.3,63.4,,,,,,,,,,,
nhtsa-jeep-cherokee-body-2dr-101-6-2,,2,,,,,101.6,165.4,66.9,63.4,,,,,,,,,,,
nhtsa-jeep-cherokee-body-2dr-101-6-3,,2,,,,,101.6,165.4,70.5,63.4,,,,,,,,,,,
nhtsa-jeep-cherokee-body-2dr-101-6-4,,2,,,,,101.6,165.4,70.5,63.4,58.3,58.7,,,,,,,,,
nhtsa-jeep-cherokee-body-2dr-101-6-5,,2,,,,,101.6,165.4,70.5,63.4,57.5,57.5,,,,,,,,,
nhtsa-jeep-cherokee-body-2dr-101-6-6,,2,,,,,101.6,165.4,70.5,63.8,57.9,57.9,,,,,,,,,
nhtsa-jeep-cherokee-body-2dr-101-6-7,,2,,,,,101.6,167.7,68.1,64.2,57.9,57.9,,,,,,,,,
nhtsa-jeep-cherokee-body-2dr-101-6-8,,2,,,,,101.6,166.1,69.3,63.8,57.9,57.9,,,,,,,,,
nhtsa-jeep-cherokee-body-2dr-108-7,,2,,,,,108.7,186.6,75.6,66.1,,,,,,,,,,,
nhtsa-jeep-cherokee-body-2dr-108-7-2,,2,,,,,108.7,186.6,78.7,66.9,,,,,,,,,,,
nhtsa-jeep-cherokee-body-4dr-101-6,,4,,,,,101.6,165.4,69.3,64.2,,,,,,,,,,,
nhtsa-jeep-cherokee-body-4dr-101-6-10,,4,,,,,101.6,166.1,69.3,63.8,57.9,57.9,,,,,,,,,
nhtsa-jeep-cherokee-body-4dr-101-6-11,,4,,,,,101.6,167.7,69.3,66.9,57.9,57.9,,,,,,,,,
nhtsa-jeep-cherokee-body-4dr-101-6-2,,4,,,,,101.6,165.4,69.3,63.4,,,,,,,,,,,
nhtsa-jeep-cherokee-body-4dr-101-6-3,,4,,,,,101.6,165.4,70.5,63.4,57.1,57.1,,,,,,,,,
nhtsa-jeep-cherokee-body-4dr-101-6-4,,4,,,,,101.6,165.4,69.3,63.4,57.1,57.1,,,,,,,,,
nhtsa-jeep-cherokee-body-4dr-101-6-5,,4,,,,,101.6,165.4,70.5,63.4,58.3,58.7,,,,,,,,,
nhtsa-jeep-cherokee-body-4dr-101-6-6,,4,,,,,101.6,165.4,70.5,63.4,,,,,,,,,,,
nhtsa-jeep-cherokee-body-4dr-101-6-7,,4,,,,,101.6,165.4,70.5,63.4,57.5,57.5,,,,,,,,,
nhtsa-jeep-cherokee-body-4dr-101-6-8,,4,,,,,101.6,165.4,70.5,63.4,57.9,57.9,,,,,,,,,
nhtsa-jeep-cherokee-body-4dr-101-6-9,,4,,,,,101.6,167.7,68.1,64.2,57.9,57.9,,,,,,,,,
nhtsa-jeep-cherokee-body-4dr-108-7,,4,,,,,108.7,186.6,75.6,66.1,,,,,,,,,,,
nhtsa-jeep-cherokee-suv-4dr-106-3,SUV,4,,,,,106.3,181.9,73.2,66.5,61.8,61.8,,,,,,,,,
nhtsa-jeep-cherokee-suv-4dr-106-3-2,SUV,4,,,,,106.3,181.5,73.2,66.5,61.8,61.8,,,,,,,,,
nhtsa-jeep-cj-5-body-83-5,,,,,,,83.5,144.5,59.8,67.7,,,,,,,,,,,
nhtsa-jeep-cj-7-body-93-3,,,,,,,93.3,153.1,65.4,70.9,,,,,,,,,,,
nhtsa-jeep-cj-7-body-93-7,,,,,,,93.7,153.1,59.8,67.7,,,,,,,,,,,
nhtsa-jeep-comanche-body-113,,,,,,,113,179.1,71.7,64.6,,,,,,,,,,,
nhtsa-jeep-comanche-body-113-8,,,,,,,113.8,179.1,71.7,63.8,,,,,,,,,,,
nhtsa-jeep-comanche-body-119-3,,,,,,,119.3,194.1,71.7,64.6,,,,,,,,,,,
nhtsa-jeep-comanche-body-119-7,,,,,,,119.7,194.1,71.7,63.8,,,,,,,,,,,
nhtsa-jeep-comanche-body-120-1,,,,,,,120.1,194.5,71.7,63.8,,,,,,,,,,,
nhtsa-jeep-commander-suv-4dr-109-8,SUV,4,,,,,109.8,188.6,74.8,71.7,62.6,61.8,,,,,,,,,
nhtsa-jeep-compass-suv-4dr-103-1,SUV,4,,,,,103.1,173.2,70.9,66.9,61.4,61.4,,,,,,,,,
nhtsa-jeep-compass-suv-4dr-103-5,SUV,4,,,,,103.5,175.2,71.3,65,59.8,59.8,,,,,,,,,
nhtsa-jeep-compass-suv-4dr-103-5-2,SUV,4,,,,,103.5,175.2,71.3,65,59.8,59.1,,,,,,,,,
nhtsa-jeep-compass-suv-4dr-103-9,SUV,4,,,,,103.9,173.6,69.3,64.2,59.8,59.1,,,,,,,,,
nhtsa-jeep-compass-suv-4dr-103-9-2,SUV,4,,,,,103.9,173.6,71.3,64.2,59.8,59.1,,,,,,,,,
nhtsa-jeep-gladiator-pickup-4dr-137-4,Pickup,4,,,,,137.4,216.9,74,73.6,64.2,64.2,,,,,,,,,
nhtsa-jeep-grand-cherokee-body-115,,,,,,,115,191.3,77.2,69.3,63.8,64.2,,,,,,,,,
nhtsa-jeep-grand-cherokee-body-4dr-105-9,,4,,,,,105.9,176.8,69.3,65,57.9,57.9,,,,,,,,,
nhtsa-jeep-grand-cherokee-body-4dr-105-9-2,,4,,,,,105.9,176.4,69.3,65.4,57.9,57.9,,,,,,,,,
nhtsa-jeep-grand-cherokee-body-4dr-105-9-3,,4,,,,,105.9,177.2,69.3,65,58.7,58.7,,,,,,,,,
nhtsa-jeep-grand-cherokee-body-4dr-105-9-4,,4,,,,,105.9,177.2,70.9,65,58.7,58.7,,,,,,,,,
nhtsa-jeep-grand-cherokee-body-4dr-105-9-5,,4,,,,,105.9,181.5,72.4,69.3,59.4,59.4,,,,,,,,,
nhtsa-jeep-grand-cherokee-body-4dr-105-9-6,,4,,,,,105.9,181.5,72.8,69.3,59.4,59.4,,,,,,,,,
nhtsa-jeep-grand-cherokee-body-4dr-105-9-7,,4,,,,,105.9,181.5,72.8,70.5,59.4,59.4,,,,,,,,,
nhtsa-jeep-grand-cherokee-l-suv-4dr-121-7,SUV,4,,,,,121.7,204.7,77.6,71.3,65.4,65.4,,,,,,,,,
nhtsa-jeep-grand-cherokee-suv-4dr-105-9,SUV,4,,,,,105.9,176.8,69.3,65,57.9,57.9,,,,,,,,,
nhtsa-jeep-grand-cherokee-suv-4dr-109-4,SUV,4,,,,,109.4,186.6,73.2,67.7,61.8,61.8,,,,,,,,,
nhtsa-jeep-grand-cherokee-suv-4dr-109-4-2,SUV,4,,,,,109.4,188.6,73.2,66.5,63.8,62.2,,,,,,,,,
nhtsa-jeep-grand-cherokee-suv-4dr-115,SUV,4,,,,,115,189.8,76.4,69.3,63.8,64.2,,,,,,,,,
nhtsa-jeep-grand-cherokee-suv-4dr-115-2,SUV,4,,,,,115,191.3,77.2,69.3,63.8,64.2,,,,,,,,,
nhtsa-jeep-grand-cherokee-suv-4dr-116-5,SUV,4,,,,,116.5,193.3,77.6,70.9,65.4,65.4,,,,,,,,,
nhtsa-jeep-grand-wagoneer-body-108-7,,,,,,,108.7,186.6,74.8,66.5,,,,,,,,,,,
nhtsa-jeep-grand-wagoneer-body-4dr-105-9,,4,,,,,105.9,176.8,69.3,65,,,,,,,,,,,
nhtsa-jeep-grand-wagoneer-body-4dr-108-7,,4,,,,,108.7,186.6,74.8,66.5,,,,,,,,,,,
nhtsa-jeep-grand-wagoneer-body-4dr-108-7-2,,4,,,,,108.7,186.2,74.8,66.5,,,,,,,,,,,
nhtsa-jeep-grand-wagoneer-body-4dr-108-7-3,,4,,,,,108.7,186.6,74.8,66.5,59.4,58.3,,,,,,,,,
nhtsa-jeep-grand-wagoneer-l-suv-4dr-129-9,SUV,4,,,,,129.9,226.8,83.5,75.6,68.5,68.5,,,,,,,,,
nhtsa-jeep-grand-wagoneer-suv-4dr-122-8,SUV,4,,,,,122.8,214.6,83.5,75.6,68.5,68.5,,,,,,,,,
nhtsa-jeep-grand-wagoneer-suv-4dr-129-9,SUV,4,,,,,129.9,226.8,83.5,75.6,68.5,68.5,,,,,,,,,
nhtsa-jeep-j-10-body-118-9,,,,,,,118.9,194.1,78.7,68.5,,,,,,,,,,,
nhtsa-jeep-j-10-body-130-7,,,,,,,130.7,205.9,78.7,68.1,,,,,,,,,,,
nhtsa-jeep-j-10-body-130-7-2,,,,,,,130.7,205.9,78.7,68.9,,,,,,,,,,,
nhtsa-jeep-j-10-body-long-130-7,,,,,,,130.7,204.3,78.7,67.3,,,,,,,,,,,
nhtsa-jeep-j-10-body-short-118-9,,,,,,,118.9,192.5,78.7,67.3,,,,,,,,,,,
nhtsa-jeep-j-20-body-130-7,,,,,,,130.7,205.9,78.7,70.9,,,,,,,,,,,
nhtsa-jeep-liberty-body-4dr-104-3,,4,,,,,104.3,166.1,71.7,70.9,60.2,59.8,,,,,,,,,
nhtsa-jeep-liberty-suv-4dr-104-3,SUV,4,,,,,104.3,166.1,71.7,70.5,60.2,59.8,,,,,,,,,
nhtsa-jeep-liberty-suv-4dr-105-9,SUV,4,,,,,105.9,176.8,72.4,71.3,61,60.2,,,,,,,,,
nhtsa-jeep-patriot-suv-4dr-103-5,SUV,4,,,,,103.5,173.6,69.3,64.6,59.8,59.8,,,,,,,,,
nhtsa-jeep-patriot-suv-4dr-103-5-2,SUV,4,,,,,103.5,173.6,69.3,66.9,59.8,59.8,,,,,,,,,
nhtsa-jeep-patriot-suv-4dr-103-9,SUV,4,,,,,103.9,173.6,69.3,64.6,59.4,59.1,,,,,,,,,
nhtsa-jeep-renegade-body-101-2,,,,,,,101.2,166.9,71.3,65.7,60.6,60.6,,,,,,,,,
nhtsa-jeep-renegade-body-101-2-2,,,,,,,101.2,166.9,71.3,66.9,60.6,60.6,,,,,,,,,
nhtsa-jeep-renegade-suv-101-2,SUV,,,,,,101.2,166.9,71.3,65.7,60.6,60.6,,,,,,,,,
nhtsa-jeep-renegade-suv-4dr-101-2,SUV,4,,,,,101.2,166.9,71.3,65.7,60.6,60.6,,,,,,,,,
nhtsa-jeep-wagoneer-body-108-7,,,,,,,108.7,186.6,75.6,65.7,,,,,,,,,,,
nhtsa-jeep-wagoneer-body-4dr-101-6,,4,,,,,101.6,165.4,70.5,64.2,,,,,,,,,,,
nhtsa-jeep-wagoneer-body-4dr-101-6-2,,4,,,,,101.6,165.4,70.5,63.4,57.9,58.3,,,,,,,,,
nhtsa-jeep-wagoneer-l-suv-4dr-129-9,SUV,4,,,,,129.9,226.8,83.5,75.6,68.5,68.5,,,,,,,,,
nhtsa-jeep-wagoneer-s-suv-4dr-113,SUV,4,,,,,113,192.5,74.8,65,64.6,64.6,,,,,,,,,
nhtsa-jeep-wagoneer-suv-4dr-122-8,SUV,4,,,,,122.8,214.6,83.5,75.6,68.5,68.5,,,,,,,,,
nhtsa-jeep-wagoneer-suv-4dr-129-9,SUV,4,,,,,129.9,226.8,83.5,75.6,68.5,68.5,,,,,,,,,
nhtsa-jeep-wrangler-jk-suv-2dr-95-3,SUV,2,,,,,95.3,152.8,73.6,72.4,62.6,62.6,,,,,,,,,
nhtsa-jeep-wrangler-jk-suv-4dr-116-1,SUV,4,,,,,116.1,173.2,74,70.9,61.4,61.8,,,,,,,,,
nhtsa-jeep-wrangler-rubicon-suv-4dr-118-5,SUV,4,,,,,118.5,181.9,74,73.6,63,63,,,,,,,,,
nhtsa-jeep-wrangler-suv-2dr-95-3,SUV,2,,,,,95.3,152.8,73.6,70.9,61.8,61.8,,,,,,,,,
nhtsa-jeep-wrangler-suv-2dr-95-3-2,SUV,2,,,,,95.3,155.9,73.6,72.4,62.6,62.6,,,,,,,,,
nhtsa-jeep-wrangler-suv-2dr-95-3-3,SUV,2,,,,,95.3,152.8,73.6,72.4,62.6,62.6,,,,,,,,,
nhtsa-jeep-wrangler-suv-2dr-96-9,SUV,2,,,,,96.9,160.2,74,73.6,63,63,,,,,,,,,
nhtsa-jeep-wrangler-suv-4dr-116-1,SUV,4,,,,,116.1,173.2,74,70.9,61.4,61.8,,,,,,,,,
nhtsa-jeep-wrangler-suv-4dr-118-5,SUV,4,,,,,118.5,181.9,74,73.6,63,63,,,,,,,,,
nhtsa-kia-amanti-sedan-4dr-110-2,Sedan,4,,,,,110.2,196.1,72.8,58.7,61,60.6,,,,,,,,,
nhtsa-kia-amanti-sedan-4dr-110-2-2,Sedan,4,,,,,110.2,196.9,72.8,58.7,61.8,61.8,,,,,,,,,
nhtsa-kia-borrego-suv-4dr-114-2,SUV,4,,,,,114.2,192.1,75.6,69.7,63.8,63.8,,,,,,,,,
nhtsa-kia-cadenza-sedan-4dr-111-8,Sedan,4,,,,,111.8,195.7,72.8,57.5,63,63,,,,,,,,,
nhtsa-kia-cadenza-sedan-4dr-112-2,Sedan,4,,,,,112.2,195.7,72.8,58.3,63,63,,,,,,,,,
nhtsa-kia-cadenza-sedan-4dr-112-2-2,Sedan,4,,,,,112.2,195.7,73.6,57.9,63.4,63.8,,,,,,,,,
nhtsa-kia-carnival-van-121-7,Van,,,,,,121.7,202.8,78.3,68.5,68.9,68.9,,,,,,,,,
nhtsa-kia-carnival-van-121-7-2,Van,,,,,,121.7,203.1,78.3,68.5,68.9,68.9,,,,,,,,,
nhtsa-kia-ev6-body-4dr-114-2,,4,,,,,114.2,184.3,74,61,64.2,64.6,,,,,,,,,
nhtsa-kia-ev6-body-4dr-114-2-2,,4,,,,,114.2,184.6,74,61,64.2,64.6,,,,,,,,,
nhtsa-kia-ev9-suv-4dr-122,SUV,4,,,,,122,197.2,78,68.9,66.9,66.9,,,,,,,,,
nhtsa-kia-forte-body-106-3,,,,,,,106.3,178.3,70.1,55.5,61.4,61.8,,,,,,,,,
nhtsa-kia-forte-coupe-2dr-104-3,Coupe,2,,,,,104.3,176.4,69.7,55.1,61,60.6,,,,,,,,,
nhtsa-kia-forte-coupe-2dr-106-3,Coupe,2,,,,,106.3,178.3,70.1,55.5,61.4,61.8,,,,,,,,,
nhtsa-kia-forte-sedan-4dr-104-3,Sedan,4,,,,,104.3,178.3,70.1,57.5,61.4,61.4,,,,,,,,,
nhtsa-kia-forte-sedan-4dr-106-3,Sedan,4,,,,,106.3,179.5,70.1,57.1,61.4,61.8,,,,,,,,,
nhtsa-kia-forte-sedan-4dr-106-3-2,Sedan,4,,,,,106.3,179.5,70.1,56.3,61.4,61.8,,,,,,,,,
nhtsa-kia-forte-sedan-4dr-106-3-3,Sedan,4,,,,,106.3,182.7,70.9,56.7,60.6,60.6,,,,,,,,,
nhtsa-kia-k4-sedan-4dr-107-1,Sedan,4,,,,,107.1,185.4,72.8,55.9,62.2,62.6,,,,,,,,,
nhtsa-kia-k5-sedan-4dr-112-2,Sedan,4,,,,,112.2,192.9,73.2,56.7,64.2,64.6,,,,,,,,,
nhtsa-kia-k900-sedan-4dr-120-1,Sedan,4,,,,,120.1,200.4,74.8,58.7,63.4,65,,,,,,,,,
nhtsa-kia-niro-body-106-3,,,,,,,106.3,171.7,70.9,60.6,61.8,62.2,,,,,,,,,
nhtsa-kia-niro-body-107-1,,,,,,,107.1,174,71.7,61.8,61.8,62.2,,,,,,,,,
nhtsa-kia-niro-suv-4dr-106-3,SUV,4,,,,,106.3,171.7,70.9,60.6,61.8,62.2,,,,,,,,,
nhtsa-kia-optima-sedan-4dr-110-2,Sedan,4,,,,,110.2,190.6,72,57.1,62.2,62.2,,,,,,,,,
nhtsa-kia-optima-sedan-4dr-110-2-2,Sedan,4,,,,,110.2,190.6,72,57.1,62.6,63,,,,,,,,,
nhtsa-kia-optima-sedan-4dr-110-2-3,Sedan,4,,,,,110.2,190.6,72,57.1,62.6,62.6,,,,,,,,,
nhtsa-kia-optima-sedan-4dr-110-6,Sedan,4,,,,,110.6,191.3,73.2,57.9,62.2,63,,,,,,,,,
nhtsa-kia-optima-sedan-4dr-110-6-2,Sedan,4,,,,,110.6,191.3,73.2,57.5,62.2,63,,,,,,,,,
nhtsa-kia-rio-body-4dr-94-9,,4,,,,,94.9,166.1,66.1,56.7,57.1,57.1,,,,,,,,,
nhtsa-kia-rio-body-4dr-94-9-2,,4,,,,,94.9,165.7,66.1,56.7,57.1,57.1,,,,,,,,,
nhtsa-kia-rio-body-5dr-101-6,,5,,,,,101.6,160.2,68.1,57.1,59.4,59.8,,,,,,,,,
nhtsa-kia-rio-hatchback-5dr-101-2,Hatchback,5,,,,,101.2,159.4,67.7,57.5,59.4,59.4,,,,,,,,,
nhtsa-kia-rio-hatchback-5dr-101-2-2,Hatchback,5,,,,,101.2,159.4,67.7,57.5,59.8,60.2,,,,,,,,,
nhtsa-kia-rio-sedan-4dr-101-2,Sedan,4,,,,,101.2,171.7,67.7,57.5,59.4,59.1,,,,,,,,,
nhtsa-kia-rio-sedan-4dr-101-2-2,Sedan,4,,,,,101.2,171.7,67.7,57.5,59.8,60.2,,,,,,,,,
nhtsa-kia-rio-sedan-4dr-101-6,Sedan,4,,,,,101.6,172.8,68.1,57.1,59.4,59.8,,,,,,,,,
nhtsa-kia-rio-sedan-4dr-94-9,Sedan,4,,,,,94.9,166.1,66.1,56.7,56.3,57.1,,,,,,,,,
nhtsa-kia-rio-sedan-4dr-94-9-2,Sedan,4,,,,,94.9,165.7,66.1,56.7,57.1,57.1,,,,,,,,,
nhtsa-kia-rio-sedan-4dr-98-4,Sedan,4,,,,,98.4,166.9,66.9,57.9,57.9,57.5,,,,,,,,,
nhtsa-kia-rondo-body-108-3,,,,,,,108.3,178,71.3,63.4,61.8,62.6,,,,,,,,,
nhtsa-kia-rondo-wagon-4dr-106-3,Wagon,4,,,,,106.3,179.1,71.7,65,61.4,61,,,,,,,,,
nhtsa-kia-sedona-van-5dr-114-6,Van,5,,,,,114.6,194.1,74.8,68.1,63.4,63,,,,,,,,,
nhtsa-kia-sedona-van-5dr-118-9,Van,5,,,,,118.9,202,78.3,72,66.1,65.7,,,,,,,,,
nhtsa-kia-sedona-van-5dr-118-9-2,Van,5,,,,,118.9,202,78.3,69.3,66.1,65.7,,,,,,,,,
nhtsa-kia-sedona-van-5dr-118-9-3,Van,5,,,,,118.9,202,78.3,72,66.5,66.5,,,,,,,,,
nhtsa-kia-sedona-van-5dr-118-9-4,Van,5,,,,,118.9,202,78.3,69.3,66.5,66.5,,,,,,,,,
nhtsa-kia-sedona-van-5dr-120-5,Van,5,,,,,120.5,201.6,78.3,68.5,68.5,68.9,,,,,,,,,
nhtsa-kia-seltos-suv-4dr-103-5,SUV,4,,,,,103.5,172,70.9,63.8,61.4,61.8,,,,,,,,,
nhtsa-kia-sephia-sedan-4dr-100-8,Sedan,4,,,,,100.8,174.4,66.9,55.5,57.1,56.7,,,,,,,,,
nhtsa-kia-sorento-body-109-4,,,,,,,109.4,187.8,74.4,67.3,64.2,64.6,,,,,,,,,
nhtsa-kia-sorento-body-109-4-2,,,,,,,109.4,189,74.4,66.5,64.2,64.6,,,,,,,,,
nhtsa-kia-sorento-suv-110-6,SUV,,,,,,110.6,189,74.8,66.9,65,65.4,,,,,,,,,
nhtsa-kia-sorento-suv-4dr-106-3,SUV,4,,,,,106.3,183.9,74.4,67.3,63.4,63.8,,,,,,,,,
nhtsa-kia-sorento-suv-4dr-106-3-2,SUV,4,,,,,106.3,184.3,74.4,67.3,63.4,63.8,,,,,,,,,
nhtsa-kia-sorento-suv-4dr-106-7,SUV,4,,,,,106.7,180.7,74,71.3,62.6,61.8,,,,,,,,,
nhtsa-kia-sorento-suv-4dr-107-1,SUV,4,,,,,107.1,179.9,73.2,71.3,61.8,62.2,,,,,,,,,
nhtsa-kia-soul-body-100-4,,,,,,,100.4,161.8,70.5,63.4,61.4,61.4,,,,,,,,,
nhtsa-kia-soul-body-101-2,,,,,,,101.2,163,70.9,63,61.8,62.6,,,,,,,,,
nhtsa-kia-soul-body-5dr-102-4,,5,,,,,102.4,165.4,70.9,63.8,61,61,,,,,,,,,
nhtsa-kia-spectra-body-4dr-100-8,,4,,,,,100.8,178.3,68.1,56.3,58.7,57.9,,,,,,,,,
nhtsa-kia-spectra-sedan-4dr-100-8,Sedan,4,,,,,100.8,177.6,67.7,55.9,57.1,56.7,,,,,,,,,
nhtsa-kia-spectra-sedan-4dr-102,Sedan,4,,,,,102,176.8,67.7,57.9,59.1,58.3,,,,,,,,,
nhtsa-kia-spectra-sedan-4dr-99-6,Sedan,4,,,,,99.6,177.6,67.7,55.9,57.1,56.7,,,,,,,,,
nhtsa-kia-sportage-body-4dr-104-3,,4,,,,,104.3,162.2,68.1,65,56.7,56.7,,,,,,,,,
nhtsa-kia-sportage-suv-4dr-103-5,SUV,4,,,,,103.5,172,70.9,66.5,61,60.6,,,,,,,,,
nhtsa-kia-sportage-suv-4dr-103-5-2,SUV,4,,,,,103.5,171.3,70.9,66.5,61,60.6,,,,,,,,,
nhtsa-kia-sportage-suv-4dr-103-9,SUV,4,,,,,103.9,174.8,73.2,65,63.4,63.8,,,,,,,,,
nhtsa-kia-sportage-suv-4dr-105-1,SUV,4,,,,,105.1,176.4,73.2,65,63.4,63.4,,,,,,,,,
nhtsa-kia-sportage-suv-4dr-108-7,SUV,4,,,,,108.7,183.5,73.6,65.7,63.8,64.2,,,,,,,,,
nhtsa-kia-stinger-sedan-4dr-114-6,Sedan,4,,,,,114.6,190.2,73.6,55.1,63,64.6,,,,,,,,,
nhtsa-kia-telluride-suv-4dr-114-2,SUV,4,,,,,114.2,196.9,78.3,69.3,66.9,66.9,,,,,,,,,
nhtsa-lamborghini-aventador-body-106-3,,,,,,,106.3,188.2,79.9,44.9,,,,,,,,,,,
nhtsa-lamborghini-aventador-convertible-106-3,Convertible,,,,,,106.3,188.2,79.9,44.9,,,,,,,,,,,
nhtsa-lamborghini-aventador-convertible-106-3-2,Convertible,,,,,,106.3,188.2,79.9,44.9,67.7,66.9,,,,,,,,,
nhtsa-lamborghini-aventador-coupe-106-3,Coupe,,,,,,106.3,188.2,79.9,44.9,,,,,,,,,,,
nhtsa-lamborghini-aventador-coupe-106-3-2,Coupe,,,,,,106.3,188.2,79.9,44.9,67.7,66.9,,,,,,,,,
nhtsa-lamborghini-diablo-convertible-2dr-104-3,Convertible,2,,,,,104.3,178.7,80.3,44.5,60.2,66.1,,,,,,,,,
nhtsa-lamborghini-diablo-convertible-2dr-104-3-2,Convertible,2,,,,,104.3,176,80.3,44.1,60.2,66.1,,,,,,,,,
nhtsa-lamborghini-diablo-coupe-104-3,Coupe,,,,,,104.3,175.6,80.3,43.7,,,,,,,,,,,
nhtsa-lamborghini-diablo-coupe-104-3-2,Coupe,,,,,,104.3,175.6,80.3,43.7,59.4,64.6,,,,,,,,,
nhtsa-lamborghini-diablo-coupe-2dr-104-3,Coupe,2,,,,,104.3,178.7,80.3,44.5,60.2,66.1,,,,,,,,,
nhtsa-lamborghini-diablo-coupe-2dr-104-3-2,Coupe,2,,,,,104.3,176,80.3,44.1,60.2,66.1,,,,,,,,,
nhtsa-lamborghini-gallardo-convertible-2dr-100-8,Convertible,2,,,,,100.8,169.3,74.8,46.5,,,,,,,,,,,
nhtsa-lamborghini-gallardo-coupe-2dr-100-8,Coupe,2,,,,,100.8,169.3,74.8,46.1,,,,,,,,,,,
nhtsa-lamborghini-huracan-convertible-2dr-103-1,Convertible,2,,,,,103.1,175.6,75.6,46.5,65.7,63.8,,,,,,,,,
nhtsa-lamborghini-huracan-coupe-2dr-103-1,Coupe,2,,,,,103.1,175.6,75.6,46.1,65.7,63.8,,,,,,,,,
nhtsa-lamborghini-huracan-coupe-2dr-103-1-2,Coupe,2,,,,,103.1,175.6,75.6,46.5,65.7,63.8,,,,,,,,,
nhtsa-lamborghini-murcielago-convertible-2dr-104-7,Convertible,2,,,,,104.7,180.3,80.7,41.7,,,,,,,,,,,
nhtsa-lamborghini-murcielago-convertible-2dr-105-1,Convertible,2,,,,,105.1,181.5,81.1,44.9,,,,,,,,,,,
nhtsa-lamborghini-murcielago-coupe-2dr-105-1,Coupe,2,,,,,105.1,180.3,80.7,44.9,,,,,,,,,,,
nhtsa-lamborghini-murcielago-coupe-2dr-105-1-2,Coupe,2,,,,,105.1,181.5,81.1,44.9,,,,,,,,,,,
nhtsa-lamborghini-revuelto-coupe-109-4,Coupe,,,,,,109.4,194.9,79.9,45.7,67.7,66.9,,,,,,,,,
nhtsa-lamborghini-urus-suv-4dr-118-1,SUV,4,,,,,118.1,201.2,79.5,64.6,66.9,66.9,,,,,,,,,
nhtsa-land-rover-defender-body-102,,,,,,,102,170.5,79.1,77.6,67.3,66.9,,,,,,,,,
nhtsa-land-rover-defender-body-2dr-92-9,,2,,,,,92.9,160.2,70.5,80.3,58.7,58.7,,,,,,,,,
nhtsa-land-rover-defender-suv-2dr-92-9,SUV,2,,,,,92.9,160.2,70.5,80.3,58.7,58.7,,,,,,,,,
nhtsa-land-rover-defender-suv-4dr-102,SUV,4,,,,,102,170.5,79.1,77.6,67.3,66.9,,,,,,,,,
nhtsa-land-rover-discovery-body-115,,,,,,,115,195.7,78.3,72.8,66.5,66.5,,,,,,,,,
nhtsa-land-rover-discovery-sport-body-107-9,,,,,,,107.9,181.1,74.4,67.7,63.8,64.2,,,,,,,,,
nhtsa-land-rover-discovery-sport-body-107-9-2,,,,,,,107.9,180.7,74.4,68.1,63.8,64.2,,,,,,,,,
nhtsa-land-rover-discovery-sport-suv-4dr-107-9,SUV,4,,,,,107.9,180.7,74.4,68.1,63.8,64.2,,,,,,,,,
nhtsa-land-rover-discovery-suv-4dr-100,SUV,4,,,,,100,178.7,70.5,77.6,58.7,58.7,,,,,,,,,
nhtsa-land-rover-discovery-suv-4dr-100-2,SUV,4,,,,,100,185.4,74.4,76.4,60.6,61.4,,,,,,,,,
nhtsa-land-rover-discovery-suv-4dr-100-3,SUV,4,,,,,100,183.9,74.4,76.4,61,60.6,,,,,,,,,
nhtsa-land-rover-discovery-suv-4dr-115,SUV,4,,,,,115,195.7,78.3,72.8,66.5,66.5,,,,,,,,,
nhtsa-land-rover-discovery-suv-4dr-115-2,SUV,4,,,,,115,195.3,78.3,74.4,66.5,66.5,,,,,,,,,
nhtsa-land-rover-freelander-suv-2dr-100-8,SUV,2,,,,,100.8,170.1,71.3,69.3,60.6,61,,,,,,,,,
nhtsa-land-rover-freelander-suv-4dr-100-8,SUV,4,,,,,100.8,168.1,71.3,69.3,61,61.4,,,,,,,,,
nhtsa-land-rover-lr2-suv-4dr-104-7,SUV,4,,,,,104.7,177.2,75.2,68.5,63,63,,,,,,,,,
nhtsa-land-rover-lr3-suv-4dr-113-4,SUV,4,,,,,113.4,191.7,75.2,74,63.4,63,,,,,,,,,
nhtsa-land-rover-lr3-suv-4dr-113-4-2,SUV,4,,,,,113.4,190.9,75.2,74.4,63.4,63,,,,,,,,,
nhtsa-land-rover-lr4-suv-4dr-113-8,SUV,4,,,,,113.8,190.9,75.6,78.3,63.8,63.8,,,,,,,,,
nhtsa-land-rover-lr4-suv-4dr-113-8-2,SUV,4,,,,,113.8,190.2,75.6,74,63.4,63.4,,,,,,,,,
nhtsa-land-rover-range-rover-body-107-1,,,,,,,107.1,188.6,75.6,73.2,63,62.6,,,,,,,,,
nhtsa-land-rover-range-rover-body-115,,,,,,,115,196.5,81.5,72.4,66.5,66.1,,,,,,,,,
nhtsa-land-rover-range-rover-body-122-8,,,,,,,122.8,204.7,81.5,72.4,66.5,66.1,,,,,,,,,
nhtsa-land-rover-range-rover-body-4dr-100,,4,,,,,100,175.2,71.3,70.9,58.7,58.7,,,,,,,,,
nhtsa-land-rover-range-rover-body-4dr-107-9,,4,,,,,107.9,183.1,71.3,72.4,,,,,,,,,,,
nhtsa-land-rover-range-rover-body-4dr-107-9-2,,4,,,,,107.9,183.1,71.3,72.4,58.7,58.7,,,,,,,,,
nhtsa-land-rover-range-rover-evoque-body-5dr-104-7,,5,,,,,104.7,171.7,77.6,64.6,64.2,64.2,,,,,,,,,
nhtsa-land-rover-range-rover-evoque-convertible-104-7,Convertible,,,,,,104.7,171.7,77.6,63.4,64.2,64.2,,,,,,,,,
nhtsa-land-rover-range-rover-evoque-coupe-3dr-104-7,Coupe,3,,,,,104.7,171.7,77.6,63.4,64.2,64.2,,,,,,,,,
nhtsa-land-rover-range-rover-evoque-suv-4dr-104-7,SUV,4,,,,,104.7,171.7,77.6,64.6,64.2,64.2,,,,,,,,,
nhtsa-land-rover-range-rover-sport-body-108-3,,,,,,,108.3,188.6,76,71.7,64.6,63.4,,,,,,,,,
nhtsa-land-rover-range-rover-sport-body-115,,,,,,,115,190.9,78,70.1,66.5,66.1,,,,,,,,,
nhtsa-land-rover-range-rover-sport-body-115-2,,,,,,,115,191.7,78,70.1,66.5,66.1,,,,,,,,,
nhtsa-land-rover-range-rover-sport-suv-4dr-108-3,SUV,4,,,,,108.3,188.6,76,71.7,64.6,63.4,,,,,,,,,
nhtsa-land-rover-range-rover-sport-suv-4dr-118-1,SUV,4,,,,,118.1,194.9,80.7,71.7,66.9,66.9,,,,,,,,,
nhtsa-land-rover-range-rover-sport-suv-4dr-118-1-2,SUV,4,,,,,118.1,195.7,80.3,71.3,67.3,67.7,,,,,,,,,
nhtsa-land-rover-range-rover-suv-115,SUV,,,,,,115,196.5,81.5,72.4,66.5,66.1,,,,,,,,,
nhtsa-land-rover-range-rover-suv-115-2,SUV,,,,,,115,196.9,81.5,72.4,66.5,66.1,,,,,,,,,
nhtsa-land-rover-range-rover-suv-122-8,SUV,,,,,,122.8,204.7,81.5,72.4,66.5,66.1,,,,,,,,,
nhtsa-land-rover-range-rover-suv-4dr-108-3,SUV,4,,,,,108.3,185.4,74,71.7,,,,,,,,,,,
nhtsa-land-rover-range-rover-suv-4dr-108-3-2,SUV,4,,,,,108.3,185.4,74,71.7,60.6,60.2,,,,,,,,,
nhtsa-land-rover-range-rover-suv-4dr-108-3-3,SUV,4,,,,,108.3,185.8,74,71.7,60.6,60.2,,,,,,,,,
nhtsa-land-rover-range-rover-suv-4dr-108-3-4,SUV,4,,,,,108.3,185.4,74.4,71.7,60.6,60.2,,,,,,,,,
nhtsa-land-rover-range-rover-suv-4dr-113,SUV,4,,,,,113,189,79.9,66.1,64.6,65.4,,,,,,,,,
nhtsa-land-rover-range-rover-suv-4dr-113-4,SUV,4,,,,,113.4,195.7,75.6,75.2,63.8,63,,,,,,,,,
nhtsa-land-rover-range-rover-suv-4dr-115,SUV,4,,,,,115,196.9,81.5,72.4,66.5,66.1,,,,,,,,,
nhtsa-land-rover-range-rover-suv-4dr-118-1,SUV,4,,,,,118.1,198.8,80.7,73.6,,,,,,,,,,,
nhtsa-land-rover-range-rover-suv-4dr-122-8,SUV,4,,,,,122.8,204.7,81.5,72.4,66.5,66.1,,,,,,,,,
nhtsa-land-rover-range-rover-suv-4dr-126,SUV,4,,,,,126,206.7,80.7,73.6,,,,,,,,,,,
nhtsa-land-rover-range-rover-suv-4dr-126-2,SUV,4,,,,,126,206.7,80.7,73.6,66.9,66.9,,,,,,,,,
nhtsa-land-rover-range-rover-velar-suv-4dr-113,SUV,4,,,,,113,189,79.9,65.7,64.6,65.4,,,,,,,,,
nhtsa-land-rover-range-rover-velar-suv-4dr-113-2,SUV,4,,,,,113,189,79.9,66.1,64.6,65.4,,,,,,,,,
nhtsa-lexus-es350-sedan-4dr-111,Sedan,4,,,,,111,192.9,71.7,57.1,62.6,62.2,,,,,,,,,
nhtsa-lexus-gs-sedan-4dr-112-2,Sedan,4,,,,,112.2,190.2,71.7,56.3,60.6,60.2,,,,,,,,,
nhtsa-lexus-gs-sedan-4dr-112-2-2,Sedan,4,,,,,112.2,191.7,72,57.5,62.6,63,,,,,,,,,
nhtsa-lexus-gs-sedan-4dr-112-2-3,Sedan,4,,,,,112.2,192.1,72.4,57.5,62.6,63,,,,,,,,,
nhtsa-lexus-gs-sedan-4dr-112-2-4,Sedan,4,,,,,112.2,193.3,72.4,57.9,62.6,63,,,,,,,,,
nhtsa-lexus-is-f-sedan-4dr-107-5,Sedan,4,,,,,107.5,183.5,71.7,55.9,61,59.4,,,,,,,,,
nhtsa-lexus-is-sedan-110-2,Sedan,,,,,,110.2,183.9,71.3,56.3,60.6,61,,,,,,,,,
nhtsa-lexus-is-sedan-4dr-110-2,Sedan,4,,,,,110.2,185.4,72.4,56.3,62.2,61.8,,,,,,,,,
nhtsa-lexus-is300-sedan-4dr-105-1,Sedan,4,,,,,105.1,176.8,67.7,55.9,59.1,58.7,,,,,,,,,
nhtsa-lexus-lc-coupe-2dr-113,Coupe,2,,,,,113,187.4,75.6,53.1,64.2,64.2,,,,,,,,,
nhtsa-lexus-lfa-coupe-2dr-102-8,Coupe,2,,,,,102.8,177.6,74.8,48,,,,,,,,,,,
nhtsa-lexus-ls-sedan-4dr-121-7,Sedan,4,,,,,121.7,202.8,74,58.7,63.4,63,,,,,,,,,
nhtsa-lexus-ls-sedan-4dr-123-2,Sedan,4,,,,,123.2,206.3,74.8,57.5,64.6,64.6,,,,,,,,,
nhtsa-lexus-rc-coupe-2dr-107-5,Coupe,2,,,,,107.5,185.4,72.8,54.7,61.4,61.4,,,,,,,,,
nhtsa-lexus-rc-coupe-2dr-107-5-2,Coupe,2,,,,,107.5,185,72.4,55.1,62.2,63,,,,,,,,,
nhtsa-lexus-rc-f-coupe-2dr-107-5,Coupe,2,,,,,107.5,185.4,72.8,54.7,61.4,61.4,,,,,,,,,
nhtsa-lexus-rx-suv-4dr-106-7,SUV,4,,,,,106.7,187.4,72.8,68.5,61.8,60.6,,,,,,,,,
nhtsa-lexus-rx-suv-4dr-109-8,SUV,4,,,,,109.8,192.5,74.8,67.7,64.6,64.2,,,,,,,,,
nhtsa-lexus-rx-suv-4dr-109-8-2,SUV,4,,,,,109.8,196.9,74.8,67.3,64.6,64.2,,,,,,,,,
nhtsa-lexus-rx-suv-4dr-112-2,SUV,4,,,,,112.2,192.5,75.6,67.3,65.4,66.5,,,,,,,,,
nhtsa-lexus-rx350-suv-4dr-109-8,SUV,4,,,,,109.8,192.5,74.8,67.7,64.6,64.2,,,,,,,,,
nhtsa-lexus-tx-suv-4dr-116-1,SUV,4,,,,,116.1,203.5,78.3,70.1,68.1,68.1,,,,,,,,,
nhtsa-lexus-ux-suv-4dr-103-9,SUV,4,,,,,103.9,177.2,72.4,60.6,61,61.8,,,,,,,,,
nhtsa-lincoln-aviator-suv-4dr-113-8,SUV,4,,,,,113.8,192.9,76,71.3,61.4,61,,,,,,,,,
nhtsa-lincoln-aviator-suv-4dr-118-9,SUV,4,,,,,118.9,199.6,79.5,69.3,66.9,66.9,,,,,,,,,
nhtsa-lincoln-aviator-suv-4dr-119-3,SUV,4,,,,,119.3,200,78.7,67.7,66.5,66.5,,,,,,,,,
nhtsa-lincoln-continental-body-108-7,,,,,,,108.7,200.8,73.6,55.5,,,,,,,,,,,
nhtsa-lincoln-continental-body-108-7-2,,,,,,,108.7,202.8,70.9,54.3,,,,,,,,,,,
nhtsa-lincoln-continental-body-117-7,,,,,,,117.7,201.6,75.2,58.7,63.4,64.2,,,,,,,,,
nhtsa-lincoln-continental-body-2dr-114-2,,2,,,,,114.2,216.1,78,55.5,,,,,,,,,,,
nhtsa-lincoln-continental-body-4dr-117-3,,4,,,,,117.3,219.3,78,55.9,,,,,,,,,,,
nhtsa-lincoln-continental-sedan-4dr-108-7,Sedan,4,,,,,108.7,200.8,73.6,55.5,,,,,,,,,,,
nhtsa-lincoln-continental-sedan-4dr-109-1,Sedan,4,,,,,109.1,205.1,72.8,55.5,62.2,61,,,,,,,,,
nhtsa-lincoln-continental-sedan-4dr-109-1-2,Sedan,4,,,,,109.1,205.1,72.8,55.5,,,,,,,,,,,
nhtsa-lincoln-continental-sedan-4dr-109-1-3,Sedan,4,,,,,109.1,205.5,72.4,55.5,62.2,61,,,,,,,,,
nhtsa-lincoln-continental-sedan-4dr-109-1-4,Sedan,4,,,,,109.1,206.3,73.2,55.9,63,61.4,,,,,,,,,
nhtsa-lincoln-continental-sedan-4dr-109-1-5,Sedan,4,,,,,109.1,208.7,73.6,55.9,63,61.4,,,,,,,,,
nhtsa-lincoln-continental-sedan-4dr-117-7,Sedan,4,,,,,117.7,201.6,75.2,58.7,63.4,64.2,,,,,,,,,
nhtsa-lincoln-corsair-suv-4dr-106-7,SUV,4,,,,,106.7,180.7,74.4,64.2,62.6,63.4,,,,,,,,,
nhtsa-lincoln-corsair-suv-4dr-106-7-2,SUV,4,,,,,106.7,181.1,74.4,64.2,62.6,63.4,,,,,,,,,
nhtsa-lincoln-ls-sedan-4dr-114-6,Sedan,4,,,,,114.6,194.1,73.2,56.3,60.6,60.6,,,,,,,,,
nhtsa-lincoln-ls-sedan-4dr-114-6-2,Sedan,4,,,,,114.6,194.1,73.2,55.9,60.6,60.6,,,,,,,,,
nhtsa-lincoln-mark-body-108-7,,,,,,,108.7,202.8,70.9,53.9,,,,,,,,,,,
nhtsa-lincoln-mark-coupe-2dr-108-7,Coupe,2,,,,,108.7,202.8,70.9,54.3,,,,,,,,,,,
nhtsa-lincoln-mark-coupe-2dr-108-7-2,Coupe,2,,,,,108.7,202.8,70.9,54.3,58.3,59.1,,,,,,,,,
nhtsa-lincoln-mark-coupe-2dr-113,Coupe,2,,,,,113,207.1,74.8,53.5,,,,,,,,,,,
nhtsa-lincoln-mark-coupe-2dr-113-2,Coupe,2,,,,,113,207.1,74.8,53.5,61,59.8,,,,,,,,,
nhtsa-lincoln-mark-lt-pickup-extended-short-138-6,Pickup,,Extended,,,,138.6,222.4,78.7,73.6,66.5,66.5,,,,,,,,,
nhtsa-lincoln-mkc-suv-4dr-105-9,SUV,4,,,,,105.9,179.1,73.2,65.4,62.6,62.6,,,,,,,,,
nhtsa-lincoln-mks-sedan-4dr-113,Sedan,4,,,,,113,203.9,76,61.4,65,65.7,,,,,,,,,
nhtsa-lincoln-mks-sedan-4dr-113-2,Sedan,4,,,,,113,205.5,76,61.8,65,65.4,,,,,,,,,
nhtsa-lincoln-mkt-suv-4dr-117-7,SUV,4,,,,,117.7,207.5,76,67.3,65.7,65.7,,,,,,,,,
nhtsa-lincoln-mkx-body-4dr-111,,4,,,,,111,187.4,76,67.7,65.4,65.4,,,,,,,,,
nhtsa-lincoln-mkx-suv-4dr-111,SUV,4,,,,,111,187,74.8,69.3,63.4,64.6,,,,,,,,,
nhtsa-lincoln-mkx-suv-4dr-111-2,SUV,4,,,,,111,186.6,76,67.7,65.4,65.4,,,,,,,,,
nhtsa-lincoln-mkx-suv-4dr-112-2,SUV,4,,,,,112.2,190.2,76,66.1,65,64.6,,,,,,,,,
nhtsa-lincoln-mkz-sedan-4dr-107-5,Sedan,4,,,,,107.5,190.6,72,55.5,60.6,61,,,,,,,,,
nhtsa-lincoln-mkz-sedan-4dr-112-2,Sedan,4,,,,,112.2,194.1,73.2,58.3,62.2,62.2,,,,,,,,,
nhtsa-lincoln-mkz-sedan-4dr-112-2-2,Sedan,4,,,,,112.2,194.1,73.2,58.3,62.6,62.2,,,,,,,,,
nhtsa-lincoln-nautilus-suv-4dr-111-8,SUV,4,,,,,111.8,189.8,76,66.1,64.6,64.6,,,,,,,,,
nhtsa-lincoln-nautilus-suv-4dr-114-2,SUV,4,,,,,114.2,193.3,79.9,68.1,65.4,65.4,,,,,,,,,
nhtsa-lincoln-navigator-body-119-3,,,,,,,119.3,208.3,79.9,76.8,68.1,68.1,,,,,,,,,
nhtsa-lincoln-navigator-l-suv-4dr-131-1,SUV,4,,,,,131.1,222.4,78.7,78.3,66.9,67.3,,,,,,,,,
nhtsa-lincoln-navigator-l-suv-4dr-131-5,SUV,4,,,,,131.5,222,79.9,76.4,67.7,67.3,,,,,,,,,
nhtsa-lincoln-navigator-l-suv-4dr-131-5-2,SUV,4,,,,,131.5,222,79.9,78,68.1,68.1,,,,,,,,,
nhtsa-lincoln-navigator-suv-4dr-118-9,SUV,4,,,,,118.9,204.7,79.9,76.8,65.4,65.4,,,,,,,,,
nhtsa-lincoln-navigator-suv-4dr-118-9-2,SUV,4,,,,,118.9,204.7,79.9,75.2,65.4,65.4,,,,,,,,,
nhtsa-lincoln-navigator-suv-4dr-118-9-3,SUV,4,,,,,118.9,208.3,78.7,78.3,66.9,67.3,,,,,,,,,
nhtsa-lincoln-navigator-suv-4dr-118-9-4,SUV,4,,,,,118.9,208.3,78.7,74.4,66.5,66.5,,,,,,,,,
nhtsa-lincoln-navigator-suv-4dr-118-9-5,SUV,4,,,,,118.9,207.5,78.7,78.3,66.9,67.3,,,,,,,,,
nhtsa-lincoln-navigator-suv-4dr-122-4,SUV,4,,,,,122.4,209.8,79.9,76.4,67.7,67.3,,,,,,,,,
nhtsa-lincoln-navigator-suv-4dr-122-4-2,SUV,4,,,,,122.4,209.8,79.9,78,68.1,68.1,,,,,,,,,
nhtsa-lincoln-navigator-suv-4dr-131-1,SUV,4,,,,,131.1,223.2,78.7,78,66.9,67.3,,,,,,,,,
nhtsa-lincoln-navigator-suv-4dr-131-1-2,SUV,4,,,,,131.1,223.2,78.7,78,66.5,66.5,,,,,,,,,
nhtsa-lincoln-navigator-suv-4dr-131-1-3,SUV,4,,,,,131.1,222.4,78.7,78.3,66.9,67.3,,,,,,,,,
nhtsa-lincoln-town-car-body-117-3,,,,,,,117.3,218.9,78.3,55.9,,,,,,,,,,,
nhtsa-lincoln-town-car-body-117-7,,,,,,,117.7,215.4,78.3,59.1,63.4,65.4,,,,,,,,,
nhtsa-lincoln-town-car-sedan-117-3,Sedan,,,,,,117.3,220.1,78.3,56.7,63,63.8,,,,,,,,,
nhtsa-lincoln-town-car-sedan-117-3-2,Sedan,,,,,,117.3,220.1,78.3,56.7,,,,,,,,,,,
nhtsa-lincoln-town-car-sedan-4dr-117-3,Sedan,4,,,,,117.3,218.9,78.3,55.9,,,,,,,,,,,
nhtsa-lincoln-town-car-sedan-4dr-117-3-2,Sedan,4,,,,,117.3,219.3,78.3,55.9,62.2,61.8,,,,,,,,,
nhtsa-lincoln-town-car-sedan-4dr-117-3-3,Sedan,4,,,,,117.3,218.9,76.8,57.1,63,63.4,,,,,,,,,
nhtsa-lincoln-town-car-sedan-4dr-117-3-4,Sedan,4,,,,,117.3,218.9,76.8,57.1,63.4,64.2,,,,,,,,,
nhtsa-lincoln-town-car-sedan-4dr-117-7,Sedan,4,,,,,117.7,215.4,78,57.9,63.4,65.4,,,,,,,,,
nhtsa-lincoln-town-car-sedan-4dr-117-7-2,Sedan,4,,,,,117.7,215.4,78.3,59.1,63.4,65.4,,,,,,,,,
nhtsa-lincoln-town-car-sedan-4dr-123-6,Sedan,4,,,,,123.6,221.3,78.3,59.1,,,,,,,,,,,
nhtsa-lincoln-town-car-sedan-4dr-123-6-2,Sedan,4,,,,,123.6,221.3,78.3,57.9,,,,,,,,,,,
nhtsa-lincoln-town-car-sedan-4dr-123-6-3,Sedan,4,,,,,123.6,221.3,78.3,59.1,63.4,65.4,,,,,,,,,
nhtsa-lincoln-town-car-wagon-4dr-117-7,Wagon,4,,,,,117.7,215.4,78.3,57.9,63.4,65.4,,,,,,,,,
nhtsa-lincoln-zephyr-sedan-4dr-107-5,Sedan,4,,,,,107.5,190.6,72,55.5,60.6,61,,,,,,,,,
nhtsa-lotus-eclat-body-97-6,,,,,,,97.6,179.5,71.7,47.2,,,,,,,,,,,
nhtsa-lotus-elan-convertible-88-6,Convertible,,,,,,88.6,149.6,74.4,48.4,,,,,,,,,,,
nhtsa-lotus-eletre-body-4dr-118-9,,4,,,,,118.9,200.8,79.5,64.2,62.6,63,,,,,,,,,
nhtsa-lotus-elise-coupe-2dr-89-8,Coupe,2,,,,,89.8,147.2,67.7,44.5,57.1,59.1,,,,,,,,,
nhtsa-lotus-elise-coupe-2dr-90-6,Coupe,2,,,,,90.6,149.2,72.8,44.1,57.5,59.1,,,,,,,,,
nhtsa-lotus-elite-body-97-6,,,,,,,97.6,179.5,71.7,47.2,,,,,,,,,,,
nhtsa-lotus-emira-coupe-2dr-101-2,Coupe,2,,,,,101.2,173.6,74.8,48.8,63.8,63.4,,,,,,,,,
nhtsa-lotus-esprit-body-96-1,,,,,,,96.1,165,72.8,43.7,,,,,,,,,,,
nhtsa-lotus-esprit-body-96-1-2,,,,,,,96.1,167.7,73.2,43.7,,,,,,,,,,,
nhtsa-lotus-esprit-body-96-1-3,,,,,,,96.1,173.6,74,45.3,60.2,61.8,,,,,,,,,
nhtsa-lotus-esprit-coupe-2dr-96-1,Coupe,2,,,,,96.1,170.5,73.2,45.3,,,,,,,,,,,
nhtsa-lotus-evora-coupe-2dr-101-6,Coupe,2,,,,,101.6,170.9,,48,,,,,,,,,,,
nhtsa-lotus-evora-coupe-2dr-101-6-2,Coupe,2,,,,,101.6,172.8,72.8,48.4,61.4,62.2,,,,,,,,,
nhtsa-lotus-evora-coupe-2dr-101-6-3,Coupe,2,,,,,101.6,171.7,,48.4,,,,,,,,,,,
nhtsa-lotus-exige-coupe-2dr-90-6,Coupe,2,,,,,90.6,149.2,72.8,46.1,57.5,59.1,,,,,,,,,
nhtsa-lotus-turbo-esprit-body-96-1,,,,,,,96.1,165,72.8,44.1,,,,,,,,,,,
nhtsa-lucid-air-sedan-4dr-116-5,Sedan,4,,,,,116.5,196.1,76.4,55.5,,,,,,,,,,,
nhtsa-lucid-air-sedan-4dr-116-5-2,Sedan,4,,,,,116.5,196.1,76.4,55.5,66.1,66.9,,,,,,,,,
nhtsa-lucid-air-wagon-4dr-116-5,Wagon,4,,,,,116.5,196.1,76.4,55.5,,,,,,,,,,,
nhtsa-lucid-air-wagon-4dr-116-5-2,Wagon,4,,,,,116.5,196.1,76.4,55.5,66.1,66.9,,,,,,,,,
nhtsa-lucid-gravity-suv-4dr-118-9,SUV,4,,,,,118.9,198,78.7,65.4,66.9,66.5,,,,,,,,,
nhtsa-maserati-coupe-coupe-2dr-104-7,Coupe,2,,,,,104.7,178.3,71.7,51.6,59.1,60.2,,,,,,,,,
nhtsa-maserati-coupe-coupe-2dr-104-7-2,Coupe,2,,,,,104.7,178.3,71.7,51.2,59.1,60.2,,,,,,,,,
nhtsa-maserati-ghibli-body-118-1,,,,,,,118.1,195.7,76.8,57.5,64.6,65,,,,,,,,,
nhtsa-maserati-ghibli-sedan-4dr-118-1,Sedan,4,,,,,118.1,195.7,76.8,57.5,64.6,65,,,,,,,,,
nhtsa-maserati-grancabrio-body-2dr-115-4,,2,,,,,115.4,195.3,77.2,53.9,65,65.4,,,,,,,,,
nhtsa-maserati-granturismo-body-2dr-115-7,,2,,,,,115.7,194.1,75.6,53.1,62.6,62.6,,,,,,,,,
nhtsa-maserati-granturismo-body-2dr-115-7-2,,2,,,,,115.7,192.1,75.6,53.1,62.2,62.6,,,,,,,,,
nhtsa-maserati-granturismo-coupe-2dr-115-4,Coupe,2,,,,,115.4,195.3,77.2,53.1,65,65.4,,,,,,,,,
nhtsa-maserati-granturismo-coupe-2dr-115-7,Coupe,2,,,,,115.7,192.1,72.8,53.1,62.2,62.6,,,,,,,,,
nhtsa-maserati-granturismo-coupe-2dr-115-7-2,Coupe,2,,,,,115.7,192.1,72.8,53.1,,,,,,,,,,,
nhtsa-maserati-granturismo-coupe-2dr-115-7-3,Coupe,2,,,,,115.7,192.1,75.6,53.1,62.2,62.6,,,,,,,,,
nhtsa-maserati-granturismo-coupe-2dr-115-7-4,Coupe,2,,,,,115.7,194.1,75.6,52.8,62.6,62.6,,,,,,,,,
nhtsa-maserati-grecale-suv-4dr-114-2,SUV,4,,,,,114.2,191.3,78,65.4,63.8,66.5,,,,,,,,,
nhtsa-maserati-levante-suv-4dr-118-1,SUV,4,,,,,118.1,196.9,77.6,66.1,63.8,66.1,,,,,,,,,
nhtsa-maserati-levante-suv-4dr-118-1-2,SUV,4,,,,,118.1,197.6,77.6,66.1,63.8,66.1,,,,,,,,,
nhtsa-maserati-mc20-convertible-2dr-106-3,Convertible,2,,,,,106.3,183.9,77.6,48,66.1,65,,,,,,,,,
nhtsa-maserati-mc20-coupe-2dr-106-3,Coupe,2,,,,,106.3,183.9,77.6,48,66.1,65,,,,,,,,,
nhtsa-maserati-merak-body-102-4,,,,,,,102.4,179.9,69.7,44.5,,,,,,,,,,,
nhtsa-maserati-quattroporte-body-120-1,,,,,,,120.1,198.8,74.4,56.7,62.2,61.4,,,,,,,,,
nhtsa-maserati-quattroporte-body-124-8,,,,,,,124.8,207.1,76.8,58.3,64.2,65,,,,,,,,,
nhtsa-maserati-quattroporte-body-124-8-2,,,,,,,124.8,206.7,76.8,58.3,65.7,64.2,,,,,,,,,
nhtsa-maserati-quattroporte-sedan-4dr-120-1,Sedan,4,,,,,120.1,198.8,74.4,56.7,62.2,61.4,,,,,,,,,
nhtsa-maserati-quattroporte-sedan-4dr-124-8,Sedan,4,,,,,124.8,207.1,76.8,58.3,64.2,65,,,,,,,,,
nhtsa-maserati-spyder-convertible-2dr-96-1,Convertible,2,,,,,96.1,168.9,71.7,51.6,59.4,59.8,,,,,,,,,
nhtsa-maserati-spyder-convertible-94-5,Convertible,,,,,,94.5,159.1,67.3,51.6,,,,,,,,,,,
nhtsa-mazda-323-hatchback-2dr-94-5,Hatchback,2,,,,,94.5,161.8,65,54.7,,,,,,,,,,,
nhtsa-mazda-323-hatchback-2dr-94-5-2,Hatchback,2,,,,,94.5,161.8,65,55.1,54.7,55.9,,,,,,,,,
nhtsa-mazda-323-hatchback-2dr-96-5,Hatchback,2,,,,,96.5,163.8,65.7,54.3,57.1,56.7,,,,,,,,,
nhtsa-mazda-323-hatchback-2dr-96-5-2,Hatchback,2,,,,,96.5,163.8,65.7,54.3,,,,,,,,,,,
nhtsa-mazda-323-hatchback-2dr-96-5-3,Hatchback,2,,,,,96.5,163.8,65.7,54.3,56.3,56.7,,,,,,,,,
nhtsa-mazda-323-hatchback-4dr-94-5,Hatchback,4,,,,,94.5,161.8,65,54.7,,,,,,,,,,,
nhtsa-mazda-323-hatchback-94-5,Hatchback,,,,,,94.5,161.8,65,54.7,,,,,,,,,,,
nhtsa-mazda-323-sedan-4dr-94-5,Sedan,4,,,,,94.5,169.7,65,54.7,,,,,,,,,,,
nhtsa-mazda-323-sedan-4dr-94-5-2,Sedan,4,,,,,94.5,169.7,65,55.5,,,,,,,,,,,
nhtsa-mazda-323-sedan-4dr-98-4,Sedan,4,,,,,98.4,171.7,65.7,53.9,55.9,56.3,,,,,,,,,
nhtsa-mazda-323-sedan-4dr-98-4-2,Sedan,4,,,,,98.4,171.7,65.7,53.9,,,,,,,,,,,
nhtsa-mazda-323-sedan-4dr-98-4-3,Sedan,4,,,,,98.4,171.7,66.1,54.3,56.3,56.7,,,,,,,,,
nhtsa-mazda-323-sedan-94-5,Sedan,,,,,,94.5,169.7,65,54.7,,,,,,,,,,,
nhtsa-mazda-323-wagon-94-5,Wagon,,,,,,94.5,169.7,65,55.5,,,,,,,,,,,
nhtsa-mazda-323-wagon-94-5-2,Wagon,,,,,,94.5,169.7,65,55.5,54.3,55.9,,,,,,,,,
nhtsa-mazda-626-body-2dr-98-8,,2,,,,,98.8,174,65.4,53.5,,,,,,,,,,,
nhtsa-mazda-626-body-4dr-98-8,,4,,,,,98.8,174,65.4,54.3,,,,,,,,,,,
nhtsa-mazda-626-body-98-8,,,,,,,98.8,174,65.4,53.5,,,,,,,,,,,
nhtsa-mazda-626-body-98-8-2,,,,,,,98.8,178,66.5,53.9,,,,,,,,,,,
nhtsa-mazda-626-coupe-2dr-98-8,Coupe,2,,,,,98.8,178,66.5,53.9,,,,,,,,,,,
nhtsa-mazda-626-coupe-98-8,Coupe,,,,,,98.8,178,66.5,53.9,,,,,,,,,,,
nhtsa-mazda-626-hatchback-4dr-98-8,Hatchback,4,,,,,98.8,178,66.5,53.9,,,,,,,,,,,
nhtsa-mazda-626-sedan-2dr-98-8,Sedan,2,,,,,98.8,178,66.5,53.9,,,,,,,,,,,
nhtsa-mazda-626-sedan-4dr-101-6,Sedan,4,,,,,101.6,179.5,66.5,57.9,,,,,,,,,,,
nhtsa-mazda-626-sedan-4dr-101-6-2,Sedan,4,,,,,101.6,179.5,66.5,56.3,58.3,57.9,,,,,,,,,
nhtsa-mazda-626-sedan-4dr-101-6-3,Sedan,4,,,,,101.6,179.5,66.5,55.5,57.5,57.5,,,,,,,,,
nhtsa-mazda-626-sedan-4dr-101-6-4,Sedan,4,,,,,101.6,179.5,66.5,55.5,,,,,,,,,,,
nhtsa-mazda-626-sedan-4dr-102-8,Sedan,4,,,,,102.8,184.6,68.9,55.1,,,,,,,,,,,
nhtsa-mazda-626-sedan-4dr-102-8-2,Sedan,4,,,,,102.8,184.6,68.9,55.1,59.1,59.1,,,,,,,,,
nhtsa-mazda-626-sedan-4dr-105-1,Sedan,4,,,,,105.1,187,69.3,55.1,59.1,59.4,,,,,,,,,
nhtsa-mazda-626-sedan-4dr-105-1-2,Sedan,4,,,,,105.1,187.4,69.3,55.1,59.8,59.4,,,,,,,,,
nhtsa-mazda-626-sedan-4dr-105-1-3,Sedan,4,,,,,105.1,187.4,69.3,55.1,59.1,58.7,,,,,,,,,
nhtsa-mazda-626-sedan-4dr-98-8,Sedan,4,,,,,98.8,178,66.5,55.5,,,,,,,,,,,
nhtsa-mazda-626-sedan-98-8,Sedan,,,,,,98.8,174,65.4,54.3,,,,,,,,,,,
nhtsa-mazda-626-sedan-98-8-2,Sedan,,,,,,98.8,178,66.5,55.5,,,,,,,,,,,
nhtsa-mazda-626-wagon-4dr-101-6,Wagon,4,,,,,101.6,179.5,66.5,54.3,,,,,,,,,,,
nhtsa-mazda-626-wagon-4dr-101-6-2,Wagon,4,,,,,101.6,179.5,66.5,54.3,58.3,57.9,,,,,,,,,
nhtsa-mazda-626-wagon-98-8,Wagon,,,,,,98.8,178,66.5,53.9,,,,,,,,,,,
nhtsa-mazda-929-sedan-106-7,Sedan,,,,,,106.7,192.9,66.9,54.3,,,,,,,,,,,
nhtsa-mazda-929-sedan-4dr-112-2,Sedan,4,,,,,112.2,193.7,70.9,55.1,,,,,,,,,,,
nhtsa-mazda-cx-3-body-101-2,,,,,,,101.2,168.1,69.7,60.6,59.8,59.8,,,,,,,,,
nhtsa-mazda-cx-3-suv-4dr-101-2,SUV,4,,,,,101.2,168.1,69.7,60.6,59.8,59.8,,,,,,,,,
nhtsa-mazda-cx-30-suv-4dr-104-3,SUV,4,,,,,104.3,172.8,70.9,61.8,61.8,61,,,,,,,,,
nhtsa-mazda-cx-5-suv-4dr-106-3,SUV,4,,,,,106.3,179.1,72.4,65.7,62.2,62.2,,,,,,,,,
nhtsa-mazda-cx-5-suv-4dr-106-3-2,SUV,4,,,,,106.3,179.1,72.4,66.1,63,63,,,,,,,,,
nhtsa-mazda-cx-5-suv-4dr-106-3-3,SUV,4,,,,,106.3,179.9,72.4,66.1,63,63,,,,,,,,,
nhtsa-mazda-cx-50-suv-4dr-111,SUV,4,,,,,111,185.8,75.6,63.8,65,65.4,,,,,,,,,
nhtsa-mazda-cx-7-suv-4dr-108-3,SUV,4,,,,,108.3,184.3,73.6,65,63.4,63.8,,,,,,,,,
nhtsa-mazda-cx-70-suv-4dr-122-8,SUV,4,,,,,122.8,200.8,77.6,68.1,66.9,67.3,,,,,,,,,
nhtsa-mazda-cx-9-suv-4dr-113-4,SUV,4,,,,,113.4,199.6,76.4,68.1,65,64.6,,,,,,,,,
nhtsa-mazda-cx-9-suv-4dr-113-4-2,SUV,4,,,,,113.4,200.4,76.4,68.1,65.4,65,,,,,,,,,
nhtsa-mazda-cx-9-suv-4dr-113-4-3,SUV,4,,,,,113.4,201.2,76.4,68.1,65.4,65,,,,,,,,,
nhtsa-mazda-cx-9-suv-4dr-115-4,SUV,4,,,,,115.4,199.6,77.6,67.7,64.6,64.6,,,,,,,,,
nhtsa-mazda-cx-90-suv-4dr-122-8,SUV,4,,,,,122.8,200.8,77.6,68.1,66.9,67.3,,,,,,,,,
nhtsa-mazda-glc-body-2dr-92-9,,2,,,,,92.9,166.9,64.2,53.9,,,,,,,,,,,
nhtsa-mazda-glc-body-2dr-92-9-2,,2,,,,,92.9,159.1,64.2,53.9,,,,,,,,,,,
nhtsa-mazda-glc-body-2dr-93-3,,2,,,,,93.3,159.1,64.2,53.9,,,,,,,,,,,
nhtsa-mazda-glc-body-4dr-92-9,,4,,,,,92.9,166.9,64.2,53.9,,,,,,,,,,,
nhtsa-mazda-glc-body-4dr-92-9-2,,4,,,,,92.9,,64.2,53.9,,,,,,,,,,,
nhtsa-mazda-glc-body-4dr-93-3,,4,,,,,93.3,159.1,64.2,53.9,,,,,,,,,,,
nhtsa-mazda-glc-hatchback-2dr-93-3,Hatchback,2,,,,,93.3,159.1,64.2,53.9,,,,,,,,,,,
nhtsa-mazda-glc-hatchback-4dr-93-3,Hatchback,4,,,,,93.3,159.1,64.2,53.9,,,,,,,,,,,
nhtsa-mazda-glc-sedan-93-3,Sedan,,,,,,93.3,166.9,64.2,53.9,,,,,,,,,,,
nhtsa-mazda-glc-wagon-90-9,Wagon,,,,,,90.9,165.7,63.4,55.9,,,,,,,,,,,
nhtsa-mazda-mazda2-hatchback-4dr-98,Hatchback,4,,,,,98,155.5,66.5,58.3,57.9,57.5,,,,,,,,,
nhtsa-mazda-mazda3-body-106-3,,,,,,,106.3,175.6,70.9,57.5,61.4,61.4,,,,,,,,,
nhtsa-mazda-mazda3-body-4dr-103-9,,4,,,,,103.9,176.4,69.3,57.9,59.4,59.4,,,,,,,,,
nhtsa-mazda-mazda3-body-4dr-103-9-2,,4,,,,,103.9,177.6,69.3,57.9,60.2,60.6,,,,,,,,,
nhtsa-mazda-mazda3-body-4dr-103-9-3,,4,,,,,103.9,177.2,69.3,57.9,60.2,60.6,,,,,,,,,
nhtsa-mazda-mazda3-body-4dr-103-9-4,,4,,,,,103.9,177.2,69.3,57.5,60.2,60.6,,,,,,,,,
nhtsa-mazda-mazda3-body-4dr-103-9-5,,4,,,,,103.9,177.6,69.3,57.5,60.2,60.6,,,,,,,,,
nhtsa-mazda-mazda3-body-4dr-106-3,,4,,,,,106.3,175.6,70.9,57.5,61.4,61.4,,,,,,,,,
nhtsa-mazda-mazda3-body-4dr-107-5,,4,,,,,107.5,175.6,70.5,56.7,61.4,61.4,,,,,,,,,
nhtsa-mazda-mazda3-sedan-106-3,Sedan,,,,,,106.3,180.3,70.9,57.5,61.4,61.4,,,,,,,,,
nhtsa-mazda-mazda3-sedan-4dr-103-5,Sedan,4,,,,,103.5,178.3,69.3,57.9,59.8,59.1,,,,,,,,,
nhtsa-mazda-mazda3-sedan-4dr-103-9,Sedan,4,,,,,103.9,181.1,69.3,57.9,59.8,59.8,,,,,,,,,
nhtsa-mazda-mazda3-sedan-4dr-103-9-2,Sedan,4,,,,,103.9,180.7,69.3,57.9,59.8,59.8,,,,,,,,,
nhtsa-mazda-mazda3-sedan-4dr-106-3,Sedan,4,,,,,106.3,180.3,70.9,57.5,61.4,61.4,,,,,,,,,
nhtsa-mazda-mazda3-sedan-4dr-107-5,Sedan,4,,,,,107.5,183.5,70.5,57.1,61.4,61.4,,,,,,,,,
nhtsa-mazda-mazda5-van-4dr-108-3,Van,4,,,,,108.3,180.7,68.9,63.8,60.6,59.8,,,,,,,,,
nhtsa-mazda-mazda5-wagon-4dr-108-3,Wagon,4,,,,,108.3,181.5,69.3,64.2,59.4,60.6,,,,,,,,,
nhtsa-mazda-mazda6-body-105-1,,,,,,,105.1,187.4,70.1,56.7,59.4,59.8,,,,,,,,,
nhtsa-mazda-mazda6-body-105-5,,,,,,,105.5,187.4,70.1,56.7,59.8,60.2,,,,,,,,,
nhtsa-mazda-mazda6-body-4dr-105-1,,4,,,,,105.1,187.4,70.1,56.7,59.4,59.8,,,,,,,,,
nhtsa-mazda-mazda6-sedan-4dr-105-5,Sedan,4,,,,,105.5,187.4,70.1,56.7,59.8,60.2,,,,,,,,,
nhtsa-mazda-mazda6-sedan-4dr-109-8,Sedan,4,,,,,109.8,194.5,72.4,57.9,62.6,62.6,,,,,,,,,
nhtsa-mazda-mazda6-sedan-4dr-111-4,Sedan,4,,,,,111.4,192.5,72.4,57.9,62.6,63,,,,,,,,,
nhtsa-mazda-mazda6-sedan-4dr-111-4-2,Sedan,4,,,,,111.4,192.5,72.4,57.1,62.6,62.2,,,,,,,,,
nhtsa-mazda-mazda6-wagon-105-1,Wagon,,,,,,105.1,188.6,70.1,56.7,59.1,59.4,,,,,,,,,
nhtsa-mazda-mazda6-wagon-4dr-105-1,Wagon,4,,,,,105.1,188.6,70.1,56.7,59.1,59.4,,,,,,,,,
nhtsa-mazda-millenia-sedan-4dr-108-3,Sedan,4,,,,,108.3,189.8,69.7,54.3,59.8,59.8,,,,,,,,,
nhtsa-mazda-millenia-sedan-4dr-108-3-2,Sedan,4,,,,,108.3,189.8,69.7,54.3,60.2,60.2,,,,,,,,,
nhtsa-mazda-millenia-sedan-4dr-108-3-3,Sedan,4,,,,,108.3,189.8,69.7,55.1,59.8,59.8,,,,,,,,,
nhtsa-mazda-mpv-body-110-6,,,,,,,110.6,176,72.4,70.9,61,60.6,,,,,,,,,
nhtsa-mazda-mpv-wagon-110-6,Wagon,,,,,,110.6,176,72.4,70.9,,,,,,,,,,,
nhtsa-mazda-mpv-wagon-3dr-110-6,Wagon,3,,,,,110.6,176,72,68.1,60.2,60.6,,,,,,,,,
nhtsa-mazda-mpv-wagon-3dr-110-6-2,Wagon,3,,,,,110.6,176,72.4,70.9,61,60.6,,,,,,,,,
nhtsa-mazda-mpv-wagon-4dr-110-6,Wagon,4,,,,,110.6,183.5,72,68.1,60.2,60.6,,,,,,,,,
nhtsa-mazda-mpv-wagon-4dr-110-6-2,Wagon,4,,,,,110.6,183.5,72,70.9,61,60.6,,,,,,,,,
nhtsa-mazda-mpv-wagon-4dr-111-8,Wagon,4,,,,,111.8,187,72,68.9,60.2,60.6,,,,,,,,,
nhtsa-mazda-mpv-wagon-4dr-111-8-2,Wagon,4,,,,,111.8,189.4,72,68.9,61,61,,,,,,,,,
nhtsa-mazda-mx-3-body-96-9,,,,,,,96.9,165.7,66.9,51.6,,,,,,,,,,,
nhtsa-mazda-mx-3-hatchback-2dr-96-9,Hatchback,2,,,,,96.9,165.7,66.9,51.6,57.5,57.9,,,,,,,,,
nhtsa-mazda-mx-5-convertible-2dr-89-4,Convertible,2,,,,,89.4,155.5,66.1,48.4,55.9,56.7,,,,,,,,,
nhtsa-mazda-mx-5-convertible-2dr-89-4-2,Convertible,2,,,,,89.4,155.9,66.1,48.4,55.9,56.7,,,,,,,,,
nhtsa-mazda-mx-5-convertible-2dr-90-9,Convertible,2,,,,,90.9,153.9,68.1,48.8,59.4,59.8,,,,,,,,,
nhtsa-mazda-mx-5-convertible-2dr-91-7,Convertible,2,,,,,91.7,157.1,67.7,49.2,58.7,58.3,,,,,,,,,
nhtsa-mazda-mx-5-convertible-89-4,Convertible,,,,,,89.4,155.5,66.1,48,55.5,55.9,,,,,,,,,
nhtsa-mazda-mx-5-convertible-89-4-2,Convertible,,,,,,89.4,155.5,66.1,48,55.5,56.3,,,,,,,,,
nhtsa-mazda-mx-5-convertible-89-4-3,Convertible,,,,,,89.4,155.5,66.1,48.4,55.9,56.7,,,,,,,,,
nhtsa-mazda-mx-5-coupe-2dr-90-9,Coupe,2,,,,,90.9,153.9,68.1,48.8,59.4,59.8,,,,,,,,,
nhtsa-mazda-mx-5-miata-convertible-2dr-91-7,Convertible,2,,,,,91.7,157.1,67.7,49.2,58.7,58.3,,,,,,,,,
nhtsa-mazda-mx-5-miata-convertible-89-4,Convertible,,,,,,89.4,155.5,66.1,48,55.5,55.9,,,,,,,,,
nhtsa-mazda-mx-6-coupe-2dr-102-8,Coupe,2,,,,,102.8,181.9,68.9,51.6,,,,,,,,,,,
nhtsa-mazda-mx-6-coupe-2dr-102-8-2,Coupe,2,,,,,102.8,181.9,68.9,51.6,59.1,59.1,,,,,,,,,
nhtsa-mazda-mx-6-coupe-2dr-99-2,Coupe,2,,,,,99.2,177.2,66.5,53.5,57.9,57.9,,,,,,,,,
nhtsa-mazda-mx-6-coupe-2dr-99-2-2,Coupe,2,,,,,99.2,177.2,66.5,53.5,57.5,57.9,,,,,,,,,
nhtsa-mazda-mx-6-coupe-2dr-99-2-3,Coupe,2,,,,,99.2,177.2,66.5,53.5,,,,,,,,,,,
nhtsa-mazda-mx-6-coupe-99-2,Coupe,,,,,,99.2,177.2,66.5,53.5,,,,,,,,,,,
nhtsa-mazda-mx-6-coupe-99-2-2,Coupe,,,,,,99.2,177.2,66.5,53.5,58.3,57.9,,,,,,,,,
nhtsa-mazda-protege-sedan-4dr-102-8,Sedan,4,,,,,102.8,174.8,67.3,55.9,57.5,57.5,,,,,,,,,
nhtsa-mazda-protege-sedan-4dr-102-8-2,Sedan,4,,,,,102.8,174,67.3,55.5,57.9,57.9,,,,,,,,,
nhtsa-mazda-rx-7-body-95-3,,,,,,,95.3,170.1,65.7,49.6,,,,,,,,,,,
nhtsa-mazda-rx-7-body-95-7,,,,,,,95.7,170.1,65.7,49.6,,,,,,,,,,,
nhtsa-mazda-rx-7-body-95-7-2,,,,,,,95.7,169.7,66.5,50,,,,,,,,,,,
nhtsa-mazda-rx-7-convertible-95-7,Convertible,,,,,,95.7,168.9,66.5,50,,,,,,,,,,,
nhtsa-mazda-rx-7-coupe-2dr-95-7,Coupe,2,,,,,95.7,170.1,66.5,50,56.7,56.7,,,,,,,,,
nhtsa-mazda-rx-7-coupe-2dr-95-7-2,Coupe,2,,,,,95.7,170.1,66.5,50,57.1,56.7,,,,,,,,,
nhtsa-mazda-rx-7-coupe-2dr-95-7-3,Coupe,2,,,,,95.7,170.1,66.5,50,,,,,,,,,,,
nhtsa-mazda-rx-7-coupe-2dr-95-7-4,Coupe,2,,,,,95.7,168.5,68.9,48.4,,,,,,,,,,,
nhtsa-mazda-rx-7-hatchback-2dr-95-7,Hatchback,2,,,,,95.7,168.9,66.5,50,,,,,,,,,,,
nhtsa-mazda-rx-8-coupe-2dr-106-3,Coupe,2,,,,,106.3,174.4,69.7,52.8,59.1,59.1,,,,,,,,,
nhtsa-mazda-tribute-suv-4dr-103-1,SUV,4,,,,,103.1,173.2,70.9,67.3,60.6,59.8,,,,,,,,,
nhtsa-mazda-tribute-suv-4dr-103-1-2,SUV,4,,,,,103.1,173.2,72,67.7,61,60.2,,,,,,,,,
nhtsa-mazda-tribute-suv-4dr-103-1-3,SUV,4,,,,,103.1,173.2,72,70.5,61,60.2,,,,,,,,,
nhtsa-mazda-tribute-suv-4dr-103-1-4,SUV,4,,,,,103.1,173.2,70.9,67.7,60.6,59.8,,,,,,,,,
nhtsa-mazda-tribute-suv-4dr-103-1-5,SUV,4,,,,,103.1,173.2,70.9,70.5,60.6,59.8,,,,,,,,,
nhtsa-mazda-tribute-suv-4dr-103-1-6,SUV,4,,,,,103.1,174.8,71.3,68.1,61.4,60.6,,,,,,,,,
nhtsa-mclaren-570s-body-105-1,,,,,,,105.1,178.3,80.3,47.2,65.7,63.8,,,,,,,,,
nhtsa-mclaren-570s-coupe-2dr-105-1,Coupe,2,,,,,105.1,178.3,75.2,47.2,,,,,,,,,,,
nhtsa-mclaren-570s-coupe-2dr-105-1-2,Coupe,2,,,,,105.1,178.3,80.3,47.2,65.7,63.8,,,,,,,,,
nhtsa-mclaren-600lt-convertible-2dr-105-1,Convertible,2,,,,,105.1,181.1,80.3,46.9,66.1,62.6,,,,,,,,,
nhtsa-mclaren-600lt-coupe-2dr-105-1,Coupe,2,,,,,105.1,181.1,80.3,46.9,66.1,62.6,,,,,,,,,
nhtsa-mclaren-650s-convertible-2dr-105-1,Convertible,2,,,,,105.1,177.6,75.2,47.2,65.4,62.2,,,,,,,,,
nhtsa-mclaren-650s-coupe-2dr-105-1,Coupe,2,,,,,105.1,177.6,75.2,47.2,65.4,62.2,,,,,,,,,
nhtsa-mclaren-675lt-convertible-2dr-105-1,Convertible,2,,,,,105.1,179.1,75.2,46.9,,,,,,,,,,,
nhtsa-mclaren-675lt-coupe-2dr-105-1,Coupe,2,,,,,105.1,179.1,75.2,46.9,,,,,,,,,,,
nhtsa-mclaren-720s-coupe-2dr-105-1,Coupe,2,,,,,105.1,178.7,76,46.9,,,,,,,,,,,
nhtsa-mclaren-720s-coupe-2dr-105-1-2,Coupe,2,,,,,105.1,178.7,85,47.2,65.7,64.2,,,,,,,,,
nhtsa-mclaren-750s-body-2dr-105-1,,2,,,,,105.1,178.7,80.3,46.9,66.1,64.2,,,,,,,,,
nhtsa-mclaren-750s-coupe-2dr-105-1,Coupe,2,,,,,105.1,178.7,80.3,46.9,66.1,64.2,,,,,,,,,
nhtsa-mclaren-765lt-coupe-2dr-105-1,Coupe,2,,,,,105.1,181.1,80.3,45.7,,,,,,,,,,,
nhtsa-mclaren-artura-body-2dr-103-9,,2,,,,,103.9,178.7,78,46.9,,,,,,,,,,,
nhtsa-mclaren-artura-coupe-2dr-103-9,Coupe,2,,,,,103.9,178.7,78,46.9,,,,,,,,,,,
nhtsa-mclaren-gt-coupe-2dr-105-1,Coupe,2,,,,,105.1,184.3,80.3,47.6,65.7,65.4,,,,,,,,,
nhtsa-mclaren-gts-coupe-2dr-105-1,Coupe,2,,,,,105.1,184.3,80.3,47.6,65.4,63.8,,,,,,,,,
nhtsa-mclaren-mp4-12c-body-105-1,,,,,,,105.1,177.6,75.2,47.2,65.4,63,,,,,,,,,
nhtsa-mclaren-mp4-12c-convertible-2dr-105-1,Convertible,2,,,,,105.1,177.6,75.2,47.2,65.4,62.2,,,,,,,,,
nhtsa-mclaren-mp4-12c-coupe-2dr-105-1,Coupe,2,,,,,105.1,177.6,75.2,47.2,65.4,62.2,,,,,,,,,
nhtsa-mclaren-p1-body-105-1,,,,,,,105.1,180.7,76.8,46.9,,,,,,,,,,,
nhtsa-mclaren-p1-coupe-2dr-105-1,Coupe,2,,,,,105.1,180.7,76.8,46.9,,,,,,,,,,,
nhtsa-mclaren-senna-body-105-1,,,,,,,105.1,186.6,84.6,47.2,,,,,,,,,,,
nhtsa-mercedes-benz-190-sedan-105-1,Sedan,,,,,,105.1,175.2,66.1,54.7,,,,,,,,,,,
nhtsa-mercedes-benz-190-sedan-4dr-105-1,Sedan,4,,,,,105.1,175.2,66.5,54.3,56.7,55.9,,,,,,,,,
nhtsa-mercedes-benz-190-sedan-4dr-105-1-2,Sedan,4,,,,,105.1,175.2,66.5,54.3,,,,,,,,,,,
nhtsa-mercedes-benz-190e-2-3-16-sedan-105-1,Sedan,,,,,,105.1,175.2,66.1,54.3,,,,,,,,,,,
nhtsa-mercedes-benz-240-body-109-8,,,,,,,109.8,190.9,70.5,56.7,,,,,,,,,,,
nhtsa-mercedes-benz-240-sedan-109-8,Sedan,,,,,,109.8,190.9,70.5,56.7,,,,,,,,,,,
nhtsa-mercedes-benz-260-sedan-110-2,Sedan,,,,,,110.2,187.4,68.5,57.1,,,,,,,,,,,
nhtsa-mercedes-benz-280-body-106-7,,,,,,,106.7,187.4,70.5,54.7,,,,,,,,,,,
nhtsa-mercedes-benz-280-sedan-109-8,Sedan,,,,,,109.8,194.9,70.5,56.7,,,,,,,,,,,
nhtsa-mercedes-benz-300-body-106-7,,,,,,,106.7,187.4,70.5,54.7,,,,,,,,,,,
nhtsa-mercedes-benz-300-body-106-7-2,,,,,,,106.7,187.4,70.5,55.1,,,,,,,,,,,
nhtsa-mercedes-benz-300-body-107-1,,,,,,,107.1,187.8,70.5,56.7,,,,,,,,,,,
nhtsa-mercedes-benz-300-body-109-8,,,,,,,109.8,190.9,70.5,56.7,,,,,,,,,,,
nhtsa-mercedes-benz-300-convertible-2dr-99-2,Convertible,2,,,,,99.2,176,71.3,50.8,60.2,60.2,,,,,,,,,
nhtsa-mercedes-benz-300-coupe-106-7,Coupe,,,,,,106.7,187.4,70.5,55.1,,,,,,,,,,,
nhtsa-mercedes-benz-300-coupe-107-1,Coupe,,,,,,107.1,183.9,68.5,55.5,,,,,,,,,,,
nhtsa-mercedes-benz-300-coupe-2dr-107-1,Coupe,2,,,,,107.1,183.9,68.5,55.1,59.1,58.7,,,,,,,,,
nhtsa-mercedes-benz-300-sedan-109-8,Sedan,,,,,,109.8,190.9,70.5,56.7,,,,,,,,,,,
nhtsa-mercedes-benz-300-sedan-110-2,Sedan,,,,,,110.2,190.9,70.5,56.7,,,,,,,,,,,
nhtsa-mercedes-benz-300-sedan-110-2-2,Sedan,,,,,,110.2,187.4,68.5,57.1,,,,,,,,,,,
nhtsa-mercedes-benz-300-sedan-115-7,Sedan,,,,,,115.7,202.8,71.7,56.3,,,,,,,,,,,
nhtsa-mercedes-benz-300-sedan-115-7-2,Sedan,,,,,,115.7,202.8,71.7,56.7,61,60.2,,,,,,,,,
nhtsa-mercedes-benz-300-sedan-121-3,Sedan,,,,,,121.3,208.3,71.7,56.7,,,,,,,,,,,
nhtsa-mercedes-benz-300-sedan-4dr-110-2,Sedan,4,,,,,110.2,187.4,68.5,56.3,59.1,58.7,,,,,,,,,
nhtsa-mercedes-benz-300-sedan-4dr-110-2-2,Sedan,4,,,,,110.2,187.4,68.5,57.1,59.1,58.7,,,,,,,,,
nhtsa-mercedes-benz-300-sedan-4dr-110-2-3,Sedan,4,,,,,110.2,187.4,68.5,56.3,,,,,,,,,,,
nhtsa-mercedes-benz-300-sedan-4dr-115-7,Sedan,4,,,,,115.7,202.8,71.7,56.7,61.4,60.2,,,,,,,,,
nhtsa-mercedes-benz-300-sedan-4dr-115-7-2,Sedan,4,,,,,115.7,202.8,71.7,56.7,,,,,,,,,,,
nhtsa-mercedes-benz-300-sedan-4dr-121-3,Sedan,4,,,,,121.3,208.3,71.7,56.7,61.4,60.2,,,,,,,,,
nhtsa-mercedes-benz-300-sedan-4dr-121-3-2,Sedan,4,,,,,121.3,208.3,71.7,56.7,,,,,,,,,,,
nhtsa-mercedes-benz-300-wagon-109-8,Wagon,,,,,,109.8,194.9,70.5,57.9,,,,,,,,,,,
nhtsa-mercedes-benz-300-wagon-110-2,Wagon,,,,,,110.2,190.9,70.5,57.9,,,,,,,,,,,
nhtsa-mercedes-benz-300-wagon-110-2-2,Wagon,,,,,,110.2,188.2,68.5,59.8,,,,,,,,,,,
nhtsa-mercedes-benz-300-wagon-110-2-3,Wagon,,,,,,110.2,188.2,68.5,60.2,59.1,58.7,,,,,,,,,
nhtsa-mercedes-benz-300-wagon-110-2-4,Wagon,,,,,,110.2,188.2,68.5,60.2,,,,,,,,,,,
nhtsa-mercedes-benz-380-body-111,,,,,,,111,196.5,70.5,52.4,,,,,,,,,,,
nhtsa-mercedes-benz-380-body-112-2,,,,,,,112.2,198.8,72,56.3,,,,,,,,,,,
nhtsa-mercedes-benz-380-body-121-3,,,,,,,121.3,207.9,71.7,56.7,,,,,,,,,,,
nhtsa-mercedes-benz-380-body-96-9,,,,,,,96.9,182.3,70.5,50.8,,,,,,,,,,,
nhtsa-mercedes-benz-380-body-96-9-2,,,,,,,96.9,182.3,70.1,53.1,,,,,,,,,,,
nhtsa-mercedes-benz-380-coupe-96-9,Coupe,,,,,,96.9,180.3,70.5,50.8,,,,,,,,,,,
nhtsa-mercedes-benz-380-sedan-115-7,Sedan,,,,,,115.7,202.8,71.7,56.7,,,,,,,,,,,
nhtsa-mercedes-benz-380-sedan-121-3,Sedan,,,,,,121.3,208.3,71.7,56.7,,,,,,,,,,,
nhtsa-mercedes-benz-420-sedan-121-3,Sedan,,,,,,121.3,208.3,71.7,56.7,,,,,,,,,,,
nhtsa-mercedes-benz-420-sedan-4dr-121-3,Sedan,4,,,,,121.3,208.3,71.7,56.7,61.4,60.2,,,,,,,,,
nhtsa-mercedes-benz-500-body-112-2,,,,,,,112.2,199.2,72,55.5,,,,,,,,,,,
nhtsa-mercedes-benz-500-coupe-112-2,Coupe,,,,,,112.2,199.2,72,55.5,,,,,,,,,,,
nhtsa-mercedes-benz-500-coupe-116-1,Coupe,,,,,,116.1,199.6,75.2,57.1,,,,,,,,,,,
nhtsa-mercedes-benz-500-sedan-120-9,Sedan,,,,,,120.9,208.3,71.7,55.5,,,,,,,,,,,
nhtsa-mercedes-benz-560-convertible-96-9,Convertible,,,,,,96.9,180.3,70.5,50.8,,,,,,,,,,,
nhtsa-mercedes-benz-560-coupe-112-2,Coupe,,,,,,112.2,199.2,72,55.5,,,,,,,,,,,
nhtsa-mercedes-benz-560-coupe-2dr-112-2,Coupe,2,,,,,112.2,199.2,72,55.1,,,,,,,,,,,
nhtsa-mercedes-benz-560-coupe-96-9,Coupe,,,,,,96.9,180.3,70.5,51.2,58.3,57.5,,,,,,,,,
nhtsa-mercedes-benz-560-sedan-120-9,Sedan,,,,,,120.9,208.3,71.7,55.5,,,,,,,,,,,
nhtsa-mercedes-benz-560-sedan-4dr-112-2,Sedan,4,,,,,112.2,199.2,72,55.1,61.4,60.2,,,,,,,,,
nhtsa-mercedes-benz-560-sedan-4dr-121-3,Sedan,4,,,,,121.3,208.3,71.7,56.3,61.4,60.2,,,,,,,,,
nhtsa-mercedes-benz-600-coupe-116-1,Coupe,,,,,,116.1,199.6,75.2,57.1,,,,,,,,,,,
nhtsa-mercedes-benz-600-sedan-4dr-123-6,Sedan,4,,,,,123.6,205.1,74.4,58.7,,,,,,,,,,,
nhtsa-mercedes-benz-a-class-body-5dr-107-1,,5,,,,,107.1,173.6,70.5,56.7,61.4,61.4,,,,,,,,,
nhtsa-mercedes-benz-a-class-body-5dr-107-1-2,,5,,,,,107.1,174.8,70.5,56.7,61.4,61.4,,,,,,,,,
nhtsa-mercedes-benz-a-class-sedan-4dr-107-1,Sedan,4,,,,,107.1,178.7,70.5,56.7,61.4,61.4,,,,,,,,,
nhtsa-mercedes-benz-amg-gt-convertible-2dr-103-5,Convertible,2,,,,,103.5,179.1,76.4,50.8,66.1,65,,,,,,,,,
nhtsa-mercedes-benz-amg-gt-coupe-2dr-103-5,Coupe,2,,,,,103.5,179.1,76.4,50.8,66.1,65,,,,,,,,,
nhtsa-mercedes-benz-b-class-hatchback-4dr-106-3,Hatchback,4,,,,,106.3,171.7,70.1,61.4,61,61.4,,,,,,,,,
nhtsa-mercedes-benz-b-class-hatchback-4dr-106-3-2,Hatchback,4,,,,,106.3,172.8,71.3,61.4,61,61.4,,,,,,,,,
nhtsa-mercedes-benz-b-class-wagon-4dr-109-4,Wagon,4,,,,,109.4,168.1,70.1,63,60.2,60.2,,,,,,,,,
nhtsa-mercedes-benz-c-class-convertible-2dr-111-8,Convertible,2,,,,,111.8,187,71.3,55.1,61.4,61,,,,,,,,,
nhtsa-mercedes-benz-c-class-convertible-2dr-111-8-2,Convertible,2,,,,,111.8,185,71.3,55.1,61.4,61,,,,,,,,,
nhtsa-mercedes-benz-c-class-convertible-2dr-111-8-3,Convertible,2,,,,,111.8,184.6,71.3,55.1,61.4,61,,,,,,,,,
nhtsa-mercedes-benz-c-class-coupe-2dr-108-7,Coupe,2,,,,,108.7,181.1,69.7,55.5,59.4,59.4,,,,,,,,,
nhtsa-mercedes-benz-c-class-coupe-2dr-108-7-2,Coupe,2,,,,,108.7,185.4,69.7,55.5,59.4,59.4,,,,,,,,,
nhtsa-mercedes-benz-c-class-coupe-2dr-108-7-3,Coupe,2,,,,,108.7,180.7,69.7,55.5,59.4,59.4,,,,,,,,,
nhtsa-mercedes-benz-c-class-coupe-2dr-111-8,Coupe,2,,,,,111.8,187,71.3,55.1,61.4,61,,,,,,,,,
nhtsa-mercedes-benz-c-class-coupe-2dr-111-8-2,Coupe,2,,,,,111.8,185,71.3,55.1,61.4,61,,,,,,,,,
nhtsa-mercedes-benz-c-class-coupe-2dr-111-8-3,Coupe,2,,,,,111.8,184.6,71.3,55.1,61.4,61,,,,,,,,,
nhtsa-mercedes-benz-c-class-sedan-4dr-108-7,Sedan,4,,,,,108.7,180.3,69.7,56.7,59.8,59.1,,,,,,,,,
nhtsa-mercedes-benz-c-class-sedan-4dr-108-7-2,Sedan,4,,,,,108.7,182.3,69.7,56.7,59.8,59.1,,,,,,,,,
nhtsa-mercedes-benz-c-class-sedan-4dr-108-7-3,Sedan,4,,,,,108.7,185.8,69.7,56.7,59.8,59.1,,,,,,,,,
nhtsa-mercedes-benz-c-class-sedan-4dr-108-7-4,Sedan,4,,,,,108.7,185.8,70.9,56.7,59.8,59.1,,,,,,,,,
nhtsa-mercedes-benz-c-class-sedan-4dr-111-8,Sedan,4,,,,,111.8,184.6,71.3,56.7,62.6,61.8,,,,,,,,,
nhtsa-mercedes-benz-c-class-sedan-4dr-111-8-2,Sedan,4,,,,,111.8,187.4,71.3,56.3,62.6,61.8,,,,,,,,,
nhtsa-mercedes-benz-c-class-sedan-4dr-113,Sedan,4,,,,,113,187,71.7,56.7,63,63.4,,,,,,,,,
nhtsa-mercedes-benz-c-class-sedan-4dr-113-2,Sedan,4,,,,,113,188.6,71.7,56.7,63,63.4,,,,,,,,,
nhtsa-mercedes-benz-c-class-wagon-4dr-111-8,Wagon,4,,,,,111.8,185,71.3,57.9,61.4,60.6,,,,,,,,,
nhtsa-mercedes-benz-c-class-wagon-4dr-111-8-2,Wagon,4,,,,,111.8,185,71.3,57.5,62.2,62.2,,,,,,,,,
nhtsa-mercedes-benz-c55-amg-sedan-4dr-107-1,Sedan,4,,,,,107.1,181.5,68.1,55.5,,,,,,,,,,,
nhtsa-mercedes-benz-cl-class-coupe-2dr-116-5,Coupe,2,,,,,116.5,199.6,73.6,58.7,62.6,62.2,,,,,,,,,
nhtsa-mercedes-benz-cl-class-coupe-2dr-116-5-2,Coupe,2,,,,,116.5,199.6,73.6,55.9,62.6,62.2,,,,,,,,,
nhtsa-mercedes-benz-cl-class-coupe-2dr-116-5-3,Coupe,2,,,,,116.5,200,73.6,58.7,62.6,62.2,,,,,,,,,
nhtsa-mercedes-benz-cl-class-coupe-2dr-116-5-4,Coupe,2,,,,,116.5,200,73.6,55.9,62.6,62.2,,,,,,,,,
nhtsa-mercedes-benz-cl-class-coupe-2dr-116-5-5,Coupe,2,,,,,116.5,201.2,73.6,55.9,62.6,62.6,,,,,,,,,
nhtsa-mercedes-benz-cla-class-body-106-3,,,,,,,106.3,182.3,70.1,56.7,61,60.6,,,,,,,,,
nhtsa-mercedes-benz-cla-class-body-106-3-2,,,,,,,106.3,184.6,70.1,56.7,61,60.6,,,,,,,,,
nhtsa-mercedes-benz-cla-class-coupe-4dr-106-3,Coupe,4,,,,,106.3,182.3,70.1,56.7,61,60.6,,,,,,,,,
nhtsa-mercedes-benz-cla-class-coupe-4dr-107-5,Coupe,4,,,,,107.5,184.6,72,56.3,63.4,63,,,,,,,,,
nhtsa-mercedes-benz-cle-convertible-2dr-113,Convertible,2,,,,,113,190.9,76.4,56.3,65.4,65,,,,,,,,,
nhtsa-mercedes-benz-cle-coupe-2dr-113,Coupe,2,,,,,113,190.9,76.4,56.3,65.4,65,,,,,,,,,
nhtsa-mercedes-benz-cls-class-coupe-4dr-111-8,Coupe,4,,,,,111.8,193.7,73.6,54.7,63,61.4,,,,,,,,,
nhtsa-mercedes-benz-cls-class-coupe-4dr-112-2,Coupe,4,,,,,112.2,193.3,73.6,54.7,63,61.4,,,,,,,,,
nhtsa-mercedes-benz-cls-class-sedan-4dr-113,Sedan,4,,,,,113,194.5,74,55.9,62.6,64.2,,,,,,,,,
nhtsa-mercedes-benz-cls-class-sedan-4dr-113-2,Sedan,4,,,,,113,196.9,74,55.9,62.6,64.2,,,,,,,,,
nhtsa-mercedes-benz-e-class-convertible-113,Convertible,,,,,,113,189.8,73.2,56.3,62.6,62.6,,,,,,,,,
nhtsa-mercedes-benz-e-class-convertible-113-2,Convertible,,,,,,113,190.2,73.2,56.3,62.6,62.6,,,,,,,,,
nhtsa-mercedes-benz-e-class-convertible-2dr-108-7,Convertible,2,,,,,108.7,185.4,70.5,55.5,60.2,59.8,,,,,,,,,
nhtsa-mercedes-benz-e-class-convertible-2dr-108-7-2,Convertible,2,,,,,108.7,185.4,70.5,55.1,60.2,59.8,,,,,,,,,
nhtsa-mercedes-benz-e-class-coupe-113,Coupe,,,,,,113,189.8,73.2,56.3,62.6,62.6,,,,,,,,,
nhtsa-mercedes-benz-e-class-coupe-113-2,Coupe,,,,,,113,190.2,73.2,56.3,62.6,62.6,,,,,,,,,
nhtsa-mercedes-benz-e-class-coupe-2dr-108-7,Coupe,2,,,,,108.7,185,70.5,54.7,60.6,61,,,,,,,,,
nhtsa-mercedes-benz-e-class-sedan-4dr-112-2,Sedan,4,,,,,112.2,191.3,71.7,58.3,61.8,61,,,,,,,,,
nhtsa-mercedes-benz-e-class-sedan-4dr-113,Sedan,4,,,,,113,191.7,70.5,57.9,62.2,62.6,,,,,,,,,
nhtsa-mercedes-benz-e-class-sedan-4dr-113-2,Sedan,4,,,,,113,191.7,72.8,57.9,62.2,62.6,,,,,,,,,
nhtsa-mercedes-benz-e-class-sedan-4dr-113-3,Sedan,4,,,,,113,191.7,72.8,56.7,62.2,62.6,,,,,,,,,
nhtsa-mercedes-benz-e-class-sedan-4dr-115-7,Sedan,4,,,,,115.7,193.7,72.8,57.1,63,63.8,,,,,,,,,
nhtsa-mercedes-benz-e-class-sedan-4dr-115-7-2,Sedan,4,,,,,115.7,193.7,72.8,57.9,63,63.8,,,,,,,,,
nhtsa-mercedes-benz-e-class-sedan-4dr-115-7-3,Sedan,4,,,,,115.7,196.5,72.8,57.1,63,63.8,,,,,,,,,
nhtsa-mercedes-benz-e-class-sedan-4dr-116-5,Sedan,4,,,,,116.5,195.3,74.8,57.9,65,63.4,,,,,,,,,
nhtsa-mercedes-benz-e-class-sedan-4dr-116-5-2,Sedan,4,,,,,116.5,194.9,74,57.9,64.2,65,,,,,,,,,
nhtsa-mercedes-benz-e-class-wagon-113,Wagon,,,,,,113,192.9,72.8,59.4,62.2,63,,,,,,,,,
nhtsa-mercedes-benz-e-class-wagon-113-2,Wagon,,,,,,113,192.9,72.8,58.7,62.2,63,,,,,,,,,
nhtsa-mercedes-benz-e-class-wagon-113-3,Wagon,,,,,,113,192.9,72.8,59.8,62.2,63,,,,,,,,,
nhtsa-mercedes-benz-e-class-wagon-4dr-112-2,Wagon,4,,,,,112.2,192.5,71.7,59.4,,,,,,,,,,,
nhtsa-mercedes-benz-e-class-wagon-4dr-115-7,Wagon,4,,,,,115.7,194.1,72.8,58.3,63,63.4,,,,,,,,,
nhtsa-mercedes-benz-e-class-wagon-4dr-115-7-2,Wagon,4,,,,,115.7,196.9,72.8,58.3,63,63.4,,,,,,,,,
nhtsa-mercedes-benz-e320-sedan-4dr-111-4,Sedan,4,,,,,111.4,189.4,70.9,56.7,60.2,59.4,,,,,,,,,
nhtsa-mercedes-benz-g-class-suv-4dr-112-2,SUV,4,,,,,112.2,174.8,71.3,78,60.6,59.8,,,,,,,,,
nhtsa-mercedes-benz-g-class-suv-4dr-112-2-2,SUV,4,,,,,112.2,175.2,71.3,78,59.4,59.1,,,,,,,,,
nhtsa-mercedes-benz-g-class-suv-4dr-113-8,SUV,4,,,,,113.8,181.5,77.6,76,64.6,64.6,,,,,,,,,
nhtsa-mercedes-benz-g-class-suv-4dr-113-8-2,SUV,4,,,,,113.8,181.9,76,77.6,64.6,64.6,,,,,,,,,
nhtsa-mercedes-benz-gl-class-body-4dr-121-3,,4,,,,,121.3,202,76,72.4,66.1,66.9,,,,,,,,,
nhtsa-mercedes-benz-gl-class-suv-4dr-121-3,SUV,4,,,,,121.3,200.4,75.6,72.4,65.4,65.4,,,,,,,,,
nhtsa-mercedes-benz-gl-class-suv-4dr-121-3-2,SUV,4,,,,,121.3,202,76,72.4,66.1,66.9,,,,,,,,,
nhtsa-mercedes-benz-gl-class-suv-4dr-121-3-3,SUV,4,,,,,121.3,202.4,76,72.4,66.1,66.9,,,,,,,,,
nhtsa-mercedes-benz-gla-class-suv-4dr-106-3,SUV,4,,,,,106.3,174,70.9,60.6,61.8,61.4,,,,,,,,,
nhtsa-mercedes-benz-gla-class-suv-4dr-106-3-2,SUV,4,,,,,106.3,174.8,70.9,60.6,61.8,61.4,,,,,,,,,
nhtsa-mercedes-benz-gla-class-suv-4dr-107-5,SUV,4,,,,,107.5,174.4,72,62.6,63.4,63.4,,,,,,,,,
nhtsa-mercedes-benz-gla-class-suv-4dr-107-5-2,SUV,4,,,,,107.5,173.6,72,63.4,63.4,63.4,,,,,,,,,
nhtsa-mercedes-benz-glb-class-suv-4dr-111-4,SUV,4,,,,,111.4,182.3,72,65.4,63.4,63.4,,,,,,,,,
nhtsa-mercedes-benz-glc-class-coupe-113,Coupe,,,,,,113,186.2,74.4,63,63.8,63.8,,,,,,,,,
nhtsa-mercedes-benz-glc-class-coupe-4dr-113-8,Coupe,4,,,,,113.8,188.6,75.6,63,65.7,65.7,,,,,,,,,
nhtsa-mercedes-benz-glc-class-suv-4dr-113,SUV,4,,,,,113,183.5,74,64.2,63.8,63.8,,,,,,,,,
nhtsa-mercedes-benz-glc-class-suv-4dr-113-2,SUV,4,,,,,113,183.5,74,64.6,63.8,63.8,,,,,,,,,
nhtsa-mercedes-benz-glc-class-suv-4dr-113-3,SUV,4,,,,,113,183.5,74.4,64.6,63.8,63.8,,,,,,,,,
nhtsa-mercedes-benz-glc-class-suv-4dr-113-4,SUV,4,,,,,113,183.5,74.4,64.2,63.8,63.8,,,,,,,,,
nhtsa-mercedes-benz-glc-class-suv-4dr-113-8,SUV,4,,,,,113.8,185.8,74.4,64.6,64.2,64.6,,,,,,,,,
nhtsa-mercedes-benz-glc-class-suv-4dr-113-8-2,SUV,4,,,,,113.8,187,75.6,64.6,64.2,64.6,,,,,,,,,
nhtsa-mercedes-benz-gle-class-body-115,,,,,,,115,189.8,76,70.9,65,65.4,,,,,,,,,
nhtsa-mercedes-benz-gle-class-body-115-2,,,,,,,115,190.9,76,69.3,65,65.4,,,,,,,,,
nhtsa-mercedes-benz-gle-class-body-115-3,,,,,,,115,189.8,76,69.3,65,65.4,,,,,,,,,
nhtsa-mercedes-benz-glk-class-suv-4dr-108-7,SUV,4,,,,,108.7,178.3,72.4,66.9,61.8,63,,,,,,,,,
nhtsa-mercedes-benz-glk-class-suv-5dr-108-7,SUV,5,,,,,108.7,178.3,72.4,66.9,61.8,63,,,,,,,,,
nhtsa-mercedes-benz-gls-class-suv-4dr-121-3,SUV,4,,,,,121.3,202,76,72.4,65.4,66.1,,,,,,,,,
nhtsa-mercedes-benz-gls-class-suv-4dr-121-3-2,SUV,4,,,,,121.3,202,76,72.8,65.4,66.1,,,,,,,,,
nhtsa-mercedes-benz-gls-class-suv-4dr-123-2,SUV,4,,,,,123.2,205.1,79.9,71.7,66.9,68.1,,,,,,,,,
nhtsa-mercedes-benz-gls-class-suv-4dr-123-2-2,SUV,4,,,,,123.2,205.9,79.9,71.7,66.9,68.1,,,,,,,,,
nhtsa-mercedes-benz-m-class-suv-4dr-115,SUV,4,,,,,115,188.6,75.2,71.7,63.8,64.2,,,,,,,,,
nhtsa-mercedes-benz-m-class-suv-5dr-115,SUV,5,,,,,115,188.2,75.2,71.7,64.2,64.2,,,,,,,,,
nhtsa-mercedes-benz-m-class-suv-5dr-115-2,SUV,5,,,,,115,188.2,75.2,72.4,64.2,64.2,,,,,,,,,
nhtsa-mercedes-benz-m-class-suv-5dr-115-3,SUV,5,,,,,115,189.4,75.2,74.8,,,,,,,,,,,
nhtsa-mercedes-benz-metris-van-126,Van,,,,,,126,202.4,76,74.4,65.4,65,,,,,,,,,
nhtsa-mercedes-benz-metris-van-126-2,Van,,,,,,126,202.4,76,75.2,65.4,65,,,,,,,,,
nhtsa-mercedes-benz-r-class-suv-126-8,SUV,,,,,,126.8,203.1,75.6,66.1,65,65.4,,,,,,,,,
nhtsa-mercedes-benz-r-class-suv-4dr-126-8,SUV,4,,,,,126.8,203.1,75.6,66.1,65,65.4,,,,,,,,,
nhtsa-mercedes-benz-r-class-wagon-4dr-126-8,Wagon,4,,,,,126.8,203.1,75.6,65.4,64.6,63.8,,,,,,,,,
nhtsa-mercedes-benz-r-class-wagon-4dr-126-8-2,Wagon,4,,,,,126.8,203.5,75.6,65.4,64.6,63.8,,,,,,,,,
nhtsa-mercedes-benz-s-class-convertible-116-1,Convertible,,,,,,116.1,198,74.8,55.9,64.2,65,,,,,,,,,
nhtsa-mercedes-benz-s-class-convertible-116-1-2,Convertible,,,,,,116.1,198.4,74.8,56.3,64.2,65,,,,,,,,,
nhtsa-mercedes-benz-s-class-coupe-2dr-116-1,Coupe,2,,,,,116.1,198,74.8,55.5,64.2,65,,,,,,,,,
nhtsa-mercedes-benz-s-class-coupe-2dr-116-1-2,Coupe,2,,,,,116.1,198.4,74.8,55.5,64.2,65,,,,,,,,,
nhtsa-mercedes-benz-s-class-coupe-2dr-116-1-3,Coupe,2,,,,,116.1,198.4,74.8,55.9,64.2,65,,,,,,,,,
nhtsa-mercedes-benz-s-class-sedan-4dr-119-7,Sedan,4,,,,,119.7,200,73.6,57.9,62.6,62.2,,,,,,,,,
nhtsa-mercedes-benz-s-class-sedan-4dr-119-7-2,Sedan,4,,,,,119.7,200.8,73.6,57.9,62.6,62.6,,,,,,,,,
nhtsa-mercedes-benz-s-class-sedan-4dr-119-7-3,Sedan,4,,,,,119.7,201.6,74.8,59.1,64.6,64.2,,,,,,,,,
nhtsa-mercedes-benz-s-class-sedan-4dr-122,Sedan,4,,,,,122,205.1,76.8,59.1,65,65,,,,,,,,,
nhtsa-mercedes-benz-s-class-sedan-4dr-124-4,Sedan,4,,,,,124.4,206.7,74.8,58.7,64.6,64.2,,,,,,,,,
nhtsa-mercedes-benz-s-class-sedan-4dr-124-4-2,Sedan,4,,,,,124.4,208.3,74.8,59.1,64.6,64.2,,,,,,,,,
nhtsa-mercedes-benz-s-class-sedan-4dr-124-8,Sedan,4,,,,,124.8,205.1,73.6,57.9,62.6,62.6,,,,,,,,,
nhtsa-mercedes-benz-s-class-sedan-4dr-124-8-2,Sedan,4,,,,,124.8,205.1,73.6,58.7,62.6,62.6,,,,,,,,,
nhtsa-mercedes-benz-s-class-sedan-4dr-126-4,Sedan,4,,,,,126.4,209.4,76.8,59.1,65,65,,,,,,,,,
nhtsa-mercedes-benz-s-class-sedan-4dr-126-4-2,Sedan,4,,,,,126.4,208.3,76.8,59.1,65,65,,,,,,,,,
nhtsa-mercedes-benz-sl-class-convertible-2dr-100-8,Convertible,2,,,,,100.8,179.5,71.7,51.2,,,,,,,,,,,
nhtsa-mercedes-benz-sl-class-convertible-2dr-100-8-2,Convertible,2,,,,,100.8,181.5,71.7,51.2,61.8,60.6,,,,,,,,,
nhtsa-mercedes-benz-sl-class-convertible-2dr-100-8-3,Convertible,2,,,,,100.8,178.7,72,51.2,62.2,60.6,,,,,,,,,
nhtsa-mercedes-benz-sl-class-convertible-2dr-100-8-4,Convertible,2,,,,,100.8,179.5,71.7,51.2,61.4,61,,,,,,,,,
nhtsa-mercedes-benz-sl-class-convertible-2dr-101-6,Convertible,2,,,,,101.6,181.9,74,52,62.6,62.6,,,,,,,,,
nhtsa-mercedes-benz-sl-class-convertible-2dr-101-6-2,Convertible,2,,,,,101.6,182.3,74,51.2,62.6,62.6,,,,,,,,,
nhtsa-mercedes-benz-sl-class-convertible-2dr-102,Convertible,2,,,,,102,182.3,74,52,63,63,,,,,,,,,
nhtsa-mercedes-benz-sl-class-convertible-2dr-102-2,Convertible,2,,,,,102,182.7,74,52,63,63,,,,,,,,,
nhtsa-mercedes-benz-slc-class-convertible-2dr-95-7,Convertible,2,,,,,95.7,162.6,71.3,51.2,61.4,61.8,,,,,,,,,
nhtsa-mercedes-benz-slk-class-convertible-2dr-95-7,Convertible,2,,,,,95.7,162.6,71.3,51.2,61.4,61.8,,,,,,,,,
nhtsa-mercedes-benz-slk-class-convertible-95-7,Convertible,,,,,,95.7,162.6,71.3,51.2,61.4,61.8,,,,,,,,,
nhtsa-mercedes-benz-slk350-body-2dr-95-7,,2,,,,,95.7,160.6,70.5,50,60.2,60.6,,,,,,,,,
nhtsa-mercedes-benz-slr-mclaren-convertible-2dr-106-3,Convertible,2,,,,,106.3,183.5,75.2,49.6,65,62.6,,,,,,,,,
nhtsa-mercedes-benz-sprinter-body-144-1,,,,,,High,144.1,233.5,79.5,109.1,66.5,60.6,,,,,,,,,
nhtsa-mercedes-benz-sprinter-body-144-1-2,,,,,,High,144.1,233.5,79.5,111.4,66.5,60.6,,,,,,,,,
nhtsa-mercedes-benz-sprinter-body-144-1-3,,,,,,,144.1,233.5,79.5,98,66.5,60.6,,,,,,,,,
nhtsa-mercedes-benz-sprinter-body-144-1-4,,,,,,,144.1,233.5,79.5,100,66.5,60.6,,,,,,,,,
nhtsa-mercedes-benz-sprinter-body-170-1,,,,,,High,170.1,274.4,79.5,108.7,66.5,60.6,,,,,,,,,
nhtsa-mercedes-benz-sprinter-body-170-1-2,,,,,,High,170.1,274.4,79.5,111,66.5,60.6,,,,,,,,,
nhtsa-mercedes-benz-sprinter-body-170-1-3,,,,,,High,170.1,290.2,79.5,108.3,66.5,60.6,,,,,,,,,
nhtsa-mercedes-benz-sprinter-body-170-1-4,,,,,,High,170.1,290.2,79.5,110.6,66.5,60.6,,,,,,,,,
nhtsa-mercury-capri-body-100-4,,,,,,,100.4,179.1,69.3,51.6,,,,,,,,,,,
nhtsa-mercury-capri-body-100-4-2,,,,,,,100.4,179.1,68.9,52,,,,,,,,,,,
nhtsa-mercury-cougar-body-103-9,,,,,,,103.9,197.6,71.3,53.5,,,,,,,,,,,
nhtsa-mercury-cougar-body-108-3,,,,,,,108.3,200.4,70.9,53.1,,,,,,,,,,,
nhtsa-mercury-cougar-body-108-3-2,,,,,,,108.3,200.4,74,53.1,,,,,,,,,,,
nhtsa-mercury-cougar-body-2dr-105-5,,2,,,,,105.5,196.9,70.9,53.1,,,,,,,,,,,
nhtsa-mercury-cougar-body-4dr-105-5,,4,,,,,105.5,196.9,70.9,53.1,,,,,,,,,,,
nhtsa-mercury-cougar-coupe-2dr-104-3,Coupe,2,,,,,104.3,200.8,71.3,53.9,,,,,,,,,,,
nhtsa-mercury-cougar-coupe-2dr-113,Coupe,2,,,,,113,198.8,72.8,52.8,61.8,60.2,,,,,,,,,
nhtsa-mercury-cougar-coupe-2dr-113-2,Coupe,2,,,,,113,200,72.8,52.4,61.4,60.2,,,,,,,,,
nhtsa-mercury-cougar-coupe-2dr-113-3,Coupe,2,,,,,113,200,72.8,52.4,61.8,60.2,,,,,,,,,
nhtsa-mercury-cougar-hatchback-2dr-106-3,Hatchback,2,,,,,106.3,185,69.7,52.4,59.4,58.7,,,,,,,,,
nhtsa-mercury-cougar-wagon-105-5,Wagon,,,,,,105.5,196.5,70.9,54.3,,,,,,,,,,,
nhtsa-mercury-grand-marquis-body-2dr-114-2,,2,,,,,114.2,214.2,77.6,55.1,,,,,,,,,,,
nhtsa-mercury-grand-marquis-coupe-2dr-114-2,Coupe,2,,,,,114.2,214.2,77.6,55.5,,,,,,,,,,,
nhtsa-mercury-grand-marquis-sedan-114-2,Sedan,,,,,,114.2,213.8,77.6,55.5,61.8,61.4,,,,,,,,,
nhtsa-mercury-grand-marquis-sedan-114-6,Sedan,,,,,,114.6,212.6,78,56.7,,,,,,,,,,,
nhtsa-mercury-grand-marquis-sedan-4dr-114-2,Sedan,4,,,,,114.2,214.2,77.6,55.1,,,,,,,,,,,
nhtsa-mercury-grand-marquis-sedan-4dr-114-2-2,Sedan,4,,,,,114.2,213.4,77.6,55.5,,,,,,,,,,,
nhtsa-mercury-grand-marquis-sedan-4dr-114-6,Sedan,4,,,,,114.6,212.6,78,56.7,63,63.4,,,,,,,,,
nhtsa-mercury-grand-marquis-sedan-4dr-114-6-2,Sedan,4,,,,,114.6,212.2,78,56.7,63.4,64.2,,,,,,,,,
nhtsa-mercury-grand-marquis-sedan-4dr-114-6-3,Sedan,4,,,,,114.6,212.2,78,56.7,63,65,,,,,,,,,
nhtsa-mercury-grand-marquis-sedan-4dr-114-6-4,Sedan,4,,,,,114.6,211.8,78.3,56.7,63.4,65.4,,,,,,,,,
nhtsa-mercury-grand-marquis-wagon-114-2,Wagon,,,,,,114.2,218.1,79.1,56.7,,,,,,,,,,,
nhtsa-mercury-grand-marquis-wagon-114-2-2,Wagon,,,,,,114.2,215,79.1,56.7,,,,,,,,,,,
nhtsa-mercury-grand-marquis-wagon-114-2-3,Wagon,,,,,,114.2,218.5,79.1,57.1,,,,,,,,,,,
nhtsa-mercury-grand-marquis-wagon-114-2-4,Wagon,,,,,,114.2,218.9,79.1,56.7,,,,,,,,,,,
nhtsa-mercury-lynx-body-2dr-94-1,,2,,,,,94.1,163.8,65.7,53.1,,,,,,,,,,,
nhtsa-mercury-lynx-body-3dr-94-1,,3,,,,,94.1,163.8,65.7,53.1,,,,,,,,,,,
nhtsa-mercury-lynx-body-4dr-94-1,,4,,,,,94.1,163.8,65.7,53.1,,,,,,,,,,,
nhtsa-mercury-lynx-body-4dr-94-1-2,,4,,,,,94.1,163.8,65.7,53.5,,,,,,,,,,,
nhtsa-mercury-lynx-body-5dr-94-1,,5,,,,,94.1,165,65.7,53.1,,,,,,,,,,,
nhtsa-mercury-lynx-body-94-1,,,,,,,94.1,163.8,65.7,53.5,,,,,,,,,,,
nhtsa-mercury-lynx-wagon-94-1,Wagon,,,,,,94.1,165,65.7,53.1,,,,,,,,,,,
nhtsa-mercury-marquis-body-105-5,,,,,,,105.5,196.5,70.9,53.5,,,,,,,,,,,
nhtsa-mercury-marquis-body-2dr-114-2,,2,,,,,114.2,212.2,77.6,54.7,,,,,,,,,,,
nhtsa-mercury-marquis-body-4dr-105-5,,4,,,,,105.5,196.5,70.9,53.9,,,,,,,,,,,
nhtsa-mercury-marquis-body-4dr-114-2,,4,,,,,114.2,212.2,77.6,54.7,,,,,,,,,,,
nhtsa-mercury-marquis-wagon-105-5,Wagon,,,,,,105.5,196.5,70.9,54.3,,,,,,,,,,,
nhtsa-mercury-marquis-wagon-114-2,Wagon,,,,,,114.2,218.1,77.6,57.5,,,,,,,,,,,
nhtsa-mercury-mystique-sedan-4dr-106-3,Sedan,4,,,,,106.3,183.9,69.3,54.3,58.7,57.9,,,,,,,,,
nhtsa-mercury-mystique-sedan-4dr-106-7,Sedan,4,,,,,106.7,184.6,69.3,54.3,58.7,57.9,,,,,,,,,
nhtsa-mercury-sable-sedan-105-9,Sedan,,,,,,105.9,191.7,70.9,54.3,,,,,,,,,,,
nhtsa-mercury-sable-sedan-4dr-105-9,Sedan,4,,,,,105.9,191.7,70.9,54.3,,,,,,,,,,,
nhtsa-mercury-sable-sedan-4dr-105-9-2,Sedan,4,,,,,105.9,192.1,70.9,54.3,61.8,59.1,,,,,,,,,
nhtsa-mercury-sable-sedan-4dr-105-9-3,Sedan,4,,,,,105.9,192.1,71.3,54.3,,,,,,,,,,,
nhtsa-mercury-sable-sedan-4dr-105-9-4,Sedan,4,,,,,105.9,192.1,70.9,53.9,61.4,60.6,,,,,,,,,
nhtsa-mercury-sable-sedan-4dr-108-7,Sedan,4,,,,,108.7,199.6,72.8,55.5,61.4,61.4,,,,,,,,,
nhtsa-mercury-sable-wagon-105-9,Wagon,,,,,,105.9,191.7,70.9,55.1,,,,,,,,,,,
nhtsa-mercury-sable-wagon-105-9-2,Wagon,,,,,,105.9,193.3,71.3,55.1,,,,,,,,,,,
nhtsa-mercury-sable-wagon-4dr-105-9,Wagon,4,,,,,105.9,192.9,70.9,55.5,61.4,59.8,,,,,,,,,
nhtsa-mercury-sable-wagon-4dr-108-7,Wagon,4,,,,,108.7,199.2,72.8,55.9,61.8,61.8,,,,,,,,,
nhtsa-mercury-sable-wagon-4dr-108-7-2,Wagon,4,,,,,108.7,199.2,72.8,57.5,61.8,61.8,,,,,,,,,
nhtsa-mercury-topaz-body-2dr-100,,2,,,,,100,176.4,66.1,52.8,,,,,,,,,,,
nhtsa-mercury-topaz-body-2dr-100-2,,2,,,,,100,176.4,68.1,52.8,,,,,,,,,,,
nhtsa-mercury-topaz-body-4dr-100,,4,,,,,100,176.4,66.1,52.8,,,,,,,,,,,
nhtsa-mercury-topaz-body-4dr-100-2,,4,,,,,100,176.4,68.1,52.8,,,,,,,,,,,
nhtsa-mercury-topaz-coupe-2dr-100,Coupe,2,,,,,100,177.2,68.1,52.8,,,,,,,,,,,
nhtsa-mercury-topaz-coupe-2dr-100-2,Coupe,2,,,,,100,176.8,68.5,52.8,,,,,,,,,,,
nhtsa-mercury-topaz-coupe-2dr-100-3,Coupe,2,,,,,100,176.8,68.1,52.8,54.7,57.5,,,,,,,,,
nhtsa-mercury-topaz-sedan-2dr-100,Sedan,2,,,,,100,176.8,68.1,52.8,55.1,57.9,,,,,,,,,
nhtsa-mercury-topaz-sedan-2dr-100-2,Sedan,2,,,,,100,176.8,68.1,52.8,,,,,,,,,,,
nhtsa-mercury-topaz-sedan-4dr-100,Sedan,4,,,,,100,177.2,68.1,52.8,,,,,,,,,,,
nhtsa-mercury-topaz-sedan-4dr-100-2,Sedan,4,,,,,100,177.2,66.9,52.8,,,,,,,,,,,
nhtsa-mercury-topaz-sedan-4dr-100-3,Sedan,4,,,,,100,177.2,68.1,52.8,55.1,57.9,,,,,,,,,
nhtsa-mercury-topaz-sedan-4dr-100-4,Sedan,4,,,,,100,177.2,68.1,52.8,54.7,57.5,,,,,,,,,
nhtsa-mercury-tracer-hatchback-2dr-94-5,Hatchback,2,,,,,94.5,162.2,65.4,52.8,,,,,,,,,,,
nhtsa-mercury-tracer-hatchback-2dr-94-9,Hatchback,2,,,,,94.9,162.2,65.4,53.1,54.7,55.9,,,,,,,,,
nhtsa-mercury-tracer-hatchback-4dr-94-5,Hatchback,4,,,,,94.5,162.2,65,54.7,,,,,,,,,,,
nhtsa-mercury-tracer-hatchback-4dr-94-9,Hatchback,4,,,,,94.9,162.2,65.4,53.1,54.7,55.9,,,,,,,,,
nhtsa-mercury-tracer-sedan-4dr-98-4,Sedan,4,,,,,98.4,170.9,66.9,52.8,,,,,,,,,,,
nhtsa-mercury-tracer-wagon-94-9,Wagon,,,,,,94.9,169.7,65.4,53.5,,,,,,,,,,,
nhtsa-mercury-tracer-wagon-94-9-2,Wagon,,,,,,94.9,169.7,65.4,53.5,54.7,55.9,,,,,,,,,
nhtsa-mercury-zephyr-body-105-5,,,,,,,105.5,197.2,70.9,51.6,,,,,,,,,,,
nhtsa-mercury-zephyr-body-105-5-2,,,,,,,105.5,197.2,70.9,52.4,,,,,,,,,,,
nhtsa-mercury-zephyr-body-4dr-105-5,,4,,,,,105.5,195.7,70.9,52.8,,,,,,,,,,,
nhtsa-mercury-zephyr-wagon-105-5,Wagon,,,,,,105.5,195.7,70.9,54.3,,,,,,,,,,,
nhtsa-mini-clubman-body-105-1,,,,,,,105.1,167.7,70.9,56.7,61.4,61.4,,,,,,,,,
nhtsa-mini-cooper-body-2dr-97-2,,2,,,,,97.2,142.9,66.5,55.5,57.9,57.5,,,,,,,,,
nhtsa-mini-cooper-body-2dr-97-2-2,,2,,,,,97.2,144.1,66.5,55.9,57.1,57.5,,,,,,,,,
nhtsa-mini-cooper-body-2dr-97-2-3,,2,,,,,97.2,145.7,66.1,55.5,57.1,56.7,,,,,,,,,
nhtsa-mini-cooper-body-4dr-100-4,,4,,,,,100.4,155.1,66.1,56.3,56.7,57.1,,,,,,,,,
nhtsa-mini-cooper-body-4dr-100-4-2,,4,,,,,100.4,155.9,66.1,56.3,56.7,57.1,,,,,,,,,
nhtsa-mini-cooper-body-5dr-100-4,,5,,,,,100.4,155.9,66.1,56.3,56.7,57.1,,,,,,,,,
nhtsa-mini-cooper-convertible-2dr-96-5,Convertible,2,,,,,96.5,144.1,66.5,56.3,57.5,57.5,,,,,,,,,
nhtsa-mini-cooper-convertible-2dr-97-2,Convertible,2,,,,,97.2,143.3,66.5,55.9,57.5,57.5,,,,,,,,,
nhtsa-mini-cooper-convertible-2dr-97-2-2,Convertible,2,,,,,97.2,145.7,66.1,55.5,57.5,57.5,,,,,,,,,
nhtsa-mini-cooper-convertible-2dr-97-2-3,Convertible,2,,,,,97.2,146.1,66.1,55.5,57.5,57.5,,,,,,,,,
nhtsa-mini-cooper-convertible-convertible-2dr-97-2,Convertible,2,,,,,97.2,145.7,66.1,55.5,57.5,57.5,,,,,,,,,
nhtsa-mini-cooper-convertible-convertible-2dr-97-2-2,Convertible,2,,,,,97.2,146.1,66.1,55.5,57.5,57.5,,,,,,,,,
nhtsa-mini-cooper-coupe-coupe-2dr-97-2,Coupe,2,,,,,97.2,146.9,66.1,54.3,57.5,57.9,,,,,,,,,
nhtsa-mini-cooper-roadster-convertible-97-2,Convertible,,,,,,97.2,146.9,66.1,54.7,57.1,57.5,,,,,,,,,
nhtsa-mini-cooper-s-body-2dr-97-2,,2,,,,,97.2,144.1,66.5,55.9,57.1,57.5,,,,,,,,,
nhtsa-mini-cooper-s-body-2dr-98-4,,2,,,,,98.4,152,68.1,55.5,58.7,58.7,,,,,,,,,
nhtsa-mini-cooper-s-body-3dr-100-4,,3,,,,,100.4,155.9,66.1,56.3,56.7,57.1,,,,,,,,,
nhtsa-mini-cooper-s-convertible-2dr-96-5,Convertible,2,,,,,96.5,144.1,66.5,56.3,57.5,57.5,,,,,,,,,
nhtsa-mini-cooper-s-convertible-2dr-97-2,Convertible,2,,,,,97.2,146.1,66.1,55.5,57.5,57.5,,,,,,,,,
nhtsa-mini-cooper-s-convertible-97-2,Convertible,,,,,,97.2,146.9,66.1,54.7,57.1,57.5,,,,,,,,,
nhtsa-mini-cooper-s-coupe-2dr-97-2,Coupe,2,,,,,97.2,146.9,66.1,54.3,57.5,57.9,,,,,,,,,
nhtsa-mini-cooper-s-suv-4dr-102-4,SUV,4,,,,,102.4,161.4,70.5,61.4,60.2,61.4,,,,,,,,,
nhtsa-mini-countryman-body-105-1,,,,,,,105.1,169.7,71.7,61.4,62.2,62.2,,,,,,,,,
nhtsa-mini-countryman-suv-4dr-102-4,SUV,4,,,,,102.4,161.4,70.5,61.4,60.2,61.4,,,,,,,,,
nhtsa-mini-countryman-suv-4dr-102-4-2,SUV,4,,,,,102.4,161.8,70.5,61.4,60.2,61.4,,,,,,,,,
nhtsa-mini-countryman-suv-4dr-105-1,SUV,4,,,,,105.1,169.7,71.7,61.4,62.2,62.2,,,,,,,,,
nhtsa-mini-countryman-suv-4dr-105-9,SUV,4,,,,,105.9,175.2,72.4,65.4,62.2,62.2,,,,,,,,,
nhtsa-mini-paceman-coupe-2dr-102-4,Coupe,2,,,,,102.4,162.2,70.5,59.8,59.8,61,,,,,,,,,
nhtsa-mitsubishi-diamante-body-107-1,,,,,,,107.1,194.1,70.5,56.7,61,60.6,,,,,,,,,
nhtsa-mitsubishi-diamante-sedan-4dr-107-1,Sedan,4,,,,,107.1,196.1,70.5,56.7,60.2,59.8,,,,,,,,,
nhtsa-mitsubishi-eclipse-body-100-8,,,,,,,100.8,175.6,68.9,51.6,59.1,58.3,,,,,,,,,
nhtsa-mitsubishi-eclipse-convertible-100-8,Convertible,,,,,,100.8,175.6,68.9,52.8,59.1,58.3,,,,,,,,,
nhtsa-mitsubishi-eclipse-convertible-2dr-100-8,Convertible,2,,,,,100.8,176.8,68.9,52.8,59.1,58.3,,,,,,,,,
nhtsa-mitsubishi-eclipse-convertible-2dr-101-6,Convertible,2,,,,,101.6,179.9,72.4,54.3,61.4,61.4,,,,,,,,,
nhtsa-mitsubishi-eclipse-convertible-2dr-101-6-2,Convertible,2,,,,,101.6,179.9,72.4,54.7,61.4,61.4,,,,,,,,,
nhtsa-mitsubishi-eclipse-coupe-2dr-100-8,Coupe,2,,,,,100.8,176.8,68.9,51.6,59.1,58.3,,,,,,,,,
nhtsa-mitsubishi-eclipse-coupe-2dr-101-6,Coupe,2,,,,,101.6,179.9,72.4,53.5,61.4,61.4,,,,,,,,,
nhtsa-mitsubishi-eclipse-coupe-2dr-101-6-2,Coupe,2,,,,,101.6,179.9,72.4,54.7,61.4,61.4,,,,,,,,,
nhtsa-mitsubishi-eclipse-cross-suv-4dr-105-1,SUV,4,,,,,105.1,173.2,70.9,66.1,60.6,60.6,,,,,,,,,
nhtsa-mitsubishi-eclipse-cross-suv-4dr-105-1-2,SUV,4,,,,,105.1,179.1,71.3,66.1,60.6,60.6,,,,,,,,,
nhtsa-mitsubishi-endeavor-suv-4dr-107-9,SUV,4,,,,,107.9,190.9,73.6,67.3,63,59.4,,,,,,,,,
nhtsa-mitsubishi-galant-sedan-4dr-103-9,Sedan,4,,,,,103.9,188.2,68.5,55.9,59.1,58.7,,,,,,,,,
nhtsa-mitsubishi-galant-sedan-4dr-107-1,Sedan,4,,,,,107.1,189.8,72.4,57.9,61,61,,,,,,,,,
nhtsa-mitsubishi-i-miev-body-100-4,,,,,,,100.4,144.9,62.6,63.8,55.9,54.3,,,,,,,,,
nhtsa-mitsubishi-i-miev-hatchback-4dr-100-4,Hatchback,4,,,,,100.4,144.9,62.6,63.8,55.9,54.3,,,,,,,,,
nhtsa-mitsubishi-lancer-body-102-4,,,,,,,102.4,177.6,66.5,53.9,57.9,57.5,,,,,,,,,
nhtsa-mitsubishi-lancer-body-102-4-2,,,,,,,102.4,177.6,66.5,54.7,57.9,57.5,,,,,,,,,
nhtsa-mitsubishi-lancer-sedan-4dr-102-4,Sedan,4,,,,,102.4,177.6,66.9,53.9,57.9,57.5,,,,,,,,,
nhtsa-mitsubishi-lancer-sedan-4dr-102-4-2,Sedan,4,,,,,102.4,177.6,66.9,54.7,57.9,57.5,,,,,,,,,
nhtsa-mitsubishi-lancer-sedan-4dr-102-4-3,Sedan,4,,,,,102.4,180.7,66.9,53.9,57.1,57.1,,,,,,,,,
nhtsa-mitsubishi-lancer-sedan-4dr-102-4-4,Sedan,4,,,,,102.4,180.7,66.9,54.7,57.1,57.1,,,,,,,,,
nhtsa-mitsubishi-lancer-sedan-4dr-103-9,Sedan,4,,,,,103.9,179.9,69.3,58.7,60.2,59.8,,,,,,,,,
nhtsa-mitsubishi-lancer-sedan-4dr-103-9-2,Sedan,4,,,,,103.9,179.9,69.3,58.7,60.2,60.2,,,,,,,,,
nhtsa-mitsubishi-lancer-sedan-4dr-103-9-3,Sedan,4,,,,,103.9,181.9,69.3,58.3,60.2,59.8,,,,,,,,,
nhtsa-mitsubishi-lancer-sedan-4dr-104-3,Sedan,4,,,,,104.3,179.1,71.3,58.3,60.6,60.2,,,,,,,,,
nhtsa-mitsubishi-lancer-sportback-body-4dr-103-9,,4,,,,,103.9,180.7,69.3,59.4,60.2,60.2,,,,,,,,,
nhtsa-mitsubishi-lancer-sportback-body-4dr-103-9-2,,4,,,,,103.9,182.7,69.3,59.4,60.2,60.2,,,,,,,,,
nhtsa-mitsubishi-lancer-sportback-wagon-4dr-102-8,Wagon,4,,,,,102.8,182.3,66.9,55.9,57.9,57.1,,,,,,,,,
nhtsa-mitsubishi-mirage-body-5dr-96-5,,5,,,,,96.5,149.6,65.7,59.4,56.3,55.9,,,,,,,,,
nhtsa-mitsubishi-mirage-body-5dr-96-5-2,,5,,,,,96.5,151.6,65.7,59.4,56.3,55.9,,,,,,,,,
nhtsa-mitsubishi-mirage-coupe-95-3,Coupe,,,,,,95.3,168.1,66.5,53.5,,,,,,,,,,,
nhtsa-mitsubishi-mirage-g4-sedan-100-4,Sedan,,,,,,100.4,169.7,65.7,59.4,57.1,56.3,,,,,,,,,
nhtsa-mitsubishi-mirage-hatchback-4dr-96-5,Hatchback,4,,,,,96.5,148.8,65.7,59.1,56.3,55.9,,,,,,,,,
nhtsa-mitsubishi-montero-body-109-1,,,,,,,109.1,182.3,74,71.7,61.4,61,,,,,,,,,
nhtsa-mitsubishi-montero-body-109-4,,,,,,,109.4,183.1,74.8,71.7,61.4,61.8,,,,,,,,,
nhtsa-mitsubishi-montero-sport-body-106-7,,,,,,,106.7,181.1,66.5,67.7,57.9,58.3,,,,,,,,,
nhtsa-mitsubishi-montero-sport-body-106-7-2,,,,,,,106.7,181.1,70.1,68.5,57.9,58.3,,,,,,,,,
nhtsa-mitsubishi-montero-sport-body-107-5,,,,,,,107.5,181.1,66.9,67.7,57.9,58.3,,,,,,,,,
nhtsa-mitsubishi-montero-sport-body-107-5-2,,,,,,,107.5,181.1,70.1,68.5,57.9,58.3,,,,,,,,,
nhtsa-mitsubishi-outlander-suv-4dr-103-5,SUV,4,,,,,103.5,179.1,68.9,63.4,59.1,59.1,,,,,,,,,
nhtsa-mitsubishi-outlander-suv-4dr-103-5-2,SUV,4,,,,,103.5,179.1,68.9,66.5,59.1,59.1,,,,,,,,,
nhtsa-mitsubishi-outlander-suv-4dr-105-1,SUV,4,,,,,105.1,182.7,70.9,66.1,61,59.8,,,,,,,,,
nhtsa-mitsubishi-outlander-suv-4dr-105-1-2,SUV,4,,,,,105.1,183.9,70.9,66.1,60.6,60.6,,,,,,,,,
nhtsa-mitsubishi-outlander-suv-4dr-105-1-3,SUV,4,,,,,105.1,183.5,70.9,66.1,60.6,60.6,,,,,,,,,
nhtsa-mitsubishi-outlander-suv-4dr-105-1-4,SUV,4,,,,,105.1,183.5,71.3,66.1,60.6,60.6,,,,,,,,,
nhtsa-mitsubishi-outlander-suv-4dr-105-1-5,SUV,4,,,,,105.1,185,71.3,66.1,60.6,60.6,,,,,,,,,
nhtsa-mitsubishi-outlander-suv-4dr-105-1-6,SUV,4,,,,,105.1,185,71.3,67.3,60.6,60.6,,,,,,,,,
nhtsa-mitsubishi-outlander-suv-4dr-106-3,SUV,4,,,,,106.3,185.4,73.2,68.9,62.6,63,,,,,,,,,
nhtsa-mitsubishi-outlander-suv-4dr-106-3-2,SUV,4,,,,,106.3,185.4,73.2,68.5,62.6,63,,,,,,,,,
nhtsa-mitsubishi-rvr-suv-4dr-105-1,SUV,4,,,,,105.1,169.3,69.7,64.2,60.2,60.2,,,,,,,,,
nhtsa-mitsubishi-rvr-suv-4dr-105-1-2,SUV,4,,,,,105.1,171.3,71.3,64.2,60.2,60.2,,,,,,,,,
nhtsa-nissan-200sx-body-95-7,,,,,,,95.7,174.4,73.6,52.4,,,,,,,,,,,
nhtsa-nissan-200sx-coupe-2dr-100,Coupe,2,,,,,100,170.1,66.5,54.3,57.5,55.9,,,,,,,,,
nhtsa-nissan-200sx-coupe-2dr-100-2,Coupe,2,,,,,100,171.7,66.5,54.3,58.3,56.3,,,,,,,,,
nhtsa-nissan-200sx-coupe-2dr-95-7,Coupe,2,,,,,95.7,175.6,65.7,52.4,,,,,,,,,,,
nhtsa-nissan-200sx-coupe-95-7,Coupe,,,,,,95.7,174.4,73.6,52.4,,,,,,,,,,,
nhtsa-nissan-200sx-hatchback-2dr-95-7,Hatchback,2,,,,,95.7,175.6,65.7,52.4,,,,,,,,,,,
nhtsa-nissan-200sx-hatchback-95-7,Hatchback,,,,,,95.7,174.4,73.6,52.4,,,,,,,,,,,
nhtsa-nissan-240sx-convertible-2dr-97-6,Convertible,2,,,,,97.6,178,66.5,50.8,,,,,,,,,,,
nhtsa-nissan-240sx-coupe-2dr-99-6,Coupe,2,,,,,99.6,177.2,68.1,50.8,57.9,57.5,,,,,,,,,
nhtsa-nissan-240sx-coupe-2dr-99-6-2,Coupe,2,,,,,99.6,177.2,68.1,50.8,,,,,,,,,,,
nhtsa-nissan-240sx-coupe-2dr-99-6-3,Coupe,2,,,,,99.6,179.9,68.1,50.8,57.9,57.9,,,,,,,,,
nhtsa-nissan-240sx-coupe-97-6,Coupe,,,,,,97.6,178,66.5,50.8,57.5,57.5,,,,,,,,,
nhtsa-nissan-240sx-coupe-97-6-2,Coupe,,,,,,97.6,178,66.5,50.8,,,,,,,,,,,
nhtsa-nissan-240sx-hatchback-97-6,Hatchback,,,,,,97.6,178,66.5,50.8,57.5,57.1,,,,,,,,,
nhtsa-nissan-240sx-hatchback-97-6-2,Hatchback,,,,,,97.6,178,66.5,50.8,,,,,,,,,,,
nhtsa-nissan-300zx-body-2dr-91-3,,2,,,,,91.3,173.6,68.1,51.2,,,,,,,,,,,
nhtsa-nissan-300zx-body-2dr-99-2,,2,,,,,99.2,181.5,68.1,51.6,,,,,,,,,,,
nhtsa-nissan-300zx-body-91-3,,,,,,,91.3,170.9,66.5,51.2,,,,,,,,,,,
nhtsa-nissan-300zx-body-99-2,,,,,,,99.2,178.7,68.1,51.6,,,,,,,,,,,
nhtsa-nissan-300zx-convertible-2dr-96-5,Convertible,2,,,,,96.5,169.7,70.5,49.6,59.1,60.2,,,,,,,,,
nhtsa-nissan-300zx-coupe-2dr-101-2,Coupe,2,,,,,101.2,178,70.9,50,,,,,,,,,,,
nhtsa-nissan-300zx-coupe-2dr-101-2-2,Coupe,2,,,,,101.2,178,70.9,48,59.1,60.2,,,,,,,,,
nhtsa-nissan-300zx-coupe-2dr-96-5,Coupe,2,,,,,96.5,169.7,70.5,49.6,60.2,61,,,,,,,,,
nhtsa-nissan-300zx-coupe-2dr-96-5-2,Coupe,2,,,,,96.5,169.7,70.5,48.4,59.1,60.2,,,,,,,,,
nhtsa-nissan-300zx-coupe-91-3,Coupe,,,,,,91.3,170.9,66.5,51.2,,,,,,,,,,,
nhtsa-nissan-300zx-hatchback-2dr-91-3,Hatchback,2,,,,,91.3,173.6,68.1,51.2,,,,,,,,,,,
nhtsa-nissan-300zx-hatchback-2dr-99-2,Hatchback,2,,,,,99.2,181.5,68.1,51.6,,,,,,,,,,,
nhtsa-nissan-350z-body-104-7,,,,,,,104.7,169.7,71.7,51.6,61,61,,,,,,,,,
nhtsa-nissan-350z-convertible-2dr-104-7,Convertible,2,,,,,104.7,169.7,71.7,52.4,60.6,60.6,,,,,,,,,
nhtsa-nissan-350z-coupe-2dr-104-7,Coupe,2,,,,,104.7,169.7,71.7,51.6,61,61,,,,,,,,,
nhtsa-nissan-370z-convertible-2dr-100-4,Convertible,2,,,,,100.4,166.9,72.8,52,60.6,61.4,,,,,,,,,
nhtsa-nissan-370z-coupe-2dr-100-4,Coupe,2,,,,,100.4,166.9,72.4,52,60.6,61.4,,,,,,,,,
nhtsa-nissan-370z-coupe-2dr-100-4-2,Coupe,2,,,,,100.4,173.2,72.4,52,61,62.2,,,,,,,,,
nhtsa-nissan-370z-coupe-2dr-100-4-3,Coupe,2,,,,,100.4,170.5,73.6,52,61,62.2,,,,,,,,,
nhtsa-nissan-370z-coupe-2dr-100-4-4,Coupe,2,,,,,100.4,167.7,72.4,52,60.6,61.4,,,,,,,,,
nhtsa-nissan-altima-coupe-2dr-105-5,Coupe,2,,,,,105.5,182.7,70.9,55.5,60.6,61,,,,,,,,,
nhtsa-nissan-altima-coupe-2dr-105-5-2,Coupe,2,,,,,105.5,181.1,70.9,55.5,60.6,61,,,,,,,,,
nhtsa-nissan-altima-sedan-4dr-103-1,Sedan,4,,,,,103.1,180.7,66.9,55.9,,,,,,,,,,,
nhtsa-nissan-altima-sedan-4dr-103-1-2,Sedan,4,,,,,103.1,180.7,66.9,55.9,57.9,57.5,,,,,,,,,
nhtsa-nissan-altima-sedan-4dr-103-1-3,Sedan,4,,,,,103.1,183.5,68.9,55.9,59.1,58.7,,,,,,,,,
nhtsa-nissan-altima-sedan-4dr-103-1-4,Sedan,4,,,,,103.1,183.5,69.3,55.9,59.4,59.1,,,,,,,,,
nhtsa-nissan-altima-sedan-4dr-103-1-5,Sedan,4,,,,,103.1,185.8,69.3,55.9,59.4,59.1,,,,,,,,,
nhtsa-nissan-altima-sedan-4dr-109-4,Sedan,4,,,,,109.4,189.8,70.9,57.9,60.6,60.2,,,,,,,,,
nhtsa-nissan-altima-sedan-4dr-109-4-2,Sedan,4,,,,,109.4,190.6,70.9,57.9,60.6,60.2,,,,,,,,,
nhtsa-nissan-altima-sedan-4dr-109-4-3,Sedan,4,,,,,109.4,191.7,72,57.9,62.6,62.2,,,,,,,,,
nhtsa-nissan-altima-sedan-4dr-109-4-4,Sedan,4,,,,,109.4,191.7,72,58.3,62.2,62.2,,,,,,,,,
nhtsa-nissan-altima-sedan-4dr-110-2,Sedan,4,,,,,110.2,191.3,70.5,57.9,61,60.6,,,,,,,,,
nhtsa-nissan-altima-sedan-4dr-110-6,Sedan,4,,,,,110.6,192.9,70.5,57.9,60.6,60.6,,,,,,,,,
nhtsa-nissan-altima-sedan-4dr-111-4,Sedan,4,,,,,111.4,192.9,72.8,57.1,63.4,63.4,,,,,,,,,
nhtsa-nissan-armada-suv-4dr-121-3,SUV,4,,,,,121.3,209.1,79.9,76,67.7,68.1,,,,,,,,,
nhtsa-nissan-armada-suv-4dr-121-3-2,SUV,4,,,,,121.3,209.8,79.9,77.2,68.1,67.7,,,,,,,,,
nhtsa-nissan-armada-suv-4dr-123-2,SUV,4,,,,,123.2,206.7,78.7,78.7,67.7,68.1,,,,,,,,,
nhtsa-nissan-axxess-body-102-8,,,,,,,102.8,171.3,66.5,64.2,57.9,56.3,,,,,,,,,
nhtsa-nissan-axxess-wagon-102-8,Wagon,,,,,,102.8,171.3,66.5,64.2,57.9,56.3,,,,,,,,,
nhtsa-nissan-axxess-wagon-102-8-2,Wagon,,,,,,102.8,171.3,66.5,64.2,,,,,,,,,,,
nhtsa-nissan-cube-body-5dr-100,,5,,,,,100,156.7,66.9,65,58.3,58.3,,,,,,,,,
nhtsa-nissan-cube-body-5dr-99-6,,5,,,,,99.6,156.7,66.9,65,58.3,58.3,,,,,,,,,
nhtsa-nissan-frontier-pickup-crew-116-1,Pickup,,Crew,,,,116.1,200,72,65.7,59.8,59.4,,,,,,,,,
nhtsa-nissan-frontier-pickup-crew-116-1-2,Pickup,,Crew,,,,116.1,203.5,71.3,66.5,,,,,,,,,,,
nhtsa-nissan-frontier-pickup-crew-116-1-3,Pickup,,Crew,,,,116.1,203.5,71.3,66.5,60.2,59.1,,,,,,,,,
nhtsa-nissan-frontier-pickup-crew-116-1-4,Pickup,,Crew,,,,116.1,203.5,71.3,72.4,59.8,59.4,,,,,,,,,
nhtsa-nissan-frontier-pickup-crew-125-6,Pickup,,Crew,,,,125.6,205.9,72.8,70.1,61.8,61.8,,,,,,,,,
nhtsa-nissan-frontier-pickup-crew-126,Pickup,,Crew,,,,126,205.5,72.8,70.1,61.8,61.8,,,,,,,,,
nhtsa-nissan-frontier-pickup-crew-131-1,Pickup,,Crew,,,,131.1,217.7,71.3,72.4,59.8,59.4,,,,,,,,,
nhtsa-nissan-frontier-pickup-crew-139-8,Pickup,,Crew,,,,139.8,219.3,72.8,70.1,61.8,61.8,,,,,,,,,
nhtsa-nissan-frontier-pickup-crew-139-8-2,Pickup,,Crew,,,,139.8,224,72.8,72,61.8,61.8,,,,,,,,,
nhtsa-nissan-frontier-pickup-crew-long-131-1,Pickup,,Crew,,,,131.1,217.7,71.3,72.4,59.8,59.4,,,,,,,,,
nhtsa-nissan-frontier-pickup-crew-short-126,Pickup,,Crew,,,,126,210.2,72.8,72,61.8,61.8,,,,,,,,,
nhtsa-nissan-frontier-pickup-extended-116-1,Pickup,,Extended,,,,116.1,198.8,66.5,62.6,55.1,54.7,,,,,,,,,
nhtsa-nissan-frontier-pickup-extended-116-1-2,Pickup,,Extended,,,,116.1,198.8,72,65.7,59.8,59.4,,,,,,,,,
nhtsa-nissan-frontier-pickup-extended-116-1-3,Pickup,,Extended,,,,116.1,203.5,66.5,63.4,,,,,,,,,,,
nhtsa-nissan-frontier-pickup-extended-116-1-4,Pickup,,Extended,,,,116.1,203.5,71.3,66.5,,,,,,,,,,,
nhtsa-nissan-frontier-pickup-extended-116-1-5,Pickup,,Extended,,,,116.1,202.8,67.7,63.4,59.8,59.4,,,,,,,,,
nhtsa-nissan-frontier-pickup-extended-116-1-6,Pickup,,Extended,,,,116.1,202.8,67.7,66.5,59.8,59.4,,,,,,,,,
nhtsa-nissan-frontier-pickup-extended-126,Pickup,,Extended,,,,126,205.5,72.8,69.7,61.8,61.8,,,,,,,,,
nhtsa-nissan-frontier-pickup-extended-126-2,Pickup,,Extended,,,,126,210.2,72.8,71.7,61.8,61.8,,,,,,,,,
nhtsa-nissan-frontier-pickup-extended-short-126,Pickup,,Extended,,,,126,205.5,72.8,69.7,61.8,61.8,,,,,,,,,
nhtsa-nissan-frontier-pickup-extended-short-126-2,Pickup,,Extended,,,,126,205.5,72.8,68.5,61.8,61.8,,,,,,,,,
nhtsa-nissan-frontier-pickup-extended-short-126-3,Pickup,,Extended,,,,126,205.5,62.2,68.5,61.8,61.8,,,,,,,,,
nhtsa-nissan-frontier-pickup-regular-104-3,Pickup,,Regular,,,,104.3,184.3,66.5,62.6,55.1,54.7,,,,,,,,,
nhtsa-nissan-frontier-pickup-regular-104-3-2,Pickup,,Regular,,,,104.3,187,66.5,63,55.1,54.7,,,,,,,,,
nhtsa-nissan-frontier-pickup-regular-104-3-3,Pickup,,Regular,,,,104.3,187,72,66.1,59.8,59.4,,,,,,,,,
nhtsa-nissan-gt-r-coupe-2dr-109-4,Coupe,2,,,,,109.4,183.5,74.8,53.9,62.2,63,,,,,,,,,
nhtsa-nissan-gt-r-coupe-2dr-109-4-2,Coupe,2,,,,,109.4,183.5,74.8,53.9,62.6,63,,,,,,,,,
nhtsa-nissan-juke-suv-4dr-99-6,SUV,4,,,,,99.6,162.6,69.7,61.8,60.2,59.4,,,,,,,,,
nhtsa-nissan-juke-suv-4dr-99-6-2,SUV,4,,,,,99.6,162.6,69.7,61.8,60.2,60.2,,,,,,,,,
nhtsa-nissan-juke-suv-4dr-99-6-3,SUV,4,,,,,99.6,163.8,69.7,61.8,60.2,59.4,,,,,,,,,
nhtsa-nissan-juke-suv-4dr-99-6-4,SUV,4,,,,,99.6,163.8,69.7,61.8,60.2,60.2,,,,,,,,,
nhtsa-nissan-kicks-play-suv-4dr-103-1,SUV,4,,,,,103.1,169.7,69.3,63.4,59.8,60.2,,,,,,,,,
nhtsa-nissan-kicks-suv-4dr-103-1,SUV,4,,,,,103.1,169.3,69.3,61.4,59.8,60.2,,,,,,,,,
nhtsa-nissan-kicks-suv-4dr-103-1-2,SUV,4,,,,,103.1,169.7,69.3,63.4,59.8,60.2,,,,,,,,,
nhtsa-nissan-leaf-hatchback-4dr-106-3,Hatchback,4,,,,,106.3,175.2,69.7,61,60.6,60.2,,,,,,,,,
nhtsa-nissan-leaf-hatchback-5dr-106-3,Hatchback,5,,,,,106.3,176.4,70.5,61.4,60.6,61,,,,,,,,,
nhtsa-nissan-maxima-sedan-100-4,Sedan,,,,,,100.4,181.9,66.5,55.1,,,,,,,,,,,
nhtsa-nissan-maxima-sedan-100-4-2,Sedan,,,,,,100.4,182.3,66.5,55.1,,,,,,,,,,,
nhtsa-nissan-maxima-sedan-4dr-100-4,Sedan,4,,,,,100.4,181.9,66.5,55.1,,,,,,,,,,,
nhtsa-nissan-maxima-sedan-4dr-104-3,Sedan,4,,,,,104.3,187.8,69.3,55.1,59.4,58.7,,,,,,,,,
nhtsa-nissan-maxima-sedan-4dr-106-3,Sedan,4,,,,,106.3,187.8,69.7,55.9,59.8,59.1,,,,,,,,,
nhtsa-nissan-maxima-sedan-4dr-106-3-2,Sedan,4,,,,,106.3,189.4,69.7,55.9,59.4,58.7,,,,,,,,,
nhtsa-nissan-maxima-sedan-4dr-106-3-3,Sedan,4,,,,,106.3,189.4,69.7,55.9,59.1,59.1,,,,,,,,,
nhtsa-nissan-maxima-sedan-4dr-108-3,Sedan,4,,,,,108.3,190.6,70.5,56.7,60.2,59.8,,,,,,,,,
nhtsa-nissan-maxima-sedan-4dr-108-3-2,Sedan,4,,,,,108.3,190.6,70.5,56.7,60.2,59.4,,,,,,,,,
nhtsa-nissan-maxima-sedan-4dr-108-3-3,Sedan,4,,,,,108.3,191.3,70.5,56.3,60.2,59.4,,,,,,,,,
nhtsa-nissan-maxima-sedan-4dr-109-4,Sedan,4,,,,,109.4,190.6,73.2,57.9,62.2,62.6,,,,,,,,,
nhtsa-nissan-maxima-sedan-4dr-109-4-2,Sedan,4,,,,,109.4,192.9,73.2,56.7,62.2,62.2,,,,,,,,,
nhtsa-nissan-maxima-sedan-4dr-111-8,Sedan,4,,,,,111.8,193.7,70.5,57.1,61.4,61.4,,,,,,,,,
nhtsa-nissan-micra-body-90-6,,,,,,,90.6,149.2,65,55.1,,,,,,,,,,,
nhtsa-nissan-micra-body-90-6-2,,,,,,,90.6,149.2,68.5,55.1,,,,,,,,,,,
nhtsa-nissan-micra-hatchback-2dr-90-6,Hatchback,2,,,,,90.6,149.2,65,55.1,,,,,,,,,,,
nhtsa-nissan-micra-hatchback-2dr-90-6-2,Hatchback,2,,,,,90.6,149.2,61.4,55.1,,,,,,,,,,,
nhtsa-nissan-micra-hatchback-4dr-90-6,Hatchback,4,,,,,90.6,149.2,61.4,55.1,,,,,,,,,,,
nhtsa-nissan-murano-suv-4dr-111,SUV,4,,,,,111,188.6,74,68.1,63,63,,,,,,,,,
nhtsa-nissan-murano-suv-4dr-111-4,SUV,4,,,,,111.4,187.8,74,67.3,64.2,64.2,,,,,,,,,
nhtsa-nissan-murano-suv-4dr-111-4-2,SUV,4,,,,,111.4,189.8,74,68.1,63.4,63.4,,,,,,,,,
nhtsa-nissan-murano-suv-4dr-111-4-3,SUV,4,,,,,111.4,192.5,75.6,66.5,64.6,64.6,,,,,,,,,
nhtsa-nissan-murano-suv-4dr-111-4-4,SUV,4,,,,,111.4,192.9,78,67.7,66.9,66.9,,,,,,,,,
nhtsa-nissan-nv200-van-115-4,Van,,,,,,115.4,186.2,71.3,73.6,60.2,60.2,,,,,,,,,
nhtsa-nissan-pathfinder-body-104-3,,,,,,,104.3,172,66.5,65.7,,,,,,,,,,,
nhtsa-nissan-pathfinder-body-104-3-2,,,,,,,104.3,172,66.5,66.1,,,,,,,,,,,
nhtsa-nissan-pathfinder-body-104-3-3,,,,,,,104.3,,,,,,,,,,,,,,
nhtsa-nissan-pathfinder-body-104-3-4,,,,,,,104.3,171.7,65.7,66.5,57.1,56.3,,,,,,,,,
nhtsa-nissan-pathfinder-body-104-3-5,,,,,,,104.3,171.7,65.7,66.5,55.9,55.5,,,,,,,,,
nhtsa-nissan-pathfinder-body-2dr-104-3,,2,,,,,104.3,172,66.5,65.7,57.1,56.3,,,,,,,,,
nhtsa-nissan-pathfinder-body-2dr-104-3-2,,2,,,,,104.3,172,66.5,65.7,,,,,,,,,,,
nhtsa-nissan-pathfinder-body-4dr-104-3,,4,,,,,104.3,172,66.5,66.1,57.5,56.7,,,,,,,,,
nhtsa-nissan-pathfinder-body-4dr-104-3-2,,4,,,,,104.3,172,66.5,65.7,55.9,55.5,,,,,,,,,
nhtsa-nissan-pathfinder-body-4dr-104-3-3,,4,,,,,104.3,172,66.5,66.5,56.3,55.5,,,,,,,,,
nhtsa-nissan-pathfinder-body-4dr-104-3-4,,4,,,,,104.3,172,66.5,66.5,57.5,56.7,,,,,,,,,
nhtsa-nissan-pathfinder-body-4dr-104-3-5,,4,,,,,104.3,172,66.5,65.7,56.3,55.5,,,,,,,,,
nhtsa-nissan-pathfinder-body-4dr-106-3,,4,,,,,106.3,178.3,68.9,66.9,58.3,58.7,,,,,,,,,
nhtsa-nissan-pathfinder-body-4dr-106-3-2,,4,,,,,106.3,178.3,72.4,68.1,58.7,59.1,,,,,,,,,
nhtsa-nissan-pathfinder-body-4dr-106-3-3,,4,,,,,106.3,182.3,69.7,68.1,60.6,60.6,,,,,,,,,
nhtsa-nissan-pathfinder-body-4dr-106-3-4,,4,,,,,106.3,182.3,69.7,68.1,58.3,58.7,,,,,,,,,
nhtsa-nissan-pathfinder-body-4dr-106-3-5,,4,,,,,106.3,182.7,69.7,68.1,60.6,60.6,,,,,,,,,
nhtsa-nissan-pathfinder-body-4dr-106-3-6,,4,,,,,106.3,182.7,71.7,68.1,60.6,60.6,,,,,,,,,
nhtsa-nissan-pathfinder-body-4dr-106-3-7,,4,,,,,106.3,182.7,71.7,68.1,58.3,58.7,,,,,,,,,
nhtsa-nissan-pathfinder-suv-4dr-106-3,SUV,4,,,,,106.3,182.7,71.7,68.1,58.3,58.7,,,,,,,,,
nhtsa-nissan-pathfinder-suv-4dr-106-3-2,SUV,4,,,,,106.3,182.7,69.7,68.1,60.6,60.6,,,,,,,,,
nhtsa-nissan-pathfinder-suv-4dr-106-3-3,SUV,4,,,,,106.3,182.7,71.7,68.1,60.6,60.6,,,,,,,,,
nhtsa-nissan-pathfinder-suv-4dr-112-2,SUV,4,,,,,112.2,187.8,72.8,73.2,61.4,61.8,,,,,,,,,
nhtsa-nissan-pathfinder-suv-4dr-112-2-2,SUV,4,,,,,112.2,187.8,72.8,72.8,61.4,61.8,,,,,,,,,
nhtsa-nissan-pathfinder-suv-4dr-112-2-3,SUV,4,,,,,112.2,192.1,72.8,72.8,62.2,61.8,,,,,,,,,
nhtsa-nissan-pathfinder-suv-4dr-112-2-4,SUV,4,,,,,112.2,192.1,72.8,72.4,62.2,61.8,,,,,,,,,
nhtsa-nissan-pathfinder-suv-4dr-114-2,SUV,4,,,,,114.2,197.2,77.2,69.7,65.7,65.7,,,,,,,,,
nhtsa-nissan-pathfinder-suv-4dr-114-2-2,SUV,4,,,,,114.2,198.4,77.2,70.1,65.7,65.7,,,,,,,,,
nhtsa-nissan-pathfinder-suv-4dr-114-2-3,SUV,4,,,,,114.2,197.2,78,70.9,65.4,65.4,,,,,,,,,
nhtsa-nissan-pathfinder-suv-4dr-123-2,SUV,4,,,,,123.2,206.7,78.7,78.7,67.7,68.1,,,,,,,,,
nhtsa-nissan-pulsar-coupe-2dr-95-7,Coupe,2,,,,,95.7,166.5,66.1,51.2,,,,,,,,,,,
nhtsa-nissan-pulsar-coupe-2dr-95-7-2,Coupe,2,,,,,95.7,166.5,66.1,51.2,57.1,56.7,,,,,,,,,
nhtsa-nissan-pulsar-coupe-95-3,Coupe,,,,,,95.3,162.6,69.3,53.5,,,,,,,,,,,
nhtsa-nissan-pulsar-hatchback-2dr-95-7,Hatchback,2,,,,,95.7,166.5,66.1,51.2,,,,,,,,,,,
nhtsa-nissan-quest-body-112-2,,,,,,,112.2,189.8,73.6,67.7,63.4,63.4,,,,,,,,,
nhtsa-nissan-quest-body-112-2-2,,,,,,,112.2,194.9,74.8,64.2,63.4,63.4,,,,,,,,,
nhtsa-nissan-quest-body-2dr-112-2,,2,,,,,112.2,189.8,73.6,67.7,,,,,,,,,,,
nhtsa-nissan-quest-body-4dr-124,,4,,,,,124,204.3,77.2,69.3,66.9,66.9,,,,,,,,,
nhtsa-nissan-quest-van-4dr-118-1,Van,4,,,,,118.1,200.8,77.6,73.2,68.1,68.1,,,,,,,,,
nhtsa-nissan-quest-wagon-3dr-112-2,Wagon,3,,,,,112.2,189.8,73.6,67.7,63.4,63.4,,,,,,,,,
nhtsa-nissan-rogue-body-4dr-105-9,,4,,,,,105.9,183.1,70.9,66.1,60.2,59.8,,,,,,,,,
nhtsa-nissan-rogue-body-4dr-105-9-2,,4,,,,,105.9,183.1,70.9,66.1,60.6,61,,,,,,,,,
nhtsa-nissan-rogue-body-4dr-106-3,,4,,,,,106.3,182.3,72.4,67.7,63,63,,,,,,,,,
nhtsa-nissan-rogue-suv-4dr-106-3,SUV,4,,,,,106.3,182.3,72.4,67.7,63,63,,,,,,,,,
nhtsa-nissan-rogue-suv-4dr-106-3-2,SUV,4,,,,,106.3,184.6,72.4,68.5,63,63,,,,,,,,,
nhtsa-nissan-rogue-suv-4dr-106-3-3,SUV,4,,,,,106.3,182.7,72.4,66.5,62.2,62.6,,,,,,,,,
nhtsa-nissan-sentra-body-2dr-94-5,,2,,,,,94.5,167.3,63.8,54.7,,,,,,,,,,,
nhtsa-nissan-sentra-body-4dr-94-5,,4,,,,,94.5,167.3,63.8,54.7,,,,,,,,,,,
nhtsa-nissan-sentra-body-95-7,,,,,,,95.7,168.9,64.6,54.7,,,,,,,,,,,
nhtsa-nissan-sentra-body-95-7-2,,,,,,,95.7,172,64.6,54.7,56.3,55.9,,,,,,,,,
nhtsa-nissan-sentra-body-95-7-3,,,,,,,95.7,172.4,64.6,55.1,56.3,55.9,,,,,,,,,
nhtsa-nissan-sentra-body-99-6,,,,,,,99.6,177.6,67.3,55.5,58.3,57.5,,,,,,,,,
nhtsa-nissan-sentra-classic-sedan-4dr-95-7,Sedan,4,,,,,95.7,168.9,64.6,54.7,,,,,,,,,,,
nhtsa-nissan-sentra-coupe-2dr-95-7,Coupe,2,,,,,95.7,168.9,64.6,54.7,,,,,,,,,,,
nhtsa-nissan-sentra-coupe-2dr-95-7-2,Coupe,2,,,,,95.7,166.1,65.7,52.4,,,,,,,,,,,
nhtsa-nissan-sentra-coupe-2dr-95-7-3,Coupe,2,,,,,95.7,170.5,65.7,53.9,57.1,56.3,,,,,,,,,
nhtsa-nissan-sentra-coupe-95-7,Coupe,,,,,,95.7,166.1,65.7,52.4,56.3,55.9,,,,,,,,,
nhtsa-nissan-sentra-hatchback-2dr-95-7,Hatchback,2,,,,,95.7,166.1,65.7,52.8,,,,,,,,,,,
nhtsa-nissan-sentra-hatchback-94-5,Hatchback,,,,,,94.5,167.3,63.8,53.5,,,,,,,,,,,
nhtsa-nissan-sentra-hatchback-95-7,Hatchback,,,,,,95.7,166.5,65.7,52.8,,,,,,,,,,,
nhtsa-nissan-sentra-sedan-2dr-95-7,Sedan,2,,,,,95.7,168.9,64.6,54.7,,,,,,,,,,,
nhtsa-nissan-sentra-sedan-4dr-100,Sedan,4,,,,,100,170.1,66.5,54.3,58.3,56.7,,,,,,,,,
nhtsa-nissan-sentra-sedan-4dr-100-2,Sedan,4,,,,,100,170.9,66.5,54.3,58.3,57.1,,,,,,,,,
nhtsa-nissan-sentra-sedan-4dr-100-3,Sedan,4,,,,,100,177.6,67.3,55.5,58.3,57.5,,,,,,,,,
nhtsa-nissan-sentra-sedan-4dr-105-9,Sedan,4,,,,,105.9,179.9,70.5,59.4,59.4,60.2,,,,,,,,,
nhtsa-nissan-sentra-sedan-4dr-106-3,Sedan,4,,,,,106.3,182.3,69.3,59.1,60.2,60.2,,,,,,,,,
nhtsa-nissan-sentra-sedan-4dr-106-3-2,Sedan,4,,,,,106.3,182.7,69.3,59.1,60.2,60.2,,,,,,,,,
nhtsa-nissan-sentra-sedan-4dr-106-7,Sedan,4,,,,,106.7,182.7,71.7,57.1,62.6,63,,,,,,,,,
nhtsa-nissan-sentra-sedan-4dr-95-7,Sedan,4,,,,,95.7,168.9,64.6,54.7,,,,,,,,,,,
nhtsa-nissan-sentra-sedan-4dr-95-7-2,Sedan,4,,,,,95.7,170.5,65.7,53.9,,,,,,,,,,,
nhtsa-nissan-sentra-sedan-4dr-95-7-3,Sedan,4,,,,,95.7,170.5,65.7,53.9,57.1,56.3,,,,,,,,,
nhtsa-nissan-sentra-sedan-4dr-99-6,Sedan,4,,,,,99.6,177.6,67.3,55.5,57.5,56.7,,,,,,,,,
nhtsa-nissan-sentra-sedan-4dr-99-6-2,Sedan,4,,,,,99.6,177.6,67.3,55.5,58.3,57.5,,,,,,,,,
nhtsa-nissan-sentra-wagon-94-5,Wagon,,,,,,94.5,172.4,63.8,53.5,,,,,,,,,,,
nhtsa-nissan-sentra-wagon-95-7,Wagon,,,,,,95.7,172.4,64.6,58.7,,,,,,,,,,,
nhtsa-nissan-sentra-wagon-95-7-2,Wagon,,,,,,95.7,172.4,64.6,55.1,,,,,,,,,,,
nhtsa-nissan-sentra-wagon-95-7-3,Wagon,,,,,,95.7,172.4,64.6,54.7,,,,,,,,,,,
nhtsa-nissan-stanza-hatchback-5dr-97-2,Hatchback,5,,,,,97.2,173.6,65.7,54.7,,,,,,,,,,,
nhtsa-nissan-stanza-sedan-4dr-100-4,Sedan,4,,,,,100.4,179.9,66.9,54.3,57.5,56.7,,,,,,,,,
nhtsa-nissan-stanza-sedan-4dr-100-4-2,Sedan,4,,,,,100.4,179.9,66.9,54.3,,,,,,,,,,,
nhtsa-nissan-stanza-sedan-97-2,Sedan,,,,,,97.2,173.6,65.7,54.7,,,,,,,,,,,
nhtsa-nissan-titan-pickup-139-8,Pickup,,,,,,139.8,226,79.5,75.2,70.5,70.5,,,,,,,,,
nhtsa-nissan-titan-pickup-139-8-2,Pickup,,,,,,139.8,228.3,79.5,77.2,70.1,70.1,,,,,,,,,
nhtsa-nissan-titan-pickup-crew-139-8,Pickup,,Crew,,,,139.8,226.4,80.7,77.2,70.5,70.5,,,,,,,,,
nhtsa-nissan-titan-pickup-crew-139-8-2,Pickup,,Crew,,,,139.8,226,79.5,76,70.5,70.5,,,,,,,,,
nhtsa-nissan-titan-pickup-crew-151-6,Pickup,,Crew,,,,151.6,240.2,79.5,78,70.1,70.1,,,,,,,,,
nhtsa-nissan-titan-pickup-crew-151-6-2,Pickup,,Crew,,,,151.6,240.2,80.7,78.3,70.1,70.1,,,,,,,,,
nhtsa-nissan-titan-pickup-crew-151-6-3,Pickup,,Crew,,,,151.6,240.2,79.5,78.7,70.1,70.1,,,,,,,,,
nhtsa-nissan-titan-pickup-crew-long-159-4,Pickup,,Crew,,,,159.4,242.1,78.7,76.8,67.7,67.7,,,,,,,,,
nhtsa-nissan-titan-pickup-crew-short-139-8,Pickup,,Crew,,,,139.8,222.4,78.7,76.8,67.7,67.7,,,,,,,,,
nhtsa-nissan-titan-pickup-crew-short-140-6,Pickup,,Crew,,,,140.6,222.4,78.7,76.8,67.7,67.7,,,,,,,,,
nhtsa-nissan-titan-pickup-extended-short-139-8,Pickup,,Extended,,,,139.8,221.7,78.7,75.2,67.7,67.7,,,,,,,,,
nhtsa-nissan-titan-pickup-extended-short-139-8-2,Pickup,,Extended,,,,139.8,221.7,78.7,76.8,67.7,67.7,,,,,,,,,
nhtsa-nissan-titan-pickup-extended-short-140-2,Pickup,,Extended,,,,140.2,221.7,78.7,75.2,67.7,67.7,,,,,,,,,
nhtsa-nissan-titan-pickup-extended-short-140-6,Pickup,,Extended,,,,140.6,221.7,78.7,76.8,67.7,67.7,,,,,,,,,
nhtsa-nissan-versa-body-4dr-102-4,,4,,,,,102.4,169.3,66.9,60.6,57.5,58.7,,,,,,,,,
nhtsa-nissan-versa-hatchback-4dr-102-4,Hatchback,4,,,,,102.4,169.3,66.9,60.6,57.5,58.7,,,,,,,,,
nhtsa-nissan-versa-note-hatchback-4dr-102-4,Hatchback,4,,,,,102.4,163.4,66.9,60.6,58.3,57.5,,,,,,,,,
nhtsa-nissan-versa-note-hatchback-4dr-102-4-2,Hatchback,4,,,,,102.4,163.4,66.9,60.6,58.3,58.3,,,,,,,,,
nhtsa-nissan-versa-sedan-4dr-102-4,Sedan,4,,,,,102.4,176,66.9,60.6,57.9,58.3,,,,,,,,,
nhtsa-nissan-versa-sedan-4dr-102-4-2,Sedan,4,,,,,102.4,175.6,66.9,59.4,58.3,58.3,,,,,,,,,
nhtsa-nissan-versa-sedan-4dr-103-1,Sedan,4,,,,,103.1,176.8,68.5,57.5,59.8,60.2,,,,,,,,,
nhtsa-nissan-x-trail-suv-4dr-102-4,SUV,4,,,,,102.4,175.2,69.7,68.9,60.6,60.2,,,,,,,,,
nhtsa-nissan-xterra-suv-4dr-104-3,SUV,4,,,,,104.3,178,70.5,74,60.2,59.4,,,,,,,,,
nhtsa-nissan-xterra-suv-4dr-104-3-2,SUV,4,,,,,104.3,178,70.5,74.4,60.2,59.4,,,,,,,,,
nhtsa-nissan-xterra-suv-4dr-106-3,SUV,4,,,,,106.3,178.3,72.8,74.8,61.4,61.4,,,,,,,,,
nhtsa-oldsmobile-achieva-coupe-2dr-103-5,Coupe,2,,,,,103.5,187.8,67.3,53.1,,,,,,,,,,,
nhtsa-oldsmobile-achieva-coupe-2dr-103-5-2,Coupe,2,,,,,103.5,187.8,67.3,53.1,55.5,55.5,,,,,,,,,
nhtsa-oldsmobile-achieva-coupe-2dr-103-5-3,Coupe,2,,,,,103.5,187.8,67.3,53.1,55.9,55.5,,,,,,,,,
nhtsa-oldsmobile-achieva-sedan-4dr-103-5,Sedan,4,,,,,103.5,187.8,67.3,53.1,,,,,,,,,,,
nhtsa-oldsmobile-achieva-sedan-4dr-103-5-2,Sedan,4,,,,,103.5,187.8,67.3,53.1,55.5,55.5,,,,,,,,,
nhtsa-oldsmobile-achieva-sedan-4dr-103-5-3,Sedan,4,,,,,103.5,187.8,68.1,53.5,55.9,55.5,,,,,,,,,
nhtsa-oldsmobile-alero-coupe-2dr-107-1,Coupe,2,,,,,107.1,186.6,70.1,54.3,59.1,59.1,,,,,,,,,
nhtsa-oldsmobile-alero-sedan-4dr-107-1,Sedan,4,,,,,107.1,186.6,70.1,54.3,59.1,59.1,,,,,,,,,
nhtsa-oldsmobile-aurora-sedan-4dr-112-2,Sedan,4,,,,,112.2,199.2,72.8,56.7,62.2,62.2,,,,,,,,,
nhtsa-oldsmobile-aurora-sedan-4dr-113-8,Sedan,4,,,,,113.8,205.5,74.4,55.5,62.2,62.2,,,,,,,,,
nhtsa-oldsmobile-bravada-suv-4dr-113,SUV,4,,,,,113,191.7,74.4,72,62.2,61.8,,,,,,,,,
nhtsa-oldsmobile-bravada-suv-4dr-113-2,SUV,4,,,,,113,191.7,75.6,72,62.2,61.8,,,,,,,,,
nhtsa-oldsmobile-custom-cruiser-body-116-1,,,,,,,116.1,220.5,79.9,59.1,,,,,,,,,,,
nhtsa-oldsmobile-custom-cruiser-wagon-116-1,Wagon,,,,,,116.1,220.5,79.9,58.7,,,,,,,,,,,
nhtsa-oldsmobile-cutlass-body-2dr-108-3,,2,,,,,108.3,200,71.7,54.7,,,,,,,,,,,
nhtsa-oldsmobile-cutlass-calais-body-108-3,,,,,,,108.3,200.8,72,55.5,,,,,,,,,,,
nhtsa-oldsmobile-cutlass-calais-body-2dr-108-3,,2,,,,,108.3,200.8,71.7,55.5,,,,,,,,,,,
nhtsa-oldsmobile-cutlass-calais-coupe-103-5,Coupe,,,,,,103.5,178.7,66.5,52.4,55.9,55.5,,,,,,,,,
nhtsa-oldsmobile-cutlass-calais-coupe-103-5-2,Coupe,,,,,,103.5,178.7,66.5,52.4,,,,,,,,,,,
nhtsa-oldsmobile-cutlass-calais-coupe-2dr-103-5,Coupe,2,,,,,103.5,178.7,66.9,52.4,,,,,,,,,,,
nhtsa-oldsmobile-cutlass-calais-coupe-2dr-103-5-2,Coupe,2,,,,,103.5,178.7,66.5,52.4,59.1,57.5,,,,,,,,,
nhtsa-oldsmobile-cutlass-calais-sedan-4dr-103-5,Sedan,4,,,,,103.5,178.7,66.9,52.4,,,,,,,,,,,
nhtsa-oldsmobile-cutlass-calais-sedan-4dr-103-5-2,Sedan,4,,,,,103.5,178.7,66.5,52.4,59.1,57.5,,,,,,,,,
nhtsa-oldsmobile-cutlass-calais-sedan-4dr-103-5-3,Sedan,4,,,,,103.5,178.7,66.5,52.4,55.9,55.5,,,,,,,,,
nhtsa-oldsmobile-cutlass-calais-sedan-4dr-103-5-4,Sedan,4,,,,,103.5,178.7,66.5,52.4,,,,,,,,,,,
nhtsa-oldsmobile-cutlass-ciera-body-104-7,,,,,,,104.7,188.2,69.7,55.1,,,,,,,,,,,
nhtsa-oldsmobile-cutlass-ciera-body-105-1,,,,,,,105.1,188.6,66.1,53.9,,,,,,,,,,,
nhtsa-oldsmobile-cutlass-ciera-coupe-104-7,Coupe,,,,,,104.7,190.6,69.7,54.3,,,,,,,,,,,
nhtsa-oldsmobile-cutlass-ciera-coupe-2dr-104-7,Coupe,2,,,,,104.7,190.6,69.7,54.3,,,,,,,,,,,
nhtsa-oldsmobile-cutlass-ciera-coupe-2dr-104-7-2,Coupe,2,,,,,104.7,190.2,69.7,54.3,,,,,,,,,,,
nhtsa-oldsmobile-cutlass-ciera-coupe-2dr-104-7-3,Coupe,2,,,,,104.7,190.2,69.7,54.3,59.1,57.5,,,,,,,,,
nhtsa-oldsmobile-cutlass-ciera-sedan-104-7,Sedan,,,,,,104.7,188.2,69.7,55.1,,,,,,,,,,,
nhtsa-oldsmobile-cutlass-ciera-sedan-104-7-2,Sedan,,,,,,104.7,190.6,69.7,54.3,,,,,,,,,,,
nhtsa-oldsmobile-cutlass-ciera-sedan-104-7-3,Sedan,,,,,,104.7,190.2,69.7,54.3,59.1,57.5,,,,,,,,,
nhtsa-oldsmobile-cutlass-ciera-sedan-4dr-104-7,Sedan,4,,,,,104.7,190.6,69.7,54.3,,,,,,,,,,,
nhtsa-oldsmobile-cutlass-ciera-sedan-4dr-104-7-2,Sedan,4,,,,,104.7,190.2,69.7,54.3,,,,,,,,,,,
nhtsa-oldsmobile-cutlass-ciera-sedan-4dr-104-7-3,Sedan,4,,,,,104.7,190.2,69.7,54.3,59.1,57.5,,,,,,,,,
nhtsa-oldsmobile-cutlass-ciera-sedan-4dr-104-7-4,Sedan,4,,,,,104.7,190.2,69.7,54.3,58.7,57.1,,,,,,,,,
nhtsa-oldsmobile-cutlass-ciera-sedan-4dr-104-7-5,Sedan,4,,,,,104.7,193.3,69.7,54.3,59.1,57.1,,,,,,,,,
nhtsa-oldsmobile-cutlass-ciera-wagon-104-7,Wagon,,,,,,104.7,191.3,69.7,55.1,,,,,,,,,,,
nhtsa-oldsmobile-cutlass-ciera-wagon-104-7-2,Wagon,,,,,,104.7,194.5,69.7,54.7,,,,,,,,,,,
nhtsa-oldsmobile-cutlass-ciera-wagon-4dr-104-7,Wagon,4,,,,,104.7,195.3,69.7,54.7,59.1,57.1,,,,,,,,,
nhtsa-oldsmobile-cutlass-cruiser-wagon-108-3,Wagon,,,,,,108.3,200.4,71.7,57.1,,,,,,,,,,,
nhtsa-oldsmobile-cutlass-sedan-4dr-108-3,Sedan,4,,,,,108.3,199.2,72,55.9,,,,,,,,,,,
nhtsa-oldsmobile-cutlass-supreme-body-107-5,,,,,,,107.5,192.1,70.9,52.8,59.1,57.5,,,,,,,,,
nhtsa-oldsmobile-cutlass-supreme-body-2dr-108-3,,2,,,,,108.3,200,71.7,54.7,,,,,,,,,,,
nhtsa-oldsmobile-cutlass-supreme-convertible-107-5,Convertible,,,,,,107.5,192.1,70.9,54.3,,,,,,,,,,,
nhtsa-oldsmobile-cutlass-supreme-convertible-2dr-107-5,Convertible,2,,,,,107.5,194.1,70.9,54.7,59.4,57.9,,,,,,,,,
nhtsa-oldsmobile-cutlass-supreme-coupe-107-5,Coupe,,,,,,107.5,192.1,72.4,52.8,,,,,,,,,,,
nhtsa-oldsmobile-cutlass-supreme-coupe-107-5-2,Coupe,,,,,,107.5,192.1,70.9,53.1,59.1,57.5,,,,,,,,,
nhtsa-oldsmobile-cutlass-supreme-coupe-108-3,Coupe,,,,,,108.3,200,71.7,54.7,,,,,,,,,,,
nhtsa-oldsmobile-cutlass-supreme-coupe-2dr-107-5,Coupe,2,,,,,107.5,192.1,72.4,52.8,,,,,,,,,,,
nhtsa-oldsmobile-cutlass-supreme-coupe-2dr-107-5-2,Coupe,2,,,,,107.5,192.1,70.9,53.1,59.1,57.5,,,,,,,,,
nhtsa-oldsmobile-cutlass-supreme-coupe-2dr-107-5-3,Coupe,2,,,,,107.5,194.1,70.9,53.1,59.4,57.9,,,,,,,,,
nhtsa-oldsmobile-cutlass-supreme-coupe-2dr-108-3,Coupe,2,,,,,108.3,200,71.7,54.7,,,,,,,,,,,
nhtsa-oldsmobile-cutlass-supreme-sedan-107-5,Sedan,,,,,,107.5,192.1,70.9,54.7,59.4,57.9,,,,,,,,,
nhtsa-oldsmobile-cutlass-supreme-sedan-108-3,Sedan,,,,,,108.3,200.4,72,55.9,,,,,,,,,,,
nhtsa-oldsmobile-cutlass-supreme-sedan-4dr-107-5,Sedan,4,,,,,107.5,192.1,70.9,54.7,59.4,57.9,,,,,,,,,
nhtsa-oldsmobile-cutlass-supreme-sedan-4dr-107-5-2,Sedan,4,,,,,107.5,193.7,70.9,54.7,59.4,57.9,,,,,,,,,
nhtsa-oldsmobile-cutlass-supreme-sedan-4dr-108-3,Sedan,4,,,,,108.3,200.4,72,56.7,,,,,,,,,,,
nhtsa-oldsmobile-cutlass-supreme-sedan-4dr-108-3-2,Sedan,4,,,,,108.3,200.4,72,55.9,,,,,,,,,,,
nhtsa-oldsmobile-cutlass-wagon-108-3,Wagon,,,,,,108.3,198,71.7,56.3,,,,,,,,,,,
nhtsa-oldsmobile-delta-88-body-116-1,,,,,,,116.1,218.1,76.4,56.7,,,,,,,,,,,
nhtsa-oldsmobile-delta-88-body-2dr-116-1,,2,,,,,116.1,218.1,76.4,56.7,,,,,,,,,,,
nhtsa-oldsmobile-delta-88-body-4dr-116-1,,4,,,,,116.1,218.1,76.4,56.7,,,,,,,,,,,
nhtsa-oldsmobile-delta-88-body-4dr-116-1-2,,4,,,,,116.1,218.1,76.4,57.5,,,,,,,,,,,
nhtsa-oldsmobile-delta-88-coupe-110-6,Coupe,,,,,,110.6,196.1,72,54.7,,,,,,,,,,,
nhtsa-oldsmobile-delta-88-coupe-116-1,Coupe,,,,,,116.1,218.1,76.4,55.9,,,,,,,,,,,
nhtsa-oldsmobile-delta-88-coupe-2dr-111,Coupe,2,,,,,111,196.1,72.4,54.7,,,,,,,,,,,
nhtsa-oldsmobile-delta-88-sedan-110-6,Sedan,,,,,,110.6,196.1,72,54.7,,,,,,,,,,,
nhtsa-oldsmobile-delta-88-sedan-116-1,Sedan,,,,,,116.1,218.1,76.4,57.5,,,,,,,,,,,
nhtsa-oldsmobile-delta-88-sedan-116-1-2,Sedan,,,,,,116.1,218.1,76.4,56.7,,,,,,,,,,,
nhtsa-oldsmobile-delta-88-sedan-4dr-111,Sedan,4,,,,,111,196.1,72.4,54.7,,,,,,,,,,,
nhtsa-oldsmobile-delta-88-sedan-4dr-111-2,Sedan,4,,,,,111,196.1,72,55.5,,,,,,,,,,,
nhtsa-oldsmobile-delta-88-sedan-4dr-116-1,Sedan,4,,,,,116.1,218.1,76.4,56.7,,,,,,,,,,,
nhtsa-oldsmobile-delta-88-wagon-4dr-116-1,Wagon,4,,,,,116.1,220.5,79.9,58.7,,,,,,,,,,,
nhtsa-oldsmobile-firenza-body-101-2,,,,,,,101.2,174.4,65,52.8,,,,,,,,,,,
nhtsa-oldsmobile-firenza-body-2dr-101-2,,2,,,,,101.2,174,64.2,,,,,,,,,,,,
nhtsa-oldsmobile-firenza-body-4dr-101-2,,4,,,,,101.2,174,64.2,54.3,,,,,,,,,,,
nhtsa-oldsmobile-firenza-coupe-101-2,Coupe,,,,,,101.2,174.4,65,51.6,,,,,,,,,,,
nhtsa-oldsmobile-firenza-coupe-2dr-101-2,Coupe,2,,,,,101.2,174.4,65,51.6,,,,,,,,,,,
nhtsa-oldsmobile-firenza-hatchback-101-2,Hatchback,,,,,,101.2,174.4,65,55.1,,,,,,,,,,,
nhtsa-oldsmobile-firenza-hatchback-2dr-101-2,Hatchback,2,,,,,101.2,174.4,65,55.1,,,,,,,,,,,
nhtsa-oldsmobile-firenza-hatchback-2dr-101-2-2,Hatchback,2,,,,,101.2,174.4,65,51.6,,,,,,,,,,,
nhtsa-oldsmobile-firenza-sedan-101-2,Sedan,,,,,,101.2,176.4,65,53.9,,,,,,,,,,,
nhtsa-oldsmobile-firenza-sedan-4dr-101-2,Sedan,4,,,,,101.2,176.4,65,53.5,,,,,,,,,,,
nhtsa-oldsmobile-firenza-sedan-4dr-101-2-2,Sedan,4,,,,,101.2,176.4,65,53.9,,,,,,,,,,,
nhtsa-oldsmobile-firenza-wagon-101-2,Wagon,,,,,,101.2,176.4,65,55.9,,,,,,,,,,,
nhtsa-oldsmobile-firenza-wagon-101-2-2,Wagon,,,,,,101.2,176.4,65,55.1,,,,,,,,,,,
nhtsa-oldsmobile-intrigue-sedan-4dr-109-1,Sedan,4,,,,,109.1,196.1,73.6,56.7,61.8,61.4,,,,,,,,,
nhtsa-oldsmobile-omega-body-104-7,,,,,,,104.7,182.7,69.7,54.7,,,,,,,,,,,
nhtsa-oldsmobile-omega-body-2dr-104-7,,2,,,,,104.7,181.9,69.7,53.5,,,,,,,,,,,
nhtsa-oldsmobile-omega-sedan-104-7,Sedan,,,,,,104.7,182.7,69.7,53.9,,,,,,,,,,,
nhtsa-oldsmobile-omega-sedan-4dr-104-7,Sedan,4,,,,,104.7,181.9,69.7,53.5,,,,,,,,,,,
nhtsa-oldsmobile-silhouette-body-112-2,,,,,,,112.2,187.4,72,67.3,61.4,63,,,,,,,,,
nhtsa-oldsmobile-silhouette-body-120-1,,,,,,,120.1,201.6,72,68.1,61.4,63,,,,,,,,,
nhtsa-oldsmobile-silhouette-body-120-1-2,,,,,,,120.1,201.2,72.8,68.1,61.4,63.4,,,,,,,,,
nhtsa-oldsmobile-toronado-body-114-2,,,,,,,114.2,205.9,71.3,54.3,,,,,,,,,,,
nhtsa-oldsmobile-toronado-body-114-2-2,,,,,,,114.2,205.9,71.3,74.8,,,,,,,,,,,
nhtsa-oldsmobile-toronado-coupe-2dr-107-9,Coupe,2,,,,,107.9,187.4,70.9,53.1,,,,,,,,,,,
nhtsa-oldsmobile-toronado-coupe-2dr-107-9-2,Coupe,2,,,,,107.9,187.4,70.9,52.8,,,,,,,,,,,
nhtsa-oldsmobile-toronado-coupe-2dr-107-9-3,Coupe,2,,,,,107.9,200.4,72.8,53.1,60.6,61.4,,,,,,,,,
nhtsa-pagani-huayra-body-110-2,,,,,,,110.2,181.5,80.3,46.1,,,,,,,,,,,
nhtsa-peugeot-405-sedan-105-1,Sedan,,,,,,105.1,177.6,67.7,55.5,57.5,56.7,,,,,,,,,
nhtsa-peugeot-405-sedan-105-1-2,Sedan,,,,,,105.1,177.6,67.3,55.1,,,,,,,,,,,
nhtsa-peugeot-504-wagon-114-2,Wagon,,,,,,114.2,194.5,66.9,61,,,,,,,,,,,
nhtsa-peugeot-505-body-107-9,,,,,,,107.9,186.6,68.5,56.3,,,,,,,,,,,
nhtsa-peugeot-505-body-107-9-2,,,,,,,107.9,186.6,68.5,56.7,,,,,,,,,,,
nhtsa-peugeot-505-sedan-4dr-107-9,Sedan,4,,,,,107.9,186.6,68.5,56.3,,,,,,,,,,,
nhtsa-peugeot-505-wagon-114-2,Wagon,,,,,,114.2,198.8,68.5,61,,,,,,,,,,,
nhtsa-peugeot-604-body-110-2,,,,,,,110.2,176.4,69.7,56.3,,,,,,,,,,,
nhtsa-plymouth-acclaim-sedan-4dr-103-1,Sedan,4,,,,,103.1,181.1,68.1,53.5,57.9,57.1,,,,,,,,,
nhtsa-plymouth-breeze-sedan-4dr-108-3,Sedan,4,,,,,108.3,186.2,71.3,54.3,60.2,59.8,,,,,,,,,
nhtsa-plymouth-caravelle-body-103-1,,,,,,,103.1,185,68.1,53.1,,,,,,,,,,,
nhtsa-plymouth-caravelle-body-112-6,,,,,,,112.6,205.1,80.7,55.1,,,,,,,,,,,
nhtsa-plymouth-caravelle-body-112-6-2,,,,,,,112.6,205.9,74.4,55.5,,,,,,,,,,,
nhtsa-plymouth-caravelle-body-2dr-100-4,,2,,,,,100.4,181.1,68.5,52.8,,,,,,,,,,,
nhtsa-plymouth-caravelle-body-4dr-103-1,,4,,,,,103.1,185.8,68.1,53.1,,,,,,,,,,,
nhtsa-plymouth-caravelle-sedan-4dr-103-1,Sedan,4,,,,,103.1,185,68.1,53.1,,,,,,,,,,,
nhtsa-plymouth-caravelle-sedan-4dr-112-6,Sedan,4,,,,,112.6,204.7,72.4,55.1,,,,,,,,,,,
nhtsa-plymouth-colt-body-2dr-90-6,,2,,,,,90.6,157.1,62.6,50,,,,,,,,,,,
nhtsa-plymouth-colt-body-4dr-93-7,,4,,,,,93.7,161,62.6,50,,,,,,,,,,,
nhtsa-plymouth-grand-voyager-body-119-3,,,,,,,119.3,190.6,70.9,64.6,57.1,57.5,,,,,,,,,
nhtsa-plymouth-grand-voyager-body-119-3-2,,,,,,,119.3,199.6,75.6,68.5,63,64.2,,,,,,,,,
nhtsa-plymouth-grand-voyager-wagon-118-9,Wagon,,,,,,118.9,192.9,72,67.7,,,,,,,,,,,
nhtsa-plymouth-grand-voyager-wagon-119-3,Wagon,,,,,,119.3,190.6,72,65,59.8,62.2,,,,,,,,,
nhtsa-plymouth-grand-voyager-wagon-119-3-2,Wagon,,,,,,119.3,190.6,72,65,,,,,,,,,,,
nhtsa-plymouth-grand-voyager-wagon-119-3-3,Wagon,,,,,,119.3,192.9,72,65.7,,,,,,,,,,,
nhtsa-plymouth-grand-voyager-wagon-3dr-119-3,Wagon,3,,,,,119.3,192.9,72,65.7,59.8,62.2,,,,,,,,,
nhtsa-plymouth-grand-voyager-wagon-3dr-119-3-2,Wagon,3,,,,,119.3,192.9,72,65,59.8,62.2,,,,,,,,,
nhtsa-plymouth-grand-voyager-wagon-3dr-119-3-3,Wagon,3,,,,,119.3,199.6,75.6,68.5,63,64.2,,,,,,,,,
nhtsa-plymouth-horizon-body-4dr-99-2,,4,,,,,99.2,165,65.7,53.5,,,,,,,,,,,
nhtsa-plymouth-horizon-body-96-5,,,,,,,96.5,173.6,66.5,51.2,,,,,,,,,,,
nhtsa-plymouth-horizon-body-98-8,,,,,,,98.8,165,65.7,53.1,,,,,,,,,,,
nhtsa-plymouth-horizon-body-99-2,,,,,,,99.2,165,65.7,53.5,,,,,,,,,,,
nhtsa-plymouth-horizon-body-99-2-2,,,,,,,99.2,165,65.7,53.1,,,,,,,,,,,
nhtsa-plymouth-horizon-body-99-2-3,,,,,,,99.2,162.2,66.1,53.1,,,,,,,,,,,
nhtsa-plymouth-horizon-body-99-2-4,,,,,,,99.2,163.4,63.8,53.1,,,,,,,,,,,
nhtsa-plymouth-horizon-hatchback-4dr-99-2,Hatchback,4,,,,,99.2,163.4,66.1,53.1,,,,,,,,,,,
nhtsa-plymouth-laser-coupe-97-2,Coupe,,,,,,97.2,170.5,66.5,51.6,,,,,,,,,,,
nhtsa-plymouth-laser-coupe-97-2-2,Coupe,,,,,,97.2,172.4,66.5,51.6,,,,,,,,,,,
nhtsa-plymouth-laser-hatchback-2dr-97-2,Hatchback,2,,,,,97.2,170.5,66.5,51.6,57.9,57.1,,,,,,,,,
nhtsa-plymouth-laser-hatchback-2dr-97-2-2,Hatchback,2,,,,,97.2,172.4,66.5,51.6,57.9,57.1,,,,,,,,,
nhtsa-plymouth-neon-coupe-2dr-103-9,Coupe,2,,,,,103.9,171.7,67.3,54.7,57.5,57.9,,,,,,,,,
nhtsa-plymouth-neon-coupe-2dr-103-9-2,Coupe,2,,,,,103.9,171.7,67.3,54.7,57.5,57.5,,,,,,,,,
nhtsa-plymouth-neon-sedan-4dr-103-9,Sedan,4,,,,,103.9,172,67.3,54.7,57.5,57.5,,,,,,,,,
nhtsa-plymouth-neon-sedan-4dr-103-9-2,Sedan,4,,,,,103.9,171.7,67.3,54.7,57.5,57.5,,,,,,,,,
nhtsa-plymouth-prowler-convertible-2dr-113,Convertible,2,,,,,113,160.6,76,51.2,61.8,61,,,,,,,,,
nhtsa-plymouth-prowler-convertible-2dr-113-4,Convertible,2,,,,,113.4,165.4,76.4,51.2,62.2,63.8,,,,,,,,,
nhtsa-plymouth-reliant-body-2dr-100-4,,2,,,,,100.4,176,68.5,52.4,,,,,,,,,,,
nhtsa-plymouth-reliant-body-2dr-100-4-2,,2,,,,,100.4,178.7,68.1,52.8,,,,,,,,,,,
nhtsa-plymouth-reliant-body-2dr-96-5,,2,,,,,96.5,174.8,66.1,50.8,,,,,,,,,,,
nhtsa-plymouth-reliant-body-4dr-100-4,,4,,,,,100.4,176,68.5,52.8,,,,,,,,,,,
nhtsa-plymouth-reliant-body-4dr-100-4-2,,4,,,,,100.4,178.7,68.1,52.8,,,,,,,,,,,
nhtsa-plymouth-reliant-sedan-2dr-100,Sedan,2,,,,,100,176,68.5,52.4,,,,,,,,,,,
nhtsa-plymouth-reliant-sedan-2dr-100-4,Sedan,2,,,,,100.4,178.7,68.1,52.8,,,,,,,,,,,
nhtsa-plymouth-reliant-sedan-2dr-99-6,Sedan,2,,,,,99.6,176,68.5,52.8,,,,,,,,,,,
nhtsa-plymouth-reliant-sedan-4dr-100,Sedan,4,,,,,100,176,68.5,52.8,,,,,,,,,,,
nhtsa-plymouth-reliant-sedan-4dr-100-4,Sedan,4,,,,,100.4,178.7,68.1,52.8,,,,,,,,,,,
nhtsa-plymouth-reliant-sedan-4dr-99-6,Sedan,4,,,,,99.6,176,68.5,52.8,,,,,,,,,,,
nhtsa-plymouth-reliant-wagon-100-4,Wagon,,,,,,100.4,176.4,68.5,52.4,,,,,,,,,,,
nhtsa-plymouth-reliant-wagon-100-4-2,Wagon,,,,,,100.4,179.1,68.1,53.1,,,,,,,,,,,
nhtsa-plymouth-reliant-wagon-99-6,Wagon,,,,,,99.6,176.4,68.5,52.8,,,,,,,,,,,
nhtsa-plymouth-sapporo-body-98-8,,,,,,,98.8,179.9,65.7,52.8,,,,,,,,,,,
nhtsa-plymouth-sundance-body-2dr-96-9,,2,,,,,96.9,171.7,67.3,52.8,57.5,57.1,,,,,,,,,
nhtsa-plymouth-sundance-body-4dr-96-9,,4,,,,,96.9,171.7,67.3,52.8,57.5,57.1,,,,,,,,,
nhtsa-plymouth-sundance-hatchback-2dr-96-9,Hatchback,2,,,,,96.9,171.7,67.3,52.8,57.5,57.1,,,,,,,,,
nhtsa-plymouth-sundance-hatchback-2dr-97-2,Hatchback,2,,,,,97.2,172,67.3,52.8,,,,,,,,,,,
nhtsa-plymouth-sundance-hatchback-3dr-96-9,Hatchback,3,,,,,96.9,171.7,67.3,52.8,,,,,,,,,,,
nhtsa-plymouth-sundance-hatchback-4dr-96-9,Hatchback,4,,,,,96.9,171.7,67.3,52.8,57.9,57.5,,,,,,,,,
nhtsa-plymouth-sundance-hatchback-4dr-97-2,Hatchback,4,,,,,97.2,172,67.3,52.8,,,,,,,,,,,
nhtsa-plymouth-sundance-hatchback-5dr-96-9,Hatchback,5,,,,,96.9,171.7,67.3,52.8,,,,,,,,,,,
nhtsa-plymouth-turismo-body-96-5,,,,,,,96.5,173.6,66.5,50.8,,,,,,,,,,,
nhtsa-plymouth-turismo-body-96-5-2,,,,,,,96.5,174.8,66.1,50.8,,,,,,,,,,,
nhtsa-plymouth-turismo-hatchback-2dr-96-5,Hatchback,2,,,,,96.5,174.8,66.1,50.8,,,,,,,,,,,
nhtsa-plymouth-voyager-body-112-2,,,,,,,112.2,176,69.7,64.2,,,,,,,,,,,
nhtsa-plymouth-voyager-body-112-2-2,,,,,,,112.2,176,70.9,64.2,,,,,,,,,,,
nhtsa-plymouth-voyager-body-112-2-3,,,,,,,112.2,176,70.9,64.6,,,,,,,,,,,
nhtsa-plymouth-voyager-body-112-2-4,,,,,,,112.2,176,70.9,64.6,57.1,57.5,,,,,,,,,
nhtsa-plymouth-voyager-body-113-4,,,,,,,113.4,186.2,75.6,68.5,63,64.2,,,,,,,,,
nhtsa-plymouth-voyager-van-112-2,Van,,,,,,112.2,176,70.9,64.6,,,,,,,,,,,
nhtsa-plymouth-voyager-van-118-9,Van,,,,,,118.9,190.6,70.9,65,,,,,,,,,,,
nhtsa-plymouth-voyager-van-119-3,Van,,,,,,119.3,190.6,70.9,65,,,,,,,,,,,
nhtsa-plymouth-voyager-wagon-112-2,Wagon,,,,,,112.2,176,72,65,57.1,57.5,,,,,,,,,
nhtsa-plymouth-voyager-wagon-112-2-2,Wagon,,,,,,112.2,176,72,65,,,,,,,,,,,
nhtsa-plymouth-voyager-wagon-112-2-3,Wagon,,,,,,112.2,178,72,67.7,,,,,,,,,,,
nhtsa-plymouth-voyager-wagon-112-2-4,Wagon,,,,,,112.2,178,72,66.1,,,,,,,,,,,
nhtsa-plymouth-voyager-wagon-3dr-112-2,Wagon,3,,,,,112.2,178.3,72,65.7,59.8,62.2,,,,,,,,,
nhtsa-plymouth-voyager-wagon-3dr-112-2-2,Wagon,3,,,,,112.2,178.3,72,64.2,59.8,62.2,,,,,,,,,
nhtsa-plymouth-voyager-wagon-3dr-113-4,Wagon,3,,,,,113.4,186.2,75.6,68.5,63,64.2,,,,,,,,,
nhtsa-polestar-polestar-1-body-107-9,,,,,,,107.9,181.9,77.2,53.1,65,65.4,,,,,,,,,
nhtsa-polestar-polestar-2-body-107-5,,,,,,,107.5,181.5,73.2,58.3,63,63,,,,,,,,,
nhtsa-polestar-polestar-3-body-117-7,,,,,,,117.7,192.9,77.6,64.2,65.7,65,,,,,,,,,
nhtsa-polestar-polestar-4-body-118-1,,,,,,,118.1,190.6,79.1,60.2,66.9,67.7,,,,,,,,,
nhtsa-pontiac-6000-body-104-7,,,,,,,104.7,189,72,53.5,,,,,,,,,,,
nhtsa-pontiac-6000-body-2dr-104-7,,2,,,,,104.7,189,67.7,53.1,,,,,,,,,,,
nhtsa-pontiac-6000-coupe-104-7,Coupe,,,,,,104.7,189,72,53.5,,,,,,,,,,,
nhtsa-pontiac-6000-coupe-2dr-104-7,Coupe,2,,,,,104.7,189,72,53.5,,,,,,,,,,,
nhtsa-pontiac-6000-sedan-104-7,Sedan,,,,,,104.7,189,72,53.5,,,,,,,,,,,
nhtsa-pontiac-6000-sedan-4dr-104-7,Sedan,4,,,,,104.7,189,67.7,53.1,,,,,,,,,,,
nhtsa-pontiac-6000-sedan-4dr-104-7-2,Sedan,4,,,,,104.7,189,72,53.5,,,,,,,,,,,
nhtsa-pontiac-6000-sedan-4dr-104-7-3,Sedan,4,,,,,104.7,189,72,53.5,58.7,,,,,,,,,,
nhtsa-pontiac-6000-wagon-104-7,Wagon,,,,,,104.7,191.7,72,53.5,,,,,,,,,,,
nhtsa-pontiac-6000-wagon-104-7-2,Wagon,,,,,,104.7,193.3,72,53.9,,,,,,,,,,,
nhtsa-pontiac-acadian-body-2dr-94-1,,2,,,,,94.1,161.8,61.8,52.4,,,,,,,,,,,
nhtsa-pontiac-acadian-body-2dr-94-1-2,,2,,,,,94.1,161.8,61.8,52.8,,,,,,,,,,,
nhtsa-pontiac-acadian-body-4dr-97-2,,4,,,,,97.2,165,61.8,52.8,,,,,,,,,,,
nhtsa-pontiac-acadian-body-94-1,,,,,,,94.1,161.8,61.8,52.4,,,,,,,,,,,
nhtsa-pontiac-acadian-coupe-2dr-94-1,Coupe,2,,,,,94.1,161.8,61.8,52.8,,,,,,,,,,,
nhtsa-pontiac-acadian-hatchback-4dr-97-2,Hatchback,4,,,,,97.2,165,61.8,52.4,,,,,,,,,,,
nhtsa-pontiac-acadian-hatchback-97-2,Hatchback,,,,,,97.2,165,61.8,52.8,,,,,,,,,,,
nhtsa-pontiac-aztek-body-4dr-108-3,,4,,,,,108.3,182.3,73.6,66.5,62.6,63.8,,,,,,,,,
nhtsa-pontiac-bonneville-sedan-108-3,Sedan,,,,,,108.3,198.4,71.7,55.9,,,,,,,,,,,
nhtsa-pontiac-bonneville-sedan-108-3-2,Sedan,,,,,,108.3,200.4,71.7,55.9,,,,,,,,,,,
nhtsa-pontiac-bonneville-sedan-4dr-110-6,Sedan,4,,,,,110.6,198.8,72,55.5,,,,,,,,,,,
nhtsa-pontiac-bonneville-sedan-4dr-110-6-2,Sedan,4,,,,,110.6,199.6,74.4,55.9,60.6,60.2,,,,,,,,,
nhtsa-pontiac-bonneville-sedan-4dr-110-6-3,Sedan,4,,,,,110.6,200.8,74.4,55.9,61,61,,,,,,,,,
nhtsa-pontiac-bonneville-sedan-4dr-110-6-4,Sedan,4,,,,,110.6,201.2,74.4,55.9,61,61,,,,,,,,,
nhtsa-pontiac-bonneville-sedan-4dr-111,Sedan,4,,,,,111,198.8,72,55.5,61.4,60.6,,,,,,,,,
nhtsa-pontiac-bonneville-sedan-4dr-111-2,Sedan,4,,,,,111,200.8,73.6,55.5,,,,,,,,,,,
nhtsa-pontiac-bonneville-sedan-4dr-112-2,Sedan,4,,,,,112.2,202.8,74.4,55.9,62.6,62.2,,,,,,,,,
nhtsa-pontiac-fiero-body-93-3,,,,,,,93.3,160.2,68.9,46.9,,,,,,,,,,,
nhtsa-pontiac-fiero-body-93-3-2,,,,,,,93.3,165.7,68.9,46.9,,,,,,,,,,,
nhtsa-pontiac-fiero-body-93-3-3,,,,,,,93.3,160.6,68.9,46.9,,,,,,,,,,,
nhtsa-pontiac-fiero-coupe-2dr-93-3,Coupe,2,,,,,93.3,162.6,68.9,46.9,,,,,,,,,,,
nhtsa-pontiac-fiero-coupe-2dr-93-3-2,Coupe,2,,,,,93.3,165,68.9,46.9,,,,,,,,,,,
nhtsa-pontiac-fiero-coupe-2dr-93-3-3,Coupe,2,,,,,93.3,163,68.9,46.9,,,,,,,,,,,
nhtsa-pontiac-firebird-body-101-2,,,,,,,101.2,190.2,72.4,50,,,,,,,,,,,
nhtsa-pontiac-firebird-body-2dr-101-2,,2,,,,,101.2,189.8,72,50,,,,,,,,,,,
nhtsa-pontiac-firebird-body-2dr-101-2-2,,2,,,,,101.2,191.7,72.4,50,,,,,,,,,,,
nhtsa-pontiac-firebird-body-2dr-108-3,,2,,,,,108.3,198,72.8,50.4,,,,,,,,,,,
nhtsa-pontiac-firebird-convertible-2dr-101-2,Convertible,2,,,,,101.2,196.5,74.4,52.8,61,60.6,,,,,,,,,
nhtsa-pontiac-firebird-convertible-2dr-101-2-2,Convertible,2,,,,,101.2,197.2,74.4,52.4,61,60.6,,,,,,,,,
nhtsa-pontiac-firebird-convertible-2dr-101-2-3,Convertible,2,,,,,101.2,193.3,74.4,52.8,60.6,60.6,,,,,,,,,
nhtsa-pontiac-firebird-coupe-2dr-101-2,Coupe,2,,,,,101.2,195.7,74.4,52,,,,,,,,,,,
nhtsa-pontiac-firebird-coupe-2dr-101-2-2,Coupe,2,,,,,101.2,196.9,74.4,51.6,,,,,,,,,,,
nhtsa-pontiac-firebird-coupe-2dr-101-2-3,Coupe,2,,,,,101.2,195.7,74.4,52,60.6,60.6,,,,,,,,,
nhtsa-pontiac-firebird-coupe-2dr-101-2-4,Coupe,2,,,,,101.2,193.3,74.4,52,60.6,60.6,,,,,,,,,
nhtsa-pontiac-firebird-hatchback-101-2,Hatchback,,,,,,101.2,188.2,72.4,50,60.6,61.4,,,,,,,,,
nhtsa-pontiac-firebird-hatchback-101-2-2,Hatchback,,,,,,101.2,191.7,72.4,50,,,,,,,,,,,
nhtsa-pontiac-firebird-hatchback-101-2-3,Hatchback,,,,,,101.2,195.3,72.4,50,,,,,,,,,,,
nhtsa-pontiac-firebird-hatchback-2dr-101-2,Hatchback,2,,,,,101.2,188.2,72.4,50,,,,,,,,,,,
nhtsa-pontiac-firebird-hatchback-2dr-101-2-2,Hatchback,2,,,,,101.2,191.7,72.4,50,,,,,,,,,,,
nhtsa-pontiac-firebird-hatchback-2dr-101-2-3,Hatchback,2,,,,,101.2,195.7,74.4,52,60.6,60.6,,,,,,,,,
nhtsa-pontiac-firebird-hatchback-2dr-101-2-4,Hatchback,2,,,,,101.2,197.2,74.4,51.6,60.6,60.6,,,,,,,,,
nhtsa-pontiac-firebird-hatchback-2dr-101-2-5,Hatchback,2,,,,,101.2,193.3,74.4,52,60.6,60.6,,,,,,,,,
nhtsa-pontiac-firebird-hatchback-2dr-101-2-6,Hatchback,2,,,,,101.2,193.7,74.4,51.2,60.6,60.6,,,,,,,,,
nhtsa-pontiac-firebird-hatchback-2dr-101-2-7,Hatchback,2,,,,,101.2,193.3,74.4,51.2,60.6,60.6,,,,,,,,,
nhtsa-pontiac-firefly-body-2dr-88-6,,2,,,,,88.6,141.3,60.2,53.1,,,,,,,,,,,
nhtsa-pontiac-firefly-body-2dr-89-4,,2,,,,,89.4,146.1,62.2,52.4,,,,,,,,,,,
nhtsa-pontiac-firefly-body-4dr-92-5,,4,,,,,92.5,145.3,60.2,53.1,,,,,,,,,,,
nhtsa-pontiac-firefly-body-4dr-93-3,,4,,,,,93.3,150,62.2,53.5,,,,,,,,,,,
nhtsa-pontiac-firefly-body-88-6,,,,,,,88.6,140.9,60.2,53.1,,,,,,,,,,,
nhtsa-pontiac-firefly-convertible-89-4,Convertible,,,,,,89.4,146.1,62.2,52.4,,,,,,,,,,,
nhtsa-pontiac-firefly-hatchback-2dr-89-4,Hatchback,2,,,,,89.4,146.1,62.2,52.4,53.5,52.8,,,,,,,,,
nhtsa-pontiac-firefly-hatchback-2dr-89-4-2,Hatchback,2,,,,,89.4,146.1,62.2,52.4,53.9,52.8,,,,,,,,,
nhtsa-pontiac-firefly-hatchback-2dr-89-4-3,Hatchback,2,,,,,89.4,146.1,62.2,52.4,,,,,,,,,,,
nhtsa-pontiac-firefly-hatchback-2dr-89-4-4,Hatchback,2,,,,,89.4,147.6,62.6,52.4,53.9,52.8,,,,,,,,,
nhtsa-pontiac-firefly-hatchback-2dr-93-3,Hatchback,2,,,,,93.3,149.6,62.6,54.7,54.3,53.5,,,,,,,,,
nhtsa-pontiac-firefly-hatchback-4dr-93-3,Hatchback,4,,,,,93.3,150,62.2,53.5,53.5,52.8,,,,,,,,,
nhtsa-pontiac-firefly-hatchback-4dr-93-3-2,Hatchback,4,,,,,93.3,150,62.2,53.5,,,,,,,,,,,
nhtsa-pontiac-firefly-hatchback-4dr-93-3-3,Hatchback,4,,,,,93.3,151.6,62.6,53.5,53.9,52.8,,,,,,,,,
nhtsa-pontiac-firefly-sedan-4dr-93-3,Sedan,4,,,,,93.3,161.4,62.6,53.5,53.9,52.8,,,,,,,,,
nhtsa-pontiac-firefly-sedan-4dr-93-3-2,Sedan,4,,,,,93.3,164.2,62.6,55.5,54.3,53.1,,,,,,,,,
nhtsa-pontiac-g3-body-4dr-97-6,,4,,,,,97.6,152.8,65.7,59.1,57.1,55.5,,,,,,,,,
nhtsa-pontiac-g3-sedan-4dr-97-6,Sedan,4,,,,,97.6,169.7,67.3,59.4,56.7,56.3,,,,,,,,,
nhtsa-pontiac-g5-coupe-2dr-103-1,Coupe,2,,,,,103.1,180.3,68.1,57.1,58.7,58.3,,,,,,,,,
nhtsa-pontiac-g5-sedan-4dr-103-1,Sedan,4,,,,,103.1,180.3,68.1,57.1,58.7,58.3,,,,,,,,,
nhtsa-pontiac-g6-body-2dr-112-2,,2,,,,,112.2,189,70.5,57.1,59.8,60.2,,,,,,,,,
nhtsa-pontiac-g6-convertible-2dr-112-2,Convertible,2,,,,,112.2,189,70.5,57.1,59.8,60.2,,,,,,,,,
nhtsa-pontiac-g6-coupe-2dr-112-2,Coupe,2,,,,,112.2,189,70.5,57.1,59.4,60.6,,,,,,,,,
nhtsa-pontiac-g6-sedan-4dr-112-2,Sedan,4,,,,,112.2,189,70.5,57.1,60.2,60.6,,,,,,,,,
nhtsa-pontiac-g8-sedan-4dr-115,Sedan,4,,,,,115,196.1,74.4,57.9,62.2,63.4,,,,,,,,,
nhtsa-pontiac-grand-am-coupe-103-5,Coupe,,,,,,103.5,177.6,66.9,52.4,,,,,,,,,,,
nhtsa-pontiac-grand-am-coupe-2dr-103-5,Coupe,2,,,,,103.5,177.6,66.9,52.4,,,,,,,,,,,
nhtsa-pontiac-grand-am-coupe-2dr-103-5-2,Coupe,2,,,,,103.5,177.6,66.5,52.4,,,,,,,,,,,
nhtsa-pontiac-grand-am-coupe-2dr-103-5-3,Coupe,2,,,,,103.5,177.6,66.5,52.4,56.3,55.1,,,,,,,,,
nhtsa-pontiac-grand-am-coupe-2dr-103-5-4,Coupe,2,,,,,103.5,186.6,68.5,53.1,,,,,,,,,,,
nhtsa-pontiac-grand-am-coupe-2dr-103-5-5,Coupe,2,,,,,103.5,187,67.7,53.1,55.9,55.5,,,,,,,,,
nhtsa-pontiac-grand-am-coupe-2dr-103-5-6,Coupe,2,,,,,103.5,187,68.5,53.5,55.9,55.5,,,,,,,,,
nhtsa-pontiac-grand-am-coupe-2dr-103-5-7,Coupe,2,,,,,103.5,187,68.5,53.5,55.9,56.7,,,,,,,,,
nhtsa-pontiac-grand-am-coupe-2dr-106-7,Coupe,2,,,,,106.7,186.2,70.5,55.1,59.1,59.1,,,,,,,,,
nhtsa-pontiac-grand-am-coupe-2dr-107-1,Coupe,2,,,,,107.1,186.2,70.5,55.1,59.1,59.1,,,,,,,,,
nhtsa-pontiac-grand-am-sedan-103-5,Sedan,,,,,,103.5,177.6,66.9,52.4,,,,,,,,,,,
nhtsa-pontiac-grand-am-sedan-4dr-103-5,Sedan,4,,,,,103.5,177.6,66.9,52.4,,,,,,,,,,,
nhtsa-pontiac-grand-am-sedan-4dr-103-5-2,Sedan,4,,,,,103.5,177.6,66.5,52.4,,,,,,,,,,,
nhtsa-pontiac-grand-am-sedan-4dr-103-5-3,Sedan,4,,,,,103.5,177.6,66.5,52.4,55.9,55.1,,,,,,,,,
nhtsa-pontiac-grand-am-sedan-4dr-103-5-4,Sedan,4,,,,,103.5,186.6,68.5,53.1,,,,,,,,,,,
nhtsa-pontiac-grand-am-sedan-4dr-103-5-5,Sedan,4,,,,,103.5,187,67.7,53.1,55.9,55.5,,,,,,,,,
nhtsa-pontiac-grand-am-sedan-4dr-103-5-6,Sedan,4,,,,,103.5,187,68.5,53.5,55.9,55.5,,,,,,,,,
nhtsa-pontiac-grand-am-sedan-4dr-103-5-7,Sedan,4,,,,,103.5,187,68.5,53.5,55.9,56.7,,,,,,,,,
nhtsa-pontiac-grand-am-sedan-4dr-106-7,Sedan,4,,,,,106.7,186.2,70.5,55.1,59.1,59.1,,,,,,,,,
nhtsa-pontiac-grand-am-sedan-4dr-107-1,Sedan,4,,,,,107.1,186.2,70.5,55.1,59.1,59.1,,,,,,,,,
nhtsa-pontiac-grand-lemans-body-4dr-107-9,,4,,,,,107.9,198.4,71.3,55.9,,,,,,,,,,,
nhtsa-pontiac-grand-lemans-sedan-4dr-107-9,Sedan,4,,,,,107.9,198.4,71.3,55.9,,,,,,,,,,,
nhtsa-pontiac-grand-lemans-wagon-4dr-107-9,Wagon,4,,,,,107.9,198.4,72.4,56.3,,,,,,,,,,,
nhtsa-pontiac-grand-prix-body-108-3,,,,,,,108.3,202,72,54.7,,,,,,,,,,,
nhtsa-pontiac-grand-prix-body-108-3-2,,,,,,,108.3,202,72.4,54.7,,,,,,,,,,,
nhtsa-pontiac-grand-prix-body-2dr-108-3,,2,,,,,108.3,202,71.7,54.7,,,,,,,,,,,
nhtsa-pontiac-grand-prix-coupe-107-5,Coupe,,,,,,107.5,194.1,70.9,52.8,,,,,,,,,,,
nhtsa-pontiac-grand-prix-coupe-2dr-107-5,Coupe,2,,,,,107.5,194.1,70.9,53.1,,,,,,,,,,,
nhtsa-pontiac-grand-prix-coupe-2dr-107-5-2,Coupe,2,,,,,107.5,194.1,70.9,52.8,59.1,57.1,,,,,,,,,
nhtsa-pontiac-grand-prix-coupe-2dr-107-5-3,Coupe,2,,,,,107.5,194.1,70.9,52.8,,,,,,,,,,,
nhtsa-pontiac-grand-prix-coupe-2dr-107-5-4,Coupe,2,,,,,107.5,194.9,72,52.8,59.4,57.9,,,,,,,,,
nhtsa-pontiac-grand-prix-coupe-2dr-108-3,Coupe,2,,,,,108.3,202,72.4,54.7,,,,,,,,,,,
nhtsa-pontiac-grand-prix-coupe-2dr-110-6,Coupe,2,,,,,110.6,196.5,72.8,54.7,61.8,61.4,,,,,,,,,
nhtsa-pontiac-grand-prix-coupe-2dr-110-6-2,Coupe,2,,,,,110.6,197.6,72.8,54.7,61.8,61,,,,,,,,,
nhtsa-pontiac-grand-prix-sedan-4dr-107-5,Sedan,4,,,,,107.5,194.9,70.9,54.3,59.4,57.1,,,,,,,,,
nhtsa-pontiac-grand-prix-sedan-4dr-107-5-2,Sedan,4,,,,,107.5,194.9,70.9,54.3,,,,,,,,,,,
nhtsa-pontiac-grand-prix-sedan-4dr-107-5-3,Sedan,4,,,,,107.5,194.9,72,54.7,59.4,57.9,,,,,,,,,
nhtsa-pontiac-grand-prix-sedan-4dr-110-6,Sedan,4,,,,,110.6,196.5,72.8,54.7,61.8,61.4,,,,,,,,,
nhtsa-pontiac-grand-prix-sedan-4dr-110-6-2,Sedan,4,,,,,110.6,198.4,71.7,55.9,61.8,61.4,,,,,,,,,
nhtsa-pontiac-j2000-body-2dr-101-2,,2,,,,,101.2,169.3,65,53.1,,,,,,,,,,,
nhtsa-pontiac-j2000-body-3dr-101-2,,3,,,,,101.2,169.3,65,51.2,,,,,,,,,,,
nhtsa-pontiac-j2000-sedan-4dr-101-2,Sedan,4,,,,,101.2,171.3,65,53.5,,,,,,,,,,,
nhtsa-pontiac-j2000-wagon-4dr-101-2,Wagon,4,,,,,101.2,175.6,65,53.5,,,,,,,,,,,
nhtsa-pontiac-lemans-body-2dr-108-3,,2,,,,,108.3,198.4,72,55.1,,,,,,,,,,,
nhtsa-pontiac-lemans-body-4dr-108-3,,4,,,,,108.3,198.4,72,55.9,,,,,,,,,,,
nhtsa-pontiac-lemans-coupe-3dr-99-2,Coupe,3,,,,,99.2,163.8,65.4,53.5,,,,,,,,,,,
nhtsa-pontiac-lemans-sedan-99-2,Sedan,,,,,,99.2,172.4,65.7,53.5,,,,,,,,,,,
nhtsa-pontiac-lemans-wagon-108-3,Wagon,,,,,,108.3,197.6,72,55.9,,,,,,,,,,,
nhtsa-pontiac-montana-body-112-2,,,,,,,112.2,187.4,72.8,67.3,61.4,63.4,,,,,,,,,
nhtsa-pontiac-montana-body-112-2-2,,,,,,,112.2,187.4,72.8,68.1,61.4,63.4,,,,,,,,,
nhtsa-pontiac-montana-body-120-1,,,,,,,120.1,201.2,72.8,68.1,61.4,63.4,,,,,,,,,
nhtsa-pontiac-montana-sv6-van-113,Van,,,,,,113,191.7,71.7,70.5,62.6,62.6,,,,,,,,,
nhtsa-pontiac-montana-sv6-van-121-3,Van,,,,,,121.3,205.5,71.7,72,62.6,63,,,,,,,,,
nhtsa-pontiac-parisienne-body-116-1,,,,,,,116.1,212.2,75.2,56.3,,,,,,,,,,,
nhtsa-pontiac-parisienne-body-116-1-2,,,,,,,116.1,212.2,76.4,56.7,,,,,,,,,,,
nhtsa-pontiac-parisienne-body-2dr-115-7,,2,,,,,115.7,212.2,75.2,56.3,,,,,,,,,,,
nhtsa-pontiac-parisienne-body-2dr-116-1,,2,,,,,116.1,214.2,76.4,55.9,,,,,,,,,,,
nhtsa-pontiac-parisienne-body-4dr-115-7,,4,,,,,115.7,212.2,75.2,56.3,,,,,,,,,,,
nhtsa-pontiac-parisienne-sedan-4dr-116-1,Sedan,4,,,,,116.1,214.2,76.4,56.7,,,,,,,,,,,
nhtsa-pontiac-parisienne-wagon-116-1,Wagon,,,,,,116.1,216.5,79.9,57.1,,,,,,,,,,,
nhtsa-pontiac-parisienne-wagon-116-1-2,Wagon,,,,,,116.1,215,79.1,58.3,,,,,,,,,,,
nhtsa-pontiac-parisienne-wagon-4dr-115-7,Wagon,4,,,,,115.7,215,79.1,58.3,,,,,,,,,,,
nhtsa-pontiac-phoenix-body-104-7,,,,,,,104.7,182.3,69.3,53.5,,,,,,,,,,,
nhtsa-pontiac-phoenix-body-104-7-2,,,,,,,104.7,182.7,68.9,53.9,,,,,,,,,,,
nhtsa-pontiac-phoenix-body-104-7-3,,,,,,,104.7,183.1,68.9,53.9,,,,,,,,,,,
nhtsa-pontiac-phoenix-body-2dr-104-7,,2,,,,,104.7,182.3,68.9,53.5,,,,,,,,,,,
nhtsa-pontiac-phoenix-hatchback-104-7,Hatchback,,,,,,104.7,179.1,69.7,53.5,,,,,,,,,,,
nhtsa-pontiac-phoenix-sedan-104-7,Sedan,,,,,,104.7,175.6,68.9,53.5,,,,,,,,,,,
nhtsa-pontiac-phoenix-sedan-5dr-104-7,Sedan,5,,,,,104.7,179.5,68.9,53.5,,,,,,,,,,,
nhtsa-pontiac-phoenix-sedan-5dr-104-7-2,Sedan,5,,,,,104.7,183.1,68.9,53.5,,,,,,,,,,,
nhtsa-pontiac-pursuit-coupe-2dr-103-1,Coupe,2,,,,,103.1,180.3,68.1,57.1,58.7,58.3,,,,,,,,,
nhtsa-pontiac-pursuit-sedan-4dr-103-1,Sedan,4,,,,,103.1,180.3,68.1,57.1,58.7,58.3,,,,,,,,,
nhtsa-pontiac-safari-wagon-116-1,Wagon,,,,,,116.1,215,79.1,57.5,,,,,,,,,,,
nhtsa-pontiac-solstice-body-2dr-95-3,,2,,,,,95.3,157.1,71.3,50,59.8,61.8,,,,,,,,,
nhtsa-pontiac-solstice-coupe-2dr-95-3,Coupe,2,,,,,95.3,157.1,71.3,50,60.6,61,,,,,,,,,
nhtsa-pontiac-sunbird-convertible-101-2,Convertible,,,,,,101.2,173.6,66.1,52.8,,,,,,,,,,,
nhtsa-pontiac-sunbird-convertible-101-2-2,Convertible,,,,,,101.2,175.6,66.1,52.8,,,,,,,,,,,
nhtsa-pontiac-sunbird-convertible-101-2-3,Convertible,,,,,,101.2,178.3,65,52,55.5,55.1,,,,,,,,,
nhtsa-pontiac-sunbird-convertible-101-2-4,Convertible,,,,,,101.2,180.7,66.1,52,,,,,,,,,,,
nhtsa-pontiac-sunbird-convertible-2dr-101-2,Convertible,2,,,,,101.2,180.7,66.1,52.4,55.5,55.5,,,,,,,,,
nhtsa-pontiac-sunbird-coupe-101-2,Coupe,,,,,,101.2,173.6,66.1,51.6,,,,,,,,,,,
nhtsa-pontiac-sunbird-coupe-101-2-2,Coupe,,,,,,101.2,175.6,65.7,52,,,,,,,,,,,
nhtsa-pontiac-sunbird-coupe-101-2-3,Coupe,,,,,,101.2,175.6,66.1,52,,,,,,,,,,,
nhtsa-pontiac-sunbird-coupe-101-2-4,Coupe,,,,,,101.2,178.3,66.1,52,55.9,55.5,,,,,,,,,
nhtsa-pontiac-sunbird-coupe-2dr-101-2,Coupe,2,,,,,101.2,173.6,66.1,51.6,,,,,,,,,,,
nhtsa-pontiac-sunbird-coupe-2dr-101-2-2,Coupe,2,,,,,101.2,175.6,65.7,52,,,,,,,,,,,
nhtsa-pontiac-sunbird-coupe-2dr-101-2-3,Coupe,2,,,,,101.2,175.6,66.1,52,,,,,,,,,,,
nhtsa-pontiac-sunbird-coupe-2dr-101-2-4,Coupe,2,,,,,101.2,178.3,66.1,52,,,,,,,,,,,
nhtsa-pontiac-sunbird-coupe-2dr-101-2-5,Coupe,2,,,,,101.2,178.3,65,50.4,55.5,55.1,,,,,,,,,
nhtsa-pontiac-sunbird-coupe-2dr-101-2-6,Coupe,2,,,,,101.2,180.7,66.1,52,,,,,,,,,,,
nhtsa-pontiac-sunbird-coupe-2dr-101-2-7,Coupe,2,,,,,101.2,180.7,66.1,52.4,55.5,55.5,,,,,,,,,
nhtsa-pontiac-sunbird-hatchback-101-2,Hatchback,,,,,,101.2,173.6,66.5,51.6,,,,,,,,,,,
nhtsa-pontiac-sunbird-hatchback-101-2-2,Hatchback,,,,,,101.2,175.6,66.5,52.8,,,,,,,,,,,
nhtsa-pontiac-sunbird-hatchback-101-2-3,Hatchback,,,,,,101.2,175.6,66.5,52,,,,,,,,,,,
nhtsa-pontiac-sunbird-hatchback-2dr-101-2,Hatchback,2,,,,,101.2,173.6,66.5,51.6,,,,,,,,,,,
nhtsa-pontiac-sunbird-hatchback-2dr-101-2-2,Hatchback,2,,,,,101.2,175.6,66.5,52.8,,,,,,,,,,,
nhtsa-pontiac-sunbird-hatchback-2dr-101-2-3,Hatchback,2,,,,,101.2,175.6,66.5,52,,,,,,,,,,,
nhtsa-pontiac-sunbird-sedan-101-2,Sedan,,,,,,101.2,175.6,66.1,53.5,,,,,,,,,,,
nhtsa-pontiac-sunbird-sedan-101-2-2,Sedan,,,,,,101.2,175.6,66.1,53.9,,,,,,,,,,,
nhtsa-pontiac-sunbird-sedan-4dr-101-2,Sedan,4,,,,,101.2,175.6,66.1,53.5,,,,,,,,,,,
nhtsa-pontiac-sunbird-sedan-4dr-101-2-2,Sedan,4,,,,,101.2,175.6,66.1,53.9,,,,,,,,,,,
nhtsa-pontiac-sunbird-sedan-4dr-101-2-3,Sedan,4,,,,,101.2,181.9,65,53.5,56.3,55.5,,,,,,,,,
nhtsa-pontiac-sunbird-sedan-4dr-101-2-4,Sedan,4,,,,,101.2,180.3,66.1,53.5,,,,,,,,,,,
nhtsa-pontiac-sunbird-sedan-4dr-101-2-5,Sedan,4,,,,,101.2,180.7,66.1,53.9,55.5,55.5,,,,,,,,,
nhtsa-pontiac-sunbird-wagon-101-2,Wagon,,,,,,101.2,176,66.1,53.9,,,,,,,,,,,
nhtsa-pontiac-sunbird-wagon-101-2-2,Wagon,,,,,,101.2,176.4,66.1,53.9,,,,,,,,,,,
nhtsa-pontiac-sunburst-body-2dr-94-5,,2,,,,,94.5,155.9,63.8,52,,,,,,,,,,,
nhtsa-pontiac-sunburst-body-4dr-94-5,,4,,,,,94.5,158.7,63.8,52,,,,,,,,,,,
nhtsa-pontiac-sunfire-convertible-2dr-103-9,Convertible,2,,,,,103.9,181.9,67.3,53.9,57.1,56.7,,,,,,,,,
nhtsa-pontiac-sunfire-convertible-2dr-103-9-2,Convertible,2,,,,,103.9,181.9,68.5,53.9,57.5,56.7,,,,,,,,,
nhtsa-pontiac-sunfire-convertible-2dr-103-9-3,Convertible,2,,,,,103.9,183.1,68.5,53.9,57.5,56.7,,,,,,,,,
nhtsa-pontiac-sunfire-coupe-2dr-103-9,Coupe,2,,,,,103.9,181.9,67.3,53.1,57.1,56.7,,,,,,,,,
nhtsa-pontiac-sunfire-coupe-2dr-103-9-2,Coupe,2,,,,,103.9,181.9,67.3,53.1,57.5,57.1,,,,,,,,,
nhtsa-pontiac-sunfire-coupe-2dr-103-9-3,Coupe,2,,,,,103.9,183.1,68.5,53.1,57.5,56.7,,,,,,,,,
nhtsa-pontiac-sunfire-coupe-2dr-103-9-4,Coupe,2,,,,,103.9,181.9,68.5,53.1,57.5,56.7,,,,,,,,,
nhtsa-pontiac-sunfire-coupe-2dr-103-9-5,Coupe,2,,,,,103.9,181.5,68.5,53.1,57.5,56.7,,,,,,,,,
nhtsa-pontiac-sunfire-coupe-2dr-103-9-6,Coupe,2,,,,,103.9,185,68.5,53.1,57.5,56.7,,,,,,,,,
nhtsa-pontiac-sunfire-sedan-4dr-103-9,Sedan,4,,,,,103.9,181.9,67.3,54.7,57.5,56.7,,,,,,,,,
nhtsa-pontiac-sunfire-sedan-4dr-103-9-2,Sedan,4,,,,,103.9,181.9,68.1,54.7,57.5,56.7,,,,,,,,,
nhtsa-pontiac-sunfire-sedan-4dr-103-9-3,Sedan,4,,,,,103.9,,68.1,54.7,57.5,56.7,,,,,,,,,
nhtsa-pontiac-sunfire-sedan-4dr-103-9-4,Sedan,4,,,,,103.9,181.5,68.1,54.7,57.5,56.7,,,,,,,,,
nhtsa-pontiac-sunfire-sedan-4dr-103-9-5,Sedan,4,,,,,103.9,183.1,68.1,54.7,57.5,56.7,,,,,,,,,
nhtsa-pontiac-t1000-body-3dr-94-1,,3,,,,,94.1,161.8,61.8,52.8,,,,,,,,,,,
nhtsa-pontiac-t1000-sedan-5dr-97-2,Sedan,5,,,,,97.2,165,61.8,52.8,,,,,,,,,,,
nhtsa-pontiac-tempest-sedan-103-5,Sedan,,,,,,103.5,183.5,68.1,52.8,,,,,,,,,,,
nhtsa-pontiac-tempest-sedan-4dr-103-5,Sedan,4,,,,,103.5,183.5,68.1,52.8,,,,,,,,,,,
nhtsa-pontiac-tempest-sedan-4dr-103-5-2,Sedan,4,,,,,103.5,183.5,68.1,56.3,55.5,55.1,,,,,,,,,
nhtsa-pontiac-torrent-suv-4dr-112-6,SUV,4,,,,,112.6,189,71.3,66.9,61.4,61.8,,,,,,,,,
nhtsa-pontiac-torrent-suv-4dr-112-6-2,SUV,4,,,,,112.6,189,71.3,69.3,61.4,61.8,,,,,,,,,
nhtsa-pontiac-trans-sport-body-112-2,,,,,,,112.2,187.4,72.8,67.3,61.8,63,,,,,,,,,
nhtsa-pontiac-trans-sport-body-120-1,,,,,,,120.1,201.2,72.8,68.1,61.4,63,,,,,,,,,
nhtsa-pontiac-trans-sport-wagon-109-8,Wagon,,,,,,109.8,194.5,74.4,65.7,59.4,61.8,,,,,,,,,
nhtsa-pontiac-trans-sport-wagon-3dr-109-8,Wagon,3,,,,,109.8,192.1,74.4,65.7,59.1,61.4,,,,,,,,,
nhtsa-pontiac-vibe-body-102,,,,,,,102,172,70.1,62.2,60.2,59.1,,,,,,,,,
nhtsa-pontiac-vibe-wagon-4dr-102,Wagon,4,,,,,102,172,70.1,62.2,60.2,59.1,,,,,,,,,
nhtsa-pontiac-vibe-wagon-4dr-102-4,Wagon,4,,,,,102.4,172,69.7,63,58.7,59.4,,,,,,,,,
nhtsa-pontiac-vibe-wagon-4dr-102-4-2,Wagon,4,,,,,102.4,172,69.7,61,58.7,59.4,,,,,,,,,
nhtsa-pontiac-vibe-wagon-4dr-102-4-3,Wagon,4,,,,,102.4,172,69.7,61.4,58.7,59.4,,,,,,,,,
nhtsa-pontiac-wave-body-4dr-97-6,,4,,,,,97.6,152.8,65.7,59.1,57.1,55.5,,,,,,,,,
nhtsa-pontiac-wave-sedan-4dr-97-6,Sedan,4,,,,,97.6,166.9,65.7,59.1,56.7,55.5,,,,,,,,,
nhtsa-pontiac-wave-sedan-4dr-97-6-2,Sedan,4,,,,,97.6,169.7,67.3,59.4,56.7,56.3,,,,,,,,,
nhtsa-porsche-718-boxster-convertible-2dr-97-6,Convertible,2,,,,,97.6,172,70.9,50.4,59.8,61.4,,,,,,,,,
nhtsa-porsche-718-boxster-convertible-2dr-97-6-2,Convertible,2,,,,,97.6,172.4,70.9,50.4,59.8,61.4,,,,,,,,,
nhtsa-porsche-718-cayman-coupe-2dr-97-6,Coupe,2,,,,,97.6,172.4,70.9,50.8,59.8,61.4,,,,,,,,,
nhtsa-porsche-718-cayman-gt4-coupe-2dr-97-6,Coupe,2,,,,,97.6,172.4,70.9,50.8,59.8,61.4,,,,,,,,,
nhtsa-porsche-911-body-2dr-96-5,,2,,,,,96.5,176.8,71.3,51.2,60.6,63,,,,,,,,,
nhtsa-porsche-911-body-89-4,,,,,,,89.4,168.9,65,52,,,,,,,,,,,
nhtsa-porsche-911-body-89-4-2,,,,,,,89.4,168.9,70.1,52.4,,,,,,,,,,,
nhtsa-porsche-911-body-89-4-3,,,,,,,89.4,168.5,65,52,55.1,55.5,,,,,,,,,
nhtsa-porsche-911-body-89-4-4,,,,,,,89.4,168.5,65,52,54.3,53.9,,,,,,,,,
nhtsa-porsche-911-body-89-4-5,,,,,,,89.4,167.7,68.5,52,55.5,57.9,,,,,,,,,
nhtsa-porsche-911-body-92-5,,,,,,,92.5,174.4,69.7,51.6,58.3,59.1,,,,,,,,,
nhtsa-porsche-911-body-94-5,,,,,,,94.5,168.9,65,51.6,,,,,,,,,,,
nhtsa-porsche-911-convertible-2dr-89-4,Convertible,2,,,,,89.4,168.5,65,50.4,53.9,53.9,,,,,,,,,
nhtsa-porsche-911-convertible-2dr-91-7,Convertible,2,,,,,91.7,175.6,71.3,51.6,57.9,59.8,,,,,,,,,
nhtsa-porsche-911-convertible-2dr-91-7-2,Convertible,2,,,,,91.7,175.2,72,51.2,57.5,59.4,,,,,,,,,
nhtsa-porsche-911-convertible-2dr-92-5,Convertible,2,,,,,92.5,174.4,69.7,51.6,57.9,61,,,,,,,,,
nhtsa-porsche-911-convertible-2dr-92-5-2,Convertible,2,,,,,92.5,174.8,72,51.2,57.9,59.4,,,,,,,,,
nhtsa-porsche-911-convertible-2dr-92-5-3,Convertible,2,,,,,92.5,174.8,72,51.2,,,,,,,,,,,
nhtsa-porsche-911-convertible-2dr-92-5-4,Convertible,2,,,,,92.5,175.2,72.8,51.2,58.3,60.6,,,,,,,,,
nhtsa-porsche-911-convertible-2dr-92-5-5,Convertible,2,,,,,92.5,174.8,72.8,51.6,57.9,59.8,,,,,,,,,
nhtsa-porsche-911-convertible-2dr-92-5-6,Convertible,2,,,,,92.5,175.6,72.8,51.2,58.3,60.6,,,,,,,,,
nhtsa-porsche-911-convertible-2dr-96-5,Convertible,2,,,,,96.5,176.8,71.3,51.2,60.6,63,,,,,,,,,
nhtsa-porsche-911-convertible-2dr-96-5-2,Convertible,2,,,,,96.5,176.8,71.3,51.2,60.2,59.8,,,,,,,,,
nhtsa-porsche-911-convertible-2dr-96-5-3,Convertible,2,,,,,96.5,176.8,72.8,51.2,60.2,61.4,,,,,,,,,
nhtsa-porsche-911-convertible-2dr-96-5-4,Convertible,2,,,,,96.5,178,72.8,51.2,62.6,61.4,,,,,,,,,
nhtsa-porsche-911-convertible-2dr-96-5-5,Convertible,2,,,,,96.5,178.7,74.8,51.2,62.6,61.4,,,,,,,,,
nhtsa-porsche-911-convertible-89-4,Convertible,,,,,,89.4,168.9,65,52,,,,,,,,,,,
nhtsa-porsche-911-convertible-89-4-2,Convertible,,,,,,89.4,168.9,70.1,52,,,,,,,,,,,
nhtsa-porsche-911-convertible-89-4-3,Convertible,,,,,,89.4,168.9,65,52,55.1,55.5,,,,,,,,,
nhtsa-porsche-911-convertible-89-4-4,Convertible,,,,,,89.4,168.5,65,52,55.1,55.5,,,,,,,,,
nhtsa-porsche-911-convertible-89-4-5,Convertible,,,,,,89.4,168.5,65,51.2,54.3,53.9,,,,,,,,,
nhtsa-porsche-911-convertible-89-4-6,Convertible,,,,,,89.4,167.7,68.5,52,55.1,57.5,,,,,,,,,
nhtsa-porsche-911-convertible-89-4-7,Convertible,,,,,,89.4,167.7,68.5,52,55.5,56.7,,,,,,,,,
nhtsa-porsche-911-convertible-89-4-8,Convertible,,,,,,89.4,167.7,68.5,52,55.5,57.9,,,,,,,,,
nhtsa-porsche-911-convertible-92-5,Convertible,,,,,,92.5,174.4,69.7,51.6,57.5,59.1,,,,,,,,,
nhtsa-porsche-911-convertible-92-5-2,Convertible,,,,,,92.5,174.4,69.7,51.6,57.9,61,,,,,,,,,
nhtsa-porsche-911-convertible-96-5,Convertible,,,,,,96.5,176.8,71.3,51.2,60.6,63,,,,,,,,,
nhtsa-porsche-911-convertible-96-5-2,Convertible,,,,,,96.5,177.6,74,51.2,60.6,62.6,,,,,,,,,
nhtsa-porsche-911-convertible-96-5-3,Convertible,,,,,,96.5,176.8,72.8,51.2,60.2,61.4,,,,,,,,,
nhtsa-porsche-911-coupe-2dr-89-4,Coupe,2,,,,,89.4,168.9,65,52,,,,,,,,,,,
nhtsa-porsche-911-coupe-2dr-89-4-2,Coupe,2,,,,,89.4,168.9,70.1,51.6,,,,,,,,,,,
nhtsa-porsche-911-coupe-2dr-89-4-3,Coupe,2,,,,,89.4,168.5,65,52,54.3,54.3,,,,,,,,,
nhtsa-porsche-911-coupe-2dr-91-7,Coupe,2,,,,,91.7,175.6,71.3,51.6,58.3,59.1,,,,,,,,,
nhtsa-porsche-911-coupe-2dr-91-7-2,Coupe,2,,,,,91.7,175.6,72.8,51.6,58.3,59.1,,,,,,,,,
nhtsa-porsche-911-coupe-2dr-92-5,Coupe,2,,,,,92.5,174.4,69.7,51.6,58.3,59.1,,,,,,,,,
nhtsa-porsche-911-coupe-2dr-92-5-2,Coupe,2,,,,,92.5,174.8,72,51.2,57.9,59.8,,,,,,,,,
nhtsa-porsche-911-coupe-2dr-92-5-3,Coupe,2,,,,,92.5,175.6,72.8,51.6,58.3,60.6,,,,,,,,,
nhtsa-porsche-911-coupe-2dr-92-5-4,Coupe,2,,,,,92.5,175.2,72.8,51.2,58.3,60.6,,,,,,,,,
nhtsa-porsche-911-coupe-2dr-92-5-5,Coupe,2,,,,,92.5,176,72.8,50.8,,,,,,,,,,,
nhtsa-porsche-911-coupe-2dr-92-5-6,Coupe,2,,,,,92.5,174.8,72.8,51.6,58.3,59.1,,,,,,,,,
nhtsa-porsche-911-coupe-2dr-92-5-7,Coupe,2,,,,,92.5,176,72.8,50.8,58.3,60.6,,,,,,,,,
nhtsa-porsche-911-coupe-2dr-92-5-8,Coupe,2,,,,,92.5,175.6,72.8,50.4,58.3,60.6,,,,,,,,,
nhtsa-porsche-911-coupe-2dr-92-5-9,Coupe,2,,,,,92.5,175.6,72.8,51.2,58.3,60.6,,,,,,,,,
nhtsa-porsche-911-coupe-2dr-92-9,Coupe,2,,,,,92.9,176,72,50.4,,,,,,,,,,,
nhtsa-porsche-911-coupe-2dr-92-9-2,Coupe,2,,,,,92.9,174.8,69.7,50.4,,,,,,,,,,,
nhtsa-porsche-911-coupe-2dr-92-9-3,Coupe,2,,,,,92.9,174.4,71.3,50.4,58.3,60.6,,,,,,,,,
nhtsa-porsche-911-coupe-2dr-92-9-4,Coupe,2,,,,,92.9,176,71.3,50.4,58.3,60.6,,,,,,,,,
nhtsa-porsche-911-coupe-2dr-96-5,Coupe,2,,,,,96.5,176.8,71.3,51.2,60.6,63,,,,,,,,,
nhtsa-porsche-911-coupe-2dr-96-5-2,Coupe,2,,,,,96.5,176.8,72.8,51.2,60.6,63,,,,,,,,,
nhtsa-porsche-911-coupe-2dr-96-5-3,Coupe,2,,,,,96.5,177.6,74,51.2,60.6,62.6,,,,,,,,,
nhtsa-porsche-911-coupe-2dr-96-5-4,Coupe,2,,,,,96.5,176.8,72.8,51.2,60.2,61.4,,,,,,,,,
nhtsa-porsche-911-coupe-2dr-96-5-5,Coupe,2,,,,,96.5,178,72.8,51.2,62.6,61.4,,,,,,,,,
nhtsa-porsche-911-coupe-2dr-96-5-6,Coupe,2,,,,,96.5,178.7,74.8,51.2,62.6,61.4,,,,,,,,,
nhtsa-porsche-911-coupe-2dr-96-5-7,Coupe,2,,,,,96.5,178.3,73.2,52.8,62.6,61.4,,,,,,,,,
nhtsa-porsche-911-coupe-2dr-96-9,Coupe,2,,,,,96.9,179.1,72.8,50,61,61.4,,,,,,,,,
nhtsa-porsche-911-coupe-2dr-96-9-2,Coupe,2,,,,,96.9,179.9,72.8,50.4,61,61.4,,,,,,,,,
nhtsa-porsche-911-coupe-2dr-96-9-3,Coupe,2,,,,,96.9,179.9,73.2,50.4,62.6,61.4,,,,,,,,,
nhtsa-porsche-911-coupe-89-4,Coupe,,,,,,89.4,168.9,65,52,,,,,,,,,,,
nhtsa-porsche-911-coupe-89-4-10,Coupe,,,,,,89.4,167.7,70.9,52,55.5,59.1,,,,,,,,,
nhtsa-porsche-911-coupe-89-4-2,Coupe,,,,,,89.4,168.9,70.1,51.6,,,,,,,,,,,
nhtsa-porsche-911-coupe-89-4-3,Coupe,,,,,,89.4,168.5,70.1,51.6,,,,,,,,,,,
nhtsa-porsche-911-coupe-89-4-4,Coupe,,,,,,89.4,174.8,70.1,51.6,,,,,,,,,,,
nhtsa-porsche-911-coupe-89-4-5,Coupe,,,,,,89.4,168.5,65,51.6,54.3,53.9,,,,,,,,,
nhtsa-porsche-911-coupe-89-4-6,Coupe,,,,,,89.4,168.5,70.1,51.6,56.7,58.7,,,,,,,,,
nhtsa-porsche-911-coupe-89-4-7,Coupe,,,,,,89.4,167.7,68.5,52,55.1,57.9,,,,,,,,,
nhtsa-porsche-911-coupe-89-4-8,Coupe,,,,,,89.4,167.7,68.5,52,55.5,56.7,,,,,,,,,
nhtsa-porsche-911-coupe-89-4-9,Coupe,,,,,,89.4,167.7,68.5,52,55.5,57.9,,,,,,,,,
nhtsa-porsche-911-coupe-92-5,Coupe,,,,,,92.5,174.4,69.7,51.6,57.5,59.1,,,,,,,,,
nhtsa-porsche-911-coupe-92-5-2,Coupe,,,,,,92.5,174.8,72,51.2,,,,,,,,,,,
nhtsa-porsche-911-coupe-92-5-3,Coupe,,,,,,92.5,174.8,72,51.2,57.9,59.8,,,,,,,,,
nhtsa-porsche-911-coupe-92-5-4,Coupe,,,,,,92.5,174.4,69.7,51.6,58.3,59.1,,,,,,,,,
nhtsa-porsche-911-turbo-coupe-92-5,Coupe,,,,,,92.5,174.8,72,51.2,57.9,59.8,,,,,,,,,
nhtsa-porsche-918-convertible-107-5,Convertible,,,,,,107.5,183.1,76.4,46.1,,,,,,,,,,,
nhtsa-porsche-924-body-94-5,,,,,,,94.5,170.1,66.1,50.4,,,,,,,,,,,
nhtsa-porsche-928-body-98-4,,,,,,,98.4,175.6,72.4,50.4,,,,,,,,,,,
nhtsa-porsche-928-coupe-2dr-98-4,Coupe,2,,,,,98.4,178,72.4,50.4,57.5,57.1,,,,,,,,,
nhtsa-porsche-928-coupe-2dr-98-4-2,Coupe,2,,,,,98.4,178,72.4,50.4,,,,,,,,,,,
nhtsa-porsche-928-coupe-98-4,Coupe,,,,,,98.4,178,72.4,50.4,61,61,,,,,,,,,
nhtsa-porsche-928-coupe-98-4-2,Coupe,,,,,,98.4,178,74.4,50.4,61,63.8,,,,,,,,,
nhtsa-porsche-944-body-94-5,,,,,,,94.5,168.9,68.5,50.4,,,,,,,,,,,
nhtsa-porsche-944-body-94-5-2,,,,,,,94.5,170.1,68.5,50.4,,,,,,,,,,,
nhtsa-porsche-944-convertible-2dr-94-5,Convertible,2,,,,,94.5,168.9,68.5,50.4,58.3,57.1,,,,,,,,,
nhtsa-porsche-944-coupe-2dr-94-5,Coupe,2,,,,,94.5,169.3,68.5,50.4,58.3,57.1,,,,,,,,,
nhtsa-porsche-944-coupe-94-5,Coupe,,,,,,94.5,170.1,68.5,50.4,58.3,57.1,,,,,,,,,
nhtsa-porsche-944-coupe-94-5-2,Coupe,,,,,,94.5,168.9,68.5,50.4,58.3,57.1,,,,,,,,,
nhtsa-porsche-944-hatchback-2dr-94-5,Hatchback,2,,,,,94.5,165.4,68.5,50.4,,,,,,,,,,,
nhtsa-porsche-944-hatchback-2dr-94-5-2,Hatchback,2,,,,,94.5,170.1,68.5,50.4,,,,,,,,,,,
nhtsa-porsche-968-convertible-94-5,Convertible,,,,,,94.5,170.1,68.5,50.4,,,,,,,,,,,
nhtsa-porsche-968-coupe-94-5,Coupe,,,,,,94.5,170.1,68.5,50.4,,,,,,,,,,,
nhtsa-porsche-boxster-convertible-2dr-94-9,Convertible,2,,,,,94.9,170.9,70.9,50.8,58.3,59.1,,,,,,,,,
nhtsa-porsche-boxster-convertible-2dr-94-9-2,Convertible,2,,,,,94.9,170.9,70.9,48.4,58.3,59.1,,,,,,,,,
nhtsa-porsche-boxster-convertible-2dr-97-6,Convertible,2,,,,,97.6,172,70.9,50.4,59.8,61.4,,,,,,,,,
nhtsa-porsche-boxster-convertible-2dr-97-6-2,Convertible,2,,,,,97.6,173.2,70.9,50,59.8,61.4,,,,,,,,,
nhtsa-porsche-boxster-convertible-95-3,Convertible,,,,,,95.3,170.9,70.1,50.8,57.1,58.3,,,,,,,,,
nhtsa-porsche-boxster-convertible-95-3-2,Convertible,,,,,,95.3,170.9,70.1,50.8,57.9,60.2,,,,,,,,,
nhtsa-porsche-cayenne-coupe-4dr-114-2,Coupe,4,,,,,114.2,194.1,78,66.1,65.7,65,,,,,,,,,
nhtsa-porsche-cayenne-suv-4dr-111-8,SUV,4,,,,,111.8,189,76,66.9,65.4,64.6,,,,,,,,,
nhtsa-porsche-cayenne-suv-4dr-112-6,SUV,4,,,,,112.6,188.6,76,66.9,64.6,65,,,,,,,,,
nhtsa-porsche-cayenne-suv-4dr-114-2,SUV,4,,,,,114.2,190.9,76.4,67.3,65,65.7,,,,,,,,,
nhtsa-porsche-cayenne-suv-4dr-114-2-2,SUV,4,,,,,114.2,190.9,76.4,66.9,65,65.7,,,,,,,,,
nhtsa-porsche-cayenne-suv-4dr-114-2-3,SUV,4,,,,,114.2,193.7,78,66.9,66.1,65.7,,,,,,,,,
nhtsa-porsche-cayman-coupe-2dr-94-9,Coupe,2,,,,,94.9,171.3,70.9,51.2,58.3,59.1,,,,,,,,,
nhtsa-porsche-cayman-coupe-2dr-97-6,Coupe,2,,,,,97.6,172.4,70.9,50.8,59.8,61.4,,,,,,,,,
nhtsa-porsche-cayman-coupe-2dr-97-6-2,Coupe,2,,,,,97.6,173.2,70.9,50.4,59.8,61.4,,,,,,,,,
nhtsa-porsche-cayman-coupe-2dr-97-6-3,Coupe,2,,,,,97.6,174.8,71.7,50,59.8,61.4,,,,,,,,,
nhtsa-porsche-cayman-gts-coupe-2dr-97-6,Coupe,2,,,,,97.6,173.2,70.9,50.4,59.8,61.4,,,,,,,,,
nhtsa-porsche-cayman-s-coupe-2dr-94-9,Coupe,2,,,,,94.9,171.3,70.9,51.2,58.3,59.1,,,,,,,,,
nhtsa-porsche-macan-suv-4dr-110-6,SUV,4,,,,,110.6,184.3,75.6,63.8,64.2,65,,,,,,,,,
nhtsa-porsche-macan-suv-4dr-110-6-2,SUV,4,,,,,110.6,185,75.6,63.8,65.4,65,,,,,,,,,
nhtsa-porsche-macan-suv-4dr-113-8,SUV,4,,,,,113.8,188.2,76.4,63.8,,,,,,,,,,,
nhtsa-porsche-panamera-body-115,,,,,,,115,195.7,76,55.9,65,64.2,,,,,,,,,
nhtsa-porsche-panamera-body-116-1,,,,,,,116.1,198.8,76.4,55.9,65,64.2,,,,,,,,,
nhtsa-porsche-panamera-body-122,,,,,,,122,204.7,76.4,55.9,65,64.2,,,,,,,,,
nhtsa-porsche-panamera-hatchback-4dr-115,Hatchback,4,,,,,115,195.7,76,55.9,65,64.2,,,,,,,,,
nhtsa-porsche-panamera-hatchback-4dr-115-2,Hatchback,4,,,,,115,197.6,76,55.9,65,64.2,,,,,,,,,
nhtsa-porsche-panamera-hatchback-4dr-115-3,Hatchback,4,,,,,115,197.6,76,55.5,65,64.2,,,,,,,,,
nhtsa-porsche-panamera-hatchback-4dr-120-9,Hatchback,4,,,,,120.9,203.5,76,56.3,65,64.2,,,,,,,,,
nhtsa-porsche-panamera-sedan-4dr-116-1,Sedan,4,,,,,116.1,198.8,76.4,55.9,65,64.2,,,,,,,,,
nhtsa-porsche-panamera-sedan-4dr-122,Sedan,4,,,,,122,204.7,76.4,55.9,65,64.2,,,,,,,,,
nhtsa-porsche-panamera-wagon-4dr-116-1,Wagon,4,,,,,116.1,198.8,76.4,56.3,65,64.2,,,,,,,,,
nhtsa-porsche-taycan-body-114-2,,,,,,,114.2,195.7,77.6,55.5,65.7,64.6,,,,,,,,,
nhtsa-porsche-taycan-sedan-4dr-114-2,Sedan,4,,,,,114.2,195.3,77.6,54.3,65.7,64.6,,,,,,,,,
nhtsa-ram-promaster-city-van-121-3,Van,,,,,,121.3,187.8,72,74,59.4,60.2,,,,,,,,,
nhtsa-ram-promaster-city-wagon-121-3,Wagon,,,,,,121.3,187.8,72,74,59.4,60.2,,,,,,,,,
nhtsa-ram-ram-1500-pickup-crew-140-2,Pickup,,Crew,,,,140.2,226,79.1,74,69.3,68.1,,,,,,,,,
nhtsa-ram-ram-1500-pickup-crew-140-2-2,Pickup,,Crew,,,,140.2,226,79.1,74.8,69.3,68.1,,,,,,,,,
nhtsa-ram-ram-1500-pickup-crew-140-6,Pickup,,Crew,,,,140.6,226,79.1,76.8,68.1,67.7,,,,,,,,,
nhtsa-ram-ram-1500-pickup-crew-140-6-2,Pickup,,Crew,,,,140.6,226,79.1,77.6,68.1,67.7,,,,,,,,,
nhtsa-ram-ram-1500-pickup-crew-144-5,Pickup,,Crew,,,,144.5,233.1,81.9,77.6,68.5,68.1,,,,,,,,,
nhtsa-ram-ram-1500-pickup-crew-149-2,Pickup,,Crew,,,,149.2,235,79.1,74,69.3,68.1,,,,,,,,,
nhtsa-ram-ram-1500-pickup-crew-149-2-2,Pickup,,Crew,,,,149.2,235,79.1,74.8,69.3,68.1,,,,,,,,,
nhtsa-ram-ram-1500-pickup-crew-149-2-3,Pickup,,Crew,,,,149.2,235,79.1,76.8,68.5,67.7,,,,,,,,,
nhtsa-ram-ram-1500-pickup-crew-149-2-4,Pickup,,Crew,,,,149.2,235,79.1,77.6,68.1,67.7,,,,,,,,,
nhtsa-ram-ram-1500-pickup-crew-153-5,Pickup,,Crew,,,,153.5,242.1,81.9,77.6,68.5,68.1,,,,,,,,,
nhtsa-ram-ram-1500-pickup-quad-140-2,Pickup,,Quad,,,,140.2,226,79.1,74,68.9,68.1,,,,,,,,,
nhtsa-ram-ram-1500-pickup-quad-140-2-2,Pickup,,Quad,,,,140.2,226,79.1,74.8,68.9,68.1,,,,,,,,,
nhtsa-ram-ram-1500-pickup-quad-140-6,Pickup,,Quad,,,,140.6,229.1,81.9,77.6,68.5,68.1,,,,,,,,,
nhtsa-ram-ram-1500-pickup-quad-140-6-2,Pickup,,Quad,,,,140.6,226,79.1,77.2,68.1,67.7,,,,,,,,,
nhtsa-ram-ram-1500-pickup-quad-140-6-3,Pickup,,Quad,,,,140.6,226,79.1,78,68.1,67.7,,,,,,,,,
nhtsa-ram-ram-1500-pickup-regular-120-1,Pickup,,Regular,,,,120.1,205.9,79.1,73.2,69.3,68.1,,,,,,,,,
nhtsa-ram-ram-1500-pickup-regular-120-5,Pickup,,Regular,,,,120.5,205.9,79.1,74.4,68.1,67.7,,,,,,,,,
nhtsa-ram-ram-1500-pickup-regular-120-5-2,Pickup,,Regular,,,,120.5,205.9,79.1,75.2,68.1,67.7,,,,,,,,,
nhtsa-ram-ram-1500-pickup-regular-140-2,Pickup,,Regular,,,,140.2,228,79.1,73.2,69.3,68.1,,,,,,,,,
nhtsa-ram-ram-1500-pickup-regular-140-2-2,Pickup,,Regular,,,,140.2,228,79.1,74,69.3,68.1,,,,,,,,,
nhtsa-ram-ram-1500-pickup-regular-140-6,Pickup,,Regular,,,,140.6,228,79.1,74.4,68.1,67.7,,,,,,,,,
nhtsa-ram-ram-1500-pickup-regular-140-6-2,Pickup,,Regular,,,,140.6,228,79.1,75.2,68.1,67.7,,,,,,,,,
nhtsa-ram-ram-1500-van-118-1,Van,,,,,Low,118.1,195.3,80.7,88.6,71.3,70.5,,,,,,,,,
nhtsa-ram-ram-1500-van-118-1-2,Van,,,,,Low,118.1,195.3,80.3,88.6,71.3,70.5,,,,,,,,,
nhtsa-ram-ram-1500-van-135-8,Van,,,,,High,135.8,213,80.7,99.2,71.3,70.5,,,,,,,,,
nhtsa-ram-ram-1500-van-135-8-2,Van,,,,,Low,135.8,213,80.7,88.6,71.3,70.5,,,,,,,,,
nhtsa-ram-ram-1500-van-135-8-3,Van,,,,,High,135.8,213.4,80.3,99.2,71.3,70.5,,,,,,,,,
nhtsa-ram-ram-1500-van-135-8-4,Van,,,,,Low,135.8,213.4,80.3,88.6,71.3,70.5,,,,,,,,,
nhtsa-ram-ram-2500-pickup-crew-long-168-9,Pickup,,Crew,,,,168.9,259.4,79.5,78,68.5,68.1,,,,,,,,,
nhtsa-ram-ram-2500-pickup-crew-long-168-9-2,Pickup,,Crew,,,,168.9,259.4,79.5,80.3,68.5,68.1,,,,,,,,,
nhtsa-ram-ram-2500-pickup-crew-long-169-7,Pickup,,Crew,,,,169.7,256.7,79.5,,68.9,68.5,,,,,,,,,
nhtsa-ram-ram-2500-pickup-crew-short-149-2,Pickup,,Crew,,,,149.2,234.3,79.5,,68.9,68.5,,,,,,,,,
nhtsa-ram-ram-2500-pickup-crew-short-149-2-2,Pickup,,Crew,,,,149.2,237.8,79.5,78,68.5,68.1,,,,,,,,,
nhtsa-ram-ram-2500-pickup-crew-short-149-2-3,Pickup,,Crew,,,,149.2,237.8,79.5,80.3,68.5,68.1,,,,,,,,,
nhtsa-ram-ram-2500-pickup-mega-short-160-2,Pickup,,Mega,,,,160.2,248.8,79.5,80.3,68.5,68.1,,,,,,,,,
nhtsa-ram-ram-2500-pickup-mega-short-160-6,Pickup,,Mega,,,,160.6,245.7,79.5,,68.9,68.5,,,,,,,,,
nhtsa-ram-ram-2500-pickup-regular-long-140-2,Pickup,,Regular,,,,140.2,227.2,79.5,,68.9,68.5,,,,,,,,,
nhtsa-ram-ram-2500-pickup-regular-long-140-6,Pickup,,Regular,,,,140.6,230.7,79.5,78,68.5,68.1,,,,,,,,,
nhtsa-ram-ram-2500-pickup-regular-long-140-6-2,Pickup,,Regular,,,,140.6,230.7,79.5,80.3,68.5,68.1,,,,,,,,,
nhtsa-ram-ram-2500-van-135-8,Van,,,,,High,135.8,213,80.7,99.2,71.3,70.5,,,,,,,,,
nhtsa-ram-ram-2500-van-135-8-2,Van,,,,,Low,135.8,213,80.7,88.6,71.3,70.5,,,,,,,,,
nhtsa-ram-ram-2500-van-135-8-3,Van,,,,,High,135.8,213.4,80.3,99.2,71.3,70.5,,,,,,,,,
nhtsa-ram-ram-2500-van-135-8-4,Van,,,,,Low,135.8,213.4,80.3,88.6,71.3,70.5,,,,,,,,,
nhtsa-ram-ram-2500-van-159-1,Van,,,,,High,159.1,236.2,80.7,99.2,71.3,70.5,,,,,,,,,
nhtsa-ram-ram-2500-van-159-1-2,Van,,,,,,159.1,236.2,80.7,99.2,71.3,70.5,,,,,,,,,
nhtsa-ram-ram-2500-van-159-1-3,Van,,,,,,159.1,236.2,80.3,99.2,71.3,70.5,,,,,,,,,
nhtsa-ram-ram-2500-van-159-1-4,Van,,,,,High,159.1,236.2,80.3,99.2,71.3,70.5,,,,,,,,,
nhtsa-ram-ram-3500-body-159-1,,,,,,High,159.1,250.4,80.7,99.2,71.3,70.5,,,,,,,,,
nhtsa-ram-ram-3500-pickup-crew-long-168-9,Pickup,,Crew,,,,168.9,259.4,79.5,78.3,67.7,,,,,,,,,,
nhtsa-ram-ram-3500-pickup-crew-long-168-9-2,Pickup,,Crew,,,,168.9,259.4,79.5,79.5,67.7,,,,,,,,,,
nhtsa-ram-ram-3500-pickup-crew-long-168-9-3,Pickup,,Crew,,,,168.9,259.4,79.5,78.3,67.7,66.9,,,,,,,,,
nhtsa-ram-ram-3500-pickup-crew-long-168-9-4,Pickup,,Crew,,,,168.9,259.4,79.5,79.5,67.7,66.9,,,,,,,,,
nhtsa-ram-ram-3500-pickup-crew-long-169-7,Pickup,,Crew,,,,169.7,256.7,96.1,,68.9,,,,,,,,,,
nhtsa-ram-ram-3500-pickup-crew-long-169-7-2,Pickup,,Crew,,,,169.7,256.7,79.5,,68.9,68.5,,,,,,,,,
nhtsa-ram-ram-3500-pickup-crew-short-149-2,Pickup,,Crew,,,,149.2,234.3,79.5,,68.9,68.5,,,,,,,,,
nhtsa-ram-ram-3500-pickup-crew-short-149-2-2,Pickup,,Crew,,,,149.2,237.8,79.5,78.3,67.7,66.9,,,,,,,,,
nhtsa-ram-ram-3500-pickup-crew-short-149-2-3,Pickup,,Crew,,,,149.2,237.8,79.5,79.5,67.7,66.9,,,,,,,,,
nhtsa-ram-ram-3500-pickup-mega-short-160-2,Pickup,,Mega,,,,160.2,248.8,79.5,79.5,67.7,,,,,,,,,,
nhtsa-ram-ram-3500-pickup-mega-short-160-2-2,Pickup,,Mega,,,,160.2,248.8,79.5,79.5,67.7,66.9,,,,,,,,,
nhtsa-ram-ram-3500-pickup-mega-short-160-6,Pickup,,Mega,,,,160.6,245.7,96.1,,68.9,,,,,,,,,,
nhtsa-ram-ram-3500-pickup-mega-short-160-6-2,Pickup,,Mega,,,,160.6,245.7,79.5,,68.9,68.5,,,,,,,,,
nhtsa-ram-ram-3500-pickup-regular-long-140-2,Pickup,,Regular,,,,140.2,227.2,96.1,,68.9,,,,,,,,,,
nhtsa-ram-ram-3500-pickup-regular-long-140-2-2,Pickup,,Regular,,,,140.2,227.2,79.5,,68.9,68.5,,,,,,,,,
nhtsa-ram-ram-3500-pickup-regular-long-140-6,Pickup,,Regular,,,,140.6,230.7,79.5,78.3,67.7,,,,,,,,,,
nhtsa-ram-ram-3500-pickup-regular-long-140-6-2,Pickup,,Regular,,,,140.6,230.7,79.5,79.5,67.7,,,,,,,,,,
nhtsa-ram-ram-3500-pickup-regular-long-140-6-3,Pickup,,Regular,,,,140.6,230.7,79.5,78.3,67.7,66.9,,,,,,,,,
nhtsa-ram-ram-3500-pickup-regular-long-140-6-4,Pickup,,Regular,,,,140.6,230.7,79.5,79.5,67.7,66.9,,,,,,,,,
nhtsa-ram-ram-3500-van-135-8,Van,,,,,High,135.8,213,80.7,88.6,71.3,70.5,,,,,,,,,
nhtsa-ram-ram-3500-van-135-8-2,Van,,,,,Low,135.8,213,80.7,99.2,71.3,70.5,,,,,,,,,
nhtsa-ram-ram-3500-van-135-8-3,Van,,,,,High,135.8,213.4,80.3,88.6,71.3,70.5,,,,,,,,,
nhtsa-ram-ram-3500-van-135-8-4,Van,,,,,Low,135.8,213.4,80.3,99.2,71.3,70.5,,,,,,,,,
nhtsa-ram-ram-3500-van-159-1,Van,,,,,High,159.1,236.2,80.7,99.2,71.3,70.5,,,,,,,,,
nhtsa-ram-ram-3500-van-159-1-2,Van,,,,,High,159.1,250.4,80.7,99.2,71.3,70.5,,,,,,,,,
nhtsa-ram-ram-3500-van-159-1-3,Van,,,,,,159.1,250.4,80.7,99.2,71.3,70.5,,,,,,,,,
nhtsa-ram-ram-3500-van-159-1-4,Van,,,,,,159.1,250.4,80.3,99.2,71.3,70.5,,,,,,,,,
nhtsa-ram-ram-3500-van-159-1-5,Van,,,,,High,159.1,236.2,80.3,99.2,71.3,70.5,,,,,,,,,
nhtsa-ram-ram-3500-van-159-1-6,Van,,,,,High,159.1,250.4,80.3,99.2,71.3,70.5,,,,,,,,,
nhtsa-renault-alliance-body-2dr-97-6,,2,,,,,97.6,163.8,65,54.3,,,,,,,,,,,
nhtsa-renault-alliance-body-2dr-97-6-2,,2,,,,,97.6,163.8,65,54.7,,,,,,,,,,,
nhtsa-renault-alliance-body-4dr-97-6,,4,,,,,97.6,163.8,65,54.7,,,,,,,,,,,
nhtsa-renault-alliance-body-4dr-97-6-2,,4,,,,,97.6,163.8,65,54.3,,,,,,,,,,,
nhtsa-renault-alliance-convertible-97-6,Convertible,,,,,,97.6,163.8,65,54.7,,,,,,,,,,,
nhtsa-renault-alliance-coupe-2dr-97-6,Coupe,2,,,,,97.6,163.8,65,54.7,,,,,,,,,,,
nhtsa-renault-alliance-hatchback-2dr-97-6,Hatchback,2,,,,,97.6,160.6,65,54.7,,,,,,,,,,,
nhtsa-renault-alliance-hatchback-4dr-97-6,Hatchback,4,,,,,97.6,160.6,65,54.7,,,,,,,,,,,
nhtsa-renault-alliance-sedan-4dr-97-6,Sedan,4,,,,,97.6,163.8,65,54.7,,,,,,,,,,,
nhtsa-renault-encore-body-2dr-97-6,,2,,,,,97.6,160.6,65,54.7,,,,,,,,,,,
nhtsa-renault-encore-body-4dr-97-6,,4,,,,,97.6,160.6,65,54.7,,,,,,,,,,,
nhtsa-renault-fuego-body-96-1,,,,,,,96.1,176.8,66.5,50.4,,,,,,,,,,,
nhtsa-renault-lecar-body-95-3,,,,,,,95.3,142.5,59.8,55.1,,,,,,,,,,,
nhtsa-renault-lecar-body-95-3-2,,,,,,,95.3,142.9,60.2,55.1,,,,,,,,,,,
nhtsa-rivian-r1s-suv-4dr-121-3,SUV,4,,,,,121.3,200.8,79.1,77.2,68.1,68.1,,,,,,,,,
nhtsa-rivian-r1t-pickup-4dr-135-8,Pickup,4,,,,,135.8,216.9,79.1,78,68.1,68.1,,,,,,,,,
nhtsa-rolls-royce-camargue-body-120-1,,,,,,,120.1,206.7,75.6,58.3,,,,,,,,,,,
nhtsa-rolls-royce-corniche-body-118-9,,,,,,,118.9,207.5,72.8,58.7,,,,,,,,,,,
nhtsa-rolls-royce-corniche-body-119-7,,,,,,,119.7,207.5,72.8,59.8,,,,,,,,,,,
nhtsa-rolls-royce-corniche-body-120-1,,,,,,,120.1,204.3,72,59.8,,,,,,,,,,,
nhtsa-rolls-royce-corniche-body-120-1-2,,,,,,,120.1,204.7,72,59.8,,,,,,,,,,,
nhtsa-rolls-royce-corniche-convertible-120-5,Convertible,,,,,,120.5,207.1,77.2,59.8,,,,,,,,,,,
nhtsa-rolls-royce-corniche-convertible-2dr-120-5,Convertible,2,,,,,120.5,207.1,77.2,59.8,60.6,60.6,,,,,,,,,
nhtsa-rolls-royce-corniche-coupe-118-9,Coupe,,,,,,118.9,207.5,72.8,58.7,,,,,,,,,,,
nhtsa-rolls-royce-cullinan-suv-4dr-129-9,SUV,4,,,,,129.9,210.2,78.7,72.4,,,,,,,,,,,
nhtsa-rolls-royce-dawn-body-122-4,,,,,,,122.4,207.9,76.8,59.1,63.8,65.7,,,,,,,,,
nhtsa-rolls-royce-dawn-convertible-2dr-122-4,Convertible,2,,,,,122.4,207.9,76.8,59.1,63.8,65.7,,,,,,,,,
nhtsa-rolls-royce-ghost-sedan-4dr-129-5,Sedan,4,,,,,129.5,218.5,,61.8,,,,,,,,,,,
nhtsa-rolls-royce-ghost-sedan-4dr-129-5-2,Sedan,4,,,,,129.5,215,76.8,61,63.8,65.4,,,,,,,,,
nhtsa-rolls-royce-ghost-sedan-4dr-129-9,Sedan,4,,,,,129.9,212.6,76.8,61,,,,,,,,,,,
nhtsa-rolls-royce-ghost-sedan-4dr-136-6,Sedan,4,,,,,136.6,219.3,76.8,61,,,,,,,,,,,
nhtsa-rolls-royce-ghost-sedan-4dr-136-6-2,Sedan,4,,,,,136.6,225.2,,61.8,,,,,,,,,,,
nhtsa-rolls-royce-ghost-sedan-4dr-136-6-3,Sedan,4,,,,,136.6,221.7,76.8,61,63.8,65.4,,,,,,,,,
nhtsa-rolls-royce-phantom-convertible-2dr-130-7,Convertible,2,,,,,130.7,220.9,78.3,62.2,66.5,65.7,,,,,,,,,
nhtsa-rolls-royce-phantom-coupe-2dr-130-7,Coupe,2,,,,,130.7,220.9,78.3,62.2,,,,,,,,,,,
nhtsa-rolls-royce-phantom-coupe-2dr-130-7-2,Coupe,2,,,,,130.7,220.9,78.3,63,66.5,65.7,,,,,,,,,
nhtsa-rolls-royce-phantom-sedan-4dr-140-6,Sedan,4,,,,,140.6,229.5,78.3,64.2,,,,,,,,,,,
nhtsa-rolls-royce-phantom-sedan-4dr-150-4,Sedan,4,,,,,150.4,239.4,78.3,64.2,,,,,,,,,,,
nhtsa-rolls-royce-silver-dawn-sedan-4dr-120-5,Sedan,4,,,,,120.5,207.9,74.4,58.7,,,,,,,,,,,
nhtsa-rolls-royce-silver-seraph-sedan-4dr-122-8,Sedan,4,,,,,122.8,212.2,76,59.4,,,,,,,,,,,
nhtsa-rolls-royce-silver-spirit-body-120-5,,,,,,,120.5,207.9,74,58.7,,,,,,,,,,,
nhtsa-rolls-royce-silver-spirit-sedan-4dr-120-5,Sedan,4,,,,,120.5,207.5,74.4,58.7,,,,,,,,,,,
nhtsa-rolls-royce-silver-spirit-sedan-4dr-120-5-2,Sedan,4,,,,,120.5,207.9,79.1,58.7,,,,,,,,,,,
nhtsa-rolls-royce-silver-spirit-sedan-4dr-120-5-3,Sedan,4,,,,,120.5,207.9,79.1,58.7,60.6,60.6,,,,,,,,,
nhtsa-rolls-royce-silver-spur-body-124,,,,,,,124,211.8,74,58.7,,,,,,,,,,,
nhtsa-rolls-royce-silver-spur-sedan-4dr-124-4,Sedan,4,,,,,124.4,211.4,74.4,58.7,,,,,,,,,,,
nhtsa-rolls-royce-silver-spur-sedan-4dr-124-4-2,Sedan,4,,,,,124.4,211.8,79.1,58.7,,,,,,,,,,,
nhtsa-rolls-royce-silver-spur-sedan-4dr-124-4-3,Sedan,4,,,,,124.4,211.8,79.1,58.7,60.6,60.6,,,,,,,,,
nhtsa-rolls-royce-spectre-coupe-2dr-126-4,Coupe,2,,,,,126.4,214.6,81.9,61.4,,,,,,,,,,,
nhtsa-rolls-royce-wraith-coupe-2dr-122-4,Coupe,2,,,,,122.4,207.9,76.8,59.1,63.8,65.7,,,,,,,,,
nhtsa-saab-9-2x-wagon-4dr-99-6,Wagon,4,,,,,99.6,176,66.9,57.9,57.1,56.7,,,,,,,,,
nhtsa-saab-9-3-convertible-2dr-102-8,Convertible,2,,,,,102.8,181.9,67.3,56.3,57.1,56.7,,,,,,,,,
nhtsa-saab-9-3-convertible-2dr-102-8-2,Convertible,2,,,,,102.8,181.9,67.3,56.3,57.5,57.1,,,,,,,,,
nhtsa-saab-9-3-convertible-2dr-102-8-3,Convertible,2,,,,,102.8,182.3,67.3,55.9,57.1,56.7,,,,,,,,,
nhtsa-saab-9-3-convertible-2dr-102-8-4,Convertible,2,,,,,102.8,182.7,67.3,55.9,57.9,57.1,,,,,,,,,
nhtsa-saab-9-3-convertible-2dr-105-5,Convertible,2,,,,,105.5,182.7,69.3,56.3,59.4,59.1,,,,,,,,,
nhtsa-saab-9-3-hatchback-2dr-102-8,Hatchback,2,,,,,102.8,181.9,67.3,56.3,57.1,56.7,,,,,,,,,
nhtsa-saab-9-3-hatchback-2dr-102-8-2,Hatchback,2,,,,,102.8,181.9,67.3,56.3,57.5,57.1,,,,,,,,,
nhtsa-saab-9-3-hatchback-4dr-102-8,Hatchback,4,,,,,102.8,181.9,67.3,56.3,57.1,56.7,,,,,,,,,
nhtsa-saab-9-3-hatchback-4dr-102-8-2,Hatchback,4,,,,,102.8,181.9,67.3,56.3,57.5,57.1,,,,,,,,,
nhtsa-saab-9-3-sedan-4dr-105-5,Sedan,4,,,,,105.5,182.7,70.5,57.9,59.8,59.4,,,,,,,,,
nhtsa-saab-9-3-wagon-4dr-105-5,Wagon,4,,,,,105.5,183.1,68.9,56.7,59.4,59.1,,,,,,,,,
nhtsa-saab-9-4x-suv-4dr-110-6,SUV,4,,,,,110.6,190.2,75.2,66.1,63.4,63.4,,,,,,,,,
nhtsa-saab-9-5-sedan-4dr-106-3,Sedan,4,,,,,106.3,189.4,70.5,57.1,59.4,59.4,,,,,,,,,
nhtsa-saab-9-5-sedan-4dr-106-3-2,Sedan,4,,,,,106.3,189.4,70.5,57.1,59.8,59.8,,,,,,,,,
nhtsa-saab-9-5-sedan-4dr-106-3-3,Sedan,4,,,,,106.3,190.6,70.5,57.1,59.4,59.8,,,,,,,,,
nhtsa-saab-9-5-sedan-4dr-111-8,Sedan,4,,,,,111.8,197.2,73.2,57.9,62.2,61.4,,,,,,,,,
nhtsa-saab-9-5-wagon-4dr-106-3,Wagon,4,,,,,106.3,189.4,70.5,59.1,59.8,59.8,,,,,,,,,
nhtsa-saab-9-5-wagon-4dr-106-3-2,Wagon,4,,,,,106.3,190.6,70.5,57.9,59.4,60.2,,,,,,,,,
nhtsa-saab-9-7x-suv-4dr-113,SUV,4,,,,,113,193.7,75.6,70.5,62.6,62.2,,,,,,,,,
nhtsa-saab-9-7x-suv-4dr-113-2,SUV,4,,,,,113,192.9,75.6,70.5,62.6,62.2,,,,,,,,,
nhtsa-saab-900-body-2dr-99-2,,2,,,,,99.2,187.4,66.5,55.9,,,,,,,,,,,
nhtsa-saab-900-body-2dr-99-2-2,,2,,,,,99.2,186.6,66.5,55.9,,,,,,,,,,,
nhtsa-saab-900-body-2dr-99-6,,2,,,,,99.6,187.4,66.5,55.9,,,,,,,,,,,
nhtsa-saab-900-body-3dr-99-2,,3,,,,,99.2,187.8,66.5,55.9,,,,,,,,,,,
nhtsa-saab-900-body-4dr-99-2,,4,,,,,99.2,187.4,66.5,55.9,,,,,,,,,,,
nhtsa-saab-900-body-4dr-99-2-2,,4,,,,,99.2,186.6,66.5,55.9,,,,,,,,,,,
nhtsa-saab-900-body-99-2,,,,,,,99.2,186.6,66.5,56.3,,,,,,,,,,,
nhtsa-saab-900-convertible-2dr-102-4,Convertible,2,,,,,102.4,182.7,67.3,56.7,57.1,56.3,,,,,,,,,
nhtsa-saab-900-convertible-2dr-102-4-2,Convertible,2,,,,,102.4,182.7,67.3,56.7,57.1,56.7,,,,,,,,,
nhtsa-saab-900-convertible-2dr-99-2,Convertible,2,,,,,99.2,184.3,66.5,55.1,56.7,57.1,,,,,,,,,
nhtsa-saab-900-convertible-99-2,Convertible,,,,,,99.2,184.6,66.5,55.9,,,,,,,,,,,
nhtsa-saab-900-coupe-2dr-99-2,Coupe,2,,,,,99.2,184.6,66.5,55.9,,,,,,,,,,,
nhtsa-saab-900-hatchback-2dr-102-4,Hatchback,2,,,,,102.4,182.7,67.3,56.7,56.7,56.7,,,,,,,,,
nhtsa-saab-900-hatchback-2dr-99-2,Hatchback,2,,,,,99.2,186.6,66.5,55.9,,,,,,,,,,,
nhtsa-saab-900-hatchback-2dr-99-2-2,Hatchback,2,,,,,99.2,184.6,66.5,55.9,,,,,,,,,,,
nhtsa-saab-900-hatchback-2dr-99-2-3,Hatchback,2,,,,,99.2,186.6,66.5,56.3,,,,,,,,,,,
nhtsa-saab-900-hatchback-2dr-99-2-4,Hatchback,2,,,,,99.2,184.6,66.5,55.9,56.3,56.7,,,,,,,,,
nhtsa-saab-900-hatchback-2dr-99-2-5,Hatchback,2,,,,,99.2,184.6,66.9,55.5,56.3,56.7,,,,,,,,,
nhtsa-saab-900-hatchback-4dr-102-4,Hatchback,4,,,,,102.4,182.7,67.3,56.7,57.1,56.7,,,,,,,,,
nhtsa-saab-900-hatchback-99-2,Hatchback,,,,,,99.2,184.6,66.9,55.5,,,,,,,,,,,
nhtsa-saab-900-hatchback-99-2-2,Hatchback,,,,,,99.2,184.6,66.5,55.9,,,,,,,,,,,
nhtsa-saab-900-sedan-2dr-99-2,Sedan,2,,,,,99.2,184.6,66.5,55.9,,,,,,,,,,,
nhtsa-saab-900-sedan-4dr-99-2,Sedan,4,,,,,99.2,186.6,66.5,55.9,,,,,,,,,,,
nhtsa-saab-900-sedan-4dr-99-2-2,Sedan,4,,,,,99.2,184.3,66.5,55.9,,,,,,,,,,,
nhtsa-saab-900-sedan-4dr-99-2-3,Sedan,4,,,,,99.2,184.3,66.5,55.9,56.3,56.7,,,,,,,,,
nhtsa-saab-900-sedan-4dr-99-6,Sedan,4,,,,,99.6,187.4,66.5,55.9,,,,,,,,,,,
nhtsa-saab-900-sedan-99-2,Sedan,,,,,,99.2,187.8,66.5,55.9,,,,,,,,,,,
nhtsa-saab-900-turbo-body-2dr-99-2,,2,,,,,99.2,186.6,66.5,55.9,,,,,,,,,,,
nhtsa-saab-900-turbo-body-4dr-99-2,,4,,,,,99.2,186.6,66.5,55.9,,,,,,,,,,,
nhtsa-saab-9000-hatchback-4dr-105-1,Hatchback,4,,,,,105.1,181.9,69.3,55.9,,,,,,,,,,,
nhtsa-saab-9000-hatchback-4dr-105-1-2,Hatchback,4,,,,,105.1,181.9,71.3,55.5,59.8,58.7,,,,,,,,,
nhtsa-saab-9000-hatchback-4dr-105-1-3,Hatchback,4,,,,,105.1,187.4,69.3,55.9,,,,,,,,,,,
nhtsa-saab-9000-hatchback-4dr-105-1-4,Hatchback,4,,,,,105.1,187.4,69.3,55.9,59.8,57.5,,,,,,,,,
nhtsa-saab-9000-hatchback-4dr-105-1-5,Hatchback,4,,,,,105.1,187.4,70.1,55.9,59.8,58.7,,,,,,,,,
nhtsa-saab-9000-sedan-4dr-105-1,Sedan,4,,,,,105.1,188.2,69.3,55.9,59.4,58.7,,,,,,,,,
nhtsa-saab-9000-sedan-4dr-105-1-2,Sedan,4,,,,,105.1,188.2,69.3,55.9,59.8,57.5,,,,,,,,,
nhtsa-saab-9000-sedan-4dr-105-1-3,Sedan,4,,,,,105.1,188.6,70.1,55.9,,,,,,,,,,,
nhtsa-saab-9000-sedan-4dr-105-1-4,Sedan,4,,,,,105.1,188.6,70.1,55.9,59.8,58.7,,,,,,,,,
nhtsa-saturn-astra-body-3dr-102-8,,3,,,,,102.8,170.5,68.9,55.9,58.3,58.3,,,,,,,,,
nhtsa-saturn-astra-body-5dr-102-8,,5,,,,,102.8,170.5,68.9,57.5,58.3,57.9,,,,,,,,,
nhtsa-saturn-aura-sedan-4dr-112-2,Sedan,4,,,,,112.2,190.9,70.5,57.5,59.4,60.6,,,,,,,,,
nhtsa-saturn-ion-coupe-4dr-103-1,Coupe,4,,,,,103.1,185,68.1,55.9,58.7,58.3,,,,,,,,,
nhtsa-saturn-ion-sedan-4dr-103-1,Sedan,4,,,,,103.1,184.6,67.3,57.5,58.3,57.9,,,,,,,,,
nhtsa-saturn-l200-sedan-4dr-106-3,Sedan,4,,,,,106.3,190.6,68.9,56.3,59.8,59.4,,,,,,,,,
nhtsa-saturn-l300-sedan-4dr-106-3,Sedan,4,,,,,106.3,190.6,68.9,56.3,59.8,59.4,,,,,,,,,
nhtsa-saturn-l300-wagon-4dr-106-3,Wagon,4,,,,,106.3,190.6,68.9,57.5,59.8,59.4,,,,,,,,,
nhtsa-saturn-ls2-sedan-4dr-106-3,Sedan,4,,,,,106.3,190.6,68.9,56.3,59.8,59.4,,,,,,,,,
nhtsa-saturn-lw1-wagon-4dr-106-3,Wagon,4,,,,,106.3,190.6,68.9,57.5,59.8,59.4,,,,,,,,,
nhtsa-saturn-lw2-wagon-4dr-106-3,Wagon,4,,,,,106.3,190.6,68.9,57.5,59.8,59.4,,,,,,,,,
nhtsa-saturn-lw200-wagon-4dr-106-3,Wagon,4,,,,,106.3,190.6,68.9,57.5,59.8,59.4,,,,,,,,,
nhtsa-saturn-lw300-wagon-4dr-106-3,Wagon,4,,,,,106.3,190.6,68.9,57.5,59.8,59.4,,,,,,,,,
nhtsa-saturn-outlook-suv-4dr-118-9,SUV,4,,,,,118.9,200.8,78.3,72.8,67.3,67.3,,,,,,,,,
nhtsa-saturn-relay-van-4dr-121-3,Van,4,,,,,121.3,204.7,72,72,63,63,,,,,,,,,
nhtsa-saturn-sc1-coupe-2dr-102-4,Coupe,2,,,,,102.4,179.9,67.3,52.4,56.7,55.9,,,,,,,,,
nhtsa-saturn-sc1-coupe-2dr-99-2,Coupe,2,,,,,99.2,173.2,67.7,50.8,56.7,55.9,,,,,,,,,
nhtsa-saturn-sc2-coupe-2dr-102-4,Coupe,2,,,,,102.4,179.9,67.3,52.4,56.7,55.9,,,,,,,,,
nhtsa-saturn-sc2-coupe-2dr-99-2,Coupe,2,,,,,99.2,175.6,67.7,50,56.7,55.9,,,,,,,,,
nhtsa-saturn-sc2-coupe-2dr-99-2-2,Coupe,2,,,,,99.2,174.4,67.7,50.8,57.1,56.3,,,,,,,,,
nhtsa-saturn-sky-body-2dr-94-9,,2,,,,,94.9,161,71.3,50,61,61,,,,,,,,,
nhtsa-saturn-sl-sedan-4dr-102-4,Sedan,4,,,,,102.4,176.4,67.7,52.4,56.7,55.9,,,,,,,,,
nhtsa-saturn-sl1-sedan-4dr-102-4,Sedan,4,,,,,102.4,176.4,67.7,52.4,56.7,55.9,,,,,,,,,
nhtsa-saturn-sl2-wagon-102-4,Wagon,,,,,,102.4,176.4,67.7,52.4,,,,,,,,,,,
nhtsa-saturn-sl2-wagon-4dr-102-4,Wagon,4,,,,,102.4,176.4,67.7,52.4,56.7,55.9,,,,,,,,,
nhtsa-saturn-sl2-wagon-4dr-102-4-2,Wagon,4,,,,,102.4,176.8,66.9,54.7,56.7,55.9,,,,,,,,,
nhtsa-saturn-sw1-wagon-4dr-102-4,Wagon,4,,,,,102.4,176.4,67.7,53.5,56.7,55.9,,,,,,,,,
nhtsa-saturn-sw1-wagon-4dr-102-4-2,Wagon,4,,,,,102.4,176.8,66.9,54.7,56.7,55.9,,,,,,,,,
nhtsa-saturn-sw2-wagon-4dr-102-4,Wagon,4,,,,,102.4,176.4,67.7,53.5,56.7,55.9,,,,,,,,,
nhtsa-saturn-sw2-wagon-4dr-102-4-2,Wagon,4,,,,,102.4,176.8,66.9,54.7,56.7,55.9,,,,,,,,,
nhtsa-saturn-sw2-wagon-4dr-102-4-3,Wagon,4,,,,,102.4,178,66.5,55.5,56.7,55.9,,,,,,,,,
nhtsa-saturn-vue-body-4dr-106-7,,4,,,,,106.7,180.3,72.8,66.9,60.6,61.4,,,,,,,,,
nhtsa-saturn-vue-suv-4dr-106-7,SUV,4,,,,,106.7,181.5,71.7,66.1,61,61,,,,,,,,,
nhtsa-saturn-vue-suv-4dr-106-7-2,SUV,4,,,,,106.7,181.5,71.7,66.5,61,61,,,,,,,,,
nhtsa-smart-fortwo-body-2dr-73-6,,2,,,,,73.6,106.3,61.4,60.6,50.4,53.5,,,,,,,,,
nhtsa-smart-fortwo-coupe-2dr-73-6,Coupe,2,,,,,73.6,106.3,61.4,60.6,50.4,53.5,,,,,,,,,
nhtsa-smart-fortwo-coupe-2dr-73-6-2,Coupe,2,,,,,73.6,106.3,65.4,61.4,56.7,55.9,,,,,,,,,
nhtsa-subaru-ascent-suv-4dr-113-8,SUV,4,,,,,113.8,196.9,71.7,76,64.6,64.2,,,,,,,,,
nhtsa-subaru-ascent-wagon-4dr-113-8,Wagon,4,,,,,113.8,196.9,71.7,76,64.6,64.2,,,,,,,,,
nhtsa-subaru-b9-tribeca-suv-4dr-108-3,SUV,4,,,,,108.3,189.8,74.4,66.5,62.6,61.8,,,,,,,,,
nhtsa-subaru-baja-pickup-extended-short-104-3,Pickup,,Extended,,,,104.3,193.3,70.1,61.4,57.9,57.5,,,,,,,,,
nhtsa-subaru-brat-body-96-5,,,,,,,96.5,169.3,63.4,57.1,,,,,,,,,,,
nhtsa-subaru-brz-coupe-2dr-101-2,Coupe,2,,,,,101.2,166.9,70.5,50.4,59.8,60.2,,,,,,,,,
nhtsa-subaru-brz-coupe-2dr-101-2-2,Coupe,2,,,,,101.2,166.9,70.1,50.8,59.8,60.6,,,,,,,,,
nhtsa-subaru-brz-coupe-2dr-101-6,Coupe,2,,,,,101.6,167.7,70.1,51.6,59.8,61,,,,,,,,,
nhtsa-subaru-crosstrek-suv-4dr-105-1,SUV,4,,,,,105.1,176,70.9,63.8,61,61.4,,,,,,,,,
nhtsa-subaru-crosstrek-suv-4dr-105-1-2,SUV,4,,,,,105.1,176.4,70.9,63,61,61,,,,,,,,,
nhtsa-subaru-crosstrek-suv-4dr-105-1-3,SUV,4,,,,,105.1,176.4,71.7,63.8,61,61,,,,,,,,,
nhtsa-subaru-crosstrek-wagon-4dr-105-1,Wagon,4,,,,,105.1,176,70.9,63.8,61,61.4,,,,,,,,,
nhtsa-subaru-crosstrek-wagon-4dr-105-1-2,Wagon,4,,,,,105.1,176.4,70.9,63,61,61,,,,,,,,,
nhtsa-subaru-dl-sedan-96-9,Sedan,,,,,,96.9,167.3,63.4,53.5,,,,,,,,,,,
nhtsa-subaru-dl-wagon-96-5,Wagon,,,,,,96.5,168.1,63.8,57.1,,,,,,,,,,,
nhtsa-subaru-forester-suv-4dr-103-1,SUV,4,,,,,103.1,179.5,70.1,66.9,60.2,60.2,,,,,,,,,
nhtsa-subaru-forester-suv-4dr-103-9,SUV,4,,,,,103.9,181.1,70.9,68.5,61,61,,,,,,,,,
nhtsa-subaru-forester-suv-4dr-105-1,SUV,4,,,,,105.1,182.3,71.7,68.1,61.8,61.8,,,,,,,,,
nhtsa-subaru-forester-suv-4dr-105-1-2,SUV,4,,,,,105.1,183.5,72,68.1,61.8,61.8,,,,,,,,,
nhtsa-subaru-forester-suv-4dr-99-2,SUV,4,,,,,99.2,175.2,68.5,63,57.5,57.1,,,,,,,,,
nhtsa-subaru-forester-suv-4dr-99-2-2,SUV,4,,,,,99.2,175.2,68.5,62.6,58.3,58.7,,,,,,,,,
nhtsa-subaru-forester-suv-4dr-99-2-3,SUV,4,,,,,99.2,176.8,68.5,62.6,58.3,57.9,,,,,,,,,
nhtsa-subaru-forester-wagon-4dr-103-1,Wagon,4,,,,,103.1,179.5,70.1,66.9,59.8,59.8,,,,,,,,,
nhtsa-subaru-forester-wagon-4dr-103-1-2,Wagon,4,,,,,103.1,179.5,70.1,66.9,60.2,60.2,,,,,,,,,
nhtsa-subaru-forester-wagon-4dr-105-1,Wagon,4,,,,,105.1,182.3,71.7,68.1,61.8,61.8,,,,,,,,,
nhtsa-subaru-gl-10-sedan-4dr-96-9,Sedan,4,,,,,96.9,174.8,65.4,52.4,,,,,,,,,,,
nhtsa-subaru-gl-10-wagon-96-9,Wagon,,,,,,96.9,176.8,65.4,56.3,,,,,,,,,,,
nhtsa-subaru-gl-body-2dr-93-7,,2,,,,,93.7,157.9,63.8,53.5,,,,,,,,,,,
nhtsa-subaru-gl-body-2dr-93-7-2,,2,,,,,93.7,157.9,63.8,53.9,,,,,,,,,,,
nhtsa-subaru-gl-hatchback-2dr-96-9,Hatchback,2,,,,,96.9,174.8,65.4,53.5,,,,,,,,,,,
nhtsa-subaru-gl-hatchback-2dr-97-2,Hatchback,2,,,,,97.2,174.8,65.4,52,,,,,,,,,,,
nhtsa-subaru-gl-sedan-4dr-96-9,Sedan,4,,,,,96.9,168.1,63.8,53.5,,,,,,,,,,,
nhtsa-subaru-gl-sedan-4dr-96-9-2,Sedan,4,,,,,96.9,174.8,65.4,54.7,,,,,,,,,,,
nhtsa-subaru-gl-sedan-4dr-97-2,Sedan,4,,,,,97.2,174.8,65.4,52.4,,,,,,,,,,,
nhtsa-subaru-gl-sedan-97-2,Sedan,,,,,,97.2,172,65.4,52.4,,,,,,,,,,,
nhtsa-subaru-gl-wagon-96-5,Wagon,,,,,,96.5,169.3,63.4,53.1,,,,,,,,,,,
nhtsa-subaru-gl-wagon-96-9,Wagon,,,,,,96.9,168.9,63.8,56.7,,,,,,,,,,,
nhtsa-subaru-gl-wagon-96-9-2,Wagon,,,,,,96.9,173.6,65.4,55.1,,,,,,,,,,,
nhtsa-subaru-gl-wagon-96-9-3,Wagon,,,,,,96.9,176.8,65.4,54.7,,,,,,,,,,,
nhtsa-subaru-gl-wagon-96-9-4,Wagon,,,,,,96.9,176.8,65.4,53.1,,,,,,,,,,,
nhtsa-subaru-gl-wagon-97-2,Wagon,,,,,,97.2,173.6,65.4,53.1,,,,,,,,,,,
nhtsa-subaru-impreza-body-103-1,,,,,,,103.1,174,68.5,58.3,60.2,60.6,,,,,,,,,
nhtsa-subaru-impreza-body-103-1-2,,,,,,,103.1,174,70.9,58.3,60.2,60.6,,,,,,,,,
nhtsa-subaru-impreza-body-5dr-103-1,,5,,,,,103.1,173.6,70.9,58.3,60.2,60.6,,,,,,,,,
nhtsa-subaru-impreza-body-5dr-103-1-2,,5,,,,,103.1,174,70.9,58.3,60.2,60.6,,,,,,,,,
nhtsa-subaru-impreza-body-5dr-104-3,,5,,,,,104.3,174,68.5,57.9,59.4,59.8,,,,,,,,,
nhtsa-subaru-impreza-body-5dr-105-1,,5,,,,,105.1,175.6,70.1,58.3,60.6,61,,,,,,,,,
nhtsa-subaru-impreza-coupe-2dr-99-2,Coupe,2,,,,,99.2,172.4,67.3,55.5,57.1,56.7,,,,,,,,,
nhtsa-subaru-impreza-coupe-2dr-99-2-2,Coupe,2,,,,,99.2,172.4,67.3,55.5,57.5,57.5,,,,,,,,,
nhtsa-subaru-impreza-sedan-4dr-103-1,Sedan,4,,,,,103.1,180.3,68.5,58.3,59.4,59.1,,,,,,,,,
nhtsa-subaru-impreza-sedan-4dr-103-1-2,Sedan,4,,,,,103.1,180.3,68.5,58.3,59.1,59.1,,,,,,,,,
nhtsa-subaru-impreza-sedan-4dr-103-1-3,Sedan,4,,,,,103.1,180.3,70.9,57.9,60.2,60.6,,,,,,,,,
nhtsa-subaru-impreza-sedan-4dr-103-1-4,Sedan,4,,,,,103.1,180.3,70.9,58.3,59.4,59.1,,,,,,,,,
nhtsa-subaru-impreza-sedan-4dr-104-3,Sedan,4,,,,,104.3,180.3,68.5,57.9,59.4,59.8,,,,,,,,,
nhtsa-subaru-impreza-sedan-4dr-105-1,Sedan,4,,,,,105.1,182.3,70.1,57.5,60.6,61,,,,,,,,,
nhtsa-subaru-impreza-sedan-4dr-105-1-2,Sedan,4,,,,,105.1,176,70.1,58.3,60.6,61,,,,,,,,,
nhtsa-subaru-impreza-sedan-4dr-99-2,Sedan,4,,,,,99.2,172,67.3,55.1,57.9,57.1,,,,,,,,,
nhtsa-subaru-impreza-sedan-4dr-99-2-2,Sedan,4,,,,,99.2,172,67.3,55.1,57.5,57.5,,,,,,,,,
nhtsa-subaru-impreza-sedan-4dr-99-2-3,Sedan,4,,,,,99.2,172.4,67.3,55.5,57.5,57.5,,,,,,,,,
nhtsa-subaru-impreza-sedan-4dr-99-2-4,Sedan,4,,,,,99.2,175.6,67.3,56.7,57.9,57.9,,,,,,,,,
nhtsa-subaru-impreza-sedan-4dr-99-2-5,Sedan,4,,,,,99.2,176,67.3,56.7,57.9,57.9,,,,,,,,,
nhtsa-subaru-impreza-sedan-4dr-99-6,Sedan,4,,,,,99.6,173.6,68.1,57.9,58.3,57.5,,,,,,,,,
nhtsa-subaru-impreza-sedan-4dr-99-6-2,Sedan,4,,,,,99.6,173.6,66.9,58.7,58.3,57.5,,,,,,,,,
nhtsa-subaru-impreza-sedan-4dr-99-6-3,Sedan,4,,,,,99.6,173.2,68.1,56.7,57.5,57.1,,,,,,,,,
nhtsa-subaru-impreza-sedan-4dr-99-6-4,Sedan,4,,,,,99.6,176,68.5,56.3,58.3,58.7,,,,,,,,,
nhtsa-subaru-impreza-wagon-103-1,Wagon,,,,,,103.1,174,68.5,58.3,60.2,60.6,,,,,,,,,
nhtsa-subaru-impreza-wagon-4dr-104-3,Wagon,4,,,,,104.3,180.3,68.5,57.9,59.4,59.8,,,,,,,,,
nhtsa-subaru-impreza-wagon-4dr-105-1,Wagon,4,,,,,105.1,176,70.1,58.3,60.6,61,,,,,,,,,
nhtsa-subaru-impreza-wagon-4dr-99-2,Wagon,4,,,,,99.2,172,67.3,55.1,57.9,57.1,,,,,,,,,
nhtsa-subaru-impreza-wagon-4dr-99-2-2,Wagon,4,,,,,99.2,172,67.3,55.1,57.5,57.5,,,,,,,,,
nhtsa-subaru-impreza-wagon-4dr-99-2-3,Wagon,4,,,,,99.2,172.4,67.3,55.5,57.5,57.5,,,,,,,,,
nhtsa-subaru-impreza-wagon-4dr-99-2-4,Wagon,4,,,,,99.2,172.4,67.3,59.1,57.5,57.5,,,,,,,,,
nhtsa-subaru-impreza-wagon-4dr-99-2-5,Wagon,4,,,,,99.2,173.6,66.9,59.1,57.5,57.1,,,,,,,,,
nhtsa-subaru-impreza-wagon-4dr-99-2-6,Wagon,4,,,,,99.2,175.6,67.3,59.1,57.1,57.5,,,,,,,,,
nhtsa-subaru-impreza-wagon-5dr-104-3,Wagon,5,,,,,104.3,174,68.5,57.9,59.4,59.8,,,,,,,,,
nhtsa-subaru-impreza-wagon-99-2,Wagon,,,,,,99.2,176,67.3,58.7,57.1,57.5,,,,,,,,,
nhtsa-subaru-impreza-wagon-99-6,Wagon,,,,,,99.6,173.6,68.1,56.7,57.5,57.1,,,,,,,,,
nhtsa-subaru-impreza-wrx-sti-sedan-4dr-99-6,Sedan,4,,,,,99.6,173.2,68.1,56.7,57.5,57.1,,,,,,,,,
nhtsa-subaru-impreza-wrx-sti-sedan-4dr-99-6-2,Sedan,4,,,,,99.6,176,68.5,56.3,58.3,58.7,,,,,,,,,
nhtsa-subaru-justy-body-90-2,,,,,,,90.2,139.4,60.2,54.7,,,,,,,,,,,
nhtsa-subaru-justy-body-90-2-2,,,,,,,90.2,145.7,60.6,53.9,52,50.8,,,,,,,,,
nhtsa-subaru-justy-hatchback-2dr-90-2,Hatchback,2,,,,,90.2,145.3,60.2,53.5,52.8,50.4,,,,,,,,,
nhtsa-subaru-justy-hatchback-2dr-90-2-2,Hatchback,2,,,,,90.2,145.3,60.2,53.5,,,,,,,,,,,
nhtsa-subaru-justy-hatchback-4dr-90-2,Hatchback,4,,,,,90.2,145.3,60.2,53.5,,,,,,,,,,,
nhtsa-subaru-justy-hatchback-4dr-90-2-2,Hatchback,4,,,,,90.2,145.7,60.2,53.5,52.4,50.8,,,,,,,,,
nhtsa-subaru-legacy-sedan-101-6,Sedan,,,,,,101.6,177.6,66.5,53.1,,,,,,,,,,,
nhtsa-subaru-legacy-sedan-4dr-101-6,Sedan,4,,,,,101.6,177.6,66.5,55.1,57.1,56.7,,,,,,,,,
nhtsa-subaru-legacy-sedan-4dr-101-6-2,Sedan,4,,,,,101.6,177.6,66.5,54.7,57.1,56.7,,,,,,,,,
nhtsa-subaru-legacy-sedan-4dr-101-6-3,Sedan,4,,,,,101.6,177.6,66.5,55.1,,,,,,,,,,,
nhtsa-subaru-legacy-sedan-4dr-101-6-4,Sedan,4,,,,,101.6,177.6,66.5,54.7,,,,,,,,,,,
nhtsa-subaru-legacy-sedan-4dr-101-6-5,Sedan,4,,,,,101.6,179.1,66.5,53.5,57.5,57.1,,,,,,,,,
nhtsa-subaru-legacy-sedan-4dr-103-5,Sedan,4,,,,,103.5,181.1,67.7,55.5,57.9,57.9,,,,,,,,,
nhtsa-subaru-legacy-sedan-4dr-103-5-2,Sedan,4,,,,,103.5,181.1,67.7,55.5,57.1,57.1,,,,,,,,,
nhtsa-subaru-legacy-sedan-4dr-103-5-3,Sedan,4,,,,,103.5,181.5,67.7,55.5,57.1,57.1,,,,,,,,,
nhtsa-subaru-legacy-sedan-4dr-104-3,Sedan,4,,,,,104.3,184.6,68.9,55.9,57.9,57.5,,,,,,,,,
nhtsa-subaru-legacy-sedan-4dr-105-1,Sedan,4,,,,,105.1,187,68.9,55.9,58.3,58.3,,,,,,,,,
nhtsa-subaru-legacy-sedan-4dr-105-1-2,Sedan,4,,,,,105.1,185,68.1,56.3,57.9,58.3,,,,,,,,,
nhtsa-subaru-legacy-sedan-4dr-105-1-3,Sedan,4,,,,,105.1,185,68.1,56.7,57.9,58.3,,,,,,,,,
nhtsa-subaru-legacy-sedan-4dr-108-3,Sedan,4,,,,,108.3,186.2,71.7,59.4,61.8,61.8,,,,,,,,,
nhtsa-subaru-legacy-sedan-4dr-108-3-2,Sedan,4,,,,,108.3,187.4,71.7,59.4,61.8,61.8,,,,,,,,,
nhtsa-subaru-legacy-sedan-4dr-108-3-3,Sedan,4,,,,,108.3,189,72.4,59.1,62.2,63,,,,,,,,,
nhtsa-subaru-legacy-sedan-4dr-108-3-4,Sedan,4,,,,,108.3,190.6,74.8,59.1,62.2,63.4,,,,,,,,,
nhtsa-subaru-legacy-sedan-4dr-108-3-5,Sedan,4,,,,,108.3,191.3,72.4,59.1,62.2,63.4,,,,,,,,,
nhtsa-subaru-legacy-wagon-101-6,Wagon,,,,,,101.6,181.1,66.5,56.7,,,,,,,,,,,
nhtsa-subaru-legacy-wagon-101-6-2,Wagon,,,,,,101.6,181.1,66.5,55.9,,,,,,,,,,,
nhtsa-subaru-legacy-wagon-101-6-3,Wagon,,,,,,101.6,181.1,66.5,54.7,,,,,,,,,,,
nhtsa-subaru-legacy-wagon-101-6-4,Wagon,,,,,,101.6,181.1,66.5,53.9,,,,,,,,,,,
nhtsa-subaru-legacy-wagon-4dr-101-6,Wagon,4,,,,,101.6,181.9,66.5,54.7,57.5,57.1,,,,,,,,,
nhtsa-subaru-legacy-wagon-4dr-103-5,Wagon,4,,,,,103.5,183.9,67.7,57.1,57.1,56.7,,,,,,,,,
nhtsa-subaru-legacy-wagon-4dr-103-5-2,Wagon,4,,,,,103.5,184.6,67.7,57.1,57.1,56.7,,,,,,,,,
nhtsa-subaru-legacy-wagon-4dr-104-3,Wagon,4,,,,,104.3,187.4,68.9,56.7,57.9,57.5,,,,,,,,,
nhtsa-subaru-legacy-wagon-4dr-104-7,Wagon,4,,,,,104.7,187.8,68.1,58.3,58.3,58.3,,,,,,,,,
nhtsa-subaru-legacy-wagon-4dr-104-7-2,Wagon,4,,,,,104.7,187.8,68.1,58.3,58.3,60.6,,,,,,,,,
nhtsa-subaru-legacy-wagon-4dr-105-1,Wagon,4,,,,,105.1,189,68.9,58.3,58.7,58.7,,,,,,,,,
nhtsa-subaru-legacy-wagon-4dr-105-1-2,Wagon,4,,,,,105.1,185,68.1,56.3,57.9,58.3,,,,,,,,,
nhtsa-subaru-legacy-wagon-4dr-105-1-3,Wagon,4,,,,,105.1,189,68.1,58.3,58.7,58.7,,,,,,,,,
nhtsa-subaru-legacy-wagon-4dr-108-3,Wagon,4,,,,,108.3,186.2,71.7,59.4,61.8,61.8,,,,,,,,,
nhtsa-subaru-loyale-sedan-4dr-96-9,Sedan,4,,,,,96.9,174.8,65.4,52.4,56.7,56.3,,,,,,,,,
nhtsa-subaru-loyale-sedan-4dr-97-2,Sedan,4,,,,,97.2,174.8,65.4,52.4,56.7,56.3,,,,,,,,,
nhtsa-subaru-loyale-sedan-4dr-97-2-2,Sedan,4,,,,,97.2,174.8,65.4,52.4,,,,,,,,,,,
nhtsa-subaru-loyale-wagon-96-9,Wagon,,,,,,96.9,176.8,65.4,54.7,55.9,56.7,,,,,,,,,
nhtsa-subaru-loyale-wagon-96-9-2,Wagon,,,,,,96.9,176.8,65.4,53.1,55.9,56.7,,,,,,,,,
nhtsa-subaru-outback-body-4dr-108-3,,4,,,,,108.3,192.1,74.4,66.1,61.8,63,,,,,,,,,
nhtsa-subaru-outback-wagon-4dr-105-1,Wagon,4,,,,,105.1,189,69.7,62.2,59.1,58.3,,,,,,,,,
nhtsa-subaru-outback-wagon-4dr-107-9,Wagon,4,,,,,107.9,187.8,71.7,65.7,61.4,61.4,,,,,,,,,
nhtsa-subaru-outback-wagon-4dr-107-9-2,Wagon,4,,,,,107.9,189,71.7,65.7,61,61,,,,,,,,,
nhtsa-subaru-outback-wagon-4dr-108-3,Wagon,4,,,,,108.3,189.8,72.4,66.1,61.8,62.2,,,,,,,,,
nhtsa-subaru-outback-wagon-4dr-108-3-2,Wagon,4,,,,,108.3,191.3,74.8,66.5,61.8,63,,,,,,,,,
nhtsa-subaru-outback-wagon-4dr-108-3-3,Wagon,4,,,,,108.3,192.1,74.4,66.1,61.8,63,,,,,,,,,
nhtsa-subaru-solterra-suv-112-2,SUV,,,,,,112.2,184.6,73.2,65,63,63.4,,,,,,,,,
nhtsa-subaru-svx-coupe-2dr-102-8,Coupe,2,,,,,102.8,181.9,69.7,51.2,,,,,,,,,,,
nhtsa-subaru-svx-coupe-2dr-102-8-2,Coupe,2,,,,,102.8,182.3,69.7,51.2,59.1,58.3,,,,,,,,,
nhtsa-subaru-wrx-sedan-4dr-104-3,Sedan,4,,,,,104.3,180.7,70.1,56.7,59.8,59.8,,,,,,,,,
nhtsa-subaru-wrx-sedan-4dr-104-3-2,Sedan,4,,,,,104.3,180.7,70.1,57.9,60.2,60.6,,,,,,,,,
nhtsa-subaru-wrx-sedan-4dr-105-5,Sedan,4,,,,,105.5,183.9,72,57.9,61.4,61.8,,,,,,,,,
nhtsa-subaru-wrx-sti-sedan-4dr-104-3,Sedan,4,,,,,104.3,180.7,70.1,56.7,59.8,59.8,,,,,,,,,
nhtsa-subaru-xt-body-97-2,,,,,,,97.2,175.2,66.5,49.6,,,,,,,,,,,
nhtsa-subaru-xt-coupe-2dr-97-2,Coupe,2,,,,,97.2,175.2,66.5,49.6,,,,,,,,,,,
nhtsa-subaru-xt-coupe-2dr-97-2-2,Coupe,2,,,,,97.2,175.2,66.5,52.8,,,,,,,,,,,
nhtsa-subaru-xt-coupe-97-2,Coupe,,,,,,97.2,177.6,66.5,52.8,,,,,,,,,,,
nhtsa-subaru-xv-crosstrek-body-103-5,,,,,,,103.5,175.2,70.1,63.8,60.2,60.2,,,,,,,,,
nhtsa-subaru-xv-crosstrek-wagon-103-5,Wagon,,,,,,103.5,175.2,70.1,63.8,60.2,60.2,,,,,,,,,
nhtsa-suzuki-aerio-body-97-6,,,,,,,97.6,166.5,66.5,61,57.1,55.9,,,,,,,,,
nhtsa-suzuki-aerio-sedan-4dr-97-6,Sedan,4,,,,,97.6,171.3,67.7,61,56.7,56.7,,,,,,,,,
nhtsa-suzuki-aerio-sedan-4dr-97-6-2,Sedan,4,,,,,97.6,171.3,66.5,61,56.7,56.7,,,,,,,,,
nhtsa-suzuki-aerio-sedan-97-6,Sedan,,,,,,97.6,171.3,66.5,61,56.7,56.7,,,,,,,,,
nhtsa-suzuki-aerio-wagon-4dr-97-6,Wagon,4,,,,,97.6,166.5,66.5,61,57.1,55.9,,,,,,,,,
nhtsa-suzuki-equator-pickup-4dr-139-8,Pickup,4,,,,,139.8,220.9,72.8,70.1,62.2,61.8,,,,,,,,,
nhtsa-suzuki-esteem-sedan-4dr-97-6,Sedan,4,,,,,97.6,166.5,66.5,53.9,56.7,56.3,,,,,,,,,
nhtsa-suzuki-esteem-sedan-4dr-98,Sedan,4,,,,,98,165.4,,,56.7,57.9,,,,,,,,,
nhtsa-suzuki-esteem-wagon-4dr-97-6,Wagon,4,,,,,97.6,171.3,66.5,57.5,56.7,56.3,,,,,,,,,
nhtsa-suzuki-esteem-wagon-4dr-97-6-2,Wagon,4,,,,,97.6,172.4,66.5,55.9,56.7,56.3,,,,,,,,,
nhtsa-suzuki-forsa-body-2dr-88-2,,2,,,,,88.2,140.9,60.2,53.1,,,,,,,,,,,
nhtsa-suzuki-forsa-body-2dr-88-6,,2,,,,,88.6,144.5,60.2,53.1,,,,,,,,,,,
nhtsa-suzuki-forsa-body-4dr-92-1,,4,,,,,92.1,144.9,60.6,53.1,,,,,,,,,,,
nhtsa-suzuki-forsa-body-4dr-92-5,,4,,,,,92.5,148.4,60.6,53.1,,,,,,,,,,,
nhtsa-suzuki-forsa-body-4dr-92-5-2,,4,,,,,92.5,148.4,61,53.1,,,,,,,,,,,
nhtsa-suzuki-grand-vitara-body-4dr-103-9,,4,,,,,103.9,168.9,71.3,66.9,60.2,60.6,,,,,,,,,
nhtsa-suzuki-grand-vitara-body-4dr-97-6,,4,,,,,97.6,161.4,70.1,68.5,59.1,59.1,,,,,,,,,
nhtsa-suzuki-grand-vitara-body-4dr-97-6-2,,4,,,,,97.6,161.4,70.1,67.7,59.1,59.1,,,,,,,,,
nhtsa-suzuki-grand-vitara-suv-4dr-103-9,SUV,4,,,,,103.9,168.9,71.3,66.5,60.6,61.4,,,,,,,,,
nhtsa-suzuki-kizashi-sedan-4dr-106-3,Sedan,4,,,,,106.3,182.3,71.7,58.3,61.4,61.8,,,,,,,,,
nhtsa-suzuki-samurai-body-79-9,,,,,,,79.9,135.4,57.5,66.5,,,,,,,,,,,
nhtsa-suzuki-samurai-body-79-9-2,,,,,,,79.9,135,60.2,65.7,,,,,,,,,,,
nhtsa-suzuki-samurai-body-79-9-3,,,,,,,79.9,135.4,60.2,65.7,,,,,,,,,,,
nhtsa-suzuki-samurai-body-93-7,,,,,,,93.7,157.9,57.5,72,,,,,,,,,,,
nhtsa-suzuki-samurai-body-93-7-2,,,,,,,93.7,157.9,60.2,71.7,,,,,,,,,,,
nhtsa-suzuki-samurai-convertible-79-9,Convertible,,,,,,79.9,135,57.5,66.1,,,,,,,,,,,
nhtsa-suzuki-samurai-convertible-93-7,Convertible,,,,,,93.7,157.9,57.5,72,,,,,,,,,,,
nhtsa-suzuki-sidekick-body-2dr-86-6,,2,,,,,86.6,142.5,64.2,65.4,,,,,,,,,,,
nhtsa-suzuki-sidekick-body-2dr-86-6-2,,2,,,,,86.6,142.5,64.2,65.4,55.1,55.1,,,,,,,,,
nhtsa-suzuki-sidekick-body-2dr-86-6-3,,2,,,,,86.6,143.7,64.2,65,55.1,55.1,,,,,,,,,
nhtsa-suzuki-sidekick-body-2dr-86-6-4,,2,,,,,86.6,140.6,65.4,65,55.1,55.1,,,,,,,,,
nhtsa-suzuki-sidekick-body-4dr-97-6,,4,,,,,97.6,158.7,64.6,66.9,,,,,,,,,,,
nhtsa-suzuki-sidekick-body-4dr-97-6-2,,4,,,,,97.6,158.7,64.6,66.5,55.1,55.1,,,,,,,,,
nhtsa-suzuki-sidekick-body-4dr-98,,4,,,,,98,158.7,64.6,66.5,55.1,55.1,,,,,,,,,
nhtsa-suzuki-sidekick-body-4dr-98-2,,4,,,,,98,162.6,66.9,66.5,57.5,57.1,,,,,,,,,
nhtsa-suzuki-sidekick-body-86-6,,,,,,,86.6,142.5,64.2,65.4,55.1,55.1,,,,,,,,,
nhtsa-suzuki-sidekick-body-86-6-2,,,,,,,86.6,142.5,64.2,65.4,54.7,55.1,,,,,,,,,
nhtsa-suzuki-swift-body-4dr-97-6,,4,,,,,97.6,152.8,65.7,59.1,56.7,56.7,,,,,,,,,
nhtsa-suzuki-swift-hatchback-2dr-89-4,Hatchback,2,,,,,89.4,146.1,62.6,53.1,53.5,52.8,,,,,,,,,
nhtsa-suzuki-swift-hatchback-2dr-89-4-2,Hatchback,2,,,,,89.4,146.1,62.2,53.1,53.9,52.8,,,,,,,,,
nhtsa-suzuki-swift-hatchback-2dr-89-4-3,Hatchback,2,,,,,89.4,147.6,62.2,53.1,,,,,,,,,,,
nhtsa-suzuki-swift-hatchback-2dr-89-4-4,Hatchback,2,,,,,89.4,147.6,62.2,53.1,53.9,52.8,,,,,,,,,
nhtsa-suzuki-swift-hatchback-2dr-89-4-5,Hatchback,2,,,,,89.4,147.6,62.6,53.1,53.9,52.8,,,,,,,,,
nhtsa-suzuki-swift-hatchback-2dr-93-3,Hatchback,2,,,,,93.3,149.6,62.6,54.7,55.1,53.9,,,,,,,,,
nhtsa-suzuki-swift-hatchback-2dr-93-3-2,Hatchback,2,,,,,93.3,149.6,62.6,54.7,54.7,53.5,,,,,,,,,
nhtsa-suzuki-swift-hatchback-3dr-89-4,Hatchback,3,,,,,89.4,146.1,62.2,53.1,,,,,,,,,,,
nhtsa-suzuki-swift-hatchback-3dr-89-4-2,Hatchback,3,,,,,89.4,146.1,62.6,53.1,,,,,,,,,,,
nhtsa-suzuki-swift-hatchback-4dr-93-3,Hatchback,4,,,,,93.3,150,62.2,54.3,53.9,52.8,,,,,,,,,
nhtsa-suzuki-swift-sedan-4dr-93-3,Sedan,4,,,,,93.3,160.6,63,54.3,54.3,53.5,,,,,,,,,
nhtsa-suzuki-swift-sedan-4dr-93-3-2,Sedan,4,,,,,93.3,161.4,62.2,54.3,53.9,52.8,,,,,,,,,
nhtsa-suzuki-sx4-body-4dr-98-4,,4,,,,,98.4,162.2,68.1,62.2,59.1,59.4,,,,,,,,,
nhtsa-suzuki-sx4-body-4dr-98-4-2,,4,,,,,98.4,163,69.3,63.4,58.3,57.9,,,,,,,,,
nhtsa-suzuki-sx4-body-4dr-98-4-3,,4,,,,,98.4,163,69.3,61.8,58.3,57.9,,,,,,,,,
nhtsa-suzuki-sx4-body-4dr-98-4-4,,4,,,,,98.4,163,69.3,62.2,58.3,57.9,,,,,,,,,
nhtsa-suzuki-sx4-body-4dr-98-4-5,,4,,,,,98.4,163,69.3,63.4,59.1,59.1,,,,,,,,,
nhtsa-suzuki-sx4-sedan-4dr-98-4,Sedan,4,,,,,98.4,176.8,68.1,61,58.7,58.3,,,,,,,,,
nhtsa-suzuki-sx4-sedan-4dr-98-4-2,Sedan,4,,,,,98.4,177.6,68.1,61,58.7,58.3,,,,,,,,,
nhtsa-suzuki-verona-sedan-4dr-106-3,Sedan,4,,,,,106.3,187.8,71.7,57.1,60.6,60.2,,,,,,,,,
nhtsa-suzuki-vitara-body-4dr-97-6,,4,,,,,97.6,159.8,67.3,68.5,57.5,57.5,,,,,,,,,
nhtsa-suzuki-vitara-body-4dr-97-6-2,,4,,,,,97.6,159.8,67.3,67.7,57.5,57.5,,,,,,,,,
nhtsa-suzuki-vitara-convertible-2dr-86-6,Convertible,2,,,,,86.6,148.8,67.3,66.5,57.5,57.5,,,,,,,,,
nhtsa-suzuki-vitara-convertible-2dr-86-6-2,Convertible,2,,,,,86.6,148.8,67.3,65.7,57.5,57.5,,,,,,,,,
nhtsa-suzuki-vitara-suv-4dr-97-6,SUV,4,,,,,97.6,159.8,69.3,65.7,57.5,57.5,,,,,,,,,
nhtsa-suzuki-x-90-suv-2dr-86-6,SUV,2,,,,,86.6,146.1,66.9,60.6,55.9,56.3,,,,,,,,,
nhtsa-suzuki-xl7-body-4dr-110-2,,4,,,,,110.2,180.3,70.1,68.1,59.1,59.1,,,,,,,,,
nhtsa-suzuki-xl7-body-4dr-111-4,,4,,,,,111.4,182.7,70.1,68.5,58.7,58.7,,,,,,,,,
nhtsa-suzuki-xl7-body-4dr-112-6,,4,,,,,112.6,197.2,72.4,68.1,61,61.8,,,,,,,,,
nhtsa-tesla-cybertruck-pickup-4dr-145-3,Pickup,4,,,,,145.3,223.6,86.6,70.5,68.5,68.5,,,,,,,,,
nhtsa-tesla-model-3-sedan-4dr-113-4,Sedan,4,,,,,113.4,184.6,72.8,56.7,63,62.6,,,,,,,,,
nhtsa-tesla-model-3-sedan-4dr-113-4-2,Sedan,4,,,,,113.4,185.8,72.8,56.7,62.2,62.2,,,,,,,,,
nhtsa-tesla-model-s-body-116-5,,,,,,,116.5,195.7,77.2,56.7,65.4,66.9,,,,,,,,,
nhtsa-tesla-model-s-sedan-4dr-116-5,Sedan,4,,,,,116.5,195.7,77.2,56.7,65.4,66.9,,,,,,,,,
nhtsa-tesla-model-x-body-116-9,,,,,,,116.9,198,79.1,66.1,65.4,66.9,,,,,,,,,
nhtsa-tesla-model-x-suv-4dr-116-9,SUV,4,,,,,116.9,198,79.1,66.1,65.4,66.9,,,,,,,,,
nhtsa-tesla-model-y-suv-4dr-113-8,SUV,4,,,,,113.8,187,75.6,63.8,64.6,64.6,,,,,,,,,
nhtsa-tesla-model-y-suv-4dr-113-8-2,SUV,4,,,,,113.8,188.6,78,63.8,64.6,64.6,,,,,,,,,
nhtsa-toyota-4runner-body-103-1,,,,,,,103.1,174.8,66.5,68.1,,,,,,,,,,,
nhtsa-toyota-4runner-body-103-5,,,,,,,103.5,174.8,66.5,66.1,,,,,,,,,,,
nhtsa-toyota-4runner-body-103-5-2,,,,,,,103.5,174.8,66.5,66.1,56.3,55.5,,,,,,,,,
nhtsa-toyota-4runner-body-2dr-103-5,,2,,,,,103.5,176,66.5,66.1,57.9,57.9,,,,,,,,,
nhtsa-toyota-4runner-body-2dr-103-5-2,,2,,,,,103.5,176,66.5,66.1,,,,,,,,,,,
nhtsa-toyota-4runner-body-2dr-103-5-3,,2,,,,,103.5,176,67.7,67.3,,,,,,,,,,,
nhtsa-toyota-4runner-body-4dr-103-5,,4,,,,,103.5,176,66.5,66.1,56.3,56.3,,,,,,,,,
nhtsa-toyota-4runner-body-4dr-103-5-2,,4,,,,,103.5,176,66.5,66.1,,,,,,,,,,,
nhtsa-toyota-4runner-suv-4dr-103-5,SUV,4,,,,,103.5,176.8,66.5,66.1,56.3,56.3,,,,,,,,,
nhtsa-toyota-4runner-suv-4dr-103-5-2,SUV,4,,,,,103.5,176.8,67.7,67.3,58.3,57.9,,,,,,,,,
nhtsa-toyota-4runner-suv-4dr-104-3,SUV,4,,,,,104.3,178.7,70.9,68.9,59.1,59.4,,,,,,,,,
nhtsa-toyota-4runner-suv-4dr-105-5,SUV,4,,,,,105.5,178.7,66.5,66.5,59.1,59.1,,,,,,,,,
nhtsa-toyota-4runner-suv-4dr-105-5-2,SUV,4,,,,,105.5,178.7,68.1,68.9,59.1,59.4,,,,,,,,,
nhtsa-toyota-4runner-suv-4dr-105-5-3,SUV,4,,,,,105.5,178.7,70.9,69.3,59.4,59.4,,,,,,,,,
nhtsa-toyota-4runner-suv-4dr-105-5-4,SUV,4,,,,,105.5,178.7,66.5,67.7,59.4,59.1,,,,,,,,,
nhtsa-toyota-4runner-suv-4dr-105-5-5,SUV,4,,,,,105.5,178.7,68.1,69.3,59.4,59.4,,,,,,,,,
nhtsa-toyota-4runner-suv-4dr-105-5-6,SUV,4,,,,,105.5,178.7,68.1,69.3,59.4,59.1,,,,,,,,,
nhtsa-toyota-4runner-suv-4dr-109-4,SUV,4,,,,,109.4,187.8,74,68.5,62.2,61.8,,,,,,,,,
nhtsa-toyota-4runner-suv-4dr-109-4-2,SUV,4,,,,,109.4,187.8,74,71.3,62.2,61.8,,,,,,,,,
nhtsa-toyota-4runner-suv-4dr-109-8,SUV,4,,,,,109.8,189,74,68.5,62.2,61.8,,,,,,,,,
nhtsa-toyota-4runner-suv-4dr-109-8-2,SUV,4,,,,,109.8,187.8,74,71.3,62.2,61.8,,,,,,,,,
nhtsa-toyota-4runner-suv-4dr-109-8-3,SUV,4,,,,,109.8,189,74,71.3,62.2,61.8,,,,,,,,,
nhtsa-toyota-4runner-suv-4dr-109-8-4,SUV,4,,,,,109.8,189,75.2,71.3,62.2,61.8,,,,,,,,,
nhtsa-toyota-4runner-suv-4dr-109-8-5,SUV,4,,,,,109.8,189,75.2,70.9,62.2,61.8,,,,,,,,,
nhtsa-toyota-4runner-suv-4dr-109-8-6,SUV,4,,,,,109.8,189.8,76,71.7,63,63,,,,,,,,,
nhtsa-toyota-4runner-suv-4dr-109-8-7,SUV,4,,,,,109.8,189.8,76,74,63,63,,,,,,,,,
nhtsa-toyota-4runner-suv-4dr-112-2,SUV,4,,,,,112.2,194.9,78,73.6,65.7,65.7,,,,,,,,,
nhtsa-toyota-4runner-suv-4dr-112-2-2,SUV,4,,,,,112.2,194.9,78,73.2,65.7,65.7,,,,,,,,,
nhtsa-toyota-86-coupe-2dr-101-2,Coupe,2,,,,,101.2,166.9,70.1,50.8,59.8,60.6,,,,,,,,,
nhtsa-toyota-avalon-sedan-4dr-107-1,Sedan,4,,,,,107.1,190.2,70.5,56.3,61,60.2,,,,,,,,,
nhtsa-toyota-avalon-sedan-4dr-107-1-2,Sedan,4,,,,,107.1,192.1,70.5,56.7,61,59.8,,,,,,,,,
nhtsa-toyota-avalon-sedan-4dr-107-1-3,Sedan,4,,,,,107.1,192.1,71.7,57.5,61,60.2,,,,,,,,,
nhtsa-toyota-avalon-sedan-4dr-109-8,Sedan,4,,,,,109.8,196.1,71.7,59.1,62.2,61.4,,,,,,,,,
nhtsa-toyota-avalon-sedan-4dr-111,Sedan,4,,,,,111,197.2,72.8,58.7,61.8,61.4,,,,,,,,,
nhtsa-toyota-avalon-sedan-4dr-111-2,Sedan,4,,,,,111,197.2,72.8,57.9,62.2,61.8,,,,,,,,,
nhtsa-toyota-avalon-sedan-4dr-111-3,Sedan,4,,,,,111,195.3,72.4,57.5,62.6,62.2,,,,,,,,,
nhtsa-toyota-avalon-sedan-4dr-113,Sedan,4,,,,,113,196.1,72.8,56.7,63,63.8,,,,,,,,,
nhtsa-toyota-bz4x-suv-4dr-112-2,SUV,4,,,,,112.2,184.6,73.2,65,63,63.4,,,,,,,,,
nhtsa-toyota-c-hr-suv-4dr-103-9,SUV,4,,,,,103.9,174.4,70.9,61.8,61,61.8,,,,,,,,,
nhtsa-toyota-c-hr-suv-4dr-103-9-2,SUV,4,,,,,103.9,172.8,70.9,61.8,61,61.8,,,,,,,,,
nhtsa-toyota-camry-body-102-4,,,,,,,102.4,175.6,66.5,53.9,,,,,,,,,,,
nhtsa-toyota-camry-coupe-2dr-103-1,Coupe,2,,,,,103.1,187.8,69.7,55.1,61,59.1,,,,,,,,,
nhtsa-toyota-camry-hatchback-102-4,Hatchback,,,,,,102.4,175.6,66.5,53.9,,,,,,,,,,,
nhtsa-toyota-camry-sedan-102-4,Sedan,,,,,,102.4,175.6,66.5,55.1,,,,,,,,,,,
nhtsa-toyota-camry-sedan-4dr-102-4,Sedan,4,,,,,102.4,182.3,67.3,54.3,,,,,,,,,,,
nhtsa-toyota-camry-sedan-4dr-103-1,Sedan,4,,,,,103.1,187.8,69.7,55.1,,,,,,,,,,,
nhtsa-toyota-camry-sedan-4dr-103-1-2,Sedan,4,,,,,103.1,187.8,69.7,55.1,61,59.1,,,,,,,,,
nhtsa-toyota-camry-sedan-4dr-104-7,Sedan,4,,,,,104.7,188.6,70.1,55.9,61,59.4,,,,,,,,,
nhtsa-toyota-camry-sedan-4dr-104-7-2,Sedan,4,,,,,104.7,188.6,70.1,55.9,61,59.8,,,,,,,,,
nhtsa-toyota-camry-sedan-4dr-104-7-3,Sedan,4,,,,,104.7,188.6,70.1,55.5,61,59.8,,,,,,,,,
nhtsa-toyota-camry-sedan-4dr-107-1,Sedan,4,,,,,107.1,189.4,70.9,58.7,61.8,60.6,,,,,,,,,
nhtsa-toyota-camry-sedan-4dr-107-1-2,Sedan,4,,,,,107.1,189.4,70.5,58.7,61.8,60.6,,,,,,,,,
nhtsa-toyota-camry-sedan-4dr-109-1,Sedan,4,,,,,109.1,189.4,71.7,57.9,62.2,61.8,,,,,,,,,
nhtsa-toyota-camry-sedan-4dr-109-1-2,Sedan,4,,,,,109.1,189.4,71.7,57.9,62.6,62.2,,,,,,,,,
nhtsa-toyota-camry-sedan-4dr-109-4,Sedan,4,,,,,109.4,189.4,71.7,57.5,62.2,61.8,,,,,,,,,
nhtsa-toyota-camry-sedan-4dr-109-4-2,Sedan,4,,,,,109.4,189.4,71.7,57.5,62.2,61.4,,,,,,,,,
nhtsa-toyota-camry-sedan-4dr-109-4-3,Sedan,4,,,,,109.4,190.9,71.7,57.9,62.6,62.2,,,,,,,,,
nhtsa-toyota-camry-sedan-4dr-111-4,Sedan,4,,,,,111.4,192.5,72,58.3,61.8,62.2,,,,,,,,,
nhtsa-toyota-camry-sedan-4dr-111-4-2,Sedan,4,,,,,111.4,193.7,72.4,57.1,61.8,62.2,,,,,,,,,
nhtsa-toyota-camry-solara-body-2dr-107-9,,2,,,,,107.9,192.9,71.7,56.3,60.2,59.4,,,,,,,,,
nhtsa-toyota-camry-solara-convertible-105-1,Convertible,,,,,,105.1,190.2,71.3,56.3,61,59.8,,,,,,,,,
nhtsa-toyota-camry-solara-convertible-2dr-105-1,Convertible,2,,,,,105.1,190.2,71.3,55.1,61,59.8,,,,,,,,,
nhtsa-toyota-camry-solara-coupe-2dr-105-1,Coupe,2,,,,,105.1,190.2,71.3,55.1,61,59.8,,,,,,,,,
nhtsa-toyota-camry-solara-coupe-2dr-107-9,Coupe,2,,,,,107.9,192.9,71.7,56.3,60.2,59.4,,,,,,,,,
nhtsa-toyota-camry-wagon-102-4,Wagon,,,,,,102.4,183.1,67.3,54.7,,,,,,,,,,,
nhtsa-toyota-camry-wagon-4dr-103-1,Wagon,4,,,,,103.1,189.4,69.7,56.3,,,,,,,,,,,
nhtsa-toyota-camry-wagon-4dr-103-1-2,Wagon,4,,,,,103.1,189.4,69.7,56.3,61,59.1,,,,,,,,,
nhtsa-toyota-celica-body-103-5,,,,,,,103.5,181.9,65,52,,,,,,,,,,,
nhtsa-toyota-celica-body-2dr-98-4,,2,,,,,98.4,176.4,65.7,52,,,,,,,,,,,
nhtsa-toyota-celica-body-98-4,,,,,,,98.4,175.6,64.6,50.8,,,,,,,,,,,
nhtsa-toyota-celica-body-98-4-2,,,,,,,98.4,176.4,65.7,52,,,,,,,,,,,
nhtsa-toyota-celica-body-98-4-3,,,,,,,98.4,176.8,65.7,52,,,,,,,,,,,
nhtsa-toyota-celica-body-98-4-4,,,,,,,98.4,176.4,67.7,52,,,,,,,,,,,
nhtsa-toyota-celica-body-98-4-5,,,,,,,98.4,176.8,67.7,52,,,,,,,,,,,
nhtsa-toyota-celica-body-99-6,,,,,,,99.6,172,67.3,50,,,,,,,,,,,
nhtsa-toyota-celica-coupe-2dr-100,Coupe,2,,,,,100,174.4,68.9,50.8,59.8,59.1,,,,,,,,,
nhtsa-toyota-celica-coupe-2dr-99-6,Coupe,2,,,,,99.6,173.6,67.3,50,,,,,,,,,,,
nhtsa-toyota-celica-coupe-2dr-99-6-2,Coupe,2,,,,,99.6,176,67.3,50.8,57.9,56.7,,,,,,,,,
nhtsa-toyota-celica-coupe-98-4,Coupe,,,,,,98.4,176.4,65.7,52,,,,,,,,,,,
nhtsa-toyota-celica-coupe-99-6,Coupe,,,,,,99.6,173.6,67.3,50,,,,,,,,,,,
nhtsa-toyota-celica-hatchback-2dr-100,Hatchback,2,,,,,100,174.4,68.9,50.8,59.8,59.1,,,,,,,,,
nhtsa-toyota-celica-hatchback-2dr-100-2,Hatchback,2,,,,,100,174.4,68.9,51.6,59.8,59.1,,,,,,,,,
nhtsa-toyota-celica-hatchback-2dr-102-4,Hatchback,2,,,,,102.4,170.5,68.5,51.6,58.7,58.3,,,,,,,,,
nhtsa-toyota-celica-hatchback-2dr-99-6,Hatchback,2,,,,,99.6,172,67.3,50,,,,,,,,,,,
nhtsa-toyota-celica-hatchback-98-4,Hatchback,,,,,,98.4,176.8,65.7,52,,,,,,,,,,,
nhtsa-toyota-celica-hatchback-98-4-2,Hatchback,,,,,,98.4,176.8,67.7,52,,,,,,,,,,,
nhtsa-toyota-celica-hatchback-99-6,Hatchback,,,,,,99.6,172,67.3,50,,,,,,,,,,,
nhtsa-toyota-celica-hatchback-99-6-2,Hatchback,,,,,,99.6,172,67.3,50,58.3,58.7,,,,,,,,,
nhtsa-toyota-celica-hatchback-99-6-3,Hatchback,,,,,,99.6,174,68.9,50.8,58.3,57.1,,,,,,,,,
nhtsa-toyota-corolla-body-2dr-94-5,,2,,,,,94.5,166.5,63.4,53.1,,,,,,,,,,,
nhtsa-toyota-corolla-body-4dr-106-3,,4,,,,,106.3,182.7,69.3,55.9,59.8,59.8,,,,,,,,,
nhtsa-toyota-corolla-body-4dr-94-5,,4,,,,,94.5,166.5,63.4,53.1,,,,,,,,,,,
nhtsa-toyota-corolla-body-5dr-103-9,,5,,,,,103.9,172.4,70.5,56.7,63,63,,,,,,,,,
nhtsa-toyota-corolla-body-94-5,,,,,,,94.5,168.1,64.2,50.8,,,,,,,,,,,
nhtsa-toyota-corolla-body-94-5-2,,,,,,,94.5,168.5,64.2,52.8,,,,,,,,,,,
nhtsa-toyota-corolla-body-94-5-3,,,,,,,94.5,168.5,64.2,50.8,,,,,,,,,,,
nhtsa-toyota-corolla-body-94-5-4,,,,,,,94.5,168.5,63.8,50.8,,,,,,,,,,,
nhtsa-toyota-corolla-body-94-5-5,,,,,,,94.5,168.9,64.2,52.8,,,,,,,,,,,
nhtsa-toyota-corolla-body-95-7,,,,,,,95.7,166.5,64.6,52.8,,,,,,,,,,,
nhtsa-toyota-corolla-coupe-2dr-94-5,Coupe,2,,,,,94.5,168.9,64.2,52.8,,,,,,,,,,,
nhtsa-toyota-corolla-coupe-2dr-95-7,Coupe,2,,,,,95.7,172.4,65.7,49.6,,,,,,,,,,,
nhtsa-toyota-corolla-coupe-2dr-95-7-2,Coupe,2,,,,,95.7,172.4,65.7,49.6,56.3,55.5,,,,,,,,,
nhtsa-toyota-corolla-coupe-94-5,Coupe,,,,,,94.5,168.9,64.2,52.8,,,,,,,,,,,
nhtsa-toyota-corolla-coupe-95-7,Coupe,,,,,,95.7,172.4,65.7,49.6,56.3,55.5,,,,,,,,,
nhtsa-toyota-corolla-cross-suv-4dr-103-9,SUV,4,,,,,103.9,175.6,72,64.6,64.6,64.6,,,,,,,,,
nhtsa-toyota-corolla-hatchback-2dr-94-5,Hatchback,2,,,,,94.5,168.9,64.2,53.5,,,,,,,,,,,
nhtsa-toyota-corolla-hatchback-4dr-95-7,Hatchback,4,,,,,95.7,166.5,64.6,52.8,,,,,,,,,,,
nhtsa-toyota-corolla-hatchback-94-5,Hatchback,,,,,,94.5,168.1,64.2,50.8,,,,,,,,,,,
nhtsa-toyota-corolla-hatchback-94-5-2,Hatchback,,,,,,94.5,168.9,64.2,53.5,,,,,,,,,,,
nhtsa-toyota-corolla-hatchback-95-7,Hatchback,,,,,,95.7,166.5,64.6,52.8,,,,,,,,,,,
nhtsa-toyota-corolla-im-hatchback-5dr-102-4,Hatchback,5,,,,,102.4,170.5,69.3,55.5,59.4,59.1,,,,,,,,,
nhtsa-toyota-corolla-sedan-2dr-94-5,Sedan,2,,,,,94.5,166.1,63.4,53.1,,,,,,,,,,,
nhtsa-toyota-corolla-sedan-4dr-102-4,Sedan,4,,,,,102.4,178.3,66.9,58.3,57.9,57.1,,,,,,,,,
nhtsa-toyota-corolla-sedan-4dr-102-4-2,Sedan,4,,,,,102.4,178.7,69.3,57.9,59.1,59.4,,,,,,,,,
nhtsa-toyota-corolla-sedan-4dr-102-4-3,Sedan,4,,,,,102.4,178.7,69.3,57.9,59.8,59.8,,,,,,,,,
nhtsa-toyota-corolla-sedan-4dr-106-3,Sedan,4,,,,,106.3,182.7,70.1,57.5,59.8,59.8,,,,,,,,,
nhtsa-toyota-corolla-sedan-4dr-106-3-2,Sedan,4,,,,,106.3,182.7,69.3,55.9,59.8,59.8,,,,,,,,,
nhtsa-toyota-corolla-sedan-4dr-94-5,Sedan,4,,,,,94.5,166.1,63.4,53.1,,,,,,,,,,,
nhtsa-toyota-corolla-sedan-4dr-95-7,Sedan,4,,,,,95.7,166.5,64.6,53.1,,,,,,,,,,,
nhtsa-toyota-corolla-sedan-4dr-95-7-2,Sedan,4,,,,,95.7,170.5,65.4,52.4,,,,,,,,,,,
nhtsa-toyota-corolla-sedan-4dr-95-7-3,Sedan,4,,,,,95.7,170.5,65.4,52.4,55.9,55.5,,,,,,,,,
nhtsa-toyota-corolla-sedan-4dr-95-7-4,Sedan,4,,,,,95.7,170.5,65.4,53.1,55.9,55.5,,,,,,,,,
nhtsa-toyota-corolla-sedan-4dr-95-7-5,Sedan,4,,,,,95.7,170.5,65.4,53.1,,,,,,,,,,,
nhtsa-toyota-corolla-sedan-4dr-97-2,Sedan,4,,,,,97.2,172,66.5,53.5,57.5,57.1,,,,,,,,,
nhtsa-toyota-corolla-sedan-4dr-97-2-2,Sedan,4,,,,,97.2,174,66.9,54.7,57.5,57.1,,,,,,,,,
nhtsa-toyota-corolla-sedan-4dr-97-2-3,Sedan,4,,,,,97.2,172,66.5,54.3,57.5,57.1,,,,,,,,,
nhtsa-toyota-corolla-sedan-95-7,Sedan,,,,,,95.7,166.5,64.6,53.1,,,,,,,,,,,
nhtsa-toyota-corolla-sedan-95-7-2,Sedan,,,,,,95.7,170.5,65.4,52.4,56.3,55.5,,,,,,,,,
nhtsa-toyota-corolla-wagon-4dr-97-2,Wagon,4,,,,,97.2,172,66.5,56.3,57.5,57.1,,,,,,,,,
nhtsa-toyota-corolla-wagon-94-5,Wagon,,,,,,94.5,168.9,63.4,53.1,,,,,,,,,,,
nhtsa-toyota-corolla-wagon-95-7,Wagon,,,,,,95.7,172,65.7,56.7,56.7,54.3,,,,,,,,,
nhtsa-toyota-corolla-wagon-95-7-2,Wagon,,,,,,95.7,171.7,65.4,54.7,56.3,55.5,,,,,,,,,
nhtsa-toyota-corolla-wagon-95-7-3,Wagon,,,,,,95.7,172,65.4,56.7,55.9,54.3,,,,,,,,,
nhtsa-toyota-corolla-wagon-95-7-4,Wagon,,,,,,95.7,170.5,65.4,54.7,56.3,55.5,,,,,,,,,
nhtsa-toyota-corolla-wagon-95-7-5,Wagon,,,,,,95.7,173.6,65.4,56.7,,,,,,,,,,,
nhtsa-toyota-corolla-wagon-97-2,Wagon,,,,,,97.2,172,66.5,55.5,,,,,,,,,,,
nhtsa-toyota-corona-body-5dr-99-6,,5,,,,,99.6,176.8,65.4,53.1,,,,,,,,,,,
nhtsa-toyota-corona-hatchback-99-2,Hatchback,,,,,,99.2,176.8,65.4,53.1,,,,,,,,,,,
nhtsa-toyota-corona-sedan-99-2,Sedan,,,,,,99.2,176.8,65.4,53.9,,,,,,,,,,,
nhtsa-toyota-corona-wagon-99-2,Wagon,,,,,,99.2,180.3,65.4,54.3,,,,,,,,,,,
nhtsa-toyota-cressida-sedan-103-9,Sedan,,,,,,103.9,184.6,66.5,54.3,,,,,,,,,,,
nhtsa-toyota-cressida-sedan-104-7,Sedan,,,,,,104.7,187.8,66.5,54.3,,,,,,,,,,,
nhtsa-toyota-cressida-sedan-4dr-104-3,Sedan,4,,,,,104.3,185,66.5,55.5,,,,,,,,,,,
nhtsa-toyota-cressida-sedan-4dr-104-7,Sedan,4,,,,,104.7,187.8,66.5,54.3,,,,,,,,,,,
nhtsa-toyota-cressida-sedan-4dr-105-5,Sedan,4,,,,,105.5,189.8,67.3,54.7,57.5,57.5,,,,,,,,,
nhtsa-toyota-cressida-wagon-103-9,Wagon,,,,,,103.9,185,66.5,55.5,,,,,,,,,,,
nhtsa-toyota-crown-sedan-4dr-112-2,Sedan,4,,,,,112.2,196.1,72.4,60.6,63,63.4,,,,,,,,,
nhtsa-toyota-crown-signia-wagon-4dr-112-2,Wagon,4,,,,,112.2,194.1,73.6,61.8,63.4,63.4,,,,,,,,,
nhtsa-toyota-echo-body-2dr-93-3,,2,,,,,93.3,148,65.4,59.1,56.3,55.1,,,,,,,,,
nhtsa-toyota-echo-body-4dr-93-3,,4,,,,,93.3,148,65.4,59.1,56.3,55.5,,,,,,,,,
nhtsa-toyota-echo-body-93-3,,,,,,,93.3,148,65.4,59.1,56.3,55.1,,,,,,,,,
nhtsa-toyota-echo-body-93-3-2,,,,,,,93.3,148,65.4,59.1,56.3,55.5,,,,,,,,,
nhtsa-toyota-echo-coupe-2dr-93-3,Coupe,2,,,,,93.3,163.4,65.4,59.1,57.1,56.3,,,,,,,,,
nhtsa-toyota-echo-sedan-4dr-93-3,Sedan,4,,,,,93.3,163.4,65.4,59.1,57.1,56.3,,,,,,,,,
nhtsa-toyota-fj-cruiser-suv-2dr-105-9,SUV,2,,,,,105.9,177.2,75.2,72,62.2,61.8,,,,,,,,,
nhtsa-toyota-gr-corolla-body-5dr-103-9,,5,,,,,103.9,173.2,72.8,58.3,63,63,,,,,,,,,
nhtsa-toyota-gr-supra-coupe-2dr-97-2,Coupe,2,,,,,97.2,172.4,72.8,50.8,63,62.6,,,,,,,,,
nhtsa-toyota-gr86-coupe-3dr-101-6,Coupe,3,,,,,101.6,167.7,70.1,51.6,59.8,61,,,,,,,,,
nhtsa-toyota-grand-highlander-suv-4dr-116-1,SUV,4,,,,,116.1,201.2,78.3,70.1,66.9,66.9,,,,,,,,,
nhtsa-toyota-highlander-body-109-8,,,,,,,109.8,191.3,76,68.1,64.2,64.2,,,,,,,,,
nhtsa-toyota-highlander-suv-4dr-107-1,SUV,4,,,,,107.1,184.6,72,68.5,62.2,61.4,,,,,,,,,
nhtsa-toyota-highlander-suv-4dr-107-1-2,SUV,4,,,,,107.1,184.6,72,68.9,62.2,61.8,,,,,,,,,
nhtsa-toyota-highlander-suv-4dr-109-8,SUV,4,,,,,109.8,188.6,75.2,69.3,63.4,63.4,,,,,,,,,
nhtsa-toyota-highlander-suv-4dr-109-8-2,SUV,4,,,,,109.8,188.6,75.2,68.1,63.4,63.4,,,,,,,,,
nhtsa-toyota-highlander-suv-4dr-109-8-3,SUV,4,,,,,109.8,188.6,75.2,69.3,64.2,64.2,,,,,,,,,
nhtsa-toyota-highlander-suv-4dr-109-8-4,SUV,4,,,,,109.8,191.3,76,68.1,64.2,64.2,,,,,,,,,
nhtsa-toyota-highlander-suv-4dr-109-8-5,SUV,4,,,,,109.8,192.5,76,68.1,64.2,64.2,,,,,,,,,
nhtsa-toyota-highlander-suv-4dr-112-2,SUV,4,,,,,112.2,194.9,76,68.1,65.4,65.4,,,,,,,,,
nhtsa-toyota-land-cruiser-body-2dr-90-9,,2,,,,,90.9,159.8,66.5,74.8,,,,,,,,,,,
nhtsa-toyota-land-cruiser-body-90-2,,,,,,,90.2,157.5,65.7,76.8,,,,,,,,,,,
nhtsa-toyota-land-cruiser-body-90-2-2,,,,,,,90.2,157.5,65.7,76,,,,,,,,,,,
nhtsa-toyota-land-cruiser-suv-4dr-112-2,SUV,4,,,,,112.2,193.7,78,76,66.1,66.5,,,,,,,,,
nhtsa-toyota-land-cruiser-suv-4dr-112-2-2,SUV,4,,,,,112.2,196.5,78,76,66.1,66.5,,,,,,,,,
nhtsa-toyota-land-cruiser-wagon-107-5,Wagon,,,,,,107.5,184.3,70.9,69.7,,,,,,,,,,,
nhtsa-toyota-land-cruiser-wagon-4dr-107-5,Wagon,4,,,,,107.5,184.3,70.9,70.9,,,,,,,,,,,
nhtsa-toyota-land-cruiser-wagon-4dr-107-5-2,Wagon,4,,,,,107.5,184.3,70.9,72,58.7,57.9,,,,,,,,,
nhtsa-toyota-mirai-sedan-4dr-115,Sedan,4,,,,,115,195.7,74,57.9,63.4,63,,,,,,,,,
nhtsa-toyota-mr2-body-91-3,,,,,,,91.3,154.7,65.7,49.2,,,,,,,,,,,
nhtsa-toyota-mr2-coupe-2dr-91-3,Coupe,2,,,,,91.3,155.5,65.7,49.2,,,,,,,,,,,
nhtsa-toyota-mr2-coupe-2dr-91-3-2,Coupe,2,,,,,91.3,155.5,65.7,48.8,,,,,,,,,,,
nhtsa-toyota-paseo-coupe-2dr-93-7,Coupe,2,,,,,93.7,163,65.4,50.4,55.5,55.1,,,,,,,,,
nhtsa-toyota-paseo-coupe-2dr-93-7-2,Coupe,2,,,,,93.7,163.8,65.4,51.2,55.1,55.1,,,,,,,,,
nhtsa-toyota-paseo-coupe-93-7,Coupe,,,,,,93.7,163,65.4,50.4,,,,,,,,,,,
nhtsa-toyota-pick-up-pickup-102,Pickup,,,,,,102,169.7,63.4,59.1,,,,,,,,,,,
nhtsa-toyota-pick-up-pickup-110-2,Pickup,,,,,,110.2,184.6,63.4,59.1,,,,,,,,,,,
nhtsa-toyota-previa-wagon-113,Wagon,,,,,,113,187,70.9,68.9,,,,,,,,,,,
nhtsa-toyota-previa-wagon-113-2,Wagon,,,,,,113,187,70.9,69.3,,,,,,,,,,,
nhtsa-toyota-previa-wagon-113-3,Wagon,,,,,,113,187.4,70.9,68.9,61.8,61.4,,,,,,,,,
nhtsa-toyota-previa-wagon-113-4,Wagon,,,,,,113,187.4,70.9,69.3,61.8,61.4,,,,,,,,,
nhtsa-toyota-prius-body-4dr-106-3,,4,,,,,106.3,175.6,68.1,58.3,58.3,57.5,,,,,,,,,
nhtsa-toyota-prius-c-hatchback-4dr-100-4,Hatchback,4,,,,,100.4,157.5,66.9,57.1,57.1,56.7,,,,,,,,,
nhtsa-toyota-prius-c-hatchback-5dr-100-4,Hatchback,5,,,,,100.4,157.5,66.9,57.1,57.1,56.7,,,,,,,,,
nhtsa-toyota-prius-hatchback-4dr-106-7,Hatchback,4,,,,,106.7,175.6,68.9,58.3,59.8,60.2,,,,,,,,,
nhtsa-toyota-prius-hatchback-4dr-108-3,Hatchback,4,,,,,108.3,181.1,70.1,55.9,61.4,62.2,,,,,,,,,
nhtsa-toyota-prius-hatchback-5dr-106-3,Hatchback,5,,,,,106.3,178.7,69.3,57.9,60.2,60.2,,,,,,,,,
nhtsa-toyota-prius-hatchback-5dr-109-4,Hatchback,5,,,,,109.4,181.9,70.1,62.2,60.6,61,,,,,,,,,
nhtsa-toyota-prius-sedan-4dr-100-4,Sedan,4,,,,,100.4,169.7,66.9,57.9,58.3,58.3,,,,,,,,,
nhtsa-toyota-prius-v-hatchback-4dr-109-4,Hatchback,4,,,,,109.4,181.9,70.1,62.2,60.6,61,,,,,,,,,
nhtsa-toyota-prius-v-hatchback-5dr-109-4,Hatchback,5,,,,,109.4,181.9,70.1,62.2,60.6,61,,,,,,,,,
nhtsa-toyota-prius-wagon-4dr-106-7,Wagon,4,,,,,106.7,175.6,68.9,58.3,59.8,60.2,,,,,,,,,
nhtsa-toyota-rav4-body-104-7,,,,,,,104.7,181.1,72.8,67.3,61.8,61.8,,,,,,,,,
nhtsa-toyota-rav4-prime-phev-suv-4dr-105-9,SUV,4,,,,,105.9,180.7,72.8,66.9,63,63.8,,,,,,,,,
nhtsa-toyota-rav4-suv-2dr-86-6,SUV,2,,,,,86.6,140.6,66.9,65.4,57.5,57.9,,,,,,,,,
nhtsa-toyota-rav4-suv-2dr-86-6-2,SUV,2,,,,,86.6,140.6,66.9,65,57.5,57.9,,,,,,,,,
nhtsa-toyota-rav4-suv-4dr-104-7,SUV,4,,,,,104.7,179.1,71.7,68.9,61,61,,,,,,,,,
nhtsa-toyota-rav4-suv-4dr-104-7-10,SUV,4,,,,,104.7,181.1,72.8,67.3,61.8,61.8,,,,,,,,,
nhtsa-toyota-rav4-suv-4dr-104-7-2,SUV,4,,,,,104.7,179.1,73.2,68.9,61,61,,,,,,,,,
nhtsa-toyota-rav4-suv-4dr-104-7-3,SUV,4,,,,,104.7,179.1,71.7,68.9,61.4,61,,,,,,,,,
nhtsa-toyota-rav4-suv-4dr-104-7-4,SUV,4,,,,,104.7,179.1,73.2,68.9,61.4,61,,,,,,,,,
nhtsa-toyota-rav4-suv-4dr-104-7-5,SUV,4,,,,,104.7,179.5,72.8,65.4,61.8,61.8,,,,,,,,,
nhtsa-toyota-rav4-suv-4dr-104-7-6,SUV,4,,,,,104.7,179.5,72.8,65.4,61.4,61.4,,,,,,,,,
nhtsa-toyota-rav4-suv-4dr-104-7-7,SUV,4,,,,,104.7,179.5,72.8,67.3,61.8,61.8,,,,,,,,,
nhtsa-toyota-rav4-suv-4dr-104-7-8,SUV,4,,,,,104.7,181.1,72.8,66.1,61.8,61.8,,,,,,,,,
nhtsa-toyota-rav4-suv-4dr-104-7-9,SUV,4,,,,,104.7,181.1,72.8,66.1,61.4,61.4,,,,,,,,,
nhtsa-toyota-rav4-suv-4dr-105-9,SUV,4,,,,,105.9,180.7,72.8,66.9,63,63.8,,,,,,,,,
nhtsa-toyota-rav4-suv-4dr-94-9,SUV,4,,,,,94.9,156.3,66.9,65.4,57.5,57.9,,,,,,,,,
nhtsa-toyota-rav4-suv-4dr-94-9-2,SUV,4,,,,,94.9,156.3,66.9,65,57.5,57.9,,,,,,,,,
nhtsa-toyota-rav4-suv-4dr-94-9-3,SUV,4,,,,,94.9,163.4,66.9,65.4,58.3,57.9,,,,,,,,,
nhtsa-toyota-rav4-suv-4dr-98,SUV,4,,,,,98,161.4,68.5,66.5,59.4,59.1,,,,,,,,,
nhtsa-toyota-sequoia-suv-4dr-118-1,SUV,4,,,,,118.1,203.9,75.2,73.6,66.1,66.1,,,,,,,,,
nhtsa-toyota-sequoia-suv-4dr-122,SUV,4,,,,,122,205.1,79.9,74.8,67.3,68.9,,,,,,,,,
nhtsa-toyota-sequoia-suv-4dr-122-2,SUV,4,,,,,122,205.1,79.9,77.2,68.1,69.3,,,,,,,,,
nhtsa-toyota-sequoia-suv-4dr-122-3,SUV,4,,,,,122,208.3,79.5,74.4,67.7,68.9,,,,,,,,,
nhtsa-toyota-sienna-body-114-2,,,,,,,114.2,193.7,73.6,67.3,63.4,61.8,,,,,,,,,
nhtsa-toyota-sienna-body-119-3,,,,,,,119.3,200.4,77.6,69.3,65.4,66.9,,,,,,,,,
nhtsa-toyota-sienna-body-119-3-2,,,,,,,119.3,200.4,77.6,68.9,65.4,66.9,,,,,,,,,
nhtsa-toyota-sienna-body-119-3-3,,,,,,,119.3,200.8,77.2,68.9,65.4,66.9,,,,,,,,,
nhtsa-toyota-sienna-body-119-3-4,,,,,,,119.3,200,78,70.9,67.7,67.3,,,,,,,,,
nhtsa-toyota-sienna-body-119-3-5,,,,,,,119.3,200,78,71.3,67.7,67.3,,,,,,,,,
nhtsa-toyota-sienna-body-119-3-6,,,,,,,119.3,200,78,68.9,67.7,67.3,,,,,,,,,
nhtsa-toyota-sienna-body-119-3-7,,,,,,,119.3,200,78,70.9,67.7,67.7,,,,,,,,,
nhtsa-toyota-sienna-body-119-3-8,,,,,,,119.3,200,78,71.3,67.7,67.7,,,,,,,,,
nhtsa-toyota-sienna-body-3dr-114-2,,3,,,,,114.2,193.7,73.6,67.3,61.8,63.4,,,,,,,,,
nhtsa-toyota-sienna-body-4dr-114-2,,4,,,,,114.2,193.7,73.6,67.3,61.8,63.4,,,,,,,,,
nhtsa-toyota-sienna-body-4dr-114-2-2,,4,,,,,114.2,194.1,73.6,66.9,61.8,63.4,,,,,,,,,
nhtsa-toyota-sienna-van-114-2,Van,,,,,,114.2,193.7,73.6,67.3,63.4,61.8,,,,,,,,,
nhtsa-toyota-sienna-van-120-5,Van,,,,,,120.5,203.5,78.3,69.7,67.7,68.5,,,,,,,,,
nhtsa-toyota-sienna-van-4dr-114-2,Van,4,,,,,114.2,194.1,73.6,66.9,61.8,63.4,,,,,,,,,
nhtsa-toyota-starlet-body-90-6,,,,,,,90.6,152.4,59.8,54.3,,,,,,,,,,,
nhtsa-toyota-supra-body-102-4,,,,,,,102.4,181.9,68.9,51.6,57.1,58.7,,,,,,,,,
nhtsa-toyota-supra-body-103-1,,,,,,,103.1,183.5,66.5,52,,,,,,,,,,,
nhtsa-toyota-supra-body-103-1-2,,,,,,,103.1,183.5,67.7,52,,,,,,,,,,,
nhtsa-toyota-supra-body-2dr-100-4,,2,,,,,100.4,178,71.3,50,59.8,60.2,,,,,,,,,
nhtsa-toyota-supra-coupe-2dr-102-4,Coupe,2,,,,,102.4,181.9,68.9,51.2,58.3,57.5,,,,,,,,,
nhtsa-toyota-supra-coupe-2dr-102-4-2,Coupe,2,,,,,102.4,181.9,68.9,51.2,,,,,,,,,,,
nhtsa-toyota-supra-hatchback-2dr-100-4,Hatchback,2,,,,,100.4,178,71.3,50,59.8,60.2,,,,,,,,,
nhtsa-toyota-supra-hatchback-2dr-102-4,Hatchback,2,,,,,102.4,181.9,68.9,51.6,,,,,,,,,,,
nhtsa-toyota-t100-body-122,,,,,,,122,207.1,75.2,68.5,61.8,63.8,,,,,,,,,
nhtsa-toyota-t100-body-122-2,,,,,,,122,207.1,75.2,71.7,63.4,63.8,,,,,,,,,
nhtsa-toyota-t100-body-122-3,,,,,,,122,207.1,75.2,71.3,64.6,65.4,,,,,,,,,
nhtsa-toyota-t100-body-122-4,,,,,,,122,207.1,75.2,72.4,65,65.4,,,,,,,,,
nhtsa-toyota-t100-pickup-regular-122,Pickup,,Regular,,,,122,207.1,75.2,67.7,61.8,63.8,,,,,,,,,
nhtsa-toyota-tacoma-body-122,,,,,,,122,193.3,66.5,62.2,56.3,56.7,,,,,,,,,
nhtsa-toyota-tacoma-body-122-10,,,,,,,122,202.4,66.5,67.7,59.1,59.1,,,,,,,,,
nhtsa-toyota-tacoma-body-122-11,,,,,,,122,202.4,66.5,63.8,57.1,57.5,,,,,,,,,
nhtsa-toyota-tacoma-body-122-2,,,,,,,122,193.3,67.7,66.9,59.1,59.1,,,,,,,,,
nhtsa-toyota-tacoma-body-122-3,,,,,,,122,193.3,66.5,61.4,56.3,56.7,,,,,,,,,
nhtsa-toyota-tacoma-body-122-4,,,,,,,122,199.2,66.5,66.5,57.5,57.5,,,,,,,,,
nhtsa-toyota-tacoma-body-122-5,,,,,,,122,199.2,67.7,66.5,59.1,59.1,,,,,,,,,
nhtsa-toyota-tacoma-body-122-6,,,,,,,122,202.4,66.5,62.2,56.3,56.7,,,,,,,,,
nhtsa-toyota-tacoma-body-122-7,,,,,,,122,202.4,66.5,67.7,57.5,57.5,,,,,,,,,
nhtsa-toyota-tacoma-body-122-8,,,,,,,122,202.4,69.7,68.9,59.1,59.1,,,,,,,,,
nhtsa-toyota-tacoma-body-122-9,,,,,,,122,202.4,66.5,62.2,57.5,57.5,,,,,,,,,
nhtsa-toyota-tacoma-pickup-double-131-9,Pickup,,Double,,,,131.9,213,76.8,74,65.7,66.1,,,,,,,,,
nhtsa-toyota-tacoma-pickup-double-long-140-6,Pickup,,Double,,,,140.6,221.3,74.8,70.1,63,63.4,,,,,,,,,
nhtsa-toyota-tacoma-pickup-double-long-140-6-2,Pickup,,Double,,,,140.6,225.2,74.8,70.5,63,63.4,,,,,,,,,
nhtsa-toyota-tacoma-pickup-double-long-145-3,Pickup,,Double,,,,145.3,226.4,76.8,74,65.7,66.1,,,,,,,,,
nhtsa-toyota-tacoma-pickup-double-short-127-6,Pickup,,Double,,,,127.6,208.3,74.8,70.1,63,63.4,,,,,,,,,
nhtsa-toyota-tacoma-pickup-double-short-127-6-2,Pickup,,Double,,,,127.6,212.2,74.8,70.5,63,63.4,,,,,,,,,
nhtsa-toyota-tacoma-pickup-double-short-131-9,Pickup,,Double,,,,131.9,213,76.8,74,65.7,66.1,,,,,,,,,
nhtsa-toyota-tacoma-pickup-extended-long-127-6,Pickup,,Extended,,,,127.6,208.3,74.8,70.1,63,63.4,,,,,,,,,
nhtsa-toyota-tacoma-pickup-extended-long-127-6-2,Pickup,,Extended,,,,127.6,208.3,72.4,65.7,61,61,,,,,,,,,
nhtsa-toyota-tacoma-pickup-extended-long-127-6-3,Pickup,,Extended,,,,127.6,212.2,74.8,70.5,63,63.4,,,,,,,,,
nhtsa-toyota-tacoma-pickup-extended-long-127-6-4,Pickup,,Extended,,,,127.6,212.2,74.4,70.5,63,63.4,,,,,,,,,
nhtsa-toyota-tacoma-pickup-extended-long-128,Pickup,,Extended,,,,128,208.3,74.8,70.1,63,63.4,,,,,,,,,
nhtsa-toyota-tacoma-pickup-extended-long-128-2,Pickup,,Extended,,,,128,208.3,72.4,65.7,61,61,,,,,,,,,
nhtsa-toyota-tacoma-pickup-extended-long-140-6,Pickup,,Extended,,,,140.6,221.3,74.8,70.1,63.4,63.4,,,,,,,,,
nhtsa-toyota-tacoma-pickup-extended-short-128,Pickup,,Extended,,,,128,208.3,74.8,70.1,63.4,63.4,,,,,,,,,
nhtsa-toyota-tacoma-pickup-extended-short-128-2,Pickup,,Extended,,,,128,208.3,72.4,65.7,63.4,63.4,,,,,,,,,
nhtsa-toyota-tacoma-pickup-extended-short-128-3,Pickup,,Extended,,,,128.3,208.7,74.8,70.1,63.4,63.4,,,,,,,,,
nhtsa-toyota-tacoma-pickup-long-131-9,Pickup,,,,,,131.9,213,76.8,74,65.7,66.1,,,,,,,,,
nhtsa-toyota-tacoma-pickup-regular-103-5,Pickup,,Regular,,,,103.5,174.8,66.5,61.8,55.1,55.9,,,,,,,,,
nhtsa-toyota-tacoma-pickup-regular-103-5-2,Pickup,,Regular,,,,103.5,174.8,66.5,67.3,57.5,57.5,,,,,,,,,
nhtsa-toyota-tacoma-pickup-regular-103-5-3,Pickup,,Regular,,,,103.5,174.8,66.5,61,55.1,55.9,,,,,,,,,
nhtsa-toyota-tacoma-pickup-regular-103-5-4,Pickup,,Regular,,,,103.5,180.7,66.5,66.5,57.5,57.5,,,,,,,,,
nhtsa-toyota-tacoma-pickup-regular-103-5-5,Pickup,,Regular,,,,103.5,183.9,66.5,62.2,55.1,55.9,,,,,,,,,
nhtsa-toyota-tercel-body-2dr-95-7,,2,,,,,95.7,158.7,63.8,54.7,,,,,,,,,,,
nhtsa-toyota-tercel-body-4dr-95-7,,4,,,,,95.7,158.7,63.8,54.7,,,,,,,,,,,
nhtsa-toyota-tercel-body-95-7,,,,,,,95.7,169.7,63.8,59.1,,,,,,,,,,,
nhtsa-toyota-tercel-body-95-7-2,,,,,,,95.7,158.7,63.8,53.1,,,,,,,,,,,
nhtsa-toyota-tercel-coupe-2dr-93-7,Coupe,2,,,,,93.7,166.9,64.2,52,,,,,,,,,,,
nhtsa-toyota-tercel-coupe-2dr-93-7-2,Coupe,2,,,,,93.7,161.8,65,53.1,,,,,,,,,,,
nhtsa-toyota-tercel-coupe-2dr-93-7-3,Coupe,2,,,,,93.7,161.8,65,53.1,55.1,56.3,,,,,,,,,
nhtsa-toyota-tercel-coupe-2dr-93-7-4,Coupe,2,,,,,93.7,162.2,65.4,54.3,55.1,56.3,,,,,,,,,
nhtsa-toyota-tercel-coupe-2dr-93-7-5,Coupe,2,,,,,93.7,162.2,65.4,53.1,54.7,56.3,,,,,,,,,
nhtsa-toyota-tercel-coupe-2dr-93-7-6,Coupe,2,,,,,93.7,162.6,65.4,54.3,55.1,56.3,,,,,,,,,
nhtsa-toyota-tercel-hatchback-2dr-93-7,Hatchback,2,,,,,93.7,157.5,64.2,52.8,,,,,,,,,,,
nhtsa-toyota-tercel-hatchback-4dr-93-7,Hatchback,4,,,,,93.7,157.5,64.2,52.8,,,,,,,,,,,
nhtsa-toyota-tercel-hatchback-4dr-95-7,Hatchback,4,,,,,95.7,158.7,63.8,53.5,,,,,,,,,,,
nhtsa-toyota-tercel-hatchback-98-4,Hatchback,,,,,,98.4,161.4,61,52.8,,,,,,,,,,,
nhtsa-toyota-tercel-sedan-2dr-98-4,Sedan,2,,,,,98.4,161,61,52.8,,,,,,,,,,,
nhtsa-toyota-tercel-sedan-2dr-98-4-2,Sedan,2,,,,,98.4,161.4,61,52.8,,,,,,,,,,,
nhtsa-toyota-tercel-sedan-4dr-93-7,Sedan,4,,,,,93.7,161.8,65,53.1,,,,,,,,,,,
nhtsa-toyota-tercel-sedan-4dr-93-7-2,Sedan,4,,,,,93.7,161.8,65,53.1,55.1,56.3,,,,,,,,,
nhtsa-toyota-tercel-sedan-4dr-93-7-3,Sedan,4,,,,,93.7,162.2,65.4,54.3,55.1,56.3,,,,,,,,,
nhtsa-toyota-tercel-sedan-4dr-93-7-4,Sedan,4,,,,,93.7,162.6,65.4,54.3,55.1,56.3,,,,,,,,,
nhtsa-toyota-tercel-sedan-4dr-98-4,Sedan,4,,,,,98.4,161.4,61,52.8,,,,,,,,,,,
nhtsa-toyota-tercel-wagon-95-7,Wagon,,,,,,95.7,169.7,63.8,58.3,,,,,,,,,,,
nhtsa-toyota-tercel-wagon-95-7-2,Wagon,,,,,,95.7,169.7,63.8,57.1,,,,,,,,,,,
nhtsa-toyota-tercel-wagon-95-7-3,Wagon,,,,,,95.7,169.7,63.8,56.3,,,,,,,,,,,
nhtsa-toyota-tundra-body-140-6,,,,,,,140.6,226.4,79.5,74.8,65.4,66.9,,,,,,,,,
nhtsa-toyota-tundra-body-140-6-2,,,,,,,140.6,226.4,79.9,75.2,65.4,66.9,,,,,,,,,
nhtsa-toyota-tundra-pickup-crew-long-157-9,Pickup,,Crew,,,,157.9,245.7,79.9,78,68.9,68.9,,,,,,,,,
nhtsa-toyota-tundra-pickup-crew-short-145-7,Pickup,,Crew,,,,145.7,228.7,79.9,76,67.3,67.7,,,,,,,,,
nhtsa-toyota-tundra-pickup-crew-short-145-7-2,Pickup,,Crew,,,,145.7,228.7,79.9,76.4,67.3,67.7,,,,,,,,,
nhtsa-toyota-tundra-pickup-crew-short-145-7-3,Pickup,,Crew,,,,145.7,226,79.9,76,67.3,67.7,,,,,,,,,
nhtsa-toyota-tundra-pickup-crew-short-145-7-4,Pickup,,Crew,,,,145.7,226,79.9,76.4,67.3,67.7,,,,,,,,,
nhtsa-toyota-tundra-pickup-crew-short-145-7-5,Pickup,,Crew,,,,145.7,226,79.9,76,68.1,68.1,,,,,,,,,
nhtsa-toyota-tundra-pickup-crew-standard-145-7,Pickup,,Crew,,,,145.7,233.5,79.9,78,68.9,68.9,,,,,,,,,
nhtsa-toyota-tundra-pickup-double-long-164-6,Pickup,,Double,,,,164.6,247.6,79.9,76,67.3,67.7,,,,,,,,,
nhtsa-toyota-tundra-pickup-double-long-164-6-2,Pickup,,Double,,,,164.6,247.6,79.9,76.4,67.3,67.7,,,,,,,,,
nhtsa-toyota-tundra-pickup-double-long-164-6-3,Pickup,,Double,,,,164.6,244.9,79.9,76,67.3,67.7,,,,,,,,,
nhtsa-toyota-tundra-pickup-double-long-164-6-4,Pickup,,Double,,,,164.6,244.9,79.9,76.4,67.3,67.7,,,,,,,,,
nhtsa-toyota-tundra-pickup-double-long-164-6-5,Pickup,,Double,,,,164.6,244.9,79.9,76.4,68.1,68.1,,,,,,,,,
nhtsa-toyota-tundra-pickup-double-long-164-6-6,Pickup,,Double,,,,164.6,252.8,79.9,76,68.9,68.9,,,,,,,,,
nhtsa-toyota-tundra-pickup-double-long-164-6-7,Pickup,,Double,,,,164.6,252.8,79.9,78,68.9,68.9,,,,,,,,,
nhtsa-toyota-tundra-pickup-double-standard-145-7,Pickup,,Double,,,,145.7,228.7,79.9,76,67.3,67.7,,,,,,,,,
nhtsa-toyota-tundra-pickup-double-standard-145-7-2,Pickup,,Double,,,,145.7,228.7,79.9,76.4,67.3,67.7,,,,,,,,,
nhtsa-toyota-tundra-pickup-double-standard-145-7-3,Pickup,,Double,,,,145.7,226,79.9,76,67.3,67.7,,,,,,,,,
nhtsa-toyota-tundra-pickup-double-standard-145-7-4,Pickup,,Double,,,,145.7,226,79.9,76.4,67.3,67.7,,,,,,,,,
nhtsa-toyota-tundra-pickup-double-standard-145-7-5,Pickup,,Double,,,,145.7,226,79.9,76,68.1,68.1,,,,,,,,,
nhtsa-toyota-tundra-pickup-double-standard-145-7-6,Pickup,,Double,,,,145.7,226,79.9,76.4,68.1,68.1,,,,,,,,,
nhtsa-toyota-tundra-pickup-double-standard-145-7-7,Pickup,,Double,,,,145.7,233.5,79.9,76,68.9,68.9,,,,,,,,,
nhtsa-toyota-tundra-pickup-double-standard-145-7-8,Pickup,,Double,,,,145.7,233.5,79.9,78,68.9,68.9,,,,,,,,,
nhtsa-toyota-tundra-pickup-extended-128-3,Pickup,,Extended,,,,128.3,213,75.2,71.3,66.1,65,,,,,,,,,
nhtsa-toyota-tundra-pickup-extended-128-3-2,Pickup,,Extended,,,,128.3,213,75.2,72,66.1,65,,,,,,,,,
nhtsa-toyota-tundra-pickup-regular-128-3,Pickup,,Regular,,,,128.3,213,75.2,70.9,66.1,65,,,,,,,,,
nhtsa-toyota-tundra-pickup-regular-128-3-2,Pickup,,Regular,,,,128.3,213,75.2,71.7,66.1,65,,,,,,,,,
nhtsa-toyota-tundra-pickup-regular-long-145-7,Pickup,,Regular,,,,145.7,228.7,79.9,76,67.7,67.7,,,,,,,,,
nhtsa-toyota-tundra-pickup-regular-long-145-7-2,Pickup,,Regular,,,,145.7,228.7,79.9,76.4,67.7,67.7,,,,,,,,,
nhtsa-toyota-tundra-pickup-regular-long-145-7-3,Pickup,,Regular,,,,145.7,226,79.9,76,67.7,67.7,,,,,,,,,
nhtsa-toyota-tundra-pickup-regular-long-145-7-4,Pickup,,Regular,,,,145.7,226,79.9,76.4,67.7,67.7,,,,,,,,,
nhtsa-toyota-tundra-pickup-regular-long-145-7-5,Pickup,,Regular,,,,145.7,226,79.9,76.4,68.1,68.1,,,,,,,,,
nhtsa-toyota-tundra-pickup-regular-long-145-7-6,Pickup,,Regular,,,,145.7,226,79.9,76,68.1,68.1,,,,,,,,,
nhtsa-toyota-tundra-pickup-regular-standard-126-8,Pickup,,Regular,,,,126.8,207.1,79.9,76.4,67.7,67.7,,,,,,,,,
nhtsa-toyota-van-van-88-2,Van,,,,,,88.2,175.6,66.5,70.1,,,,,,,,,,,
nhtsa-toyota-van-van-88-2-2,Van,,,,,,88.2,176,65.7,70.5,,,,,,,,,,,
nhtsa-toyota-van-van-88-2-3,Van,,,,,,88.2,176,65.7,72.4,,,,,,,,,,,
nhtsa-toyota-venza-suv-4dr-105-9,SUV,4,,,,,105.9,186.6,72.8,65.7,63,63.8,,,,,,,,,
nhtsa-toyota-venza-suv-4dr-109-4,SUV,4,,,,,109.4,189,75.2,63.4,64.2,64.2,,,,,,,,,
nhtsa-toyota-yaris-body-2dr-96-9,,2,,,,,96.9,150.8,66.9,60.2,57.9,57.5,,,,,,,,,
nhtsa-toyota-yaris-body-4dr-96-9,,4,,,,,96.9,150.8,66.9,60.2,58.3,57.9,,,,,,,,,
nhtsa-toyota-yaris-hatchback-3dr-98-8,Hatchback,3,,,,,98.8,153.5,66.9,59.4,58.7,57.9,,,,,,,,,
nhtsa-toyota-yaris-hatchback-3dr-98-8-2,Hatchback,3,,,,,98.8,155.5,66.9,59.4,58.7,57.9,,,,,,,,,
nhtsa-toyota-yaris-hatchback-5dr-101-2,Hatchback,5,,,,,101.2,161.8,66.9,59.1,58.3,57.9,,,,,,,,,
nhtsa-toyota-yaris-hatchback-5dr-98-8,Hatchback,5,,,,,98.8,153.5,66.9,59.4,58.7,57.9,,,,,,,,,
nhtsa-toyota-yaris-hatchback-5dr-98-8-2,Hatchback,5,,,,,98.8,154.7,66.9,59.4,57.5,57.1,,,,,,,,,
nhtsa-toyota-yaris-hatchback-5dr-98-8-3,Hatchback,5,,,,,98.8,155.5,66.9,59.4,58.7,57.9,,,,,,,,,
nhtsa-toyota-yaris-sedan-4dr-100-4,Sedan,4,,,,,100.4,169.3,66.5,56.7,58.3,57.9,,,,,,,,,
nhtsa-toyota-yaris-sedan-4dr-101-2,Sedan,4,,,,,101.2,171.7,66.9,58.7,58.3,57.9,,,,,,,,,
nhtsa-vinfast-vf-6-suv-4dr-107-5,SUV,4,,,,,107.5,166.9,71.7,62.6,61,61,,,,,,,,,
nhtsa-vinfast-vf-7-suv-4dr-111-8,SUV,4,,,,,111.8,179.9,74.4,64.2,63.8,63.8,,,,,,,,,
nhtsa-vinfast-vf-8-suv-4dr-116-1,SUV,4,,,,,116.1,187,76,65.7,65,65.7,,,,,,,,,
nhtsa-vinfast-vf-9-suv-4dr-124,SUV,4,,,,,124,201.6,88.6,66.9,67.3,67.7,,,,,,,,,
nhtsa-volkswagen-arteon-sedan-4dr-111-8,Sedan,4,,,,,111.8,191.3,73.6,57.1,62.6,62.6,,,,,,,,,
nhtsa-volkswagen-atlas-suv-4dr-117-3,SUV,4,,,,,117.3,198.4,78,68.9,67.7,67.7,,,,,,,,,
nhtsa-volkswagen-atlas-suv-4dr-117-3-2,SUV,4,,,,,117.3,195.7,78.3,67.7,67.3,67.7,,,,,,,,,
nhtsa-volkswagen-atlas-suv-4dr-117-3-3,SUV,4,,,,,117.3,200.8,78,68.9,67.7,67.7,,,,,,,,,
nhtsa-volkswagen-beetle-body-100,,,,,,,100,168.5,71.3,58.7,62.2,61,,,,,,,,,
nhtsa-volkswagen-beetle-convertible-100,Convertible,,,,,,100,168.5,71.3,,62.2,61,,,,,,,,,
nhtsa-volkswagen-beetle-convertible-100-2,Convertible,,,,,,100,168.5,71.3,57.9,62.2,61,,,,,,,,,
nhtsa-volkswagen-beetle-convertible-2dr-100,Convertible,2,,,,,100,168.5,71.3,57.9,62.2,61,,,,,,,,,
nhtsa-volkswagen-beetle-coupe-2dr-100,Coupe,2,,,,,100,168.5,71.3,58.7,62.2,61,,,,,,,,,
nhtsa-volkswagen-beetle-hatchback-2dr-98-8,Hatchback,2,,,,,98.8,161,67.7,59.4,59.4,58.7,,,,,,,,,
nhtsa-volkswagen-beetle-hatchback-2dr-98-8-2,Hatchback,2,,,,,98.8,161,68.1,59.4,59.4,58.7,,,,,,,,,
nhtsa-volkswagen-cabrio-body-2dr-97-2,,2,,,,,97.2,160.2,66.5,55.9,57.5,56.3,,,,,,,,,
nhtsa-volkswagen-cabriolet-convertible-94-5,Convertible,,,,,,94.5,154.3,64.2,55.5,,,,,,,,,,,
nhtsa-volkswagen-cabriolet-convertible-94-5-2,Convertible,,,,,,94.5,151.2,64.2,55.5,,,,,,,,,,,
nhtsa-volkswagen-cc-coupe-4dr-106-7,Coupe,4,,,,,106.7,189,73.2,55.9,61,61,,,,,,,,,
nhtsa-volkswagen-cc-coupe-4dr-106-7-2,Coupe,4,,,,,106.7,189,73.2,55.9,61,61.4,,,,,,,,,
nhtsa-volkswagen-corrado-coupe-2dr-97-2,Coupe,2,,,,,97.2,159.4,65.7,52,56.3,55.9,,,,,,,,,
nhtsa-volkswagen-corrado-coupe-2dr-97-2-2,Coupe,2,,,,,97.2,159.4,66.5,51.6,56.7,56.3,,,,,,,,,
nhtsa-volkswagen-e-golf-body-4dr-103-5,,4,,,,,103.5,167.3,70.9,57.1,60.6,59.4,,,,,,,,,
nhtsa-volkswagen-eos-convertible-2dr-101-6,Convertible,2,,,,,101.6,173.6,70.5,56.7,61,60.2,,,,,,,,,
nhtsa-volkswagen-eos-convertible-4dr-101-6,Convertible,4,,,,,101.6,173.6,70.5,56.7,61,60.2,,,,,,,,,
nhtsa-volkswagen-eurovan-body-115,,,,,,,115,186.6,72.4,75.6,,,,,,,,,,,
nhtsa-volkswagen-eurovan-body-115-2,,,,,,,115,186.6,72.4,77.6,,,,,,,,,,,
nhtsa-volkswagen-eurovan-body-115-3,,,,,,,115,186.6,72.4,75.6,61.8,60.6,,,,,,,,,
nhtsa-volkswagen-eurovan-body-115-4,,,,,,,115,188.6,72.4,76.4,62.6,61,,,,,,,,,
nhtsa-volkswagen-eurovan-body-130-7,,,,,,,130.7,204.3,72.4,79.9,62.6,61,,,,,,,,,
nhtsa-volkswagen-eurovan-van-115,Van,,,,,,115,186.6,72.4,75.6,,,,,,,,,,,
nhtsa-volkswagen-eurovan-van-130-7,Van,,,,,,130.7,202.4,72.4,75.6,,,,,,,,,,,
nhtsa-volkswagen-eurovan-van-130-7-2,Van,,,,,,130.7,198.8,72.4,76.4,61.8,60.6,,,,,,,,,
nhtsa-volkswagen-eurovan-van-130-7-3,Van,,,,,,130.7,202.4,72.4,76.4,,,,,,,,,,,
nhtsa-volkswagen-eurovan-van-130-7-4,Van,,,,,,130.7,202.4,72.4,76.4,61.8,60.6,,,,,,,,,
nhtsa-volkswagen-fox-coupe-2dr-92-9,Coupe,2,,,,,92.9,163.4,63,53.5,,,,,,,,,,,
nhtsa-volkswagen-fox-sedan-4dr-92-9,Sedan,4,,,,,92.9,163.4,63,53.5,,,,,,,,,,,
nhtsa-volkswagen-fox-wagon-2dr-92-9,Wagon,2,,,,,92.9,163.4,63.8,54.3,,,,,,,,,,,
nhtsa-volkswagen-golf-body-2dr-101-6,,2,,,,,101.6,165.7,70.1,57.9,60.2,59.1,,,,,,,,,
nhtsa-volkswagen-golf-body-2dr-101-6-2,,2,,,,,101.6,165.4,70.1,58.3,60.2,59.1,,,,,,,,,
nhtsa-volkswagen-golf-body-2dr-101-6-3,,2,,,,,101.6,165.7,70.1,57.9,60.2,59.4,,,,,,,,,
nhtsa-volkswagen-golf-body-2dr-103-5,,2,,,,,103.5,167.3,70.5,56.7,60.6,59.8,,,,,,,,,
nhtsa-volkswagen-golf-body-2dr-103-5-2,,2,,,,,103.5,167.3,70.5,56.7,60.6,59.4,,,,,,,,,
nhtsa-volkswagen-golf-body-2dr-103-5-3,,2,,,,,103.5,167.3,70.9,57.1,60.6,59.4,,,,,,,,,
nhtsa-volkswagen-golf-body-2dr-97-2,,2,,,,,97.2,158.7,65.4,55.9,,,,,,,,,,,
nhtsa-volkswagen-golf-body-2dr-97-2-2,,2,,,,,97.2,160.6,66.9,55.1,57.5,57.1,,,,,,,,,
nhtsa-volkswagen-golf-body-2dr-97-2-3,,2,,,,,97.2,160.2,66.5,55.9,57.5,56.3,,,,,,,,,
nhtsa-volkswagen-golf-body-4dr-101-6,,4,,,,,101.6,165.7,70.1,57.9,60.2,59.1,,,,,,,,,
nhtsa-volkswagen-golf-body-4dr-101-6-2,,4,,,,,101.6,165.4,70.1,58.3,60.2,59.1,,,,,,,,,
nhtsa-volkswagen-golf-body-4dr-101-6-3,,4,,,,,101.6,165.7,70.1,57.9,60.2,59.4,,,,,,,,,
nhtsa-volkswagen-golf-body-4dr-103-5,,4,,,,,103.5,167.3,70.9,56.7,60.6,59.8,,,,,,,,,
nhtsa-volkswagen-golf-body-4dr-103-5-2,,4,,,,,103.5,167.3,70.9,56.7,60.6,59.4,,,,,,,,,
nhtsa-volkswagen-golf-body-4dr-103-5-3,,4,,,,,103.5,179.5,70.9,59.8,61,59.8,,,,,,,,,
nhtsa-volkswagen-golf-body-4dr-103-5-4,,4,,,,,103.5,167.3,70.9,57.1,60.6,59.8,,,,,,,,,
nhtsa-volkswagen-golf-body-4dr-103-5-5,,4,,,,,103.5,167.3,70.9,57.1,60.6,59.4,,,,,,,,,
nhtsa-volkswagen-golf-body-4dr-103-5-6,,4,,,,,103.5,179.5,70.9,58.3,61,59.8,,,,,,,,,
nhtsa-volkswagen-golf-body-4dr-97-2,,4,,,,,97.2,158.7,65.4,55.9,,,,,,,,,,,
nhtsa-volkswagen-golf-convertible-2dr-97-6,Convertible,2,,,,,97.6,160.6,66.9,55.1,57.5,56.3,,,,,,,,,
nhtsa-volkswagen-golf-convertible-94-5,Convertible,,,,,,94.5,153.1,64.6,55.5,55.1,53.9,,,,,,,,,
nhtsa-volkswagen-golf-gti-body-4dr-103-5,,4,,,,,103.5,168.9,70.5,57.5,60.2,59.4,,,,,,,,,
nhtsa-volkswagen-golf-hatchback-2dr-97-2,Hatchback,2,,,,,97.2,157.9,65.4,55.9,,,,,,,,,,,
nhtsa-volkswagen-golf-hatchback-2dr-97-6,Hatchback,2,,,,,97.6,161,66.9,56.3,,,,,,,,,,,
nhtsa-volkswagen-golf-hatchback-2dr-97-6-2,Hatchback,2,,,,,97.6,158.3,67.3,55.5,,,,,,,,,,,
nhtsa-volkswagen-golf-hatchback-2dr-97-6-3,Hatchback,2,,,,,97.6,160.6,66.9,56.3,57.5,57.1,,,,,,,,,
nhtsa-volkswagen-golf-hatchback-2dr-97-6-4,Hatchback,2,,,,,97.6,161,66.9,56.3,57.1,56.3,,,,,,,,,
nhtsa-volkswagen-golf-hatchback-2dr-98-8,Hatchback,2,,,,,98.8,163.4,68.5,56.7,59.4,58.7,,,,,,,,,
nhtsa-volkswagen-golf-hatchback-2dr-98-8-2,Hatchback,2,,,,,98.8,165,68.5,56.7,59.8,59.4,,,,,,,,,
nhtsa-volkswagen-golf-hatchback-2dr-99-2,Hatchback,2,,,,,99.2,165,68.5,56.7,59.8,59.4,,,,,,,,,
nhtsa-volkswagen-golf-hatchback-4dr-97-2,Hatchback,4,,,,,97.2,157.9,65.4,55.9,,,,,,,,,,,
nhtsa-volkswagen-golf-hatchback-4dr-97-2-2,Hatchback,4,,,,,97.2,157.9,,55.9,,,,,,,,,,,
nhtsa-volkswagen-golf-hatchback-4dr-97-6,Hatchback,4,,,,,97.6,161,66.9,56.3,,,,,,,,,,,
nhtsa-volkswagen-golf-hatchback-4dr-97-6-2,Hatchback,4,,,,,97.6,160.6,66.9,56.3,57.5,56.3,,,,,,,,,
nhtsa-volkswagen-golf-hatchback-4dr-97-6-3,Hatchback,4,,,,,97.6,160.6,66.9,56.3,57.5,57.1,,,,,,,,,
nhtsa-volkswagen-golf-hatchback-4dr-98-8,Hatchback,4,,,,,98.8,163.4,68.5,56.7,59.4,58.7,,,,,,,,,
nhtsa-volkswagen-golf-hatchback-4dr-99-6,Hatchback,4,,,,,99.6,165,68.5,56.7,59.4,59.1,,,,,,,,,
nhtsa-volkswagen-golf-r-body-2dr-101-6,,2,,,,,101.6,165.7,70.1,57.9,60.2,59.4,,,,,,,,,
nhtsa-volkswagen-golf-r-body-4dr-101-6,,4,,,,,101.6,165.7,70.1,57.9,60.2,59.4,,,,,,,,,
nhtsa-volkswagen-golf-r-body-4dr-103-5,,4,,,,,103.5,168.9,70.5,57.5,60.2,59.4,,,,,,,,,
nhtsa-volkswagen-golf-wagon-4dr-101-6,Wagon,4,,,,,101.6,179.1,70.1,59.1,60.2,59.1,,,,,,,,,
nhtsa-volkswagen-golf-wagon-4dr-103-5,Wagon,4,,,,,103.5,179.5,70.9,58.3,61,59.8,,,,,,,,,
nhtsa-volkswagen-gti-body-2dr-101-6,,2,,,,,101.6,165.7,69.3,58.3,59.4,58.3,,,,,,,,,
nhtsa-volkswagen-gti-body-4dr-101-6,,4,,,,,101.6,165.7,69.3,58.3,59.4,58.3,,,,,,,,,
nhtsa-volkswagen-gti-body-98-8,,,,,,,98.8,165,68.5,56.7,59.8,59.4,,,,,,,,,
nhtsa-volkswagen-gti-hatchback-2dr-97-2,Hatchback,2,,,,,97.2,157.9,66.1,55.9,,,,,,,,,,,
nhtsa-volkswagen-id-4-suv-4dr-109-1,SUV,4,,,,,109.1,180.3,72.8,64.6,62.6,61.8,,,,,,,,,
nhtsa-volkswagen-id-buzz-van-127-6,Van,,,,,,127.6,195.3,78,76.4,65.7,65.7,,,,,,,,,
nhtsa-volkswagen-jetta-body-2dr-94-5,,2,,,,,94.5,167.7,63.4,55.5,54.7,53.1,,,,,,,,,
nhtsa-volkswagen-jetta-body-2dr-94-5-2,,2,,,,,94.5,170.5,64.2,55.5,,,,,,,,,,,
nhtsa-volkswagen-jetta-body-2dr-97-2,,2,,,,,97.2,171.7,65.4,55.9,,,,,,,,,,,
nhtsa-volkswagen-jetta-body-4dr-94-5,,4,,,,,94.5,167.7,63.4,55.5,,,,,,,,,,,
nhtsa-volkswagen-jetta-body-4dr-94-5-2,,4,,,,,94.5,170.5,64.2,55.5,,,,,,,,,,,
nhtsa-volkswagen-jetta-body-94-5,,,,,,,94.5,167.7,63.4,55.5,,,,,,,,,,,
nhtsa-volkswagen-jetta-body-97-2,,,,,,,97.2,171.7,66.1,55.9,,,,,,,,,,,
nhtsa-volkswagen-jetta-coupe-2dr-97-2,Coupe,2,,,,,97.2,171.7,65.4,55.9,,,,,,,,,,,
nhtsa-volkswagen-jetta-gli-sedan-4dr-105-9,Sedan,4,,,,,105.9,185.8,71.3,57.5,60.6,60.6,,,,,,,,,
nhtsa-volkswagen-jetta-sedan-4dr-101-6,Sedan,4,,,,,101.6,179.1,69.3,57.5,60.2,58.3,,,,,,,,,
nhtsa-volkswagen-jetta-sedan-4dr-101-6-2,Sedan,4,,,,,101.6,179.1,70.1,57.5,60.2,58.3,,,,,,,,,
nhtsa-volkswagen-jetta-sedan-4dr-104-3,Sedan,4,,,,,104.3,182.3,70.1,57.1,60.6,60.6,,,,,,,,,
nhtsa-volkswagen-jetta-sedan-4dr-104-3-2,Sedan,4,,,,,104.3,183.1,70.1,57.1,60.6,60.6,,,,,,,,,
nhtsa-volkswagen-jetta-sedan-4dr-104-3-3,Sedan,4,,,,,104.3,183.1,70.1,57.1,60.6,61,,,,,,,,,
nhtsa-volkswagen-jetta-sedan-4dr-104-3-4,Sedan,4,,,,,104.3,183.1,70.1,57.1,60.2,60.2,,,,,,,,,
nhtsa-volkswagen-jetta-sedan-4dr-105-9,Sedan,4,,,,,105.9,185.8,71.3,57.5,60.6,60.6,,,,,,,,,
nhtsa-volkswagen-jetta-sedan-4dr-97-2,Sedan,4,,,,,97.2,171.7,65.4,55.9,,,,,,,,,,,
nhtsa-volkswagen-jetta-sedan-4dr-97-2-2,Sedan,4,,,,,97.2,171.7,66.1,55.9,,,,,,,,,,,
nhtsa-volkswagen-jetta-sedan-4dr-97-2-3,Sedan,4,,,,,97.2,171.7,66.1,55.9,56.3,55.9,,,,,,,,,
nhtsa-volkswagen-jetta-sedan-4dr-97-2-4,Sedan,4,,,,,97.2,171.7,65.4,55.9,56.3,55.9,,,,,,,,,
nhtsa-volkswagen-jetta-sedan-4dr-97-6,Sedan,4,,,,,97.6,174.4,66.9,55.9,,,,,,,,,,,
nhtsa-volkswagen-jetta-sedan-4dr-97-6-2,Sedan,4,,,,,97.6,173.2,66.9,56.3,57.5,57.1,,,,,,,,,
nhtsa-volkswagen-jetta-sedan-4dr-98-8,Sedan,4,,,,,98.8,172.4,68.5,57.1,59.4,58.7,,,,,,,,,
nhtsa-volkswagen-jetta-wagon-4dr-101-2,Wagon,4,,,,,101.2,179.5,70.1,,60.2,59.4,,,,,,,,,
nhtsa-volkswagen-jetta-wagon-wagon-4dr-99-2,Wagon,4,,,,,99.2,173.6,68.5,58.7,59.8,58.7,,,,,,,,,
nhtsa-volkswagen-jetta-wagon-wagon-98-8,Wagon,,,,,,98.8,173.6,68.5,58.3,,,,,,,,,,,
nhtsa-volkswagen-passat-body-103-1,,,,,,,103.1,179.9,66.9,56.3,,,,,,,,,,,
nhtsa-volkswagen-passat-sedan-4dr-103-1,Sedan,4,,,,,103.1,179.9,66.9,56.3,58.3,55.9,,,,,,,,,
nhtsa-volkswagen-passat-sedan-4dr-103-1-2,Sedan,4,,,,,103.1,181.5,67.7,56.3,58.3,55.9,,,,,,,,,
nhtsa-volkswagen-passat-sedan-4dr-103-5,Sedan,4,,,,,103.5,181.5,67.7,56.3,57.5,55.9,,,,,,,,,
nhtsa-volkswagen-passat-sedan-4dr-106-3,Sedan,4,,,,,106.3,184.3,68.5,57.5,59.1,59.1,,,,,,,,,
nhtsa-volkswagen-passat-sedan-4dr-106-3-2,Sedan,4,,,,,106.3,185,68.9,57.5,59.4,59.4,,,,,,,,,
nhtsa-volkswagen-passat-sedan-4dr-106-3-3,Sedan,4,,,,,106.3,184.3,68.9,59.1,59.4,59.4,,,,,,,,,
nhtsa-volkswagen-passat-sedan-4dr-106-3-4,Sedan,4,,,,,106.3,184.3,68.9,57.5,59.4,59.4,,,,,,,,,
nhtsa-volkswagen-passat-sedan-4dr-106-7,Sedan,4,,,,,106.7,184.3,68.5,57.5,59.1,59.1,,,,,,,,,
nhtsa-volkswagen-passat-sedan-4dr-106-7-2,Sedan,4,,,,,106.7,188.2,71.7,57.9,60.6,60.2,,,,,,,,,
nhtsa-volkswagen-passat-sedan-4dr-106-7-3,Sedan,4,,,,,106.7,189,73.2,55.9,60.6,61,,,,,,,,,
nhtsa-volkswagen-passat-sedan-4dr-110-2,Sedan,4,,,,,110.2,191.7,72.4,57.9,61.4,60.2,,,,,,,,,
nhtsa-volkswagen-passat-sedan-4dr-110-2-2,Sedan,4,,,,,110.2,193.7,72.4,57.9,62.2,61,,,,,,,,,
nhtsa-volkswagen-passat-wagon-103-1,Wagon,,,,,,103.1,179.9,66.9,56.3,57.9,55.9,,,,,,,,,
nhtsa-volkswagen-passat-wagon-103-1-2,Wagon,,,,,,103.1,179.9,66.9,56.3,,,,,,,,,,,
nhtsa-volkswagen-passat-wagon-4dr-103-1,Wagon,4,,,,,103.1,179.9,66.9,57.1,58.3,55.9,,,,,,,,,
nhtsa-volkswagen-passat-wagon-4dr-103-1-2,Wagon,4,,,,,103.1,181.1,67.7,58.7,58.3,56.3,,,,,,,,,
nhtsa-volkswagen-passat-wagon-4dr-103-5,Wagon,4,,,,,103.5,181.1,67.7,58.7,57.9,55.9,,,,,,,,,
nhtsa-volkswagen-passat-wagon-4dr-106-3,Wagon,4,,,,,106.3,183.9,68.5,59.1,59.1,59.1,,,,,,,,,
nhtsa-volkswagen-passat-wagon-4dr-106-3-2,Wagon,4,,,,,106.3,184.3,68.9,59.1,59.4,59.4,,,,,,,,,
nhtsa-volkswagen-passat-wagon-4dr-106-3-3,Wagon,4,,,,,106.3,184.3,68.5,59.1,59.4,59.4,,,,,,,,,
nhtsa-volkswagen-passat-wagon-4dr-106-3-4,Wagon,4,,,,,106.3,185,68.5,59.1,59.4,59.4,,,,,,,,,
nhtsa-volkswagen-passat-wagon-4dr-106-7,Wagon,4,,,,,106.7,183.9,68.5,59.1,59.1,59.1,,,,,,,,,
nhtsa-volkswagen-passat-wagon-4dr-106-7-2,Wagon,4,,,,,106.7,188.2,71.7,57.9,60.2,59.4,,,,,,,,,
nhtsa-volkswagen-phaeton-sedan-4dr-118-1,Sedan,4,,,,,118.1,203.5,74.8,57.1,62.2,63.8,,,,,,,,,
nhtsa-volkswagen-quantum-body-3dr-100-4,,3,,,,,100.4,178.3,66.9,55.1,55.5,55.9,,,,,,,,,
nhtsa-volkswagen-quantum-body-4dr-100-4,,4,,,,,100.4,180.3,66.9,55.1,55.5,55.9,,,,,,,,,
nhtsa-volkswagen-quantum-wagon-4dr-100-4,Wagon,4,,,,,100.4,183.1,66.9,55.1,55.5,55.9,,,,,,,,,
nhtsa-volkswagen-rabbit-body-2dr-94-5,,2,,,,,94.5,155.5,63.4,53.1,,,,,,,,,,,
nhtsa-volkswagen-rabbit-body-2dr-94-5-2,,2,,,,,94.5,159.4,63.4,53.1,,,,,,,,,,,
nhtsa-volkswagen-rabbit-body-3dr-94-5,,3,,,,,94.5,155.1,63.4,55.5,54.7,53.1,,,,,,,,,
nhtsa-volkswagen-rabbit-body-4dr-101-6,,4,,,,,101.6,165.7,70.9,58.3,59.8,58.3,,,,,,,,,
nhtsa-volkswagen-rabbit-body-4dr-94-5,,4,,,,,94.5,155.5,63.4,53.1,,,,,,,,,,,
nhtsa-volkswagen-rabbit-body-4dr-94-5-2,,4,,,,,94.5,159.4,63.4,53.1,,,,,,,,,,,
nhtsa-volkswagen-rabbit-body-94-5,,,,,,,94.5,155.5,63.4,55.5,,,,,,,,,,,
nhtsa-volkswagen-rabbit-body-94-5-2,,,,,,,94.5,155.1,63.4,55.5,,,,,,,,,,,
nhtsa-volkswagen-rabbit-convertible-94-5,Convertible,,,,,,94.5,154.3,63.4,55.5,,,,,,,,,,,
nhtsa-volkswagen-routan-van-121-3,Van,,,,,,121.3,202.4,76.8,68.9,65.4,65,,,,,,,,,
nhtsa-volkswagen-routan-van-121-3-2,Van,,,,,,121.3,202.4,76.8,68.9,65,65,,,,,,,,,
nhtsa-volkswagen-routan-van-4dr-121-3,Van,4,,,,,121.3,202.4,76.8,68.9,65.4,65,,,,,,,,,
nhtsa-volkswagen-scirocco-body-94-5,,,,,,,94.5,165.7,63.8,51.6,54.7,53.5,,,,,,,,,
nhtsa-volkswagen-scirocco-hatchback-2dr-94-5,Hatchback,2,,,,,94.5,165.7,64.2,51.6,,,,,,,,,,,
nhtsa-volkswagen-taos-suv-4dr-105-9,SUV,4,,,,,105.9,176,72.8,64.6,61.8,60.6,,,,,,,,,
nhtsa-volkswagen-tiguan-body-109-8,,,,,,,109.8,184.3,72.8,66.5,62.2,61.8,,,,,,,,,
nhtsa-volkswagen-tiguan-suv-4dr-102-4,SUV,4,,,,,102.4,175.6,71.3,66.5,61,60.6,,,,,,,,,
nhtsa-volkswagen-tiguan-suv-4dr-102-4-2,SUV,4,,,,,102.4,174.4,71.3,66.1,61.8,61.8,,,,,,,,,
nhtsa-volkswagen-tiguan-suv-4dr-102-4-3,SUV,4,,,,,102.4,174.4,71.3,66.9,61.8,61.8,,,,,,,,,
nhtsa-volkswagen-tiguan-suv-4dr-109-8,SUV,4,,,,,109.8,185.8,72,66.5,62.6,61.8,,,,,,,,,
nhtsa-volkswagen-touareg-suv-4dr-111-8,SUV,4,,,,,111.8,187,76,66.9,64.6,65,,,,,,,,,
nhtsa-volkswagen-touareg-suv-4dr-111-8-2,SUV,4,,,,,111.8,187,76,68.1,64.6,65,,,,,,,,,
nhtsa-volkswagen-touareg-suv-4dr-113-8,SUV,4,,,,,113.8,189,76.4,68.1,64.6,64.6,,,,,,,,,
nhtsa-volkswagen-vanagon-body-96-9,,,,,,,96.9,179.9,72.4,77.2,,,,,,,,,,,
nhtsa-volkswagen-vanagon-body-96-9-2,,,,,,,96.9,179.9,72.4,,,,,,,,,,,,
nhtsa-volkswagen-vanagon-body-96-9-3,,,,,,,96.9,179.9,72.4,81.1,,,,,,,,,,,
nhtsa-volkswagen-vanagon-body-96-9-4,,,,,,,96.9,179.9,72.8,76,,,,,,,,,,,
nhtsa-volkswagen-vanagon-pickup-96-9,Pickup,,,,,,96.9,179.9,72.4,77.2,,,,,,,,,,,
nhtsa-volvo-c30-body-2dr-103-9,,2,,,,,103.9,167.7,70.1,57.1,60.6,60.2,,,,,,,,,
nhtsa-volvo-c30-body-4dr-103-9,,4,,,,,103.9,167.3,70.1,57.1,60.2,60.2,,,,,,,,,
nhtsa-volvo-c40-body-106-3,,,,,,,106.3,174.4,72.8,62.2,63,63.8,,,,,,,,,
nhtsa-volvo-c70-body-2dr-103-9,,2,,,,,103.9,180.3,71.7,55.5,61,60.6,,,,,,,,,
nhtsa-volvo-c70-convertible-2dr-104-7,Convertible,2,,,,,104.7,185.8,71.7,55.5,59.8,59.4,,,,,,,,,
nhtsa-volvo-c70-convertible-2dr-104-7-2,Convertible,2,,,,,104.7,185.8,71.7,56.3,59.8,59.8,,,,,,,,,
nhtsa-volvo-c70-coupe-2dr-104-7,Coupe,2,,,,,104.7,185.8,71.7,55.5,59.8,59.4,,,,,,,,,
nhtsa-volvo-c70-coupe-2dr-104-7-2,Coupe,2,,,,,104.7,185.8,71.7,55.5,59.8,59.8,,,,,,,,,
nhtsa-volvo-ec40-suv-4dr-106-3,SUV,4,,,,,106.3,174.4,72.8,62.2,63,63.8,,,,,,,,,
nhtsa-volvo-ex30-suv-4dr-104-3,SUV,4,,,,,104.3,166.5,72.4,61,62.6,62.6,,,,,,,,,
nhtsa-volvo-ex40-suv-4dr-106-3,SUV,4,,,,,106.3,174.8,73.2,65,63,63.4,,,,,,,,,
nhtsa-volvo-ex90-suv-4dr-117-3,SUV,4,,,,,117.3,198.4,77.2,68.5,65.7,65.7,,,,,,,,,
nhtsa-volvo-s40-sedan-4dr-100-8,Sedan,4,,,,,100.8,178.7,67.7,55.9,57.9,57.9,,,,,,,,,
nhtsa-volvo-s40-sedan-4dr-103-9,Sedan,4,,,,,103.9,176.4,69.7,57.1,59.8,59.1,,,,,,,,,
nhtsa-volvo-s60-cross-country-sedan-4dr-109-4,Sedan,4,,,,,109.4,182.7,73.6,60.6,63.8,62.2,,,,,,,,,
nhtsa-volvo-s60-sedan-4dr-107-1,Sedan,4,,,,,107.1,180.3,70.9,56.3,61,61,,,,,,,,,
nhtsa-volvo-s60-sedan-4dr-107-1-2,Sedan,4,,,,,107.1,181.1,70.9,56.3,61,61,,,,,,,,,
nhtsa-volvo-s60-sedan-4dr-109-4,Sedan,4,,,,,109.4,182.3,73.6,58.3,61.8,61.4,,,,,,,,,
nhtsa-volvo-s60-sedan-4dr-113,Sedan,4,,,,,113,187.4,72.8,56.3,63,63,,,,,,,,,
nhtsa-volvo-s60-sedan-4dr-113-2,Sedan,4,,,,,113,188.2,72.8,56.3,63,63,,,,,,,,,
nhtsa-volvo-s60r-sedan-4dr-107-1,Sedan,4,,,,,107.1,182.3,70.9,56.3,60.6,60.6,,,,,,,,,
nhtsa-volvo-s70-sedan-4dr-105-1,Sedan,4,,,,,105.1,185.8,69.3,55.1,59.8,57.5,,,,,,,,,
nhtsa-volvo-s70-sedan-4dr-105-1-2,Sedan,4,,,,,105.1,185.8,69.3,56.7,59.8,57.9,,,,,,,,,
nhtsa-volvo-s80-sedan-4dr-109-8,Sedan,4,,,,,109.8,189.8,72,57.1,62.2,61.4,,,,,,,,,
nhtsa-volvo-s80-sedan-4dr-111-8,Sedan,4,,,,,111.8,190.9,73.2,58.7,61.4,62.2,,,,,,,,,
nhtsa-volvo-s80-sedan-4dr-111-8-2,Sedan,4,,,,,111.8,190.9,73.2,58.7,62.6,62.6,,,,,,,,,
nhtsa-volvo-s90-sedan-4dr-109-1,Sedan,4,,,,,109.1,191.7,68.9,55.9,59.1,59.8,,,,,,,,,
nhtsa-volvo-s90-sedan-4dr-115-7,Sedan,4,,,,,115.7,195.3,74.4,56.7,64.2,64.2,,,,,,,,,
nhtsa-volvo-s90-sedan-4dr-120-5,Sedan,4,,,,,120.5,200.4,74.4,56.7,64.2,64.2,,,,,,,,,
nhtsa-volvo-v40-wagon-4dr-100-8,Wagon,4,,,,,100.8,178.7,67.7,55.9,57.9,57.9,,,,,,,,,
nhtsa-volvo-v50-wagon-4dr-104-3,Wagon,4,,,,,104.3,177.6,69.7,57.1,60.2,60.6,,,,,,,,,
nhtsa-volvo-v50-wagon-4dr-104-3-2,Wagon,4,,,,,104.3,177.6,69.7,56.3,60.2,60.6,,,,,,,,,
nhtsa-volvo-v60-wagon-4dr-109-4,Wagon,4,,,,,109.4,182.7,72,58.3,62.6,62.6,,,,,,,,,
nhtsa-volvo-v60-wagon-4dr-109-4-2,Wagon,4,,,,,109.4,182.7,72,61,63.8,62.2,,,,,,,,,
nhtsa-volvo-v60-wagon-4dr-113,Wagon,4,,,,,113,187.4,72.8,59.1,63,63,,,,,,,,,
nhtsa-volvo-v60-wagon-4dr-113-2,Wagon,4,,,,,113,188.2,72.8,59.1,65,64.2,,,,,,,,,
nhtsa-volvo-v60-wagon-4dr-113-3,Wagon,4,,,,,113,188.2,72.8,59.1,63,63,,,,,,,,,
nhtsa-volvo-v70-wagon-4dr-104-3,Wagon,4,,,,,104.3,186.2,69.3,57.1,59.1,58.7,,,,,,,,,
nhtsa-volvo-v70-wagon-4dr-104-7,Wagon,4,,,,,104.7,186.6,69.3,58.3,59.1,58.7,,,,,,,,,
nhtsa-volvo-v70-wagon-4dr-105-1,Wagon,4,,,,,105.1,185.8,69.3,56.3,59.8,57.5,,,,,,,,,
nhtsa-volvo-v70-wagon-4dr-108-7,Wagon,4,,,,,108.7,185.4,70.9,58.7,61,61,,,,,,,,,
nhtsa-volvo-v70-wagon-4dr-108-7-2,Wagon,4,,,,,108.7,186.2,73.2,61.4,63.4,61,,,,,,,,,
nhtsa-volvo-v70-wagon-4dr-111,Wagon,4,,,,,111,189.8,73.2,61,61.8,61,,,,,,,,,
nhtsa-volvo-v90-wagon-4dr-109-1,Wagon,4,,,,,109.1,191.3,68.9,57.1,59.1,59.8,,,,,,,,,
nhtsa-volvo-v90-wagon-4dr-115-7,Wagon,4,,,,,115.7,194.5,74.4,56.7,64.2,64.2,,,,,,,,,
nhtsa-volvo-v90-wagon-4dr-115-7-2,Wagon,4,,,,,115.7,194.5,74.4,59.4,64.2,64.2,,,,,,,,,
nhtsa-volvo-xc40-suv-4dr-106-3,SUV,4,,,,,106.3,174.4,73.2,65,63,64.2,,,,,,,,,
nhtsa-volvo-xc60-body-4dr-109-1,,4,,,,,109.1,182.3,74.4,67.3,64.2,61.8,,,,,,,,,
nhtsa-volvo-xc60-suv-4dr-109-1,SUV,4,,,,,109.1,182.3,74.4,67.3,64.2,61.8,,,,,,,,,
nhtsa-volvo-xc60-suv-4dr-113,SUV,4,,,,,113,184.6,74.8,65.4,65.7,65.7,,,,,,,,,
nhtsa-volvo-xc60-suv-4dr-113-2,SUV,4,,,,,113,184.6,74.8,65.4,65.4,65.4,,,,,,,,,
nhtsa-volvo-xc60-suv-4dr-113-3,SUV,4,,,,,113,185,74.8,65.4,65.4,65.4,,,,,,,,,
nhtsa-volvo-xc70-wagon-4dr-108-7,Wagon,4,,,,,108.7,186.2,73.2,61.4,63.4,61,,,,,,,,,
nhtsa-volvo-xc70-wagon-4dr-111,Wagon,4,,,,,111,190.6,73.2,63,63,61,,,,,,,,,
nhtsa-volvo-xc70-wagon-4dr-111-2,Wagon,4,,,,,111,190.6,73.6,63,63,61,,,,,,,,,
nhtsa-volvo-xc70-wagon-4dr-111-3,Wagon,4,,,,,111,190.6,73.6,63,63.4,62.2,,,,,,,,,
nhtsa-volvo-xc90-body-112-6,,,,,,,112.6,189,74.8,70.1,64.2,63.8,,,,,,,,,
nhtsa-volvo-xc90-suv-4dr-112-6,SUV,4,,,,,112.6,189,74.8,68.5,64.2,63.8,,,,,,,,,
nhtsa-volvo-xc90-suv-4dr-112-6-2,SUV,4,,,,,112.6,189,74.8,70.1,64.2,63.8,,,,,,,,,
nhtsa-volvo-xc90-suv-4dr-117-3,SUV,4,,,,,117.3,194.9,79.1,70.1,65.7,65.7,,,,,,,,,
