Make,Model,Year,Generation,Dev_Chassis_Code,Platform_Code,Nickname
Acura,ADX,2025,,,,
Acura,CL,1987,,,,
Acura,CL,1988,,,,
Acura,CL,1989,,,,
Acura,CL,1990,,,,
Acura,CL,1991,,,,
Acura,CL,1992,,,,
Acura,CL,1993,,,,
Acura,CL,1994,,,,
Acura,CL,1995,,,,
Acura,CL,1996,,,,
Acura,CL,1997,,,,
Acura,CL,1998,,,,
Acura,CL,1999,,,,
Acura,CL,2001,,,,
Acura,CL,2002,,,,
Acura,CL,2003,,,,
Acura,ILX,2013,,,,
Acura,ILX,2014,,,,
Acura,ILX,2015,,,,
Acura,ILX,2016,,,,
Acura,ILX,2017,,,,
Acura,ILX,2018,,,,
Acura,ILX,2019,,,,
Acura,ILX,2020,,,,
Acura,ILX,2021,,,,
Acura,ILX,2022,,,,
Acura,Integra,1985,,,,
Acura,Integra,1986,,,,
Acura,Integra,1987,,,,
Acura,Integra,1988,,,,
Acura,Integra,1989,,,,
Acura,Integra,1990,,,,
Acura,Integra,1991,,,,
Acura,Integra,1992,,,,
Acura,Integra,1993,,,,
Acura,Integra,1994,,,,
Acura,Integra,1995,,,,
Acura,Integra,1996,,,,
Acura,Integra,1997,,,,
Acura,Integra,1998,,,,
Acura,Integra,1999,,,,
Acura,Integra,2000,,,,
Acura,Integra,2001,,,,
Acura,Integra,2023,,,,
Acura,Integra,2024,,,,
Acura,Integra,2025,,,,
Acura,Integra Type R,2001,,,,
Acura,Legend,1986,,,,
Acura,Legend,1987,,,,
Acura,Legend,1988,,,,
Acura,Legend,1989,,,,
Acura,Legend,1990,,,,
Acura,Legend,1991,,,,
Acura,Legend,1992,,,,
Acura,Legend,1993,,,,
Acura,Legend,1994,,,,
Acura,Legend,1995,,,,
Acura,MDX,2001,,,,
Acura,MDX,2002,,,,
Acura,MDX,2003,,,,
Acura,MDX,2004,,,,
Acura,MDX,2005,,,,
Acura,MDX,2006,,,,
Acura,MDX,2007,,,,
Acura,MDX,2008,,,,
Acura,MDX,2009,,,,
Acura,MDX,2010,,,,
Acura,MDX,2011,,,,
Acura,MDX,2012,,,,
Acura,MDX,2013,,,,
Acura,MDX,2014,,,,
Acura,MDX,2015,,,,
Acura,MDX,2016,,,,
Acura,MDX,2017,,,,
Acura,MDX,2018,,,,
Acura,MDX,2019,,,,
Acura,MDX,2020,,,,
Acura,MDX,2021,,,,
Acura,MDX,2022,,,,
Acura,MDX,2023,,,,
Acura,MDX,2024,,,,
Acura,MDX,2025,,,,
Acura,NSX,1987,,,,
Acura,NSX,1988,,,,
Acura,NSX,1989,,,,
Acura,NSX,1990,,,,
Acura,NSX,1991,,,,
Acura,NSX,1992,,,,
Acura,NSX,1993,,,,
Acura,NSX,1994,,,,
Acura,NSX,1995,,,,
Acura,NSX,1996,,,,
Acura,NSX,1997,,,,
Acura,NSX,1998,,,,
Acura,NSX,1999,,,,
Acura,NSX,2000,,,,
Acura,NSX,2001,,,,
Acura,NSX,2002,,,,
Acura,NSX,2003,,,,
Acura,NSX,2004,,,,
Acura,NSX,2005,,,,
Acura,NSX,2016,,,,
Acura,NSX,2017,,,,
Acura,NSX,2018,,,,
Acura,NSX,2019,,,,
Acura,NSX,2020,,,,
Acura,NSX,2021,,,,
Acura,NSX,2022,,,,
Acura,RDX,2007,,,,
Acura,RDX,2008,,,,
Acura,RDX,2009,,,,
Acura,RDX,2010,,,,
Acura,RDX,2011,,,,
Acura,RDX,2012,,,,
Acura,RDX,2013,,,,
Acura,RDX,2014,,,,
Acura,RDX,2015,,,,
Acura,RDX,2016,,,,
Acura,RDX,2017,,,,
Acura,RDX,2018,,,,
Acura,RDX,2019,,,,
Acura,RDX,2020,,,,
Acura,RDX,2021,,,,
Acura,RDX,2022,,,,
Acura,RDX,2023,,,,
Acura,RDX,2024,,,,
Acura,RDX,2025,,,,
Acura,RL,1987,,,,
Acura,RL,1988,,,,
Acura,RL,1989,,,,
Acura,RL,1990,,,,
Acura,RL,1991,,,,
Acura,RL,1992,,,,
Acura,RL,1993,,,,
Acura,RL,1994,,,,
Acura,RL,1995,,,,
Acura,RL,1996,,,,
Acura,RL,1997,,,,
Acura,RL,1998,,,,
Acura,RL,1999,,,,
Acura,RL,2000,,,,
Acura,RL,2001,,,,
Acura,RL,2002,,,,
Acura,RL,2003,,,,
Acura,RL,2004,,,,
Acura,RL,2005,,,,
Acura,RL,2006,,,,
Acura,RL,2007,,,,
Acura,RL,2008,,,,
Acura,RL,2009,,,,
Acura,RL,2010,,,,
Acura,RL,2011,,,,
Acura,RL,2012,,,,
Acura,RLX,2014,,,,
Acura,RLX,2015,,,,
Acura,RLX,2016,,,,
Acura,RLX,2017,,,,
Acura,RLX,2018,,,,
Acura,RLX,2019,,,,
Acura,RLX,2020,,,,
Acura,RSX,2002,,,,
Acura,RSX,2003,,,,
Acura,RSX,2004,,,,
Acura,RSX,2005,,,,
Acura,RSX,2006,,,,
Acura,RSX Type-S,2004,,,,
Acura,SLX,1996,,,,
Acura,SLX,1997,,,,
Acura,SLX,1998,,,,
Acura,SLX,1999,,,,
Acura,TL,1987,,,,
Acura,TL,1988,,,,
Acura,TL,1989,,,,
Acura,TL,1990,,,,
Acura,TL,1991,,,,
Acura,TL,1992,,,,
Acura,TL,1993,,,,
Acura,TL,1994,,,,
Acura,TL,1995,,,,
Acura,TL,1996,,,,
Acura,TL,1997,,,,
Acura,TL,1998,,,,
Acura,TL,1999,,,,
Acura,TL,2000,,,,
Acura,TL,2001,,,,
Acura,TL,2002,,,,
Acura,TL,2003,,,,
Acura,TL,2004,,,,
Acura,TL,2005,,,,
Acura,TL,2006,,,,
Acura,TL,2007,,,,
Acura,TL,2008,,,,
Acura,TL,2009,,,,
Acura,TL,2010,,,,
Acura,TL,2011,,,,
Acura,TL,2012,,,,
Acura,TL,2013,,,,
Acura,TL,2014,,,,
Acura,TLX,2015,,,,
Acura,TLX,2016,,,,
Acura,TLX,2017,,,,
Acura,TLX,2018,,,,
Acura,TLX,2019,,,,
Acura,TLX,2020,,,,
Acura,TLX,2021,,,,
Acura,TLX,2022,,,,
Acura,TLX,2023,,,,
Acura,TLX,2024,,,,
Acura,TLX,2025,,,,
Acura,TSX,2004,,,,
Acura,TSX,2005,,,,
Acura,TSX,2006,,,,
Acura,TSX,2007,,,,
Acura,TSX,2008,,,,
Acura,TSX,2009,,,,
Acura,TSX,2010,,,,
Acura,TSX,2011,,,,
Acura,TSX,2012,,,,
Acura,TSX,2013,,,,
Acura,TSX,2014,,,,
Acura,Vigor,1992,,,,
Acura,Vigor,1993,,,,
Acura,Vigor,1994,,,,
Acura,ZDX,2010,,,,
Acura,ZDX,2011,,,,
Acura,ZDX,2012,,,,
Acura,ZDX,2013,,,,
Acura,ZDX,2024,,,,
Acura,ZDX,2025,,,,
Alfa Romeo,164,1985,,,,
Alfa Romeo,164,1986,,,,
Alfa Romeo,164,1987,,,,
Alfa Romeo,164,1990,,,,
Alfa Romeo,164,1991,,,,
Alfa Romeo,164,1992,,,,
Alfa Romeo,164,1993,,,,
Alfa Romeo,164,1994,,,,
Alfa Romeo,164,1995,,,,
Alfa Romeo,4C,2014,,,,
Alfa Romeo,4C,2015,,,,
Alfa Romeo,4C,2016,,,,
Alfa Romeo,4C,2017,,,,
Alfa Romeo,4C,2018,,,,
Alfa Romeo,4C,2019,,,,
Alfa Romeo,4C,2020,,,,
Alfa Romeo,8C Competizione Spider,2000,,,,
Alfa Romeo,8C Competizione Spider,2001,,,,
Alfa Romeo,8C Competizione Spider,2002,,,,
Alfa Romeo,8C Competizione Spider,2003,,,,
Alfa Romeo,8C Competizione Spider,2004,,,,
Alfa Romeo,8C Competizione Spider,2005,,,,
Alfa Romeo,8C Competizione Spider,2006,,,,
Alfa Romeo,8C Competizione Spider,2007,,,,
Alfa Romeo,8C Competizione Spider,2008,,,,
Alfa Romeo,8C Competizione Spider,2009,,,,
Alfa Romeo,8C Competizione Spider,2010,,,,
Alfa Romeo,8C Competizione Spider,2011,,,,
Alfa Romeo,8C Competizione Spider,2012,,,,
Alfa Romeo,8C Competizione Spider,2013,,,,
Alfa Romeo,Giulia (952),2016,,,,
Alfa Romeo,Giulia (952),2017,,,,
Alfa Romeo,Giulia (952),2018,,,,
Alfa Romeo,Giulia (952),2019,,,,
Alfa Romeo,Giulia (952),2020,,,,
Alfa Romeo,Giulia (952),2021,,,,
Alfa Romeo,Giulia (952),2022,,,,
Alfa Romeo,Giulia (952),2023,,,,
Alfa Romeo,Giulia (952),2024,,,,
Alfa Romeo,Giulia (952),2025,,,,
Alfa Romeo,Giulia Quadrifoglio,2018,,,,
Alfa Romeo,GTV6,1981,,,,
Alfa Romeo,GTV6,1982,,,,
Alfa Romeo,GTV6,1983,,,,
Alfa Romeo,GTV6,1984,,,,
Alfa Romeo,GTV6,1985,,,,
Alfa Romeo,GTV6,1986,,,,
Alfa Romeo,Milano,1985,,,,
Alfa Romeo,Milano,1986,,,,
Alfa Romeo,Milano,1987,,,,
Alfa Romeo,Milano,1988,,,,
Alfa Romeo,Milano,1989,,,,
Alfa Romeo,Milano,1990,,,,
Alfa Romeo,Spider,1981,,,,
Alfa Romeo,Spider,1982,,,,
Alfa Romeo,Spider,1983,,,,
Alfa Romeo,Spider,1984,,,,
Alfa Romeo,Spider,1985,,,,
Alfa Romeo,Spider,1986,,,,
Alfa Romeo,Spider,1987,,,,
Alfa Romeo,Spider,1988,,,,
Alfa Romeo,Spider,1989,,,,
Alfa Romeo,Spider,1990,,,,
Alfa Romeo,Spider,1991,,,,
Alfa Romeo,Spider,1992,,,,
Alfa Romeo,Spider,1993,,,,
Alfa Romeo,Spider,1994,,,,
Alfa Romeo,Stelvio,2018,,,,
Alfa Romeo,Stelvio,2019,,,,
Alfa Romeo,Stelvio,2020,,,,
Alfa Romeo,Stelvio,2021,,,,
Alfa Romeo,Stelvio,2022,,,,
Alfa Romeo,Stelvio,2023,,,,
Alfa Romeo,Stelvio,2024,,,,
Alfa Romeo,Stelvio,2025,,,,
Alfa Romeo,Tonale,2024,,,,
Alfa Romeo,Tonale,2025,,,,
AMC,Eagle,1981,,,,
AMC,Gremlin,1972,,,,
AMC,Javelin,1968,,,,
Aston Martin,DB11,2017,,,,
Aston Martin,DB11,2018,,,,
Aston Martin,DB11,2019,,,,
Aston Martin,DB11,2020,,,,
Aston Martin,DB11,2021,,,,
Aston Martin,DB11,2022,,,,
Aston Martin,DB11,2023,,,,
Aston Martin,DB11,2024,,,,
Aston Martin,DB12,2024,,,,
Aston Martin,DB12,2025,,,,
Aston Martin,DB5,1964,,,,
Aston Martin,DB7,1994,,,,
Aston Martin,DB7,1995,,,,
Aston Martin,DB7,1996,,,,
Aston Martin,DB7,1997,,,,
Aston Martin,DB7,1998,,,,
Aston Martin,DB7,1999,,,,
Aston Martin,DB7,2000,,,,
Aston Martin,DB7,2001,,,,
Aston Martin,DB7,2002,,,,
Aston Martin,DB7,2003,,,,
Aston Martin,DB9,2005,,,,
Aston Martin,DB9,2006,,,,
Aston Martin,DB9,2007,,,,
Aston Martin,DB9,2008,,,,
Aston Martin,DB9,2009,,,,
Aston Martin,DB9,2010,,,,
Aston Martin,DB9,2011,,,,
Aston Martin,DB9,2012,,,,
Aston Martin,DB9,2013,,,,
Aston Martin,DB9,2014,,,,
Aston Martin,DB9,2015,,,,
Aston Martin,DB9,2016,,,,
Aston Martin,DBS,2009,,,,
Aston Martin,DBS,2010,,,,
Aston Martin,DBS,2011,,,,
Aston Martin,DBS,2012,,,,
Aston Martin,DBS,2019,,,,
Aston Martin,DBS,2020,,,,
Aston Martin,DBS,2021,,,,
Aston Martin,DBS,2022,,,,
Aston Martin,DBS,2023,,,,
Aston Martin,DBS,2024,,,,
Aston Martin,DBX,2021,,,,
Aston Martin,DBX,2022,,,,
Aston Martin,DBX,2023,,,,
Aston Martin,DBX,2024,,,,
Aston Martin,DBX,2025,,,,
Aston Martin,Lagonda,1981,,,,
Aston Martin,Lagonda,1982,,,,
Aston Martin,Lagonda,1983,,,,
Aston Martin,Lagonda,1984,,,,
Aston Martin,Lagonda,1985,,,,
Aston Martin,Lagonda,1986,,,,
Aston Martin,Lagonda,1987,,,,
Aston Martin,Lagonda,1988,,,,
Aston Martin,Lagonda,1989,,,,
Aston Martin,Lagonda,1991,,,,
Aston Martin,Lagonda,1992,,,,
Aston Martin,Lagonda,1993,,,,
Aston Martin,Lagonda,1994,,,,
Aston Martin,Rapide,2010,,,,
Aston Martin,Rapide,2011,,,,
Aston Martin,Rapide,2012,,,,
Aston Martin,Rapide,2014,,,,
Aston Martin,Rapide,2015,,,,
Aston Martin,Rapide,2016,,,,
Aston Martin,Rapide,2017,,,,
Aston Martin,Rapide,2018,,,,
Aston Martin,Rapide,2019,,,,
Aston Martin,V12 Vantage,2011,,,,
Aston Martin,V12 Vantage,2012,,,,
Aston Martin,V12 Vantage,2013,,,,
Aston Martin,V12 Vantage,2015,,,,
Aston Martin,V12 Vantage,2016,,,,
Aston Martin,V12 Vantage,2017,,,,
Aston Martin,V12 Vantage,2018,,,,
Aston Martin,V8,1981,,,,
Aston Martin,V8,1982,,,,
Aston Martin,V8,1983,,,,
Aston Martin,V8,1984,,,,
Aston Martin,V8,1985,,,,
Aston Martin,V8,1986,,,,
Aston Martin,V8,1987,,,,
Aston Martin,V8,1988,,,,
Aston Martin,V8,1989,,,,
Aston Martin,V8 Vantage,1981,,,,
Aston Martin,V8 Vantage,1982,,,,
Aston Martin,V8 Vantage,1983,,,,
Aston Martin,V8 Vantage,1984,,,,
Aston Martin,V8 Vantage,1985,,,,
Aston Martin,V8 Vantage,1986,,,,
Aston Martin,V8 Vantage,1987,,,,
Aston Martin,V8 Vantage,1988,,,,
Aston Martin,V8 Vantage,1989,,,,
Aston Martin,V8 Vantage,2009,,,,
Aston Martin,V8 Vantage,2010,,,,
Aston Martin,V8 Vantage,2011,,,,
Aston Martin,V8 Vantage,2012,,,,
Aston Martin,V8 Vantage,2013,,,,
Aston Martin,V8 Vantage,2014,,,,
Aston Martin,V8 Vantage,2015,,,,
Aston Martin,V8 Vantage,2016,,,,
Aston Martin,V8 Vantage,2017,,,,
Aston Martin,V8 Vantage,2018,,,,
Aston Martin,Valiant,2024,,,,
Aston Martin,Valiant,2025,,,,
Aston Martin,Valour,2024,,,,
Aston Martin,Vanquish,2001,,,,
Aston Martin,Vanquish,2002,,,,
Aston Martin,Vanquish,2003,,,,
Aston Martin,Vanquish,2004,,,,
Aston Martin,Vanquish,2005,,,,
Aston Martin,Vanquish,2006,,,,
Aston Martin,Vanquish,2007,,,,
Aston Martin,Vanquish,2014,,,,
Aston Martin,Vanquish,2015,,,,
Aston Martin,Vanquish,2016,,,,
Aston Martin,Vanquish,2017,,,,
Aston Martin,Vanquish,2018,,,,
Aston Martin,Vanquish,2025,,,,
Aston Martin,Vanquish Zagato,2018,,,,
Aston Martin,Vanquish Zagato,2019,,,,
Aston Martin,Vantage,2006,,,,
Aston Martin,Vantage,2007,,,,
Aston Martin,Vantage,2008,,,,
Aston Martin,Vantage,2019,,,,
Aston Martin,Vantage,2020,,,,
Aston Martin,Vantage,2021,,,,
Aston Martin,Vantage,2022,,,,
Aston Martin,Vantage,2023,,,,
Aston Martin,Vantage,2024,,,,
Aston Martin,Vantage,2025,,,,
Aston Martin,Virage,1990,,,,
Aston Martin,Virage,1991,,,,
Aston Martin,Virage,1992,,,,
Aston Martin,Virage,1993,,,,
Aston Martin,Virage,1994,,,,
Aston Martin,Virage,2012,,,,
Auburn,Speedster,1935,,,,
Audi,100,1989,,,,
Audi,100,1990,,,,
Audi,100,1991,,,,
Audi,100,1992,,,,
Audi,100,1993,,,,
Audi,100,1994,,,,
Audi,200,1989,,,,
Audi,200,1990,,,,
Audi,200,1991,,,,
Audi,4000,1981,,,,
Audi,4000,1982,,,,
Audi,4000,1983,,,,
Audi,4000,1984,,,,
Audi,4000,1985,,,,
Audi,4000,1986,,,,
Audi,4000,1987,,,,
Audi,5000,1981,,,,
Audi,5000,1982,,,,
Audi,5000,1983,,,,
Audi,5000,1984,,,,
Audi,5000,1985,,,,
Audi,5000,1986,,,,
Audi,5000,1987,,,,
Audi,5000,1988,,,,
Audi,80,1988,,,,
Audi,80,1989,,,,
Audi,80,1990,,,,
Audi,80,1991,,,,
Audi,90,1988,,,,
Audi,90,1989,,,,
Audi,90,1990,,,,
Audi,90,1991,,,,
Audi,90,1992,,,,
Audi,90,1993,,,,
Audi,90,1994,,,,
Audi,90,1995,,,,
Audi,A3,2006,,,,
Audi,A3,2007,,,,
Audi,A3,2008,,,,
Audi,A3,2009,,,,
Audi,A3,2010,,,,
Audi,A3,2011,,,,
Audi,A3,2012,,,,
Audi,A3,2013,,,,
Audi,A3,2015,,,,
Audi,A3,2016,,,,
Audi,A3,2017,,,,
Audi,A3,2018,,,,
Audi,A3,2019,,,,
Audi,A3,2020,,,,
Audi,A3,2022,,,,
Audi,A3,2023,,,,
Audi,A3,2024,,,,
Audi,A3,2025,,,,
Audi,A4,1996,,,,
Audi,A4,1997,,,,
Audi,A4,1998,,,,
Audi,A4,1999,,,,
Audi,A4,2000,,,,
Audi,A4,2001,,,,
Audi,A4,2002,,,,
Audi,A4,2003,,,,
Audi,A4,2004,,,,
Audi,A4,2005,,,,
Audi,A4,2006,,,,
Audi,A4,2007,,,,
Audi,A4,2008,,,,
Audi,A4,2009,,,,
Audi,A4,2010,,,,
Audi,A4,2011,,,,
Audi,A4,2012,,,,
Audi,A4,2013,,,,
Audi,A4,2014,,,,
Audi,A4,2015,,,,
Audi,A4,2016,,,,
Audi,A4,2017,,,,
Audi,A4,2018,,,,
Audi,A4,2019,,,,
Audi,A4,2020,,,,
Audi,A4,2021,,,,
Audi,A4,2022,,,,
Audi,A4,2023,,,,
Audi,A4,2024,,,,
Audi,A4,2025,,,,
Audi,A4 allroad,2013,,,,
Audi,A4 allroad,2014,,,,
Audi,A4 allroad,2015,,,,
Audi,A4 allroad,2016,,,,
Audi,A4 allroad,2017,,,,
Audi,A4 allroad,2018,,,,
Audi,A4 allroad,2019,,,,
Audi,A4 allroad,2020,,,,
Audi,A4 allroad,2021,,,,
Audi,A4 allroad,2022,,,,
Audi,A4 allroad,2023,,,,
Audi,A4 allroad,2024,,,,
Audi,A4 allroad,2025,,,,
Audi,A5,2008,,,,
Audi,A5,2009,,,,
Audi,A5,2010,,,,
Audi,A5,2011,,,,
Audi,A5,2012,,,,
Audi,A5,2013,,,,
Audi,A5,2014,,,,
Audi,A5,2015,,,,
Audi,A5,2016,,,,
Audi,A5,2017,,,,
Audi,A5,2018,,,,
Audi,A5,2019,,,,
Audi,A5,2020,,,,
Audi,A5,2021,,,,
Audi,A5,2022,,,,
Audi,A5,2023,,,,
Audi,A5,2024,,,,
Audi,A5,2025,,,,
Audi,A6,1995,,,,
Audi,A6,1996,,,,
Audi,A6,1997,,,,
Audi,A6,1998,,,,
Audi,A6,1999,,,,
Audi,A6,2000,,,,
Audi,A6,2001,,,,
Audi,A6,2002,,,,
Audi,A6,2003,,,,
Audi,A6,2004,,,,
Audi,A6,2005,,,,
Audi,A6,2006,,,,
Audi,A6,2007,,,,
Audi,A6,2008,,,,
Audi,A6,2009,,,,
Audi,A6,2010,,,,
Audi,A6,2011,,,,
Audi,A6,2012,,,,
Audi,A6,2013,,,,
Audi,A6,2014,,,,
Audi,A6,2015,,,,
Audi,A6,2016,,,,
Audi,A6,2017,,,,
Audi,A6,2018,,,,
Audi,A6,2019,,,,
Audi,A6,2020,,,,
Audi,A6,2021,,,,
Audi,A6,2022,,,,
Audi,A6,2023,,,,
Audi,A6,2024,,,,
Audi,A6,2025,,,,
Audi,A6 allroad,2020,,,,
Audi,A6 allroad,2021,,,,
Audi,A6 allroad,2022,,,,
Audi,A6 allroad,2023,,,,
Audi,A6 allroad,2024,,,,
Audi,A6 allroad,2025,,,,
Audi,A7,2012,,,,
Audi,A7,2013,,,,
Audi,A7,2014,,,,
Audi,A7,2015,,,,
Audi,A7,2016,,,,
Audi,A7,2017,,,,
Audi,A7,2018,,,,
Audi,A7,2019,,,,
Audi,A7,2020,,,,
Audi,A7,2021,,,,
Audi,A7,2022,,,,
Audi,A7,2023,,,,
Audi,A7,2024,,,,
Audi,A7,2025,,,,
Audi,A7 e,2021,,,,
Audi,A7 e,2022,,,,
Audi,A8,1997,,,,
Audi,A8,1998,,,,
Audi,A8,1999,,,,
Audi,A8,2000,,,,
Audi,A8,2001,,,,
Audi,A8,2002,,,,
Audi,A8,2003,,,,
Audi,A8,2004,,,,
Audi,A8,2005,,,,
Audi,A8,2006,,,,
Audi,A8,2007,,,,
Audi,A8,2008,,,,
Audi,A8,2009,,,,
Audi,A8,2010,,,,
Audi,A8,2011,,,,
Audi,A8,2012,,,,
Audi,A8,2013,,,,
Audi,A8,2014,,,,
Audi,A8,2015,,,,
Audi,A8,2016,,,,
Audi,A8,2017,,,,
Audi,A8,2018,,,,
Audi,A8,2019,,,,
Audi,A8,2020,,,,
Audi,A8 e,2020,,,,
Audi,A8 L,2021,,,,
Audi,A8 L,2022,,,,
Audi,A8 L,2023,,,,
Audi,A8 L,2024,,,,
Audi,A8 L,2025,,,,
Audi,A8 L e,2021,,,,
Audi,allroad,2001,,,,
Audi,allroad,2002,,,,
Audi,allroad,2003,,,,
Audi,allroad,2004,,,,
Audi,allroad,2005,,,,
Audi,Cabriolet,1992,,,,
Audi,Cabriolet,1993,,,,
Audi,Cabriolet,1994,,,,
Audi,Cabriolet,1995,,,,
Audi,Cabriolet,1996,,,,
Audi,Cabriolet,1997,,,,
Audi,Cabriolet,1998,,,,
Audi,Coupe,1990,,,,
Audi,Coupe,1991,,,,
Audi,e-tron,2019,,,,
Audi,e-tron,2021,,,,
Audi,e-tron,2022,,,,
Audi,e-tron,2023,,,,
Audi,e-tron GT,2022,,,,
Audi,e-tron GT,2023,,,,
Audi,e-tron GT,2024,,,,
Audi,e-tron Sportback,2020,,,,
Audi,e-tron Sportback,2021,,,,
Audi,e-tron Sportback,2022,,,,
Audi,Q3,2015,,,,
Audi,Q3,2016,,,,
Audi,Q3,2017,,,,
Audi,Q3,2018,,,,
Audi,Q3,2019,,,,
Audi,Q3,2020,,,,
Audi,Q3,2021,,,,
Audi,Q3,2022,,,,
Audi,Q3,2023,,,,
Audi,Q3,2024,,,,
Audi,Q3,2025,,,,
Audi,Q4,2022,,,,
Audi,Q4,2023,,,,
Audi,Q4,2024,,,,
Audi,Q4,2025,,,,
Audi,Q5,2009,,,,
Audi,Q5,2010,,,,
Audi,Q5,2011,,,,
Audi,Q5,2012,,,,
Audi,Q5,2013,,,,
Audi,Q5,2014,,,,
Audi,Q5,2015,,,,
Audi,Q5,2016,,,,
Audi,Q5,2017,,,,
Audi,Q5,2018,,,,
Audi,Q5,2019,,,,
Audi,Q5,2020,,,,
Audi,Q5,2021,,,,
Audi,Q5,2022,,,,
Audi,Q5,2023,,,,
Audi,Q5,2024,,,,
Audi,Q5,2025,,,,
Audi,Q5 e,2020,,,,
Audi,Q5 e,2021,,,,
Audi,Q5 e,2023,,,,
Audi,Q5 e,2024,,,,
Audi,Q5 e,2025,,,,
Audi,Q6,2025,,,,
Audi,Q7,2007,,,,
Audi,Q7,2008,,,,
Audi,Q7,2009,,,,
Audi,Q7,2010,,,,
Audi,Q7,2011,,,,
Audi,Q7,2012,,,,
Audi,Q7,2013,,,,
Audi,Q7,2014,,,,
Audi,Q7,2015,,,,
Audi,Q7,2017,,,,
Audi,Q7,2018,,,,
Audi,Q7,2019,,,,
Audi,Q7,2020,,,,
Audi,Q7,2021,,,,
Audi,Q7,2022,,,,
Audi,Q7,2023,,,,
Audi,Q7,2024,,,,
Audi,Q7,2025,,,,
Audi,Q8,2019,,,,
Audi,Q8,2020,,,,
Audi,Q8,2021,,,,
Audi,Q8,2022,,,,
Audi,Q8,2023,,,,
Audi,Q8,2024,,,,
Audi,Q8,2025,,,,
Audi,Quattro,1983,,,,
Audi,R8,2008,,,,
Audi,R8,2009,,,,
Audi,R8,2010,,,,
Audi,R8,2011,,,,
Audi,R8,2012,,,,
Audi,R8,2014,,,,
Audi,R8,2015,,,,
Audi,R8,2016,,,,
Audi,R8,2017,,,,
Audi,R8,2018,,,,
Audi,R8,2020,,,,
Audi,R8,2021,,,,
Audi,R8,2022,,,,
Audi,R8,2023,,,,
Audi,RS 3,2017,,,,
Audi,RS 3,2018,,,,
Audi,RS 3,2019,,,,
Audi,RS 3,2020,,,,
Audi,RS 3,2022,,,,
Audi,RS 3,2023,,,,
Audi,RS 3,2024,,,,
Audi,RS 3,2025,,,,
Audi,RS 4,2007,,,,
Audi,RS 4,2008,,,,
Audi,RS 5,2013,,,,
Audi,RS 5,2014,,,,
Audi,RS 5,2015,,,,
Audi,RS 5,2018,,,,
Audi,RS 5,2019,,,,
Audi,RS 5,2021,,,,
Audi,RS 5,2022,,,,
Audi,RS 5,2023,,,,
Audi,RS 5,2024,,,,
Audi,RS 5,2025,,,,
Audi,RS 6,2003,,,,
Audi,RS 6,2004,,,,
Audi,RS 6 Avant,2021,,,,
Audi,RS 6 Avant,2022,,,,
Audi,RS 6 Avant,2023,,,,
Audi,RS 6 Avant,2024,,,,
Audi,RS 6 Avant,2025,,,,
Audi,RS 7,2014,,,,
Audi,RS 7,2015,,,,
Audi,RS 7,2016,,,,
Audi,RS 7,2017,,,,
Audi,RS 7,2018,,,,
Audi,RS 7,2021,,,,
Audi,RS 7,2022,,,,
Audi,RS 7,2023,,,,
Audi,RS 7,2024,,,,
Audi,RS 7,2025,,,,
Audi,RS e-tron GT,2022,,,,
Audi,RS e-tron GT,2023,,,,
Audi,RS e-tron GT,2024,,,,
Audi,RS e-tron GT,2025,,,,
Audi,RS Q8,2020,,,,
Audi,RS Q8,2021,,,,
Audi,RS Q8,2022,,,,
Audi,RS Q8,2023,,,,
Audi,RS Q8,2024,,,,
Audi,RS Q8,2025,,,,
Audi,RS4,2007,,,,
Audi,RS5,2013,,,,
Audi,S e-tron GT,2025,,,,
Audi,S3,2015,,,,
Audi,S3,2016,,,,
Audi,S3,2017,,,,
Audi,S3,2018,,,,
Audi,S3,2019,,,,
Audi,S3,2020,,,,
Audi,S3,2022,,,,
Audi,S3,2023,,,,
Audi,S3,2024,,,,
Audi,S3,2025,,,,
Audi,S4,1992,,,,
Audi,S4,1993,,,,
Audi,S4,1994,,,,
Audi,S4,1999,,,,
Audi,S4,2000,,,,
Audi,S4,2001,,,,
Audi,S4,2002,,,,
Audi,S4,2004,,,,
Audi,S4,2005,,,,
Audi,S4,2006,,,,
Audi,S4,2007,,,,
Audi,S4,2008,,,,
Audi,S4,2009,,,,
Audi,S4,2010,,,,
Audi,S4,2011,,,,
Audi,S4,2012,,,,
Audi,S4,2013,,,,
Audi,S4,2014,,,,
Audi,S4,2015,,,,
Audi,S4,2016,,,,
Audi,S4,2018,,,,
Audi,S4,2019,,,,
Audi,S4,2020,,,,
Audi,S4,2021,,,,
Audi,S4,2022,,,,
Audi,S4,2023,,,,
Audi,S4,2024,,,,
Audi,S4,2025,,,,
Audi,S5,2008,,,,
Audi,S5,2009,,,,
Audi,S5,2010,,,,
Audi,S5,2011,,,,
Audi,S5,2012,,,,
Audi,S5,2013,,,,
Audi,S5,2014,,,,
Audi,S5,2015,,,,
Audi,S5,2016,,,,
Audi,S5,2017,,,,
Audi,S5,2018,,,,
Audi,S5,2019,,,,
Audi,S5,2020,,,,
Audi,S5,2021,,,,
Audi,S5,2022,,,,
Audi,S5,2023,,,,
Audi,S5,2024,,,,
Audi,S5,2025,,,,
Audi,S6,1995,,,,
Audi,S6,1996,,,,
Audi,S6,1997,,,,
Audi,S6,2002,,,,
Audi,S6,2003,,,,
Audi,S6,2007,,,,
Audi,S6,2008,,,,
Audi,S6,2009,,,,
Audi,S6,2010,,,,
Audi,S6,2011,,,,
Audi,S6,2013,,,,
Audi,S6,2014,,,,
Audi,S6,2015,,,,
Audi,S6,2016,,,,
Audi,S6,2017,,,,
Audi,S6,2018,,,,
Audi,S6,2020,,,,
Audi,S6,2021,,,,
Audi,S6,2022,,,,
Audi,S6,2023,,,,
Audi,S6,2024,,,,
Audi,S6,2025,,,,
Audi,S7,2013,,,,
Audi,S7,2014,,,,
Audi,S7,2015,,,,
Audi,S7,2016,,,,
Audi,S7,2017,,,,
Audi,S7,2018,,,,
Audi,S7,2020,,,,
Audi,S7,2021,,,,
Audi,S7,2022,,,,
Audi,S7,2023,,,,
Audi,S7,2024,,,,
Audi,S7,2025,,,,
Audi,S8,2001,,,,
Audi,S8,2002,,,,
Audi,S8,2003,,,,
Audi,S8,2007,,,,
Audi,S8,2008,,,,
Audi,S8,2009,,,,
Audi,S8,2013,,,,
Audi,S8,2014,,,,
Audi,S8,2015,,,,
Audi,S8,2016,,,,
Audi,S8,2017,,,,
Audi,S8,2018,,,,
Audi,S8,2020,,,,
Audi,S8,2021,,,,
Audi,S8,2022,,,,
Audi,S8,2023,,,,
Audi,S8,2024,,,,
Audi,S8,2025,,,,
Audi,SQ5,2014,,,,
Audi,SQ5,2015,,,,
Audi,SQ5,2016,,,,
Audi,SQ5,2017,,,,
Audi,SQ5,2018,,,,
Audi,SQ5,2019,,,,
Audi,SQ5,2020,,,,
Audi,SQ5,2021,,,,
Audi,SQ5,2022,,,,
Audi,SQ5,2023,,,,
Audi,SQ5,2024,,,,
Audi,SQ5,2025,,,,
Audi,SQ6,2025,,,,
Audi,SQ7,2020,,,,
Audi,SQ7,2021,,,,
Audi,SQ7,2022,,,,
Audi,SQ7,2023,,,,
Audi,SQ7,2024,,,,
Audi,SQ7,2025,,,,
Audi,SQ8,2020,,,,
Audi,SQ8,2021,,,,
Audi,SQ8,2022,,,,
Audi,SQ8,2023,,,,
Audi,SQ8,2024,,,,
Audi,SQ8,2025,,,,
Audi,TT,2000,,,,
Audi,TT,2001,,,,
Audi,TT,2002,,,,
Audi,TT,2003,,,,
Audi,TT,2004,,,,
Audi,TT,2005,,,,
Audi,TT,2006,,,,
Audi,TT,2008,,,,
Audi,TT,2009,,,,
Audi,TT,2010,,,,
Audi,TT,2011,,,,
Audi,TT,2012,,,,
Audi,TT,2013,,,,
Audi,TT,2014,,,,
Audi,TT,2015,,,,
Audi,TT,2016,,,,
Audi,TT,2017,,,,
Audi,TT,2018,,,,
Audi,TT,2019,,,,
Audi,TT,2020,,,,
Audi,TT,2021,,,,
Audi,TT,2022,,,,
Audi,TT,2023,,,,
Audi,TT RS,2013,,,,
Audi,TT RS,2014,,,,
Audi,TT RS,2018,,,,
Audi,TT RS,2019,,,,
Audi,TT RS,2020,,,,
Audi,TT RS,2021,,,,
Audi,TT RS,2022,,,,
Audi,TTS,2009,,,,
Audi,TTS,2010,,,,
Audi,TTS,2011,,,,
Audi,TTS,2012,,,,
Audi,TTS,2013,,,,
Audi,TTS,2014,,,,
Audi,TTS,2015,,,,
Audi,TTS,2016,,,,
Audi,TTS,2017,,,,
Audi,TTS,2018,,,,
Audi,TTS,2019,,,,
Audi,TTS,2020,,,,
Audi,TTS,2021,,,,
Audi,TTS,2022,,,,
Audi,TTS,2023,,,,
Audi,V8,1991,,,,
Audi,V8,1992,,,,
Audi,V8,1993,,,,
Audi,V8,1994,,,,
Bentley,Arnage,1999,,,,
Bentley,Arnage,2000,,,,
Bentley,Arnage,2001,,,,
Bentley,Arnage,2002,,,,
Bentley,Arnage,2003,,,,
Bentley,Arnage,2004,,,,
Bentley,Arnage,2005,,,,
Bentley,Arnage,2006,,,,
Bentley,Arnage,2007,,,,
Bentley,Arnage,2008,,,,
Bentley,Arnage,2009,,,,
Bentley,Azure,1996,,,,
Bentley,Azure,1997,,,,
Bentley,Azure,1998,,,,
Bentley,Azure,1999,,,,
Bentley,Azure,2000,,,,
Bentley,Azure,2001,,,,
Bentley,Azure,2002,,,,
Bentley,Azure,2003,,,,
Bentley,Azure,2004,,,,
Bentley,Azure,2005,,,,
Bentley,Azure,2006,,,,
Bentley,Azure,2007,,,,
Bentley,Azure,2008,,,,
Bentley,Azure,2009,,,,
Bentley,Azure,2010,,,,
Bentley,Bentayga,2017,,,,
Bentley,Bentayga,2018,,,,
Bentley,Bentayga,2019,,,,
Bentley,Bentayga,2020,,,,
Bentley,Bentayga,2021,,,,
Bentley,Bentayga,2022,,,,
Bentley,Bentayga,2023,,,,
Bentley,Bentayga,2024,,,,
Bentley,Bentayga,2025,,,,
Bentley,Brooklands,1993,,,,
Bentley,Brooklands,1994,,,,
Bentley,Brooklands,1995,,,,
Bentley,Brooklands,1996,,,,
Bentley,Brooklands,1997,,,,
Bentley,Brooklands,1998,,,,
Bentley,Brooklands,2009,,,,
Bentley,Brooklands,2010,,,,
Bentley,Continental,1984,,,,
Bentley,Continental,1985,,,,
Bentley,Continental,1986,,,,
Bentley,Continental,1987,,,,
Bentley,Continental,1988,,,,
Bentley,Continental,1989,,,,
Bentley,Continental,1990,,,,
Bentley,Continental,1991,,,,
Bentley,Continental,1992,,,,
Bentley,Continental,1993,,,,
Bentley,Continental,1994,,,,
Bentley,Continental,1995,,,,
Bentley,Continental,1996,,,,
Bentley,Continental,1997,,,,
Bentley,Continental,1998,,,,
Bentley,Continental,1999,,,,
Bentley,Continental,2000,,,,
Bentley,Continental,2001,,,,
Bentley,Continental,2002,,,,
Bentley,Continental,2003,,,,
Bentley,Continental,2004,,,,
Bentley,Continental,2005,,,,
Bentley,Continental,2006,,,,
Bentley,Continental,2007,,,,
Bentley,Continental,2008,,,,
Bentley,Continental,2009,,,,
Bentley,Continental,2010,,,,
Bentley,Continental,2011,,,,
Bentley,Continental,2012,,,,
Bentley,Continental,2013,,,,
Bentley,Continental,2014,,,,
Bentley,Continental,2015,,,,
Bentley,Continental,2016,,,,
Bentley,Continental,2017,,,,
Bentley,Continental,2018,,,,
Bentley,Continental,2019,,,,
Bentley,Continental,2020,,,,
Bentley,Continental,2021,,,,
Bentley,Continental,2022,,,,
Bentley,Continental,2023,,,,
Bentley,Continental,2024,,,,
Bentley,Continental,2025,,,,
Bentley,Continental GT,2004,,,,
Bentley,Eight,1987,,,,
Bentley,Eight,1988,,,,
Bentley,Eight,1989,,,,
Bentley,Eight,1990,,,,
Bentley,Eight,1991,,,,
Bentley,Eight,1992,,,,
Bentley,Flying Spur,2014,,,,
Bentley,Flying Spur,2015,,,,
Bentley,Flying Spur,2016,,,,
Bentley,Flying Spur,2017,,,,
Bentley,Flying Spur,2018,,,,
Bentley,Flying Spur,2019,,,,
Bentley,Flying Spur,2020,,,,
Bentley,Flying Spur,2021,,,,
Bentley,Flying Spur,2022,,,,
Bentley,Flying Spur,2023,,,,
Bentley,Flying Spur,2024,,,,
Bentley,Flying Spur,2025,,,,
Bentley,Mulsanne,1984,,,,
Bentley,Mulsanne,1985,,,,
Bentley,Mulsanne,1986,,,,
Bentley,Mulsanne,1987,,,,
Bentley,Mulsanne,1988,,,,
Bentley,Mulsanne,1989,,,,
Bentley,Mulsanne,1990,,,,
Bentley,Mulsanne,1991,,,,
Bentley,Mulsanne,1992,,,,
Bentley,Mulsanne,2011,,,,
Bentley,Mulsanne,2012,,,,
Bentley,Mulsanne,2013,,,,
Bentley,Mulsanne,2014,,,,
Bentley,Mulsanne,2015,,,,
Bentley,Mulsanne,2016,,,,
Bentley,Mulsanne,2017,,,,
Bentley,Mulsanne,2018,,,,
Bentley,Mulsanne,2019,,,,
Bentley,Mulsanne,2020,,,,
Bentley,Turbo,1989,,,,
Bentley,Turbo,1990,,,,
Bentley,Turbo,1991,,,,
Bentley,Turbo,1992,,,,
Bentley,Turbo,1993,,,,
Bentley,Turbo,1994,,,,
Bentley,Turbo,1995,,,,
Bentley,Turbo,1996,,,,
Bentley,Turbo,1997,,,,
Bentley,Turbo,1998,,,,
BMW,128i,2008,,,,
BMW,128i,2009,,,,
BMW,128i,2010,,,,
BMW,128i,2011,,,,
BMW,128i,2012,,,,
BMW,128i,2013,,,,
BMW,128i,2014,,,,
BMW,135i,2008,,,,
BMW,135i,2009,,,,
BMW,135i,2010,,,,
BMW,135i,2011,,,,
BMW,135i,2012,,,,
BMW,135i,2013,,,,
BMW,135i,2014,,,,
BMW,1M,2011,,,,
BMW,2002,1972,,,,
BMW,228i,2014,,,,
BMW,228i,2015,,,,
BMW,228i,2016,,,,
BMW,228i,2017,,,,
BMW,228i,2018,,,,
BMW,228i,2020,,,,
BMW,228i,2021,,,,
BMW,228i,2022,,,,
BMW,228i,2023,,,,
BMW,228i,2024,,,,
BMW,228i,2025,,,,
BMW,230i,2017,,,,
BMW,230i,2018,,,,
BMW,230i,2019,,,,
BMW,230i,2020,,,,
BMW,230i,2021,,,,
BMW,230i,2022,,,,
BMW,230i,2023,,,,
BMW,230i,2024,,,,
BMW,230i,2025,,,,
BMW,3 Series,2015,,,,
BMW,318i,1981,,,,
BMW,318i,1982,,,,
BMW,318i,1983,,,,
BMW,318i,1984,,,,
BMW,318i,1985,,,,
BMW,318i,1990,,,,
BMW,318i,1991,,,,
BMW,318i,1992,,,,
BMW,318i,1993,,,,
BMW,318i,1994,,,,
BMW,318i,1995,,,,
BMW,318i,1996,,,,
BMW,318i,1997,,,,
BMW,318i,1998,,,,
BMW,318iC,1981,,,,
BMW,318iC,1982,,,,
BMW,318iC,1983,,,,
BMW,318iC,1984,,,,
BMW,318iC,1985,,,,
BMW,318iC,1990,,,,
BMW,318iC,1991,,,,
BMW,318iC,1992,,,,
BMW,318iC,1993,,,,
BMW,318iC,1994,,,,
BMW,318iC,1995,,,,
BMW,318iC,1996,,,,
BMW,318iS,1981,,,,
BMW,318iS,1982,,,,
BMW,318iS,1983,,,,
BMW,318iS,1984,,,,
BMW,318iS,1985,,,,
BMW,318iS,1990,,,,
BMW,318iS,1991,,,,
BMW,318iS,1992,,,,
BMW,318iS,1993,,,,
BMW,318iS,1994,,,,
BMW,318iS,1995,,,,
BMW,318iS,1996,,,,
BMW,318ti,1981,,,,
BMW,318ti,1982,,,,
BMW,318ti,1983,,,,
BMW,318ti,1984,,,,
BMW,318ti,1985,,,,
BMW,318ti,1986,,,,
BMW,318ti,1987,,,,
BMW,318ti,1990,,,,
BMW,318ti,1991,,,,
BMW,318ti,1992,,,,
BMW,318ti,1993,,,,
BMW,318ti,1994,,,,
BMW,318ti,1995,,,,
BMW,318ti,1996,,,,
BMW,318ti,1999,,,,
BMW,318ti,2000,,,,
BMW,320i,1981,,,,
BMW,320i,1982,,,,
BMW,320i,1983,,,,
BMW,320i,1987,,,,
BMW,320i,2013,,,,
BMW,320i,2014,,,,
BMW,320i,2015,,,,
BMW,320i,2016,,,,
BMW,320i,2017,,,,
BMW,320i,2018,,,,
BMW,323i,1999,,,,
BMW,323i,2000,,,,
BMW,323iC,1998,,,,
BMW,323iC,1999,,,,
BMW,323iC,2000,,,,
BMW,323is,1998,,,,
BMW,323is,1999,,,,
BMW,323is,2000,,,,
BMW,325/325e,1985,,,,
BMW,325/325e,1986,,,,
BMW,325/325e,1987,,,,
BMW,325/325e,1988,,,,
BMW,325/325eS,1986,,,,
BMW,325/325eS,1987,,,,
BMW,325/325eS,1988,,,,
BMW,325Ci,2000,,,,
BMW,325Ci,2001,,,,
BMW,325Ci,2002,,,,
BMW,325Ci,2003,,,,
BMW,325Ci,2004,,,,
BMW,325Ci,2005,,,,
BMW,325Ci,2006,,,,
BMW,325i,1987,,,,
BMW,325i,1988,,,,
BMW,325i,1989,,,,
BMW,325i,1990,,,,
BMW,325i,1991,,,,
BMW,325i,1992,,,,
BMW,325i,1993,,,,
BMW,325i,1994,,,,
BMW,325i,1995,,,,
BMW,325i,2001,,,,
BMW,325i,2002,,,,
BMW,325i,2003,,,,
BMW,325i,2004,,,,
BMW,325i,2005,,,,
BMW,325i,2006,,,,
BMW,325i/325is,1989,,,,
BMW,325iC,1987,,,,
BMW,325iC,1988,,,,
BMW,325iC,1989,,,,
BMW,325iC,1990,,,,
BMW,325iC,1991,,,,
BMW,325iC,1992,,,,
BMW,325iC,1993,,,,
BMW,325iC,1994,,,,
BMW,325iC,1995,,,,
BMW,325iS,1987,,,,
BMW,325iS,1988,,,,
BMW,325iS,1990,,,,
BMW,325iS,1991,,,,
BMW,325iS,1992,,,,
BMW,325iS,1993,,,,
BMW,325iS,1994,,,,
BMW,325iS,1995,,,,
BMW,325ix,1986,,,,
BMW,325ix,1988,,,,
BMW,325ix,1989,,,,
BMW,325ix,1990,,,,
BMW,325ix,1991,,,,
BMW,325xi,2002,,,,
BMW,325xi,2003,,,,
BMW,325xi,2004,,,,
BMW,325xi,2005,,,,
BMW,325xi,2006,,,,
BMW,328Ci,1999,,,,
BMW,328Ci,2000,,,,
BMW,328d,2014,,,,
BMW,328d,2015,,,,
BMW,328d,2016,,,,
BMW,328d,2017,,,,
BMW,328d,2018,,,,
BMW,328i,1996,,,,
BMW,328i,1997,,,,
BMW,328i,1998,,,,
BMW,328i,1999,,,,
BMW,328i,2000,,,,
BMW,328i,2007,,,,
BMW,328i,2008,,,,
BMW,328i,2009,,,,
BMW,328i,2010,,,,
BMW,328i,2011,,,,
BMW,328i,2012,,,,
BMW,328i,2013,,,,
BMW,328i,2014,,,,
BMW,328i,2015,,,,
BMW,328i,2016,,,,
BMW,328iC,1996,,,,
BMW,328iC,1997,,,,
BMW,328iC,1998,,,,
BMW,328iC,1999,,,,
BMW,328iC,2000,,,,
BMW,328iS,1996,,,,
BMW,328iS,1997,,,,
BMW,328iS,1998,,,,
BMW,328iS,1999,,,,
BMW,328iS,2000,,,,
BMW,328xi,2007,,,,
BMW,328xi,2008,,,,
BMW,330Ci,2001,,,,
BMW,330Ci,2002,,,,
BMW,330Ci,2003,,,,
BMW,330Ci,2004,,,,
BMW,330Ci,2005,,,,
BMW,330Ci,2006,,,,
BMW,330e,2016,,,,
BMW,330e,2017,,,,
BMW,330e,2018,,,,
BMW,330e,2021,,,,
BMW,330e,2022,,,,
BMW,330e,2023,,,,
BMW,330e,2024,,,,
BMW,330i,2001,,,,
BMW,330i,2002,,,,
BMW,330i,2003,,,,
BMW,330i,2004,,,,
BMW,330i,2005,,,,
BMW,330i,2006,,,,
BMW,330i,2017,,,,
BMW,330i,2018,,,,
BMW,330i,2019,,,,
BMW,330i,2020,,,,
BMW,330i,2021,,,,
BMW,330i,2022,,,,
BMW,330i,2023,,,,
BMW,330i,2024,,,,
BMW,330i,2025,,,,
BMW,330xi,2002,,,,
BMW,330xi,2003,,,,
BMW,330xi,2004,,,,
BMW,330xi,2005,,,,
BMW,330xi,2006,,,,
BMW,335,2014,,,,
BMW,335d,2009,,,,
BMW,335d,2010,,,,
BMW,335d,2011,,,,
BMW,335i,2007,,,,
BMW,335i,2008,,,,
BMW,335i,2009,,,,
BMW,335i,2010,,,,
BMW,335i,2011,,,,
BMW,335i,2012,,,,
BMW,335i,2013,,,,
BMW,335i,2014,,,,
BMW,335i,2015,,,,
BMW,335i,2016,,,,
BMW,335i,2017,,,,
BMW,335is,2011,,,,
BMW,335is,2012,,,,
BMW,335is,2013,,,,
BMW,335is,2014,,,,
BMW,335is,2015,,,,
BMW,335xi,2007,,,,
BMW,335xi,2008,,,,
BMW,340i,2016,,,,
BMW,340i,2017,,,,
BMW,340i,2018,,,,
BMW,340i,2019,,,,
BMW,340i,2023,,,,
BMW,340i,2024,,,,
BMW,428i,2014,,,,
BMW,428i,2015,,,,
BMW,428i,2016,,,,
BMW,430i,2017,,,,
BMW,430i,2018,,,,
BMW,430i,2019,,,,
BMW,430i,2020,,,,
BMW,430i,2021,,,,
BMW,430i,2022,,,,
BMW,430i,2023,,,,
BMW,430i,2024,,,,
BMW,430i,2025,,,,
BMW,435i,2014,,,,
BMW,435i,2015,,,,
BMW,435i,2016,,,,
BMW,440i,2017,,,,
BMW,440i,2018,,,,
BMW,440i,2019,,,,
BMW,440i,2020,,,,
BMW,5 Series,2018,,,,
BMW,524td,1981,,,,
BMW,524td,1982,,,,
BMW,524td,1983,,,,
BMW,524td,1984,,,,
BMW,524td,1985,,,,
BMW,524td,1986,,,,
BMW,525i,1989,,,,
BMW,525i,1990,,,,
BMW,525i,1991,,,,
BMW,525i,1992,,,,
BMW,525i,1993,,,,
BMW,525i,1994,,,,
BMW,525i,1995,,,,
BMW,525i,2001,,,,
BMW,525i,2002,,,,
BMW,525i,2003,,,,
BMW,525i,2004,,,,
BMW,525i,2005,,,,
BMW,525i,2006,,,,
BMW,525i,2007,,,,
BMW,525iA,2003,,,,
BMW,525xi,2006,,,,
BMW,525xi,2007,,,,
BMW,528e,1981,,,,
BMW,528e,1982,,,,
BMW,528e,1983,,,,
BMW,528e,1984,,,,
BMW,528e,1985,,,,
BMW,528e,1986,,,,
BMW,528e,1987,,,,
BMW,528e,1988,,,,
BMW,528i,1981,,,,
BMW,528i,1997,,,,
BMW,528i,1998,,,,
BMW,528i,1999,,,,
BMW,528i,2000,,,,
BMW,528i,2008,,,,
BMW,528i,2009,,,,
BMW,528i,2010,,,,
BMW,528i,2011,,,,
BMW,528i,2012,,,,
BMW,528i,2013,,,,
BMW,528i,2014,,,,
BMW,528i,2015,,,,
BMW,528i,2016,,,,
BMW,528xi,2008,,,,
BMW,528xi,2012,,,,
BMW,528xi,2013,,,,
BMW,530e,2018,,,,
BMW,530e,2019,,,,
BMW,530e,2020,,,,
BMW,530e,2021,,,,
BMW,530e,2022,,,,
BMW,530e,2023,,,,
BMW,530i,1994,,,,
BMW,530i,1995,,,,
BMW,530i,2001,,,,
BMW,530i,2002,,,,
BMW,530i,2003,,,,
BMW,530i,2004,,,,
BMW,530i,2005,,,,
BMW,530i,2006,,,,
BMW,530i,2007,,,,
BMW,530i,2017,,,,
BMW,530i,2018,,,,
BMW,530i,2019,,,,
BMW,530i,2020,,,,
BMW,530i,2021,,,,
BMW,530i,2022,,,,
BMW,530i,2023,,,,
BMW,530i,2024,,,,
BMW,530i,2025,,,,
BMW,530iA,2003,,,,
BMW,530xi,2006,,,,
BMW,530xi,2007,,,,
BMW,533i,1981,,,,
BMW,533i,1982,,,,
BMW,533i,1983,,,,
BMW,533i,1984,,,,
BMW,535d,2014,,,,
BMW,535d,2015,,,,
BMW,535d,2016,,,,
BMW,535i,1985,,,,
BMW,535i,1987,,,,
BMW,535i,1988,,,,
BMW,535i,1989,,,,
BMW,535i,1990,,,,
BMW,535i,1991,,,,
BMW,535i,1992,,,,
BMW,535i,1993,,,,
BMW,535i,2008,,,,
BMW,535i,2009,,,,
BMW,535i,2010,,,,
BMW,535i,2011,,,,
BMW,535i,2012,,,,
BMW,535i,2013,,,,
BMW,535i,2014,,,,
BMW,535i,2015,,,,
BMW,535i,2016,,,,
BMW,535i,2017,,,,
BMW,535i/535is,1986,,,,
BMW,535i/535is,1987,,,,
BMW,535i/535is,1988,,,,
BMW,535xi,2008,,,,
BMW,540d,2018,,,,
BMW,540d,2019,,,,
BMW,540i,1994,,,,
BMW,540i,1995,,,,
BMW,540i,1997,,,,
BMW,540i,1998,,,,
BMW,540i,1999,,,,
BMW,540i,2000,,,,
BMW,540i,2001,,,,
BMW,540i,2002,,,,
BMW,540i,2003,,,,
BMW,540i,2017,,,,
BMW,540i,2018,,,,
BMW,540i,2019,,,,
BMW,540i,2020,,,,
BMW,540i,2021,,,,
BMW,540i,2022,,,,
BMW,540i,2023,,,,
BMW,540i,2024,,,,
BMW,540i,2025,,,,
BMW,540iA,2003,,,,
BMW,545i,2004,,,,
BMW,545i,2005,,,,
BMW,550e,2025,,,,
BMW,550i,2006,,,,
BMW,550i,2007,,,,
BMW,550i,2008,,,,
BMW,550i,2009,,,,
BMW,550i,2010,,,,
BMW,550i,2011,,,,
BMW,550i,2012,,,,
BMW,550i,2013,,,,
BMW,550i,2014,,,,
BMW,550i,2015,,,,
BMW,550i,2016,,,,
BMW,550i,2017,,,,
BMW,633 csi,1981,,,,
BMW,633 csi,1982,,,,
BMW,633 csi,1983,,,,
BMW,633 csi,1984,,,,
BMW,635CSi,1981,,,,
BMW,635CSi,1982,,,,
BMW,635CSi,1983,,,,
BMW,635CSi,1984,,,,
BMW,635CSi,1985,,,,
BMW,635CSi,1986,,,,
BMW,635CSi,1987,,,,
BMW,635CSi,1988,,,,
BMW,635CSi,1989,,,,
BMW,640i,2012,,,,
BMW,640i,2013,,,,
BMW,640i,2014,,,,
BMW,640i,2015,,,,
BMW,640i,2016,,,,
BMW,640i,2017,,,,
BMW,640i,2018,,,,
BMW,640i,2019,,,,
BMW,640xi,2018,,,,
BMW,640xi,2019,,,,
BMW,645Ci,2004,,,,
BMW,645Ci,2005,,,,
BMW,645i,2004,,,,
BMW,650i,2006,,,,
BMW,650i,2007,,,,
BMW,650i,2008,,,,
BMW,650i,2009,,,,
BMW,650i,2010,,,,
BMW,650i,2012,,,,
BMW,650i,2013,,,,
BMW,650i,2014,,,,
BMW,650i,2015,,,,
BMW,650i,2016,,,,
BMW,650i,2017,,,,
BMW,650i,2018,,,,
BMW,650i,2019,,,,
BMW,650xi,2012,,,,
BMW,650xi,2013,,,,
BMW,650xi,2014,,,,
BMW,650xi,2015,,,,
BMW,730i,1994,,,,
BMW,733i,1981,,,,
BMW,733i,1982,,,,
BMW,733i,1983,,,,
BMW,733i,1984,,,,
BMW,735i,1981,,,,
BMW,735i,1982,,,,
BMW,735i,1983,,,,
BMW,735i,1984,,,,
BMW,735i,1985,,,,
BMW,735i,1986,,,,
BMW,735i,1987,,,,
BMW,735i,1988,,,,
BMW,735i,1989,,,,
BMW,735i,1990,,,,
BMW,735i,1991,,,,
BMW,735i,1992,,,,
BMW,735iL,1981,,,,
BMW,735iL,1982,,,,
BMW,735iL,1983,,,,
BMW,735iL,1984,,,,
BMW,735iL,1985,,,,
BMW,735iL,1986,,,,
BMW,735iL,1988,,,,
BMW,735iL,1989,,,,
BMW,735iL,1990,,,,
BMW,735iL,1991,,,,
BMW,735iL,1992,,,,
BMW,740e,2017,,,,
BMW,740e,2018,,,,
BMW,740e,2019,,,,
BMW,740i,1993,,,,
BMW,740i,1994,,,,
BMW,740i,1995,,,,
BMW,740i,1997,,,,
BMW,740i,1998,,,,
BMW,740i,1999,,,,
BMW,740i,2000,,,,
BMW,740i,2001,,,,
BMW,740i,2011,,,,
BMW,740i,2012,,,,
BMW,740i,2013,,,,
BMW,740i,2014,,,,
BMW,740i,2015,,,,
BMW,740i,2016,,,,
BMW,740i,2017,,,,
BMW,740i,2018,,,,
BMW,740i,2019,,,,
BMW,740i,2020,,,,
BMW,740i,2021,,,,
BMW,740i,2023,,,,
BMW,740i,2024,,,,
BMW,740i,2025,,,,
BMW,740iL,1993,,,,
BMW,740iL,1994,,,,
BMW,740iL,1995,,,,
BMW,740iL,1996,,,,
BMW,740iL,1997,,,,
BMW,740iL,1998,,,,
BMW,740iL,1999,,,,
BMW,740iL,2000,,,,
BMW,740iL,2001,,,,
BMW,740Li,2011,,,,
BMW,740Li,2012,,,,
BMW,740Li,2013,,,,
BMW,740Li,2014,,,,
BMW,740Li,2015,,,,
BMW,740Li,2022,,,,
BMW,745e,2020,,,,
BMW,745e,2021,,,,
BMW,745i,2002,,,,
BMW,745i,2003,,,,
BMW,745i,2004,,,,
BMW,745i,2005,,,,
BMW,745Le,2022,,,,
BMW,745Li,2002,,,,
BMW,745Li,2003,,,,
BMW,745Li,2004,,,,
BMW,745Li,2005,,,,
BMW,750e,2024,,,,
BMW,750e,2025,,,,
BMW,750i,2001,,,,
BMW,750i,2006,,,,
BMW,750i,2007,,,,
BMW,750i,2008,,,,
BMW,750i,2009,,,,
BMW,750i,2010,,,,
BMW,750i,2011,,,,
BMW,750i,2012,,,,
BMW,750i,2013,,,,
BMW,750i,2014,,,,
BMW,750i,2015,,,,
BMW,750i,2016,,,,
BMW,750i,2017,,,,
BMW,750i,2018,,,,
BMW,750i,2019,,,,
BMW,750i,2020,,,,
BMW,750i,2021,,,,
BMW,750i,2022,,,,
BMW,750iL,1988,,,,
BMW,750iL,1989,,,,
BMW,750iL,1990,,,,
BMW,750iL,1991,,,,
BMW,750iL,1992,,,,
BMW,750iL,1993,,,,
BMW,750iL,1994,,,,
BMW,750iL,1995,,,,
BMW,750iL,1996,,,,
BMW,750iL,1997,,,,
BMW,750iL,1998,,,,
BMW,750iL,1999,,,,
BMW,750Li,2000,,,,
BMW,750Li,2006,,,,
BMW,750Li,2007,,,,
BMW,750Li,2008,,,,
BMW,750Li,2009,,,,
BMW,750Li,2010,,,,
BMW,750Li,2011,,,,
BMW,750Li,2012,,,,
BMW,750Li,2013,,,,
BMW,750Li,2014,,,,
BMW,750Li,2015,,,,
BMW,750Li,2022,,,,
BMW,750Lxi,2010,,,,
BMW,750Lxi,2011,,,,
BMW,750Lxi,2012,,,,
BMW,750Lxi,2013,,,,
BMW,750Lxi,2014,,,,
BMW,750Lxi,2015,,,,
BMW,750xi,2010,,,,
BMW,750xi,2011,,,,
BMW,750xi,2012,,,,
BMW,750xi,2013,,,,
BMW,750xi,2014,,,,
BMW,750xi,2015,,,,
BMW,760i,2005,,,,
BMW,760i,2006,,,,
BMW,760i,2023,,,,
BMW,760i,2024,,,,
BMW,760i,2025,,,,
BMW,760Li,2003,,,,
BMW,760Li,2004,,,,
BMW,760Li,2005,,,,
BMW,760Li,2006,,,,
BMW,760Li,2007,,,,
BMW,760Li,2008,,,,
BMW,760Li,2010,,,,
BMW,760Li,2011,,,,
BMW,760Li,2012,,,,
BMW,760Li,2013,,,,
BMW,760Li,2014,,,,
BMW,760Li,2015,,,,
BMW,840Ci,1981,,,,
BMW,840Ci,1982,,,,
BMW,840Ci,1983,,,,
BMW,840Ci,1984,,,,
BMW,840Ci,1985,,,,
BMW,840Ci,1986,,,,
BMW,840Ci,1987,,,,
BMW,840Ci,1988,,,,
BMW,840Ci,1989,,,,
BMW,840Ci,1990,,,,
BMW,840Ci,1991,,,,
BMW,840Ci,1992,,,,
BMW,840Ci,1993,,,,
BMW,840Ci,1994,,,,
BMW,840Ci,1995,,,,
BMW,840Ci,1996,,,,
BMW,840i,2020,,,,
BMW,840i,2021,,,,
BMW,840i,2022,,,,
BMW,840i,2023,,,,
BMW,840i,2024,,,,
BMW,840i,2025,,,,
BMW,850Ci,1981,,,,
BMW,850Ci,1982,,,,
BMW,850Ci,1983,,,,
BMW,850Ci,1984,,,,
BMW,850Ci,1985,,,,
BMW,850Ci,1986,,,,
BMW,850Ci,1987,,,,
BMW,850Ci,1988,,,,
BMW,850Ci,1989,,,,
BMW,850Ci,1990,,,,
BMW,850Ci,1991,,,,
BMW,850Ci,1992,,,,
BMW,850Ci,1993,,,,
BMW,850Ci,1994,,,,
BMW,850Ci,1995,,,,
BMW,850Ci,1996,,,,
BMW,850CSi,1981,,,,
BMW,850CSi,1982,,,,
BMW,850CSi,1983,,,,
BMW,850CSi,1984,,,,
BMW,850CSi,1985,,,,
BMW,850CSi,1986,,,,
BMW,850CSi,1987,,,,
BMW,850CSi,1988,,,,
BMW,850CSi,1989,,,,
BMW,850CSi,1990,,,,
BMW,850CSi,1991,,,,
BMW,850CSi,1992,,,,
BMW,850CSi,1993,,,,
BMW,850CSi,1994,,,,
BMW,850CSi,1995,,,,
BMW,850i,1991,,,,
BMW,850i,1992,,,,
BMW,850i,2019,,,,
BMW,ActiveE,2012,,,,
BMW,ActiveHybrid 3,2014,,,,
BMW,ActiveHybrid 3,2015,,,,
BMW,ActiveHybrid 5,2012,,,,
BMW,ActiveHybrid 5,2013,,,,
BMW,ActiveHybrid 5,2014,,,,
BMW,ActiveHybrid 5,2015,,,,
BMW,ActiveHybrid 5,2016,,,,
BMW,ActiveHybrid 5,2018,,,,
BMW,ActiveHybrid 7,2014,,,,
BMW,ActiveHybrid 7,2015,,,,
BMW,Alpina,2003,,,,
BMW,Alpina B6,2015,,,,
BMW,Alpina B6,2016,,,,
BMW,Alpina B7,2012,,,,
BMW,Alpina B7,2013,,,,
BMW,Alpina B7,2014,,,,
BMW,Alpina B7,2015,,,,
BMW,Alpina B8,2022,,,,
BMW,Alpina B8,2023,,,,
BMW,Alpina B8,2024,,,,
BMW,Alpina B8,2025,,,,
BMW,B6,2017,,,,
BMW,B6,2018,,,,
BMW,B6,2019,,,,
BMW,B7,2017,,,,
BMW,B7,2018,,,,
BMW,B7,2019,,,,
BMW,B7,2020,,,,
BMW,B7,2021,,,,
BMW,B7,2022,,,,
BMW,i3,2014,,,,
BMW,i3,2015,,,,
BMW,i3,2016,,,,
BMW,i3,2017,,,,
BMW,i3,2018,,,,
BMW,i3,2019,,,,
BMW,i3,2020,,,,
BMW,i3,2021,,,,
BMW,i4,2022,,,,
BMW,i4,2023,,,,
BMW,i4,2024,,,,
BMW,i4,2025,,,,
BMW,i5,2024,,,,
BMW,i5,2025,,,,
BMW,i7,2023,,,,
BMW,i7,2024,,,,
BMW,i7,2025,,,,
BMW,i8,2014,,,,
BMW,i8,2015,,,,
BMW,i8,2016,,,,
BMW,i8,2017,,,,
BMW,i8,2019,,,,
BMW,i8,2020,,,,
BMW,iX,2022,,,,
BMW,iX,2023,,,,
BMW,iX,2024,,,,
BMW,iX,2025,,,,
BMW,L7,1981,,,,
BMW,L7,1982,,,,
BMW,L7,1983,,,,
BMW,L7,1984,,,,
BMW,L7,1985,,,,
BMW,L7,1986,,,,
BMW,L7,1987,,,,
BMW,L7,1988,,,,
BMW,M2,2016,,,,
BMW,M2,2017,,,,
BMW,M2,2018,,,,
BMW,M2,2019,,,,
BMW,M2,2020,,,,
BMW,M2,2021,,,,
BMW,M2,2022,,,,
BMW,M2,2023,,,,
BMW,M2,2024,,,,
BMW,M2,2025,,,,
BMW,M235,2025,,,,
BMW,M235i,2014,,,,
BMW,M235i,2015,,,,
BMW,M235i,2016,,,,
BMW,M235i,2020,,,,
BMW,M235i,2021,,,,
BMW,M235i,2022,,,,
BMW,M235i,2023,,,,
BMW,M235i,2024,,,,
BMW,M240i,2017,,,,
BMW,M240i,2018,,,,
BMW,M240i,2019,,,,
BMW,M240i,2020,,,,
BMW,M240i,2021,,,,
BMW,M240i,2022,,,,
BMW,M240i,2023,,,,
BMW,M240i,2024,,,,
BMW,M240i,2025,,,,
BMW,M3,1988,,,,
BMW,M3,1989,,,,
BMW,M3,1990,,,,
BMW,M3,1991,,,,
BMW,M3,1995,,,,
BMW,M3,1996,,,,
BMW,M3,1997,,,,
BMW,M3,1998,,,,
BMW,M3,1999,,,,
BMW,M3,2001,,,,
BMW,M3,2002,,,,
BMW,M3,2003,,,,
BMW,M3,2004,,,,
BMW,M3,2005,,,,
BMW,M3,2006,,,,
BMW,M3,2008,,,,
BMW,M3,2009,,,,
BMW,M3,2010,,,,
BMW,M3,2011,,,,
BMW,M3,2012,,,,
BMW,M3,2013,,,,
BMW,M3,2015,,,,
BMW,M3,2016,,,,
BMW,M3,2017,,,,
BMW,M3,2018,,,,
BMW,M3,2021,,,,
BMW,M3,2022,,,,
BMW,M3,2023,,,,
BMW,M3,2024,,,,
BMW,M3,2025,,,,
BMW,M340i,2020,,,,
BMW,M340i,2021,,,,
BMW,M340i,2022,,,,
BMW,M340i,2023,,,,
BMW,M340i,2024,,,,
BMW,M340i,2025,,,,
BMW,M3Ci,2001,,,,
BMW,M3Ci,2002,,,,
BMW,M3Ci,2003,,,,
BMW,M3Ci,2004,,,,
BMW,M3Ci,2005,,,,
BMW,M3Ci,2006,,,,
BMW,M4,2015,,,,
BMW,M4,2016,,,,
BMW,M4,2017,,,,
BMW,M4,2018,,,,
BMW,M4,2019,,,,
BMW,M4,2020,,,,
BMW,M4,2021,,,,
BMW,M4,2022,,,,
BMW,M4,2023,,,,
BMW,M4,2024,,,,
BMW,M4,2025,,,,
BMW,M440i,2021,,,,
BMW,M440i,2022,,,,
BMW,M440i,2023,,,,
BMW,M440i,2024,,,,
BMW,M440i,2025,,,,
BMW,M5,1988,,,,
BMW,M5,1991,,,,
BMW,M5,1992,,,,
BMW,M5,1993,,,,
BMW,M5,2000,,,,
BMW,M5,2001,,,,
BMW,M5,2002,,,,
BMW,M5,2003,,,,
BMW,M5,2006,,,,
BMW,M5,2007,,,,
BMW,M5,2008,,,,
BMW,M5,2009,,,,
BMW,M5,2010,,,,
BMW,M5,2013,,,,
BMW,M5,2014,,,,
BMW,M5,2015,,,,
BMW,M5,2016,,,,
BMW,M5,2017,,,,
BMW,M5,2018,,,,
BMW,M5,2019,,,,
BMW,M5,2020,,,,
BMW,M5,2021,,,,
BMW,M5,2022,,,,
BMW,M5,2023,,,,
BMW,M5,2025,,,,
BMW,M550i,2018,,,,
BMW,M550i,2019,,,,
BMW,M550i,2020,,,,
BMW,M550i,2021,,,,
BMW,M550i,2022,,,,
BMW,M550i,2023,,,,
BMW,M6,1981,,,,
BMW,M6,1982,,,,
BMW,M6,1983,,,,
BMW,M6,1984,,,,
BMW,M6,1985,,,,
BMW,M6,1986,,,,
BMW,M6,1987,,,,
BMW,M6,1988,,,,
BMW,M6,2006,,,,
BMW,M6,2007,,,,
BMW,M6,2008,,,,
BMW,M6,2009,,,,
BMW,M6,2010,,,,
BMW,M6,2012,,,,
BMW,M6,2013,,,,
BMW,M6,2014,,,,
BMW,M6,2015,,,,
BMW,M6,2016,,,,
BMW,M6,2017,,,,
BMW,M6,2018,,,,
BMW,M6,2019,,,,
BMW,M760i,2017,,,,
BMW,M760i,2018,,,,
BMW,M760i,2019,,,,
BMW,M760i,2020,,,,
BMW,M760i,2021,,,,
BMW,M760Li,2022,,,,
BMW,M8,2020,,,,
BMW,M8,2021,,,,
BMW,M8,2022,,,,
BMW,M8,2023,,,,
BMW,M8,2024,,,,
BMW,M8,2025,,,,
BMW,M850i,2020,,,,
BMW,M850i,2021,,,,
BMW,M850i,2022,,,,
BMW,M850i,2023,,,,
BMW,M850i,2024,,,,
BMW,M850i,2025,,,,
BMW,X1,2012,,,,
BMW,X1,2013,,,,
BMW,X1,2014,,,,
BMW,X1,2015,,,,
BMW,X1,2016,,,,
BMW,X1,2017,,,,
BMW,X1,2018,,,,
BMW,X1,2019,,,,
BMW,X1,2020,,,,
BMW,X1,2021,,,,
BMW,X1,2022,,,,
BMW,X1,2023,,,,
BMW,X1,2024,,,,
BMW,X1,2025,,,,
BMW,X2,2018,,,,
BMW,X2,2019,,,,
BMW,X2,2020,,,,
BMW,X2,2021,,,,
BMW,X2,2022,,,,
BMW,X2,2023,,,,
BMW,X2,2024,,,,
BMW,X2,2025,,,,
BMW,X3,2004,,,,
BMW,X3,2005,,,,
BMW,X3,2006,,,,
BMW,X3,2007,,,,
BMW,X3,2008,,,,
BMW,X3,2009,,,,
BMW,X3,2010,,,,
BMW,X3,2011,,,,
BMW,X3,2012,,,,
BMW,X3,2013,,,,
BMW,X3,2014,,,,
BMW,X3,2015,,,,
BMW,X3,2016,,,,
BMW,X3,2017,,,,
BMW,X3,2018,,,,
BMW,X3,2019,,,,
BMW,X3,2020,,,,
BMW,X3,2021,,,,
BMW,X3,2022,,,,
BMW,X3,2023,,,,
BMW,X3,2024,,,,
BMW,X3,2025,,,,
BMW,X4,2015,,,,
BMW,X4,2016,,,,
BMW,X4,2017,,,,
BMW,X4,2018,,,,
BMW,X4,2019,,,,
BMW,X4,2020,,,,
BMW,X4,2021,,,,
BMW,X4,2022,,,,
BMW,X4,2023,,,,
BMW,X4,2024,,,,
BMW,X4,2025,,,,
BMW,X5,2000,,,,
BMW,X5,2001,,,,
BMW,X5,2002,,,,
BMW,X5,2003,,,,
BMW,X5,2004,,,,
BMW,X5,2005,,,,
BMW,X5,2006,,,,
BMW,X5,2007,,,,
BMW,X5,2008,,,,
BMW,X5,2009,,,,
BMW,X5,2010,,,,
BMW,X5,2011,,,,
BMW,X5,2012,,,,
BMW,X5,2013,,,,
BMW,X5,2014,,,,
BMW,X5,2015,,,,
BMW,X5,2016,,,,
BMW,X5,2017,,,,
BMW,X5,2018,,,,
BMW,X5,2019,,,,
BMW,X5,2020,,,,
BMW,X5,2021,,,,
BMW,X5,2022,,,,
BMW,X5,2023,,,,
BMW,X5,2024,,,,
BMW,X5,2025,,,,
BMW,X5 M,2021,,,,
BMW,X6,2008,,,,
BMW,X6,2009,,,,
BMW,X6,2010,,,,
BMW,X6,2011,,,,
BMW,X6,2012,,,,
BMW,X6,2013,,,,
BMW,X6,2014,,,,
BMW,X6,2015,,,,
BMW,X6,2016,,,,
BMW,X6,2017,,,,
BMW,X6,2018,,,,
BMW,X6,2019,,,,
BMW,X6,2020,,,,
BMW,X6,2021,,,,
BMW,X6,2022,,,,
BMW,X6,2023,,,,
BMW,X6,2024,,,,
BMW,X6,2025,,,,
BMW,X7,2019,,,,
BMW,X7,2020,,,,
BMW,X7,2021,,,,
BMW,X7,2022,,,,
BMW,X7,2023,,,,
BMW,X7,2024,,,,
BMW,X7,2025,,,,
BMW,XM,2023,,,,
BMW,XM,2024,,,,
BMW,XM,2025,,,,
BMW,Z3,1996,,,,
BMW,Z3,1997,,,,
BMW,Z3,1998,,,,
BMW,Z3,1999,,,,
BMW,Z3,2000,,,,
BMW,Z3,2001,,,,
BMW,Z3,2002,,,,
BMW,Z4,2003,,,,
BMW,Z4,2004,,,,
BMW,Z4,2005,,,,
BMW,Z4,2006,,,,
BMW,Z4,2007,,,,
BMW,Z4,2008,,,,
BMW,Z4,2009,,,,
BMW,Z4,2010,,,,
BMW,Z4,2011,,,,
BMW,Z4,2012,,,,
BMW,Z4,2013,,,,
BMW,Z4,2014,,,,
BMW,Z4,2015,,,,
BMW,Z4,2016,,,,
BMW,Z4,2019,,,,
BMW,Z4,2020,,,,
BMW,Z4,2021,,,,
BMW,Z4,2022,,,,
BMW,Z4,2023,,,,
BMW,Z4,2024,,,,
BMW,Z4,2025,,,,
BMW,Z8,2001,,,,
BMW,Z8,2002,,,,
BMW,Z8,2003,,,,
Bugatti,Chiron,2018,,,,
Bugatti,Chiron,2019,,,,
Bugatti,Chiron,2020,,,,
Bugatti,Chiron,2021,,,,
Bugatti,Chiron,2022,,,,
Bugatti,Chiron,2023,,,,
Bugatti,Chiron,2024,,,,
Bugatti,Chiron Pur Sport,2020,,,,
Bugatti,Chiron Pur Sport,2021,,,,
Bugatti,Chiron Pur Sport,2022,,,,
Bugatti,Chiron Pur Sport,2023,,,,
Bugatti,Chiron Pur Sport,2024,,,,
Bugatti,Chiron Supersport,2020,,,,
Bugatti,Chiron Supersport,2021,,,,
Bugatti,Chiron Supersport,2022,,,,
Bugatti,Chiron Supersport,2023,,,,
Bugatti,Chiron Supersport,2024,,,,
Bugatti,EB110,1994,,,,
Bugatti,EB110,1995,,,,
Bugatti,EB110,1996,,,,
Bugatti,EB110,1997,,,,
Bugatti,EB110,1998,,,,
Bugatti,EB110,1999,,,,
Bugatti,EB110,2000,,,,
Bugatti,EB110,2001,,,,
Bugatti,EB110,2002,,,,
Bugatti,EB110,2003,,,,
Bugatti,EB110,2004,,,,
Bugatti,EB110,2005,,,,
Bugatti,EB110,2006,,,,
Bugatti,EB110,2007,,,,
Bugatti,EB110,2008,,,,
Bugatti,EB110,2009,,,,
Bugatti,EB110,2010,,,,
Bugatti,EB110,2011,,,,
Bugatti,EB110,2012,,,,
Bugatti,EB110,2013,,,,
Bugatti,EB110,2014,,,,
Bugatti,EB110,2015,,,,
Bugatti,EB110,2016,,,,
Bugatti,EB110,2017,,,,
Bugatti,EB110,2018,,,,
Bugatti,EB110,2019,,,,
Bugatti,EB110,2020,,,,
Bugatti,EB110,2021,,,,
Bugatti,EB110,2022,,,,
Bugatti,EB110,2023,,,,
Bugatti,EB110,2024,,,,
Bugatti,EB110,2025,,,,
Bugatti,Mistral,2025,,,,
Bugatti,Veyron,2005,,,,
Bugatti,Veyron,2006,,,,
Bugatti,Veyron,2007,,,,
Bugatti,Veyron,2008,,,,
Bugatti,Veyron,2009,,,,
Bugatti,Veyron,2010,,,,
Bugatti,Veyron,2011,,,,
Bugatti,Veyron,2012,,,,
Bugatti,Veyron,2013,,,,
Bugatti,Veyron,2014,,,,
Bugatti,Veyron,2015,,,,
Bugatti,Veyron,2016,,,,
Bugatti,Veyron,2017,,,,
Buick,Allure,2005,,,,
Buick,Allure,2006,,,,
Buick,Allure,2007,,,,
Buick,Allure,2008,,,,
Buick,Allure,2009,,,,
Buick,Cascada,2016,,,,
Buick,Cascada,2017,,,,
Buick,Cascada,2018,,,,
Buick,Cascada,2019,,,,
Buick,Century,1981,,,,
Buick,Century,1982,,,,
Buick,Century,1983,,,,
Buick,Century,1984,,,,
Buick,Century,1985,,,,
Buick,Century,1986,,,,
Buick,Century,1987,,,,
Buick,Century,1988,,,,
Buick,Century,1989,,,,
Buick,Century,1990,,,,
Buick,Century,1991,,,,
Buick,Century,1992,,,,
Buick,Century,1993,,,,
Buick,Century,1994,,,,
Buick,Century,1995,,,,
Buick,Century,1996,,,,
Buick,Century,1997,,,,
Buick,Century,1998,,,,
Buick,Century,1999,,,,
Buick,Century,2000,,,,
Buick,Century,2001,,,,
Buick,Century,2002,,,,
Buick,Century,2003,,,,
Buick,Century,2004,,,,
Buick,Century,2005,,,,
Buick,Coachbuilder,1990,,,,
Buick,Coachbuilder,1991,,,,
Buick,Coachbuilder,1992,,,,
Buick,Coachbuilder,1993,,,,
Buick,Coachbuilder,1994,,,,
Buick,Coachbuilder,1995,,,,
Buick,Coachbuilder,1996,,,,
Buick,Electra,1981,,,,
Buick,Electra,1982,,,,
Buick,Electra,1983,,,,
Buick,Electra,1984,,,,
Buick,Electra,1985,,,,
Buick,Electra,1986,,,,
Buick,Electra,1987,,,,
Buick,Electra,1988,,,,
Buick,Electra,1989,,,,
Buick,Electra,1990,,,,
Buick,Enclave,2007,,,,
Buick,Enclave,2008,,,,
Buick,Enclave,2009,,,,
Buick,Enclave,2010,,,,
Buick,Enclave,2011,,,,
Buick,Enclave,2012,,,,
Buick,Enclave,2013,,,,
Buick,Enclave,2014,,,,
Buick,Enclave,2015,,,,
Buick,Enclave,2016,,,,
Buick,Enclave,2017,,,,
Buick,Enclave,2018,,,,
Buick,Enclave,2019,,,,
Buick,Enclave,2020,,,,
Buick,Enclave,2021,,,,
Buick,Enclave,2022,,,,
Buick,Enclave,2023,,,,
Buick,Enclave,2024,,,,
Buick,Enclave,2025,,,,
Buick,Encore,2013,,,,
Buick,Encore,2014,,,,
Buick,Encore,2015,,,,
Buick,Encore,2016,,,,
Buick,Encore,2017,,,,
Buick,Encore,2018,,,,
Buick,Encore,2019,,,,
Buick,Encore,2020,,,,
Buick,Encore,2021,,,,
Buick,Encore,2022,,,,
Buick,Encore GX,2020,,,,
Buick,Encore GX,2021,,,,
Buick,Encore GX,2022,,,,
Buick,Encore GX,2023,,,,
Buick,Encore GX,2024,,,,
Buick,Encore GX,2025,,,,
Buick,Envision,2016,,,,
Buick,Envision,2017,,,,
Buick,Envision,2018,,,,
Buick,Envision,2019,,,,
Buick,Envision,2020,,,,
Buick,Envision,2021,,,,
Buick,Envision,2022,,,,
Buick,Envision,2023,,,,
Buick,Envision,2024,,,,
Buick,Envision,2025,,,,
Buick,Envista,2024,,,,
Buick,Envista,2025,,,,
Buick,Grand National,1987,,,,
Buick,Incomplete,2001,,,,
Buick,LaCrosse,2005,,,,
Buick,LaCrosse,2006,,,,
Buick,LaCrosse,2007,,,,
Buick,LaCrosse,2008,,,,
Buick,LaCrosse,2009,,,,
Buick,LaCrosse,2010,,,,
Buick,LaCrosse,2011,,,,
Buick,LaCrosse,2012,,,,
Buick,LaCrosse,2013,,,,
Buick,LaCrosse,2014,,,,
Buick,LaCrosse,2015,,,,
Buick,LaCrosse,2016,,,,
Buick,LaCrosse,2017,,,,
Buick,LaCrosse,2018,,,,
Buick,LaCrosse,2019,,,,
Buick,LeSabre,1981,,,,
Buick,LeSabre,1982,,,,
Buick,LeSabre,1983,,,,
Buick,LeSabre,1984,,,,
Buick,LeSabre,1985,,,,
Buick,LeSabre,1986,,,,
Buick,LeSabre,1987,,,,
Buick,LeSabre,1988,,,,
Buick,LeSabre,1989,,,,
Buick,LeSabre,1990,,,,
Buick,LeSabre,1991,,,,
Buick,LeSabre,1992,,,,
Buick,LeSabre,1993,,,,
Buick,LeSabre,1994,,,,
Buick,LeSabre,1995,,,,
Buick,LeSabre,1996,,,,
Buick,LeSabre,1997,,,,
Buick,LeSabre,1998,,,,
Buick,LeSabre,1999,,,,
Buick,LeSabre,2000,,,,
Buick,LeSabre,2001,,,,
Buick,LeSabre,2002,,,,
Buick,LeSabre,2003,,,,
Buick,LeSabre,2004,,,,
Buick,LeSabre,2005,,,,
Buick,Lucerne,2006,,,,
Buick,Lucerne,2007,,,,
Buick,Lucerne,2008,,,,
Buick,Lucerne,2009,,,,
Buick,Lucerne,2010,,,,
Buick,Lucerne,2011,,,,
Buick,Park Avenue,1991,,,,
Buick,Park Avenue,1992,,,,
Buick,Park Avenue,1993,,,,
Buick,Park Avenue,1994,,,,
Buick,Park Avenue,1995,,,,
Buick,Park Avenue,1996,,,,
Buick,Park Avenue,1997,,,,
Buick,Park Avenue,1998,,,,
Buick,Park Avenue,1999,,,,
Buick,Park Avenue,2000,,,,
Buick,Park Avenue,2001,,,,
Buick,Park Avenue,2002,,,,
Buick,Park Avenue,2003,,,,
Buick,Park Avenue,2004,,,,
Buick,Park Avenue,2005,,,,
Buick,Rainier,2004,,,,
Buick,Rainier,2005,,,,
Buick,Rainier,2006,,,,
Buick,Rainier,2007,,,,
Buick,Reatta,1988,,,,
Buick,Reatta,1989,,,,
Buick,Reatta,1990,,,,
Buick,Reatta,1991,,,,
Buick,Regal,1981,,,,
Buick,Regal,1982,,,,
Buick,Regal,1983,,,,
Buick,Regal,1984,,,,
Buick,Regal,1985,,,,
Buick,Regal,1986,,,,
Buick,Regal,1987,,,,
Buick,Regal,1988,,,,
Buick,Regal,1989,,,,
Buick,Regal,1990,,,,
Buick,Regal,1991,,,,
Buick,Regal,1992,,,,
Buick,Regal,1993,,,,
Buick,Regal,1994,,,,
Buick,Regal,1995,,,,
Buick,Regal,1996,,,,
Buick,Regal,1997,,,,
Buick,Regal,1998,,,,
Buick,Regal,1999,,,,
Buick,Regal,2000,,,,
Buick,Regal,2001,,,,
Buick,Regal,2002,,,,
Buick,Regal,2003,,,,
Buick,Regal,2004,,,,
Buick,Regal,2011,,,,
Buick,Regal,2012,,,,
Buick,Regal,2013,,,,
Buick,Regal,2014,,,,
Buick,Regal,2015,,,,
Buick,Regal,2016,,,,
Buick,Regal,2017,,,,
Buick,Regal,2018,,,,
Buick,Regal,2019,,,,
Buick,Regal,2020,,,,
Buick,Regal GS,2012,,,,
Buick,Regal TourX,2018,,,,
Buick,Regal TourX,2019,,,,
Buick,Regal TourX,2020,,,,
Buick,Rendezvous,2001,,,,
Buick,Rendezvous,2002,,,,
Buick,Rendezvous,2003,,,,
Buick,Rendezvous,2004,,,,
Buick,Rendezvous,2005,,,,
Buick,Rendezvous,2006,,,,
Buick,Rendezvous,2007,,,,
Buick,Riviera,1965,,,,
Buick,Riviera,1981,,,,
Buick,Riviera,1982,,,,
Buick,Riviera,1983,,,,
Buick,Riviera,1984,,,,
Buick,Riviera,1985,,,,
Buick,Riviera,1986,,,,
Buick,Riviera,1987,,,,
Buick,Riviera,1988,,,,
Buick,Riviera,1989,,,,
Buick,Riviera,1990,,,,
Buick,Riviera,1991,,,,
Buick,Riviera,1992,,,,
Buick,Riviera,1993,,,,
Buick,Riviera,1995,,,,
Buick,Riviera,1996,,,,
Buick,Riviera,1997,,,,
Buick,Riviera,1998,,,,
Buick,Riviera,1999,,,,
Buick,Roadmaster,1990,,,,
Buick,Roadmaster,1991,,,,
Buick,Roadmaster,1992,,,,
Buick,Roadmaster,1993,,,,
Buick,Roadmaster,1994,,,,
Buick,Roadmaster,1995,,,,
Buick,Roadmaster,1996,,,,
Buick,Skyhawk,1981,,,,
Buick,Skyhawk,1982,,,,
Buick,Skyhawk,1983,,,,
Buick,Skyhawk,1984,,,,
Buick,Skyhawk,1985,,,,
Buick,Skyhawk,1986,,,,
Buick,Skyhawk,1987,,,,
Buick,Skyhawk,1988,,,,
Buick,Skyhawk,1989,,,,
Buick,Skyhawk,1990,,,,
Buick,Skylark,1981,,,,
Buick,Skylark,1982,,,,
Buick,Skylark,1983,,,,
Buick,Skylark,1984,,,,
Buick,Skylark,1985,,,,
Buick,Skylark,1986,,,,
Buick,Skylark,1987,,,,
Buick,Skylark,1988,,,,
Buick,Skylark,1989,,,,
Buick,Skylark,1990,,,,
Buick,Skylark,1991,,,,
Buick,Skylark,1992,,,,
Buick,Skylark,1993,,,,
Buick,Skylark,1994,,,,
Buick,Skylark,1995,,,,
Buick,Skylark,1996,,,,
Buick,Skylark,1997,,,,
Buick,Skylark,1998,,,,
Buick,Somerset,1985,,,,
Buick,Somerset,1986,,,,
Buick,Somerset,1987,,,,
Buick,Terraza,2005,,,,
Buick,Terraza,2006,,,,
Buick,Terraza,2007,,,,
Buick,Verano,2012,,,,
Buick,Verano,2013,,,,
Buick,Verano,2014,,,,
Buick,Verano,2015,,,,
Buick,Verano,2016,,,,
Buick,Verano,2017,,,,
Cadillac,60 Special,1991,,,,
Cadillac,60 Special,1992,,,,
Cadillac,60 Special,1993,,,,
Cadillac,Allante,1987,,,,
Cadillac,Allante,1988,,,,
Cadillac,Allante,1989,,,,
Cadillac,Allante,1990,,,,
Cadillac,Allante,1991,,,,
Cadillac,Allante,1992,,,,
Cadillac,Allante,1993,,,,
Cadillac,ATS,2013,,,,
Cadillac,ATS,2014,,,,
Cadillac,ATS,2015,,,,
Cadillac,ATS,2016,,,,
Cadillac,ATS,2017,,,,
Cadillac,ATS,2018,,,,
Cadillac,ATS,2019,,,,
Cadillac,ATS-V,2016,,,,
Cadillac,Brougham,1987,,,,
Cadillac,Brougham,1988,,,,
Cadillac,Brougham,1989,,,,
Cadillac,Brougham,1990,,,,
Cadillac,Brougham,1991,,,,
Cadillac,Brougham,1992,,,,
Cadillac,Catera,1997,,,,
Cadillac,Catera,1998,,,,
Cadillac,Catera,1999,,,,
Cadillac,Catera,2000,,,,
Cadillac,Catera,2001,,,,
Cadillac,Celestiq,2025,,,,
Cadillac,Cimarron,1981,,,,
Cadillac,Cimarron,1982,,,,
Cadillac,Cimarron,1983,,,,
Cadillac,Cimarron,1984,,,,
Cadillac,Cimarron,1985,,,,
Cadillac,Cimarron,1986,,,,
Cadillac,Cimarron,1987,,,,
Cadillac,Cimarron,1988,,,,
Cadillac,Commercial Chassis,1985,,,,
Cadillac,Commercial Chassis,1989,,,,
Cadillac,Commercial Chassis,1990,,,,
Cadillac,Commercial Chassis,1991,,,,
Cadillac,Commercial Chassis,1992,,,,
Cadillac,Commercial Chassis,1993,,,,
Cadillac,Commercial Chassis,1994,,,,
Cadillac,Commercial Chassis,1995,,,,
Cadillac,Commercial Chassis,1996,,,,
Cadillac,CT4,2020,,,,
Cadillac,CT4,2021,,,,
Cadillac,CT4,2022,,,,
Cadillac,CT4,2023,,,,
Cadillac,CT4,2024,,,,
Cadillac,CT4,2025,,,,
Cadillac,CT5,2020,,,,
Cadillac,CT5,2021,,,,
Cadillac,CT5,2022,,,,
Cadillac,CT5,2023,,,,
Cadillac,CT5,2024,,,,
Cadillac,CT5,2025,,,,
Cadillac,CT5-V Blackwing,2022,,,,
Cadillac,CT6,2016,,,,
Cadillac,CT6,2017,,,,
Cadillac,CT6,2018,,,,
Cadillac,CT6,2019,,,,
Cadillac,CT6,2020,,,,
Cadillac,CTS,2003,,,,
Cadillac,CTS,2004,,,,
Cadillac,CTS,2005,,,,
Cadillac,CTS,2006,,,,
Cadillac,CTS,2007,,,,
Cadillac,CTS,2008,,,,
Cadillac,CTS,2009,,,,
Cadillac,CTS,2010,,,,
Cadillac,CTS,2011,,,,
Cadillac,CTS,2012,,,,
Cadillac,CTS,2013,,,,
Cadillac,CTS,2014,,,,
Cadillac,CTS,2015,,,,
Cadillac,CTS,2016,,,,
Cadillac,CTS,2017,,,,
Cadillac,CTS,2018,,,,
Cadillac,CTS,2019,,,,
Cadillac,CTS-V,2009,,,,
Cadillac,Deville,1981,,,,
Cadillac,Deville,1982,,,,
Cadillac,Deville,1983,,,,
Cadillac,Deville,1984,,,,
Cadillac,Deville,1985,,,,
Cadillac,Deville,1986,,,,
Cadillac,Deville,1987,,,,
Cadillac,Deville,1988,,,,
Cadillac,Deville,1989,,,,
Cadillac,Deville,1990,,,,
Cadillac,Deville,1991,,,,
Cadillac,Deville,1992,,,,
Cadillac,Deville,1993,,,,
Cadillac,Deville,1994,,,,
Cadillac,Deville,1995,,,,
Cadillac,Deville,1996,,,,
Cadillac,Deville,1997,,,,
Cadillac,Deville,1998,,,,
Cadillac,Deville,1999,,,,
Cadillac,Deville,2000,,,,
Cadillac,Deville,2001,,,,
Cadillac,Deville,2002,,,,
Cadillac,Deville,2003,,,,
Cadillac,Deville,2004,,,,
Cadillac,Deville,2005,,,,
Cadillac,DTS,2006,,,,
Cadillac,DTS,2007,,,,
Cadillac,DTS,2008,,,,
Cadillac,DTS,2009,,,,
Cadillac,DTS,2010,,,,
Cadillac,DTS,2011,,,,
Cadillac,Eldorado,1959,,,,
Cadillac,Eldorado,1976,,,,
Cadillac,Eldorado,1981,,,,
Cadillac,Eldorado,1982,,,,
Cadillac,Eldorado,1983,,,,
Cadillac,Eldorado,1984,,,,
Cadillac,Eldorado,1985,,,,
Cadillac,Eldorado,1986,,,,
Cadillac,Eldorado,1987,,,,
Cadillac,Eldorado,1988,,,,
Cadillac,Eldorado,1989,,,,
Cadillac,Eldorado,1990,,,,
Cadillac,Eldorado,1991,,,,
Cadillac,Eldorado,1992,,,,
Cadillac,Eldorado,1993,,,,
Cadillac,Eldorado,1994,,,,
Cadillac,Eldorado,1995,,,,
Cadillac,Eldorado,1996,,,,
Cadillac,Eldorado,1997,,,,
Cadillac,Eldorado,1998,,,,
Cadillac,Eldorado,1999,,,,
Cadillac,Eldorado,2000,,,,
Cadillac,Eldorado,2001,,,,
Cadillac,Eldorado,2002,,,,
Cadillac,ELR,2014,,,,
Cadillac,ELR,2015,,,,
Cadillac,ELR,2016,,,,
Cadillac,ELR,2017,,,,
Cadillac,Escalade,1999,,,,
Cadillac,Escalade,2000,,,,
Cadillac,Escalade,2001,,,,
Cadillac,Escalade,2002,,,,
Cadillac,Escalade,2003,,,,
Cadillac,Escalade,2004,,,,
Cadillac,Escalade,2005,,,,
Cadillac,Escalade,2006,,,,
Cadillac,Escalade,2007,,,,
Cadillac,Escalade,2008,,,,
Cadillac,Escalade,2009,,,,
Cadillac,Escalade,2010,,,,
Cadillac,Escalade,2011,,,,
Cadillac,Escalade,2012,,,,
Cadillac,Escalade,2013,,,,
Cadillac,Escalade,2014,,,,
Cadillac,Escalade,2015,,,,
Cadillac,Escalade,2016,,,,
Cadillac,Escalade,2017,,,,
Cadillac,Escalade,2018,,,,
Cadillac,Escalade,2019,,,,
Cadillac,Escalade,2020,,,,
Cadillac,Escalade,2021,,,,
Cadillac,Escalade,2022,,,,
Cadillac,Escalade,2023,,,,
Cadillac,Escalade,2024,,,,
Cadillac,Escalade,2025,,,,
Cadillac,Escalade ESV,2017,,,,
Cadillac,Escalade ESV,2018,,,,
Cadillac,Escalade ESV,2019,,,,
Cadillac,Escalade ESV,2020,,,,
Cadillac,Escalade ESV,2021,,,,
Cadillac,Escalade ESV,2022,,,,
Cadillac,Escalade ESV,2023,,,,
Cadillac,Escalade ESV,2024,,,,
Cadillac,Escalade ESV,2025,,,,
Cadillac,Escalade IQ,2025,,,,
Cadillac,Fleetwood,1981,,,,
Cadillac,Fleetwood,1982,,,,
Cadillac,Fleetwood,1983,,,,
Cadillac,Fleetwood,1984,,,,
Cadillac,Fleetwood,1985,,,,
Cadillac,Fleetwood,1986,,,,
Cadillac,Fleetwood,1987,,,,
Cadillac,Fleetwood,1988,,,,
Cadillac,Fleetwood,1989,,,,
Cadillac,Fleetwood,1990,,,,
Cadillac,Fleetwood,1991,,,,
Cadillac,Fleetwood,1992,,,,
Cadillac,Fleetwood,1993,,,,
Cadillac,Fleetwood,1994,,,,
Cadillac,Fleetwood,1995,,,,
Cadillac,Fleetwood,1996,,,,
Cadillac,Hearse,1997,,,,
Cadillac,Hearse,1998,,,,
Cadillac,Hearse,1999,,,,
Cadillac,Hearse,2000,,,,
Cadillac,Hearse,2001,,,,
Cadillac,Hearse,2002,,,,
Cadillac,Hearse,2003,,,,
Cadillac,Hearse,2010,,,,
Cadillac,Limousine,1998,,,,
Cadillac,Limousine,1999,,,,
Cadillac,Limousine,2000,,,,
Cadillac,Limousine,2001,,,,
Cadillac,Limousine,2002,,,,
Cadillac,Limousine,2003,,,,
Cadillac,Limousine,2010,,,,
Cadillac,Lyriq,2023,,,,
Cadillac,Lyriq,2024,,,,
Cadillac,Lyriq,2025,,,,
Cadillac,Optiq,2025,,,,
Cadillac,Series 62,1948,,,,
Cadillac,Seville,1981,,,,
Cadillac,Seville,1982,,,,
Cadillac,Seville,1983,,,,
Cadillac,Seville,1984,,,,
Cadillac,Seville,1985,,,,
Cadillac,Seville,1986,,,,
Cadillac,Seville,1987,,,,
Cadillac,Seville,1988,,,,
Cadillac,Seville,1989,,,,
Cadillac,Seville,1990,,,,
Cadillac,Seville,1991,,,,
Cadillac,Seville,1992,,,,
Cadillac,Seville,1993,,,,
Cadillac,Seville,1994,,,,
Cadillac,Seville,1995,,,,
Cadillac,Seville,1996,,,,
Cadillac,Seville,1997,,,,
Cadillac,Seville,1998,,,,
Cadillac,Seville,1999,,,,
Cadillac,Seville,2000,,,,
Cadillac,Seville,2001,,,,
Cadillac,Seville,2002,,,,
Cadillac,Seville,2003,,,,
Cadillac,Seville,2004,,,,
Cadillac,SRX,2004,,,,
Cadillac,SRX,2005,,,,
Cadillac,SRX,2006,,,,
Cadillac,SRX,2007,,,,
Cadillac,SRX,2008,,,,
Cadillac,SRX,2009,,,,
Cadillac,SRX,2010,,,,
Cadillac,SRX,2011,,,,
Cadillac,SRX,2012,,,,
Cadillac,SRX,2013,,,,
Cadillac,SRX,2014,,,,
Cadillac,SRX,2015,,,,
Cadillac,SRX,2016,,,,
Cadillac,STS,2005,,,,
Cadillac,STS,2006,,,,
Cadillac,STS,2007,,,,
Cadillac,STS,2008,,,,
Cadillac,STS,2009,,,,
Cadillac,STS,2010,,,,
Cadillac,STS,2011,,,,
Cadillac,V16,1930,,,,
Cadillac,XLR,2003,,,,
Cadillac,XLR,2004,,,,
Cadillac,XLR,2005,,,,
Cadillac,XLR,2006,,,,
Cadillac,XLR,2007,,,,
Cadillac,XLR,2008,,,,
Cadillac,XLR,2009,,,,
Cadillac,XT4,2019,,,,
Cadillac,XT4,2020,,,,
Cadillac,XT4,2021,,,,
Cadillac,XT4,2022,,,,
Cadillac,XT4,2023,,,,
Cadillac,XT4,2024,,,,
Cadillac,XT4,2025,,,,
Cadillac,XT5,2017,,,,
Cadillac,XT5,2018,,,,
Cadillac,XT5,2019,,,,
Cadillac,XT5,2020,,,,
Cadillac,XT5,2021,,,,
Cadillac,XT5,2022,,,,
Cadillac,XT5,2023,,,,
Cadillac,XT5,2024,,,,
Cadillac,XT5,2025,,,,
Cadillac,XT6,2020,,,,
Cadillac,XT6,2021,,,,
Cadillac,XT6,2022,,,,
Cadillac,XT6,2023,,,,
Cadillac,XT6,2024,,,,
Cadillac,XT6,2025,,,,
Cadillac,XTS,2013,,,,
Cadillac,XTS,2014,,,,
Cadillac,XTS,2015,,,,
Cadillac,XTS,2016,,,,
Cadillac,XTS,2017,,,,
Cadillac,XTS,2018,,,,
Cadillac,XTS,2019,,,,
Chevrolet,3 ton,2001,,,,
Chevrolet,3 ton,2002,,,,
Chevrolet,3 ton,2003,,,,
Chevrolet,3 ton,2004,,,,
Chevrolet,Alero,1999,,,,
Chevrolet,Aluminum Tilt,1981,,,,
Chevrolet,Aluminum Tilt,1982,,,,
Chevrolet,Aluminum Tilt,1983,,,,
Chevrolet,Aluminum Tilt,1984,,,,
Chevrolet,Aluminum Tilt,1985,,,,
Chevrolet,Aluminum Tilt,1986,,,,
Chevrolet,Aluminum Tilt,1987,,,,
Chevrolet,Aluminum Tilt,1988,,,,
Chevrolet,Astro Van,1985,,,,
Chevrolet,Astro Van,1986,,,,
Chevrolet,Astro Van,1987,,,,
Chevrolet,Astro Van,1988,,,,
Chevrolet,Astro Van,1989,,,,
Chevrolet,Astro Van,1990,,,,
Chevrolet,Astro Van,1991,,,,
Chevrolet,Astro Van,1992,,,,
Chevrolet,Astro Van,1993,,,,
Chevrolet,Astro Van,1994,,,,
Chevrolet,Astro Van,1995,,,,
Chevrolet,Astro Van,1996,,,,
Chevrolet,Astro Van,1997,,,,
Chevrolet,Astro Van,1998,,,,
Chevrolet,Astro Van,1999,,,,
Chevrolet,Astro Van,2000,,,,
Chevrolet,Astro Van,2001,,,,
Chevrolet,Astro Van,2002,,,,
Chevrolet,Astro Van,2003,,,,
Chevrolet,Astro Van,2004,,,,
Chevrolet,Astro Van,2005,,,,
Chevrolet,Avalanche,2002,,,,
Chevrolet,Avalanche,2003,,,,
Chevrolet,Avalanche,2004,,,,
Chevrolet,Avalanche,2005,,,,
Chevrolet,Avalanche,2006,,,,
Chevrolet,Avalanche,2007,,,,
Chevrolet,Avalanche,2008,,,,
Chevrolet,Avalanche,2009,,,,
Chevrolet,Avalanche,2010,,,,
Chevrolet,Avalanche,2011,,,,
Chevrolet,Avalanche,2012,,,,
Chevrolet,Avalanche,2013,,,,
Chevrolet,Aveo,2004,,,,
Chevrolet,Aveo,2005,,,,
Chevrolet,Aveo,2006,,,,
Chevrolet,Aveo,2007,,,,
Chevrolet,Aveo,2008,,,,
Chevrolet,Aveo,2009,,,,
Chevrolet,Aveo,2010,,,,
Chevrolet,Aveo,2011,,,,
Chevrolet,Aveo,2012,,,,
Chevrolet,Aveo,2013,,,,
Chevrolet,Aveo,2014,,,,
Chevrolet,Aveo,2015,,,,
Chevrolet,Aveo,2016,,,,
Chevrolet,Aveo,2017,,,,
Chevrolet,Aveo,2018,,,,
Chevrolet,Aveo,2019,,,,
Chevrolet,Aveo,2020,,,,
Chevrolet,B7,1993,,,,
Chevrolet,Bel Air,1955,,,,
Chevrolet,Beretta,1985,,,,
Chevrolet,Beretta,1986,,,,
Chevrolet,Beretta,1987,,,,
Chevrolet,Beretta,1988,,,,
Chevrolet,Beretta,1989,,,,
Chevrolet,Beretta,1990,,,,
Chevrolet,Beretta,1991,,,,
Chevrolet,Beretta,1992,,,,
Chevrolet,Beretta,1993,,,,
Chevrolet,Beretta,1994,,,,
Chevrolet,Beretta,1995,,,,
Chevrolet,Beretta,1996,,,,
Chevrolet,Blazer,1981,,,,
Chevrolet,Blazer,1982,,,,
Chevrolet,Blazer,1983,,,,
Chevrolet,Blazer,1984,,,,
Chevrolet,Blazer,1985,,,,
Chevrolet,Blazer,1986,,,,
Chevrolet,Blazer,1987,,,,
Chevrolet,Blazer,1988,,,,
Chevrolet,Blazer,1989,,,,
Chevrolet,Blazer,1990,,,,
Chevrolet,Blazer,1991,,,,
Chevrolet,Blazer,1992,,,,
Chevrolet,Blazer,1993,,,,
Chevrolet,Blazer,1994,,,,
Chevrolet,Blazer,1995,,,,
Chevrolet,Blazer,1996,,,,
Chevrolet,Blazer,1997,,,,
Chevrolet,Blazer,1998,,,,
Chevrolet,Blazer,1999,,,,
Chevrolet,Blazer,2000,,,,
Chevrolet,Blazer,2001,,,,
Chevrolet,Blazer,2002,,,,
Chevrolet,Blazer,2003,,,,
Chevrolet,Blazer,2004,,,,
Chevrolet,Blazer,2005,,,,
Chevrolet,Blazer,2019,,,,
Chevrolet,Blazer,2020,,,,
Chevrolet,Blazer,2021,,,,
Chevrolet,Blazer,2022,,,,
Chevrolet,Blazer,2023,,,,
Chevrolet,Blazer,2024,,,,
Chevrolet,Blazer,2025,,,,
Chevrolet,Bolt EUV,2022,,,,
Chevrolet,Bolt EUV,2023,,,,
Chevrolet,Bolt EV,2017,,,,
Chevrolet,Bolt EV,2018,,,,
Chevrolet,Bolt EV,2019,,,,
Chevrolet,Bolt EV,2020,,,,
Chevrolet,Bolt EV,2021,,,,
Chevrolet,Bolt EV,2022,,,,
Chevrolet,Bolt EV,2023,,,,
Chevrolet,BrightDrop,2025,,,,
Chevrolet,Bus Chassis,1981,,,,
Chevrolet,Bus Chassis,1982,,,,
Chevrolet,Bus Chassis,1983,,,,
Chevrolet,Bus Chassis,1984,,,,
Chevrolet,Bus Chassis,1985,,,,
Chevrolet,Bus Chassis,1986,,,,
Chevrolet,Bus Chassis,1987,,,,
Chevrolet,Bus Chassis,1988,,,,
Chevrolet,C/K 10,1982,,,,
Chevrolet,C/K 10,1983,,,,
Chevrolet,C/K 10,1984,,,,
Chevrolet,C/K 10,1985,,,,
Chevrolet,C/K 10,1986,,,,
Chevrolet,C/K 10,1987,,,,
Chevrolet,C/K 10,1988,,,,
Chevrolet,C/K 1500,1988,,,,
Chevrolet,C/K 1500,1989,,,,
Chevrolet,C/K 1500,1990,,,,
Chevrolet,C/K 1500,1991,,,,
Chevrolet,C/K 1500,1992,,,,
Chevrolet,C/K 1500,1993,,,,
Chevrolet,C/K 1500,1994,,,,
Chevrolet,C/K 1500,1995,,,,
Chevrolet,C/K 1500,1996,,,,
Chevrolet,C/K 1500,1997,,,,
Chevrolet,C/K 1500,1998,,,,
Chevrolet,C/K 1500,1999,,,,
Chevrolet,C/K 20,1982,,,,
Chevrolet,C/K 20,1983,,,,
Chevrolet,C/K 20,1984,,,,
Chevrolet,C/K 20,1985,,,,
Chevrolet,C/K 20,1986,,,,
Chevrolet,C/K 20,1987,,,,
Chevrolet,C/K 20,1988,,,,
Chevrolet,C/K 2500,1988,,,,
Chevrolet,C/K 2500,1989,,,,
Chevrolet,C/K 2500,1990,,,,
Chevrolet,C/K 2500,1991,,,,
Chevrolet,C/K 2500,1992,,,,
Chevrolet,C/K 2500,1993,,,,
Chevrolet,C/K 2500,1994,,,,
Chevrolet,C/K 2500,1995,,,,
Chevrolet,C/K 2500,1996,,,,
Chevrolet,C/K 2500,1997,,,,
Chevrolet,C/K 2500,1998,,,,
Chevrolet,C/K 2500,1999,,,,
Chevrolet,C/K 2500,2000,,,,
Chevrolet,C/K 30,1982,,,,
Chevrolet,C/K 3500,1988,,,,
Chevrolet,C/K 3500,1989,,,,
Chevrolet,C/K 3500,1990,,,,
Chevrolet,C/K 3500,1991,,,,
Chevrolet,C/K 3500,1992,,,,
Chevrolet,C/K 3500,1993,,,,
Chevrolet,C/K 3500,1994,,,,
Chevrolet,C/K 3500,1995,,,,
Chevrolet,C/K 3500,1996,,,,
Chevrolet,C/K 3500,1997,,,,
Chevrolet,C/K 3500,1998,,,,
Chevrolet,C/K 3500,1999,,,,
Chevrolet,C/K 3500,2000,,,,
Chevrolet,C/K Pickup,1981,,,,
Chevrolet,C5,1981,,,,
Chevrolet,C5,1982,,,,
Chevrolet,C5,1983,,,,
Chevrolet,C5,1984,,,,
Chevrolet,C5,1985,,,,
Chevrolet,C5,1986,,,,
Chevrolet,C5,1987,,,,
Chevrolet,C5,1988,,,,
Chevrolet,C5,1989,,,,
Chevrolet,C5,1990,,,,
Chevrolet,C5,1991,,,,
Chevrolet,C5,1992,,,,
Chevrolet,C5,1993,,,,
Chevrolet,C6,1981,,,,
Chevrolet,C6,1982,,,,
Chevrolet,C6,1983,,,,
Chevrolet,C6,1984,,,,
Chevrolet,C6,1985,,,,
Chevrolet,C6,1986,,,,
Chevrolet,C6,1987,,,,
Chevrolet,C6,1988,,,,
Chevrolet,C6,1989,,,,
Chevrolet,C6,1990,,,,
Chevrolet,C6,1991,,,,
Chevrolet,C6,1992,,,,
Chevrolet,C6,1993,,,,
Chevrolet,C7,1981,,,,
Chevrolet,C7,1982,,,,
Chevrolet,C7,1983,,,,
Chevrolet,C7,1984,,,,
Chevrolet,C7,1985,,,,
Chevrolet,C7,1986,,,,
Chevrolet,C7,1987,,,,
Chevrolet,C7,1988,,,,
Chevrolet,C7,1989,,,,
Chevrolet,C7,1990,,,,
Chevrolet,C7,1991,,,,
Chevrolet,C7,1992,,,,
Chevrolet,C7,1993,,,,
Chevrolet,Camaro,1969,,,,
Chevrolet,Camaro,1978,,,,
Chevrolet,Camaro,1981,,,,
Chevrolet,Camaro,1982,,,,
Chevrolet,Camaro,1983,,,,
Chevrolet,Camaro,1984,,,,
Chevrolet,Camaro,1985,,,,
Chevrolet,Camaro,1986,,,,
Chevrolet,Camaro,1987,,,,
Chevrolet,Camaro,1988,,,,
Chevrolet,Camaro,1989,,,,
Chevrolet,Camaro,1990,,,,
Chevrolet,Camaro,1991,,,,
Chevrolet,Camaro,1992,,,,
Chevrolet,Camaro,1993,,,,
Chevrolet,Camaro,1994,,,,
Chevrolet,Camaro,1995,,,,
Chevrolet,Camaro,1996,,,,
Chevrolet,Camaro,1997,,,,
Chevrolet,Camaro,1998,,,,
Chevrolet,Camaro,1999,,,,
Chevrolet,Camaro,2000,,,,
Chevrolet,Camaro,2001,,,,
Chevrolet,Camaro,2002,,,,
Chevrolet,Camaro,2010,,,,
Chevrolet,Camaro,2011,,,,
Chevrolet,Camaro,2012,,,,
Chevrolet,Camaro,2013,,,,
Chevrolet,Camaro,2014,,,,
Chevrolet,Camaro,2015,,,,
Chevrolet,Camaro,2016,,,,
Chevrolet,Camaro,2017,,,,
Chevrolet,Camaro,2018,,,,
Chevrolet,Camaro,2019,,,,
Chevrolet,Camaro,2020,,,,
Chevrolet,Camaro,2021,,,,
Chevrolet,Camaro,2022,,,,
Chevrolet,Camaro,2023,,,,
Chevrolet,Camaro,2024,,,,
Chevrolet,Camaro IROC-Z,1987,,,,
Chevrolet,Camaro SS,2012,,,,
Chevrolet,Camaro Z28,1998,,,,
Chevrolet,Caprice,1981,,,,
Chevrolet,Caprice,1982,,,,
Chevrolet,Caprice,1983,,,,
Chevrolet,Caprice,1984,,,,
Chevrolet,Caprice,1985,,,,
Chevrolet,Caprice,1986,,,,
Chevrolet,Caprice,1987,,,,
Chevrolet,Caprice,1988,,,,
Chevrolet,Caprice,1989,,,,
Chevrolet,Caprice,1990,,,,
Chevrolet,Caprice,1991,,,,
Chevrolet,Caprice,1992,,,,
Chevrolet,Caprice,1993,,,,
Chevrolet,Caprice,1994,,,,
Chevrolet,Caprice,1995,,,,
Chevrolet,Caprice,1996,,,,
Chevrolet,Caprice Police Vehicle,2011,,,,
Chevrolet,Caprice Police Vehicle,2012,,,,
Chevrolet,Caprice Police Vehicle,2013,,,,
Chevrolet,Caprice Police Vehicle,2014,,,,
Chevrolet,Caprice Police Vehicle,2015,,,,
Chevrolet,Caprice Police Vehicle,2016,,,,
Chevrolet,Caprice Police Vehicle,2017,,,,
Chevrolet,Captiva Sport,2010,,,,
Chevrolet,Captiva Sport,2011,,,,
Chevrolet,Captiva Sport,2012,,,,
Chevrolet,Captiva Sport,2013,,,,
Chevrolet,Captiva Sport,2014,,,,
Chevrolet,Captiva Sport,2015,,,,
Chevrolet,Captiva Sport,2016,,,,
Chevrolet,Captiva Sport,2017,,,,
Chevrolet,Cavalier,1981,,,,
Chevrolet,Cavalier,1982,,,,
Chevrolet,Cavalier,1983,,,,
Chevrolet,Cavalier,1984,,,,
Chevrolet,Cavalier,1985,,,,
Chevrolet,Cavalier,1986,,,,
Chevrolet,Cavalier,1987,,,,
Chevrolet,Cavalier,1988,,,,
Chevrolet,Cavalier,1989,,,,
Chevrolet,Cavalier,1990,,,,
Chevrolet,Cavalier,1991,,,,
Chevrolet,Cavalier,1992,,,,
Chevrolet,Cavalier,1993,,,,
Chevrolet,Cavalier,1994,,,,
Chevrolet,Cavalier,1995,,,,
Chevrolet,Cavalier,1996,,,,
Chevrolet,Cavalier,1997,,,,
Chevrolet,Cavalier,1998,,,,
Chevrolet,Cavalier,1999,,,,
Chevrolet,Cavalier,2000,,,,
Chevrolet,Cavalier,2001,,,,
Chevrolet,Cavalier,2002,,,,
Chevrolet,Cavalier,2003,,,,
Chevrolet,Cavalier,2004,,,,
Chevrolet,Cavalier,2005,,,,
Chevrolet,Celebrity,1984,,,,
Chevrolet,Celebrity,1985,,,,
Chevrolet,Celebrity,1986,,,,
Chevrolet,Celebrity,1987,,,,
Chevrolet,Celebrity,1988,,,,
Chevrolet,Celebrity,1989,,,,
Chevrolet,Celebrity,1990,,,,
Chevrolet,Chevelle SS,1970,,,,
Chevrolet,Chevette,1981,,,,
Chevrolet,Chevette,1982,,,,
Chevrolet,Chevette,1983,,,,
Chevrolet,Chevette,1984,,,,
Chevrolet,Chevette,1985,,,,
Chevrolet,Chevette,1986,,,,
Chevrolet,Chevette,1987,,,,
Chevrolet,Citation,1981,,,,
Chevrolet,Citation,1982,,,,
Chevrolet,Citation,1983,,,,
Chevrolet,Citation,1984,,,,
Chevrolet,Citation,1985,,,,
Chevrolet,City Express,2015,,,,
Chevrolet,City Express,2016,,,,
Chevrolet,City Express,2017,,,,
Chevrolet,City Express,2018,,,,
Chevrolet,Cobalt,2005,,,,
Chevrolet,Cobalt,2006,,,,
Chevrolet,Cobalt,2007,,,,
Chevrolet,Cobalt,2008,,,,
Chevrolet,Cobalt,2009,,,,
Chevrolet,Cobalt,2010,,,,
Chevrolet,Cobalt SS,2008,,,,
Chevrolet,Colorado,2004,,,,
Chevrolet,Colorado,2005,,,,
Chevrolet,Colorado,2006,,,,
Chevrolet,Colorado,2007,,,,
Chevrolet,Colorado,2008,,,,
Chevrolet,Colorado,2009,,,,
Chevrolet,Colorado,2010,,,,
Chevrolet,Colorado,2011,,,,
Chevrolet,Colorado,2012,,,,
Chevrolet,Colorado,2015,,,,
Chevrolet,Colorado,2016,,,,
Chevrolet,Colorado,2017,,,,
Chevrolet,Colorado,2018,,,,
Chevrolet,Colorado,2019,,,,
Chevrolet,Colorado,2020,,,,
Chevrolet,Colorado,2021,,,,
Chevrolet,Colorado,2022,,,,
Chevrolet,Colorado,2023,,,,
Chevrolet,Colorado,2024,,,,
Chevrolet,Colorado,2025,,,,
Chevrolet,Corsica,1985,,,,
Chevrolet,Corsica,1986,,,,
Chevrolet,Corsica,1987,,,,
Chevrolet,Corsica,1988,,,,
Chevrolet,Corsica,1989,,,,
Chevrolet,Corsica,1990,,,,
Chevrolet,Corsica,1991,,,,
Chevrolet,Corsica,1992,,,,
Chevrolet,Corsica,1993,,,,
Chevrolet,Corsica,1994,,,,
Chevrolet,Corsica,1995,,,,
Chevrolet,Corsica,1996,,,,
Chevrolet,Corvette,1963,,,,
Chevrolet,Corvette,1981,,,,
Chevrolet,Corvette,1982,,,,
Chevrolet,Corvette,1984,,,,
Chevrolet,Corvette,1985,,,,
Chevrolet,Corvette,1986,,,,
Chevrolet,Corvette,1987,,,,
Chevrolet,Corvette,1988,,,,
Chevrolet,Corvette,1989,,,,
Chevrolet,Corvette,1990,,,,
Chevrolet,Corvette,1991,,,,
Chevrolet,Corvette,1992,,,,
Chevrolet,Corvette,1993,,,,
Chevrolet,Corvette,1994,,,,
Chevrolet,Corvette,1995,,,,
Chevrolet,Corvette,1996,,,,
Chevrolet,Corvette,1997,,,,
Chevrolet,Corvette,1998,,,,
Chevrolet,Corvette,1999,,,,
Chevrolet,Corvette,2000,,,,
Chevrolet,Corvette,2001,,,,
Chevrolet,Corvette,2002,,,,
Chevrolet,Corvette,2003,,,,
Chevrolet,Corvette,2004,,,,
Chevrolet,Corvette,2005,,,,
Chevrolet,Corvette,2006,,,,
Chevrolet,Corvette,2007,,,,
Chevrolet,Corvette,2008,,,,
Chevrolet,Corvette,2009,,,,
Chevrolet,Corvette,2010,,,,
Chevrolet,Corvette,2011,,,,
Chevrolet,Corvette,2012,,,,
Chevrolet,Corvette,2013,,,,
Chevrolet,Corvette,2014,,,,
Chevrolet,Corvette,2015,,,,
Chevrolet,Corvette,2016,,,,
Chevrolet,Corvette,2017,,,,
Chevrolet,Corvette,2018,,,,
Chevrolet,Corvette,2019,,,,
Chevrolet,Corvette,2020,,,,
Chevrolet,Corvette,2021,,,,
Chevrolet,Corvette,2022,,,,
Chevrolet,Corvette,2023,,,,
Chevrolet,Corvette,2024,,,,
Chevrolet,Corvette,2025,,,,
Chevrolet,Corvette Stingray,2014,,,,
Chevrolet,Corvette Z06,2019,,,,
Chevrolet,Corvette Z06,2023,,,,
Chevrolet,Corvette ZR-1,1990,,,,
Chevrolet,Cruze,2010,,,,
Chevrolet,Cruze,2011,,,,
Chevrolet,Cruze,2012,,,,
Chevrolet,Cruze,2013,,,,
Chevrolet,Cruze,2014,,,,
Chevrolet,Cruze,2015,,,,
Chevrolet,Cruze,2016,,,,
Chevrolet,Cruze,2017,,,,
Chevrolet,Cruze,2018,,,,
Chevrolet,Cruze,2019,,,,
Chevrolet,Cruze Limited,2016,,,,
Chevrolet,Cutaway Chassis,1990,,,,
Chevrolet,Cutaway Chassis,1991,,,,
Chevrolet,Cutaway Chassis,1992,,,,
Chevrolet,Cutaway Chassis,1993,,,,
Chevrolet,El Camino,1981,,,,
Chevrolet,El Camino,1982,,,,
Chevrolet,El Camino,1983,,,,
Chevrolet,El Camino,1984,,,,
Chevrolet,El Camino,1985,,,,
Chevrolet,El Camino,1986,,,,
Chevrolet,El Camino,1987,,,,
Chevrolet,El Camino,1988,,,,
Chevrolet,Epica,2004,,,,
Chevrolet,Epica,2005,,,,
Chevrolet,Epica,2006,,,,
Chevrolet,Equinox,2005,,,,
Chevrolet,Equinox,2006,,,,
Chevrolet,Equinox,2007,,,,
Chevrolet,Equinox,2008,,,,
Chevrolet,Equinox,2009,,,,
Chevrolet,Equinox,2010,,,,
Chevrolet,Equinox,2011,,,,
Chevrolet,Equinox,2012,,,,
Chevrolet,Equinox,2013,,,,
Chevrolet,Equinox,2014,,,,
Chevrolet,Equinox,2015,,,,
Chevrolet,Equinox,2016,,,,
Chevrolet,Equinox,2017,,,,
Chevrolet,Equinox,2018,,,,
Chevrolet,Equinox,2019,,,,
Chevrolet,Equinox,2020,,,,
Chevrolet,Equinox,2021,,,,
Chevrolet,Equinox,2022,,,,
Chevrolet,Equinox,2023,,,,
Chevrolet,Equinox,2024,,,,
Chevrolet,Equinox,2025,,,,
Chevrolet,Express 1500,1997,,,,
Chevrolet,Express 1500,1998,,,,
Chevrolet,Express 1500,1999,,,,
Chevrolet,Express 1500,2000,,,,
Chevrolet,Express 1500,2001,,,,
Chevrolet,Express 1500,2002,,,,
Chevrolet,Express 1500,2003,,,,
Chevrolet,Express 1500,2004,,,,
Chevrolet,Express 1500,2005,,,,
Chevrolet,Express 1500,2006,,,,
Chevrolet,Express 1500,2007,,,,
Chevrolet,Express 1500,2008,,,,
Chevrolet,Express 1500,2009,,,,
Chevrolet,Express 1500,2010,,,,
Chevrolet,Express 1500,2011,,,,
Chevrolet,Express 1500,2012,,,,
Chevrolet,Express 1500,2013,,,,
Chevrolet,Express 1500,2014,,,,
Chevrolet,Express 2500,1997,,,,
Chevrolet,Express 2500,1998,,,,
Chevrolet,Express 2500,1999,,,,
Chevrolet,Express 2500,2000,,,,
Chevrolet,Express 2500,2001,,,,
Chevrolet,Express 2500,2002,,,,
Chevrolet,Express 2500,2003,,,,
Chevrolet,Express 2500,2004,,,,
Chevrolet,Express 2500,2005,,,,
Chevrolet,Express 2500,2006,,,,
Chevrolet,Express 2500,2007,,,,
Chevrolet,Express 2500,2008,,,,
Chevrolet,Express 2500,2009,,,,
Chevrolet,Express 2500,2010,,,,
Chevrolet,Express 2500,2011,,,,
Chevrolet,Express 2500,2012,,,,
Chevrolet,Express 2500,2013,,,,
Chevrolet,Express 2500,2014,,,,
Chevrolet,Express 2500,2015,,,,
Chevrolet,Express 2500,2016,,,,
Chevrolet,Express 2500,2017,,,,
Chevrolet,Express 2500,2018,,,,
Chevrolet,Express 2500,2019,,,,
Chevrolet,Express 2500,2020,,,,
Chevrolet,Express 2500,2021,,,,
Chevrolet,Express 2500,2022,,,,
Chevrolet,Express 2500,2023,,,,
Chevrolet,Express 2500,2024,,,,
Chevrolet,Express 2500,2025,,,,
Chevrolet,Express 3500,1997,,,,
Chevrolet,Express 3500,1998,,,,
Chevrolet,Express 3500,1999,,,,
Chevrolet,Express 3500,2000,,,,
Chevrolet,Express 3500,2001,,,,
Chevrolet,Express 3500,2002,,,,
Chevrolet,Express 3500,2003,,,,
Chevrolet,Express 3500,2004,,,,
Chevrolet,Express 3500,2005,,,,
Chevrolet,Express 3500,2006,,,,
Chevrolet,Express 3500,2007,,,,
Chevrolet,Express 3500,2008,,,,
Chevrolet,Express 3500,2009,,,,
Chevrolet,Express 3500,2010,,,,
Chevrolet,Express 3500,2011,,,,
Chevrolet,Express 3500,2012,,,,
Chevrolet,Express 3500,2013,,,,
Chevrolet,Express 3500,2014,,,,
Chevrolet,Express 3500,2015,,,,
Chevrolet,Express 3500,2016,,,,
Chevrolet,Express 3500,2017,,,,
Chevrolet,Express 3500,2018,,,,
Chevrolet,Express 3500,2019,,,,
Chevrolet,Express 3500,2020,,,,
Chevrolet,Express 3500,2021,,,,
Chevrolet,Express 3500,2022,,,,
Chevrolet,Express 3500,2023,,,,
Chevrolet,Express 3500,2024,,,,
Chevrolet,Express 3500,2025,,,,
Chevrolet,Forward Control,1981,,,,
Chevrolet,Forward Control,1982,,,,
Chevrolet,Forward Control,1983,,,,
Chevrolet,Forward Control,1984,,,,
Chevrolet,Forward Control,1985,,,,
Chevrolet,Forward Control,1986,,,,
Chevrolet,Forward Control,1987,,,,
Chevrolet,Forward Control,1988,,,,
Chevrolet,G-Series,1981,,,,
Chevrolet,G-Series,1982,,,,
Chevrolet,G-Series,1983,,,,
Chevrolet,G-Series,1984,,,,
Chevrolet,G-Series,1985,,,,
Chevrolet,G-Series,1986,,,,
Chevrolet,G-Series,1987,,,,
Chevrolet,G-Series,1988,,,,
Chevrolet,G-Series,1989,,,,
Chevrolet,G-Series,1990,,,,
Chevrolet,G-Series,1991,,,,
Chevrolet,G-Series,1992,,,,
Chevrolet,G-Series,1993,,,,
Chevrolet,G-Series,1994,,,,
Chevrolet,G-Series,1995,,,,
Chevrolet,G-Series,1996,,,,
Chevrolet,G-Series 10,1984,,,,
Chevrolet,G-Series 10,1985,,,,
Chevrolet,G-Series 10,1986,,,,
Chevrolet,G-Series 10,1987,,,,
Chevrolet,G-Series 10,1988,,,,
Chevrolet,G-Series 10,1989,,,,
Chevrolet,G-Series 10,1990,,,,
Chevrolet,G-Series 10,1991,,,,
Chevrolet,G-Series 10,1992,,,,
Chevrolet,G-Series 10,1993,,,,
Chevrolet,G-Series 10,1994,,,,
Chevrolet,G-Series 10,1995,,,,
Chevrolet,G-Series 10,1996,,,,
Chevrolet,G-Series 20,1988,,,,
Chevrolet,G-Series 20,1989,,,,
Chevrolet,G-Series 20,1990,,,,
Chevrolet,G-Series 20,1991,,,,
Chevrolet,G-Series 20,1992,,,,
Chevrolet,G-Series 20,1993,,,,
Chevrolet,G-Series 20,1994,,,,
Chevrolet,G-Series 20,1995,,,,
Chevrolet,G-Series 20,1996,,,,
Chevrolet,G-Series 30,1984,,,,
Chevrolet,G-Series 30,1985,,,,
Chevrolet,G-Series 30,1986,,,,
Chevrolet,G-Series 30,1987,,,,
Chevrolet,G-Series 30,1988,,,,
Chevrolet,G-Series 30,1989,,,,
Chevrolet,G-Series 30,1990,,,,
Chevrolet,G-Series 30,1991,,,,
Chevrolet,G-Series 30,1992,,,,
Chevrolet,G-Series 30,1993,,,,
Chevrolet,G-Series 30,1994,,,,
Chevrolet,G-Series 30,1995,,,,
Chevrolet,G-Series 30,1996,,,,
Chevrolet,Geo Prizm,1998,,,,
Chevrolet,Geo Prizm,1999,,,,
Chevrolet,Geo Prizm,2000,,,,
Chevrolet,Geo Prizm,2001,,,,
Chevrolet,Geo Prizm,2002,,,,
Chevrolet,Geo Spectrum,1985,,,,
Chevrolet,Geo Spectrum,1986,,,,
Chevrolet,Geo Spectrum,1987,,,,
Chevrolet,Geo Spectrum,1988,,,,
Chevrolet,Geo Spectrum,1989,,,,
Chevrolet,Geo Sprint,1985,,,,
Chevrolet,Geo Sprint,1986,,,,
Chevrolet,Geo Sprint,1987,,,,
Chevrolet,Geo Sprint,1988,,,,
Chevrolet,GMT-400,1987,,,,
Chevrolet,GMT-400,1988,,,,
Chevrolet,GMT-400,1989,,,,
Chevrolet,GMT-400,1990,,,,
Chevrolet,GMT-400,1991,,,,
Chevrolet,GMT-400,1992,,,,
Chevrolet,GMT-400,1993,,,,
Chevrolet,GMT-400,1994,,,,
Chevrolet,GMT-400,1995,,,,
Chevrolet,GMT-400,1996,,,,
Chevrolet,GMT-400,1997,,,,
Chevrolet,GMT-400,1998,,,,
Chevrolet,GMT-400,1999,,,,
Chevrolet,GMT-400,2000,,,,
Chevrolet,Hearse/Limo,1995,,,,
Chevrolet,Hearse/Limo Commercial Chassis,1985,,,,
Chevrolet,Hearse/Limo Commercial Chassis,1986,,,,
Chevrolet,Hearse/Limo Commercial Chassis,1987,,,,
Chevrolet,Hearse/Limo Commercial Chassis,1988,,,,
Chevrolet,Hearse/Limo Commercial Chassis,1989,,,,
Chevrolet,Hearse/Limo Commercial Chassis,1990,,,,
Chevrolet,Hearse/Limo Commercial Chassis,1991,,,,
Chevrolet,Hearse/Limo Commercial Chassis,1992,,,,
Chevrolet,Hearse/Limo Commercial Chassis,1993,,,,
Chevrolet,Heavy Conventional,1981,,,,
Chevrolet,Heavy Conventional,1982,,,,
Chevrolet,Heavy Conventional,1983,,,,
Chevrolet,Heavy Conventional,1984,,,,
Chevrolet,Heavy Conventional,1985,,,,
Chevrolet,Heavy Conventional,1986,,,,
Chevrolet,Heavy Conventional,1987,,,,
Chevrolet,Heavy Conventional,1988,,,,
Chevrolet,HHR,2006,,,,
Chevrolet,HHR,2007,,,,
Chevrolet,HHR,2008,,,,
Chevrolet,HHR,2009,,,,
Chevrolet,HHR,2010,,,,
Chevrolet,HHR,2011,,,,
Chevrolet,Hi-Cube,1992,,,,
Chevrolet,Hi-Cube,1993,,,,
Chevrolet,Hi-Cube,1994,,,,
Chevrolet,Impala,1964,,,,
Chevrolet,Impala,1981,,,,
Chevrolet,Impala,1982,,,,
Chevrolet,Impala,1983,,,,
Chevrolet,Impala,1984,,,,
Chevrolet,Impala,1985,,,,
Chevrolet,Impala,2000,,,,
Chevrolet,Impala,2001,,,,
Chevrolet,Impala,2002,,,,
Chevrolet,Impala,2003,,,,
Chevrolet,Impala,2004,,,,
Chevrolet,Impala,2005,,,,
Chevrolet,Impala,2006,,,,
Chevrolet,Impala,2007,,,,
Chevrolet,Impala,2008,,,,
Chevrolet,Impala,2009,,,,
Chevrolet,Impala,2010,,,,
Chevrolet,Impala,2011,,,,
Chevrolet,Impala,2012,,,,
Chevrolet,Impala,2013,,,,
Chevrolet,Impala,2014,,,,
Chevrolet,Impala,2015,,,,
Chevrolet,Impala,2016,,,,
Chevrolet,Impala,2017,,,,
Chevrolet,Impala,2018,,,,
Chevrolet,Impala,2019,,,,
Chevrolet,Impala,2020,,,,
Chevrolet,Impala Limited,2014,,,,
Chevrolet,Impala Limited,2015,,,,
Chevrolet,Impala Limited,2016,,,,
Chevrolet,Kalos,2008,,,,
Chevrolet,Lumina,1990,,,,
Chevrolet,Lumina,1991,,,,
Chevrolet,Lumina,1992,,,,
Chevrolet,Lumina,1993,,,,
Chevrolet,Lumina,1994,,,,
Chevrolet,Lumina,1995,,,,
Chevrolet,Lumina,1996,,,,
Chevrolet,Lumina,1997,,,,
Chevrolet,Lumina,1998,,,,
Chevrolet,Lumina,1999,,,,
Chevrolet,Lumina,2000,,,,
Chevrolet,Lumina,2001,,,,
Chevrolet,Lumina APV,1990,,,,
Chevrolet,Lumina APV,1991,,,,
Chevrolet,Lumina APV,1992,,,,
Chevrolet,Lumina APV,1993,,,,
Chevrolet,Lumina APV,1994,,,,
Chevrolet,Lumina APV,1995,,,,
Chevrolet,Lumina APV,1996,,,,
Chevrolet,LUV,1981,,,,
Chevrolet,LUV,1982,,,,
Chevrolet,Malibu,1981,,,,
Chevrolet,Malibu,1982,,,,
Chevrolet,Malibu,1983,,,,
Chevrolet,Malibu,1997,,,,
Chevrolet,Malibu,1998,,,,
Chevrolet,Malibu,1999,,,,
Chevrolet,Malibu,2000,,,,
Chevrolet,Malibu,2001,,,,
Chevrolet,Malibu,2002,,,,
Chevrolet,Malibu,2003,,,,
Chevrolet,Malibu,2004,,,,
Chevrolet,Malibu,2005,,,,
Chevrolet,Malibu,2006,,,,
Chevrolet,Malibu,2007,,,,
Chevrolet,Malibu,2008,,,,
Chevrolet,Malibu,2009,,,,
Chevrolet,Malibu,2010,,,,
Chevrolet,Malibu,2011,,,,
Chevrolet,Malibu,2012,,,,
Chevrolet,Malibu,2013,,,,
Chevrolet,Malibu,2014,,,,
Chevrolet,Malibu,2015,,,,
Chevrolet,Malibu,2016,,,,
Chevrolet,Malibu,2017,,,,
Chevrolet,Malibu,2018,,,,
Chevrolet,Malibu,2019,,,,
Chevrolet,Malibu,2020,,,,
Chevrolet,Malibu,2021,,,,
Chevrolet,Malibu,2022,,,,
Chevrolet,Malibu,2023,,,,
Chevrolet,Malibu,2024,,,,
Chevrolet,Malibu,2025,,,,
Chevrolet,Malibu Classic,2004,,,,
Chevrolet,Malibu Classic,2005,,,,
Chevrolet,Malibu Limited,2016,,,,
Chevrolet,Matiz,2004,,,,
Chevrolet,Matiz,2005,,,,
Chevrolet,Matiz,2006,,,,
Chevrolet,Matiz,2008,,,,
Chevrolet,Matiz,2012,,,,
Chevrolet,Metro,1998,,,,
Chevrolet,Metro,1999,,,,
Chevrolet,Metro,2000,,,,
Chevrolet,Metro,2001,,,,
Chevrolet,Military Truck,1983,,,,
Chevrolet,Military Truck,1984,,,,
Chevrolet,Military Truck,1985,,,,
Chevrolet,Military Truck,1986,,,,
Chevrolet,Military Truck,1987,,,,
Chevrolet,Monte Carlo,1981,,,,
Chevrolet,Monte Carlo,1982,,,,
Chevrolet,Monte Carlo,1983,,,,
Chevrolet,Monte Carlo,1984,,,,
Chevrolet,Monte Carlo,1985,,,,
Chevrolet,Monte Carlo,1986,,,,
Chevrolet,Monte Carlo,1987,,,,
Chevrolet,Monte Carlo,1988,,,,
Chevrolet,Monte Carlo,1995,,,,
Chevrolet,Monte Carlo,1996,,,,
Chevrolet,Monte Carlo,1997,,,,
Chevrolet,Monte Carlo,1998,,,,
Chevrolet,Monte Carlo,1999,,,,
Chevrolet,Monte Carlo,2000,,,,
Chevrolet,Monte Carlo,2001,,,,
Chevrolet,Monte Carlo,2002,,,,
Chevrolet,Monte Carlo,2003,,,,
Chevrolet,Monte Carlo,2004,,,,
Chevrolet,Monte Carlo,2005,,,,
Chevrolet,Monte Carlo,2006,,,,
Chevrolet,Monte Carlo,2007,,,,
Chevrolet,Motorhome Chassis,1990,,,,
Chevrolet,Motorhome Chassis,1991,,,,
Chevrolet,Motorhome Chassis,1992,,,,
Chevrolet,Motorhome Chassis,1993,,,,
Chevrolet,Nova,1972,,,,
Chevrolet,Nova,1985,,,,
Chevrolet,Nova,1986,,,,
Chevrolet,Nova,1987,,,,
Chevrolet,Nova,1988,,,,
Chevrolet,Onix,2021,,,,
Chevrolet,Onix,2022,,,,
Chevrolet,Onix,2023,,,,
Chevrolet,Onix,2024,,,,
Chevrolet,Optra,2004,,,,
Chevrolet,Optra,2005,,,,
Chevrolet,Optra,2006,,,,
Chevrolet,Optra,2007,,,,
Chevrolet,Optra,2008,,,,
Chevrolet,Optra,2009,,,,
Chevrolet,Orlando,2009,,,,
Chevrolet,Orlando,2010,,,,
Chevrolet,Orlando,2011,,,,
Chevrolet,Orlando,2012,,,,
Chevrolet,Orlando,2013,,,,
Chevrolet,Orlando,2014,,,,
Chevrolet,Orlando,2015,,,,
Chevrolet,P - Series,1981,,,,
Chevrolet,P - Series,1982,,,,
Chevrolet,P - Series,1983,,,,
Chevrolet,P - Series,1984,,,,
Chevrolet,P - Series,1985,,,,
Chevrolet,P - Series,1986,,,,
Chevrolet,P - Series,1987,,,,
Chevrolet,P - Series,1988,,,,
Chevrolet,P - Series,1989,,,,
Chevrolet,P - Series,1990,,,,
Chevrolet,P - Series,1991,,,,
Chevrolet,P - Series,1992,,,,
Chevrolet,P - Series,1993,,,,
Chevrolet,P - Series,1994,,,,
Chevrolet,P6S,1993,,,,
Chevrolet,R Conventional,1987,,,,
Chevrolet,R Conventional,1988,,,,
Chevrolet,R Conventional,1989,,,,
Chevrolet,R Conventional,1990,,,,
Chevrolet,R Conventional,1991,,,,
Chevrolet,R/V,1991,,,,
Chevrolet,R/V 10,1987,,,,
Chevrolet,R/V 20,1987,,,,
Chevrolet,R/V 20,1988,,,,
Chevrolet,R/V 20,1989,,,,
Chevrolet,R/V 20,1990,,,,
Chevrolet,R/V 30,1988,,,,
Chevrolet,R/V 30,1989,,,,
Chevrolet,R/V 30,1990,,,,
Chevrolet,S-10 Blazer,1999,,,,
Chevrolet,S-10 Blazer,2000,,,,
Chevrolet,S-10 Pickup,1982,,,,
Chevrolet,S-10 Pickup,1983,,,,
Chevrolet,S-10 Pickup,1984,,,,
Chevrolet,S-10 Pickup,1985,,,,
Chevrolet,S-10 Pickup,1986,,,,
Chevrolet,S-10 Pickup,1987,,,,
Chevrolet,S-10 Pickup,1988,,,,
Chevrolet,S-10 Pickup,1989,,,,
Chevrolet,S-10 Pickup,1990,,,,
Chevrolet,S-10 Pickup,1991,,,,
Chevrolet,S-10 Pickup,1992,,,,
Chevrolet,S-10 Pickup,1993,,,,
Chevrolet,S-10 Pickup,1994,,,,
Chevrolet,S-10 Pickup,1995,,,,
Chevrolet,S-10 Pickup,1996,,,,
Chevrolet,S-10 Pickup,1997,,,,
Chevrolet,S-10 Pickup,1998,,,,
Chevrolet,S-10 Pickup,1999,,,,
Chevrolet,S-10 Pickup,2000,,,,
Chevrolet,S-10 Pickup,2001,,,,
Chevrolet,S-10 Pickup,2002,,,,
Chevrolet,S-10 Pickup,2003,,,,
Chevrolet,S-10 Pickup,2004,,,,
Chevrolet,S-10 Pickup,2005,,,,
Chevrolet,S6,1989,,,,
Chevrolet,S6,1990,,,,
Chevrolet,S6,1991,,,,
Chevrolet,S7,1993,,,,
Chevrolet,Silverado 1500,1999,,,,
Chevrolet,Silverado 1500,2000,,,,
Chevrolet,Silverado 1500,2001,,,,
Chevrolet,Silverado 1500,2002,,,,
Chevrolet,Silverado 1500,2003,,,,
Chevrolet,Silverado 1500,2004,,,,
Chevrolet,Silverado 1500,2005,,,,
Chevrolet,Silverado 1500,2006,,,,
Chevrolet,Silverado 1500,2007,,,,
Chevrolet,Silverado 1500,2008,,,,
Chevrolet,Silverado 1500,2009,,,,
Chevrolet,Silverado 1500,2010,,,,
Chevrolet,Silverado 1500,2011,,,,
Chevrolet,Silverado 1500,2012,,,,
Chevrolet,Silverado 1500,2013,,,,
Chevrolet,Silverado 1500,2014,,,,
Chevrolet,Silverado 1500,2015,,,,
Chevrolet,Silverado 1500,2016,,,,
Chevrolet,Silverado 1500,2017,,,,
Chevrolet,Silverado 1500,2018,,,,
Chevrolet,Silverado 1500,2019,,,,
Chevrolet,Silverado 1500,2020,,,,
Chevrolet,Silverado 1500,2021,,,,
Chevrolet,Silverado 1500,2022,,,,
Chevrolet,Silverado 1500,2023,,,,
Chevrolet,Silverado 1500,2024,,,,
Chevrolet,Silverado 1500,2025,,,,
Chevrolet,Silverado 1500 LD,2019,,,,
Chevrolet,Silverado 1500HD,2003,,,,
Chevrolet,Silverado 1500HD,2004,,,,
Chevrolet,Silverado 1500HD,2005,,,,
Chevrolet,Silverado 1500HD,2006,,,,
Chevrolet,Silverado 2500,1999,,,,
Chevrolet,Silverado 2500,2000,,,,
Chevrolet,Silverado 2500,2001,,,,
Chevrolet,Silverado 2500,2002,,,,
Chevrolet,Silverado 2500,2003,,,,
Chevrolet,Silverado 2500,2004,,,,
Chevrolet,Silverado 2500,2005,,,,
Chevrolet,Silverado 2500HD,2001,,,,
Chevrolet,Silverado 2500HD,2002,,,,
Chevrolet,Silverado 2500HD,2003,,,,
Chevrolet,Silverado 2500HD,2004,,,,
Chevrolet,Silverado 2500HD,2005,,,,
Chevrolet,Silverado 2500HD,2006,,,,
Chevrolet,Silverado 2500HD,2007,,,,
Chevrolet,Silverado 2500HD,2008,,,,
Chevrolet,Silverado 2500HD,2009,,,,
Chevrolet,Silverado 2500HD,2010,,,,
Chevrolet,Silverado 2500HD,2011,,,,
Chevrolet,Silverado 2500HD,2012,,,,
Chevrolet,Silverado 2500HD,2013,,,,
Chevrolet,Silverado 2500HD,2014,,,,
Chevrolet,Silverado 2500HD,2015,,,,
Chevrolet,Silverado 2500HD,2016,,,,
Chevrolet,Silverado 2500HD,2017,,,,
Chevrolet,Silverado 2500HD,2018,,,,
Chevrolet,Silverado 2500HD,2019,,,,
Chevrolet,Silverado 2500HD,2020,,,,
Chevrolet,Silverado 2500HD,2021,,,,
Chevrolet,Silverado 2500HD,2022,,,,
Chevrolet,Silverado 2500HD,2023,,,,
Chevrolet,Silverado 2500HD,2024,,,,
Chevrolet,Silverado 2500HD,2025,,,,
Chevrolet,Silverado 3500,2001,,,,
Chevrolet,Silverado 3500,2002,,,,
Chevrolet,Silverado 3500,2003,,,,
Chevrolet,Silverado 3500,2004,,,,
Chevrolet,Silverado 3500,2005,,,,
Chevrolet,Silverado 3500,2006,,,,
Chevrolet,Silverado 3500,2007,,,,
Chevrolet,Silverado 3500,2008,,,,
Chevrolet,Silverado 3500,2009,,,,
Chevrolet,Silverado 3500,2010,,,,
Chevrolet,Silverado 3500,2011,,,,
Chevrolet,Silverado 3500,2012,,,,
Chevrolet,Silverado 3500,2013,,,,
Chevrolet,Silverado 3500,2014,,,,
Chevrolet,Silverado 3500HD,2015,,,,
Chevrolet,Silverado 3500HD,2016,,,,
Chevrolet,Silverado 3500HD,2017,,,,
Chevrolet,Silverado 3500HD,2018,,,,
Chevrolet,Silverado 3500HD,2019,,,,
Chevrolet,Silverado 3500HD,2020,,,,
Chevrolet,Silverado 3500HD,2021,,,,
Chevrolet,Silverado 3500HD,2022,,,,
Chevrolet,Silverado 3500HD,2023,,,,
Chevrolet,Silverado 3500HD,2024,,,,
Chevrolet,Silverado 3500HD,2025,,,,
Chevrolet,Silverado Classic 1500,2007,,,,
Chevrolet,Silverado Classic 1500HD,2007,,,,
Chevrolet,Silverado Classic 2500HD,2007,,,,
Chevrolet,Silverado Classic 3500,2007,,,,
Chevrolet,Silverado LTD,2022,,,,
Chevrolet,Sonic,2012,,,,
Chevrolet,Sonic,2013,,,,
Chevrolet,Sonic,2014,,,,
Chevrolet,Sonic,2015,,,,
Chevrolet,Sonic,2016,,,,
Chevrolet,Sonic,2017,,,,
Chevrolet,Sonic,2018,,,,
Chevrolet,Sonic,2019,,,,
Chevrolet,Sonic,2020,,,,
Chevrolet,Spark,2008,,,,
Chevrolet,Spark,2011,,,,
Chevrolet,Spark,2012,,,,
Chevrolet,Spark,2013,,,,
Chevrolet,Spark,2014,,,,
Chevrolet,Spark,2015,,,,
Chevrolet,Spark,2016,,,,
Chevrolet,Spark,2017,,,,
Chevrolet,Spark,2018,,,,
Chevrolet,Spark,2019,,,,
Chevrolet,Spark,2020,,,,
Chevrolet,Spark,2021,,,,
Chevrolet,Spark,2022,,,,
Chevrolet,SS,2014,,,,
Chevrolet,SS,2015,,,,
Chevrolet,SS,2016,,,,
Chevrolet,SS,2017,,,,
Chevrolet,SSR,2003,,,,
Chevrolet,SSR,2004,,,,
Chevrolet,SSR,2005,,,,
Chevrolet,SSR,2006,,,,
Chevrolet,Suburban,1981,,,,
Chevrolet,Suburban,1982,,,,
Chevrolet,Suburban,1983,,,,
Chevrolet,Suburban,1984,,,,
Chevrolet,Suburban,1985,,,,
Chevrolet,Suburban,1986,,,,
Chevrolet,Suburban,1987,,,,
Chevrolet,Suburban,1988,,,,
Chevrolet,Suburban,1989,,,,
Chevrolet,Suburban,1990,,,,
Chevrolet,Suburban,2014,,,,
Chevrolet,Suburban,2015,,,,
Chevrolet,Suburban,2016,,,,
Chevrolet,Suburban,2017,,,,
Chevrolet,Suburban,2018,,,,
Chevrolet,Suburban,2019,,,,
Chevrolet,Suburban,2020,,,,
Chevrolet,Suburban,2021,,,,
Chevrolet,Suburban,2022,,,,
Chevrolet,Suburban,2023,,,,
Chevrolet,Suburban,2024,,,,
Chevrolet,Suburban,2025,,,,
Chevrolet,Suburban 1500,1991,,,,
Chevrolet,Suburban 1500,1992,,,,
Chevrolet,Suburban 1500,1993,,,,
Chevrolet,Suburban 1500,1994,,,,
Chevrolet,Suburban 1500,1995,,,,
Chevrolet,Suburban 1500,1996,,,,
Chevrolet,Suburban 1500,1997,,,,
Chevrolet,Suburban 1500,1998,,,,
Chevrolet,Suburban 1500,1999,,,,
Chevrolet,Suburban 1500,2000,,,,
Chevrolet,Suburban 1500,2001,,,,
Chevrolet,Suburban 1500,2002,,,,
Chevrolet,Suburban 1500,2003,,,,
Chevrolet,Suburban 1500,2004,,,,
Chevrolet,Suburban 1500,2005,,,,
Chevrolet,Suburban 1500,2006,,,,
Chevrolet,Suburban 1500,2007,,,,
Chevrolet,Suburban 1500,2008,,,,
Chevrolet,Suburban 1500,2009,,,,
Chevrolet,Suburban 1500,2010,,,,
Chevrolet,Suburban 1500,2011,,,,
Chevrolet,Suburban 1500,2012,,,,
Chevrolet,Suburban 1500,2013,,,,
Chevrolet,Suburban 2500,1991,,,,
Chevrolet,Suburban 2500,1992,,,,
Chevrolet,Suburban 2500,1993,,,,
Chevrolet,Suburban 2500,1994,,,,
Chevrolet,Suburban 2500,1995,,,,
Chevrolet,Suburban 2500,1996,,,,
Chevrolet,Suburban 2500,1997,,,,
Chevrolet,Suburban 2500,1998,,,,
Chevrolet,Suburban 2500,1999,,,,
Chevrolet,Suburban 2500,2000,,,,
Chevrolet,Suburban 2500,2001,,,,
Chevrolet,Suburban 2500,2002,,,,
Chevrolet,Suburban 2500,2003,,,,
Chevrolet,Suburban 2500,2004,,,,
Chevrolet,Suburban 2500,2005,,,,
Chevrolet,Suburban 2500,2006,,,,
Chevrolet,Suburban 2500,2007,,,,
Chevrolet,Suburban 2500,2008,,,,
Chevrolet,Suburban 2500,2009,,,,
Chevrolet,Suburban 2500,2010,,,,
Chevrolet,Suburban 2500,2011,,,,
Chevrolet,Suburban 2500,2012,,,,
Chevrolet,Suburban 2500,2013,,,,
Chevrolet,Suburban HD,2024,,,,
Chevrolet,Suburban HD,2025,,,,
Chevrolet,Tahoe,1995,,,,
Chevrolet,Tahoe,1996,,,,
Chevrolet,Tahoe,1997,,,,
Chevrolet,Tahoe,1998,,,,
Chevrolet,Tahoe,1999,,,,
Chevrolet,Tahoe,2000,,,,
Chevrolet,Tahoe,2001,,,,
Chevrolet,Tahoe,2002,,,,
Chevrolet,Tahoe,2003,,,,
Chevrolet,Tahoe,2004,,,,
Chevrolet,Tahoe,2005,,,,
Chevrolet,Tahoe,2006,,,,
Chevrolet,Tahoe,2007,,,,
Chevrolet,Tahoe,2008,,,,
Chevrolet,Tahoe,2009,,,,
Chevrolet,Tahoe,2010,,,,
Chevrolet,Tahoe,2011,,,,
Chevrolet,Tahoe,2012,,,,
Chevrolet,Tahoe,2013,,,,
Chevrolet,Tahoe,2014,,,,
Chevrolet,Tahoe,2015,,,,
Chevrolet,Tahoe,2016,,,,
Chevrolet,Tahoe,2017,,,,
Chevrolet,Tahoe,2018,,,,
Chevrolet,Tahoe,2019,,,,
Chevrolet,Tahoe,2020,,,,
Chevrolet,Tahoe,2021,,,,
Chevrolet,Tahoe,2022,,,,
Chevrolet,Tahoe,2023,,,,
Chevrolet,Tahoe,2024,,,,
Chevrolet,Tahoe,2025,,,,
Chevrolet,Tracker,1995,,,,
Chevrolet,Tracker,1996,,,,
Chevrolet,Tracker,1997,,,,
Chevrolet,Tracker,1998,,,,
Chevrolet,Tracker,1999,,,,
Chevrolet,Tracker,2000,,,,
Chevrolet,Tracker,2001,,,,
Chevrolet,Tracker,2002,,,,
Chevrolet,Tracker,2003,,,,
Chevrolet,Tracker,2004,,,,
Chevrolet,Tracker,2016,,,,
Chevrolet,Tracker,2017,,,,
Chevrolet,Tracker,2018,,,,
Chevrolet,Tracker,2019,,,,
Chevrolet,Tracker,2020,,,,
Chevrolet,Trailblazer,2002,,,,
Chevrolet,Trailblazer,2003,,,,
Chevrolet,Trailblazer,2004,,,,
Chevrolet,Trailblazer,2005,,,,
Chevrolet,Trailblazer,2006,,,,
Chevrolet,Trailblazer,2007,,,,
Chevrolet,Trailblazer,2008,,,,
Chevrolet,Trailblazer,2009,,,,
Chevrolet,Trailblazer,2021,,,,
Chevrolet,Trailblazer,2022,,,,
Chevrolet,Trailblazer,2023,,,,
Chevrolet,Trailblazer,2024,,,,
Chevrolet,Trailblazer,2025,,,,
Chevrolet,Traverse,2009,,,,
Chevrolet,Traverse,2010,,,,
Chevrolet,Traverse,2011,,,,
Chevrolet,Traverse,2012,,,,
Chevrolet,Traverse,2013,,,,
Chevrolet,Traverse,2014,,,,
Chevrolet,Traverse,2015,,,,
Chevrolet,Traverse,2016,,,,
Chevrolet,Traverse,2017,,,,
Chevrolet,Traverse,2018,,,,
Chevrolet,Traverse,2019,,,,
Chevrolet,Traverse,2020,,,,
Chevrolet,Traverse,2021,,,,
Chevrolet,Traverse,2022,,,,
Chevrolet,Traverse,2023,,,,
Chevrolet,Traverse,2024,,,,
Chevrolet,Traverse,2025,,,,
Chevrolet,Traverse Limited,2024,,,,
Chevrolet,Trax,2013,,,,
Chevrolet,Trax,2014,,,,
Chevrolet,Trax,2015,,,,
Chevrolet,Trax,2016,,,,
Chevrolet,Trax,2017,,,,
Chevrolet,Trax,2018,,,,
Chevrolet,Trax,2019,,,,
Chevrolet,Trax,2020,,,,
Chevrolet,Trax,2021,,,,
Chevrolet,Trax,2022,,,,
Chevrolet,Trax,2023,,,,
Chevrolet,Trax,2024,,,,
Chevrolet,Trax,2025,,,,
Chevrolet,U100,2004,,,,
Chevrolet,U100,2005,,,,
Chevrolet,Uplander,2005,,,,
Chevrolet,Uplander,2006,,,,
Chevrolet,Uplander,2007,,,,
Chevrolet,Uplander,2008,,,,
Chevrolet,Uplander,2009,,,,
Chevrolet,V Conventional,1987,,,,
Chevrolet,V Conventional,1988,,,,
Chevrolet,V Conventional,1989,,,,
Chevrolet,V Conventional,1990,,,,
Chevrolet,V Conventional,1991,,,,
Chevrolet,Venture,1997,,,,
Chevrolet,Venture,1998,,,,
Chevrolet,Venture,1999,,,,
Chevrolet,Venture,2000,,,,
Chevrolet,Venture,2001,,,,
Chevrolet,Venture,2002,,,,
Chevrolet,Venture,2003,,,,
Chevrolet,Venture,2004,,,,
Chevrolet,Venture,2005,,,,
Chevrolet,Volt,2011,,,,
Chevrolet,Volt,2012,,,,
Chevrolet,Volt,2013,,,,
Chevrolet,Volt,2014,,,,
Chevrolet,Volt,2015,,,,
Chevrolet,Volt,2016,,,,
Chevrolet,Volt,2017,,,,
Chevrolet,Volt,2018,,,,
Chevrolet,Volt,2019,,,,
Chrysler,200,2011,,,,
Chrysler,200,2012,,,,
Chrysler,200,2013,,,,
Chrysler,200,2014,,,,
Chrysler,200,2015,,,,
Chrysler,200,2016,,,,
Chrysler,200,2017,,,,
Chrysler,300,1999,,,,
Chrysler,300,2000,,,,
Chrysler,300,2001,,,,
Chrysler,300,2002,,,,
Chrysler,300,2003,,,,
Chrysler,300,2004,,,,
Chrysler,300,2005,,,,
Chrysler,300,2006,,,,
Chrysler,300,2007,,,,
Chrysler,300,2008,,,,
Chrysler,300,2009,,,,
Chrysler,300,2010,,,,
Chrysler,300,2011,,,,
Chrysler,300,2012,,,,
Chrysler,300,2013,,,,
Chrysler,300,2014,,,,
Chrysler,300,2015,,,,
Chrysler,300,2016,,,,
Chrysler,300,2017,,,,
Chrysler,300,2018,,,,
Chrysler,300,2019,,,,
Chrysler,300,2020,,,,
Chrysler,300,2021,,,,
Chrysler,300,2022,,,,
Chrysler,300,2023,,,,
Chrysler,300C,2005,,,,
Chrysler,300C,2006,,,,
Chrysler,300C,2007,,,,
Chrysler,300C,2008,,,,
Chrysler,300C,2009,,,,
Chrysler,300C,2010,,,,
Chrysler,300C,2011,,,,
Chrysler,Aspen,2007,,,,
Chrysler,Aspen,2008,,,,
Chrysler,Aspen,2009,,,,
Chrysler,Cirrus,1995,,,,
Chrysler,Cirrus,1996,,,,
Chrysler,Cirrus,1997,,,,
Chrysler,Cirrus,1998,,,,
Chrysler,Cirrus,1999,,,,
Chrysler,Cirrus,2000,,,,
Chrysler,Cirrus,2006,,,,
Chrysler,Concorde,1993,,,,
Chrysler,Concorde,1994,,,,
Chrysler,Concorde,1995,,,,
Chrysler,Concorde,1996,,,,
Chrysler,Concorde,1997,,,,
Chrysler,Concorde,1998,,,,
Chrysler,Concorde,1999,,,,
Chrysler,Concorde,2000,,,,
Chrysler,Concorde,2001,,,,
Chrysler,Concorde,2002,,,,
Chrysler,Concorde,2003,,,,
Chrysler,Concorde,2004,,,,
Chrysler,Concorde/LHS,1995,,,,
Chrysler,Conquest,1987,,,,
Chrysler,Conquest,1988,,,,
Chrysler,Conquest,1989,,,,
Chrysler,Cordoba,1981,,,,
Chrysler,Cordoba,1982,,,,
Chrysler,Cordoba,1983,,,,
Chrysler,Crossfire,2004,,,,
Chrysler,Crossfire,2005,,,,
Chrysler,Crossfire,2006,,,,
Chrysler,Crossfire,2007,,,,
Chrysler,Crossfire,2008,,,,
Chrysler,Daytona,1984,,,,
Chrysler,Daytona,1985,,,,
Chrysler,Daytona,1986,,,,
Chrysler,Daytona,1987,,,,
Chrysler,Daytona,1988,,,,
Chrysler,Daytona,1989,,,,
Chrysler,Daytona,1990,,,,
Chrysler,Daytona,1991,,,,
Chrysler,Daytona,1992,,,,
Chrysler,Daytona,1993,,,,
Chrysler,Dynasty,1981,,,,
Chrysler,Dynasty,1982,,,,
Chrysler,Dynasty,1983,,,,
Chrysler,Dynasty,1984,,,,
Chrysler,Dynasty,1985,,,,
Chrysler,Dynasty,1986,,,,
Chrysler,Dynasty,1989,,,,
Chrysler,Dynasty,1990,,,,
Chrysler,Dynasty,1991,,,,
Chrysler,Dynasty,1992,,,,
Chrysler,Dynasty,1993,,,,
Chrysler,E-Class,1981,,,,
Chrysler,E-Class,1982,,,,
Chrysler,E-Class,1983,,,,
Chrysler,E-Class,1984,,,,
Chrysler,Executive,1981,,,,
Chrysler,Executive,1982,,,,
Chrysler,Executive,1983,,,,
Chrysler,Executive,1984,,,,
Chrysler,Fifth Avenue,1984,,,,
Chrysler,Fifth Avenue,1985,,,,
Chrysler,Fifth Avenue,1986,,,,
Chrysler,Fifth Avenue,1987,,,,
Chrysler,Fifth Avenue,1988,,,,
Chrysler,Fifth Avenue,1989,,,,
Chrysler,Grand Caravan,2021,,,,
Chrysler,Grand Caravan,2022,,,,
Chrysler,Grand Caravan,2023,,,,
Chrysler,Grand Caravan,2024,,,,
Chrysler,Grand Caravan,2025,,,,
Chrysler,Grand Voyager,2000,,,,
Chrysler,Imperial,1981,,,,
Chrysler,Imperial,1982,,,,
Chrysler,Imperial,1983,,,,
Chrysler,Imperial,1990,,,,
Chrysler,Imperial,1991,,,,
Chrysler,Imperial,1992,,,,
Chrysler,Imperial,1993,,,,
Chrysler,Intrepid,1993,,,,
Chrysler,Intrepid,1994,,,,
Chrysler,Intrepid,1995,,,,
Chrysler,Intrepid,1996,,,,
Chrysler,Intrepid,1997,,,,
Chrysler,Intrepid,1998,,,,
Chrysler,Intrepid,1999,,,,
Chrysler,Intrepid,2000,,,,
Chrysler,Intrepid,2001,,,,
Chrysler,Intrepid,2002,,,,
Chrysler,Intrepid,2003,,,,
Chrysler,Laser,1981,,,,
Chrysler,Laser,1982,,,,
Chrysler,Laser,1983,,,,
Chrysler,Laser,1984,,,,
Chrysler,Laser,1985,,,,
Chrysler,Laser,1986,,,,
Chrysler,LeBaron,1981,,,,
Chrysler,LeBaron,1982,,,,
Chrysler,LeBaron,1983,,,,
Chrysler,LeBaron,1984,,,,
Chrysler,LeBaron,1985,,,,
Chrysler,LeBaron,1986,,,,
Chrysler,LeBaron,1987,,,,
Chrysler,LeBaron,1988,,,,
Chrysler,LeBaron,1989,,,,
Chrysler,LeBaron,1990,,,,
Chrysler,LeBaron,1991,,,,
Chrysler,LeBaron,1992,,,,
Chrysler,LeBaron,1993,,,,
Chrysler,LeBaron,1994,,,,
Chrysler,LeBaron,1995,,,,
Chrysler,LHS,1994,,,,
Chrysler,LHS,1995,,,,
Chrysler,LHS,1996,,,,
Chrysler,LHS,1997,,,,
Chrysler,LHS,1999,,,,
Chrysler,LHS,2000,,,,
Chrysler,LHS,2001,,,,
Chrysler,Neon,1995,,,,
Chrysler,Neon,1996,,,,
Chrysler,Neon,1997,,,,
Chrysler,Neon,1998,,,,
Chrysler,Neon,1999,,,,
Chrysler,Neon,2000,,,,
Chrysler,Neon,2001,,,,
Chrysler,Neon,2002,,,,
Chrysler,New Yorker,1981,,,,
Chrysler,New Yorker,1982,,,,
Chrysler,New Yorker,1983,,,,
Chrysler,New Yorker,1984,,,,
Chrysler,New Yorker,1985,,,,
Chrysler,New Yorker,1986,,,,
Chrysler,New Yorker,1987,,,,
Chrysler,New Yorker,1988,,,,
Chrysler,New Yorker,1989,,,,
Chrysler,New Yorker,1990,,,,
Chrysler,New Yorker,1991,,,,
Chrysler,New Yorker,1992,,,,
Chrysler,New Yorker,1993,,,,
Chrysler,New Yorker,1994,,,,
Chrysler,New Yorker,1995,,,,
Chrysler,New Yorker,1996,,,,
Chrysler,New Yorker,1997,,,,
Chrysler,Newport,1981,,,,
Chrysler,Newport,1982,,,,
Chrysler,Newport,1983,,,,
Chrysler,Newport,1984,,,,
Chrysler,Newport,1985,,,,
Chrysler,Newport,1986,,,,
Chrysler,Newport,1987,,,,
Chrysler,Newport,1988,,,,
Chrysler,Pacifica,2004,,,,
Chrysler,Pacifica,2005,,,,
Chrysler,Pacifica,2006,,,,
Chrysler,Pacifica,2007,,,,
Chrysler,Pacifica,2008,,,,
Chrysler,Pacifica,2009,,,,
Chrysler,Pacifica,2017,,,,
Chrysler,Pacifica,2018,,,,
Chrysler,Pacifica,2019,,,,
Chrysler,Pacifica,2020,,,,
Chrysler,Pacifica,2021,,,,
Chrysler,Pacifica,2022,,,,
Chrysler,Pacifica,2023,,,,
Chrysler,Pacifica,2024,,,,
Chrysler,Pacifica,2025,,,,
Chrysler,Prowler,2001,,,,
Chrysler,Prowler,2002,,,,
Chrysler,PT Cruiser,1995,,,,
Chrysler,PT Cruiser,1996,,,,
Chrysler,PT Cruiser,1997,,,,
Chrysler,PT Cruiser,1998,,,,
Chrysler,PT Cruiser,1999,,,,
Chrysler,PT Cruiser,2000,,,,
Chrysler,PT Cruiser,2001,,,,
Chrysler,PT Cruiser,2002,,,,
Chrysler,PT Cruiser,2003,,,,
Chrysler,PT Cruiser,2004,,,,
Chrysler,PT Cruiser,2005,,,,
Chrysler,PT Cruiser,2006,,,,
Chrysler,PT Cruiser,2007,,,,
Chrysler,PT Cruiser,2008,,,,
Chrysler,PT Cruiser,2009,,,,
Chrysler,PT Cruiser,2010,,,,
Chrysler,Salon,1981,,,,
Chrysler,Salon,1983,,,,
Chrysler,Salon,1984,,,,
Chrysler,Salon,1985,,,,
Chrysler,Salon,1986,,,,
Chrysler,Salon,1987,,,,
Chrysler,Salon,1988,,,,
Chrysler,Salon,1990,,,,
Chrysler,Sebring,1995,,,,
Chrysler,Sebring,1996,,,,
Chrysler,Sebring,1997,,,,
Chrysler,Sebring,1998,,,,
Chrysler,Sebring,1999,,,,
Chrysler,Sebring,2000,,,,
Chrysler,Sebring,2001,,,,
Chrysler,Sebring,2002,,,,
Chrysler,Sebring,2003,,,,
Chrysler,Sebring,2004,,,,
Chrysler,Sebring,2005,,,,
Chrysler,Sebring,2006,,,,
Chrysler,Sebring,2007,,,,
Chrysler,Sebring,2008,,,,
Chrysler,Sebring,2009,,,,
Chrysler,Sebring,2010,,,,
Chrysler,Shadow,1987,,,,
Chrysler,Shadow,1988,,,,
Chrysler,Shadow,1991,,,,
Chrysler,Shadow,1992,,,,
Chrysler,Shadow,1993,,,,
Chrysler,Shadow,1994,,,,
Chrysler,Stratus,1984,,,,
Chrysler,Stratus,1985,,,,
Chrysler,Stratus,1986,,,,
Chrysler,Stratus,1995,,,,
Chrysler,Stratus,1996,,,,
Chrysler,Stratus,1997,,,,
Chrysler,TC,1989,,,,
Chrysler,TC,1990,,,,
Chrysler,TC,1991,,,,
Chrysler,Town and Country,1990,,,,
Chrysler,Town and Country,1991,,,,
Chrysler,Town and Country,1992,,,,
Chrysler,Town and Country,1993,,,,
Chrysler,Town and Country,1994,,,,
Chrysler,Town and Country,1995,,,,
Chrysler,Town and Country,1996,,,,
Chrysler,Town and Country,1997,,,,
Chrysler,Town and Country,1998,,,,
Chrysler,Town and Country,1999,,,,
Chrysler,Town and Country,2000,,,,
Chrysler,Town and Country,2001,,,,
Chrysler,Town and Country,2002,,,,
Chrysler,Town and Country,2003,,,,
Chrysler,Town and Country,2004,,,,
Chrysler,Town and Country,2005,,,,
Chrysler,Town and Country,2006,,,,
Chrysler,Town and Country,2007,,,,
Chrysler,Town and Country,2008,,,,
Chrysler,Town and Country,2009,,,,
Chrysler,Town and Country,2010,,,,
Chrysler,Town and Country,2011,,,,
Chrysler,Town and Country,2012,,,,
Chrysler,Town and Country,2013,,,,
Chrysler,Town and Country,2014,,,,
Chrysler,Town and Country,2015,,,,
Chrysler,Town and Country,2016,,,,
Chrysler,Viper,1984,,,,
Chrysler,Viper,1985,,,,
Chrysler,Viper,1986,,,,
Chrysler,Viper,1987,,,,
Chrysler,Viper,1988,,,,
Chrysler,Viper,1991,,,,
Chrysler,Viper,1992,,,,
Chrysler,Viper,1993,,,,
Chrysler,Viper,1994,,,,
Chrysler,Viper,1995,,,,
Chrysler,Viper,1996,,,,
Chrysler,Viper,1997,,,,
Chrysler,Vision,1984,,,,
Chrysler,Vision,1985,,,,
Chrysler,Vision,1986,,,,
Chrysler,Vision,1987,,,,
Chrysler,Vision,1988,,,,
Chrysler,Vision,1991,,,,
Chrysler,Vision,1992,,,,
Chrysler,Vision,1993,,,,
Chrysler,Vision,1994,,,,
Chrysler,Vision,1995,,,,
Chrysler,Vision,1996,,,,
Chrysler,Vision,1997,,,,
Chrysler,Voyager,1995,,,,
Chrysler,Voyager,1996,,,,
Chrysler,Voyager,1997,,,,
Chrysler,Voyager,1998,,,,
Chrysler,Voyager,1999,,,,
Chrysler,Voyager,2000,,,,
Chrysler,Voyager,2001,,,,
Chrysler,Voyager,2002,,,,
Chrysler,Voyager,2003,,,,
Chrysler,Voyager,2008,,,,
Chrysler,Voyager,2009,,,,
Chrysler,Voyager,2020,,,,
Chrysler,Voyager,2021,,,,
Chrysler,Voyager,2022,,,,
Chrysler,Voyager,2023,,,,
Chrysler,Voyager,2024,,,,
Chrysler,Voyager,2025,,,,
Daewoo,G2X,2008,,,,
Daewoo,Lanos,1997,,,,
Daewoo,Lanos,1998,,,,
Daewoo,Lanos,1999,,,,
Daewoo,Lanos,2000,,,,
Daewoo,Lanos,2001,,,,
Daewoo,Lanos,2002,,,,
Daewoo,Leganza,1997,,,,
Daewoo,Leganza,1998,,,,
Daewoo,Leganza,1999,,,,
Daewoo,Leganza,2000,,,,
Daewoo,Leganza,2001,,,,
Daewoo,Leganza,2002,,,,
Daewoo,Nubira,1997,,,,
Daewoo,Nubira,1998,,,,
Daewoo,Nubira,1999,,,,
Daewoo,Nubira,2000,,,,
Daewoo,Nubira,2001,,,,
Daewoo,Nubira,2002,,,,
Daihatsu,Charade,1985,,,,
Daihatsu,Charade,1986,,,,
Daihatsu,Charade,1987,,,,
Daihatsu,Charade,1988,,,,
Daihatsu,Charade,1989,,,,
Daihatsu,Charade,1990,,,,
Daihatsu,Charade,1991,,,,
Daihatsu,Charade,1992,,,,
Daihatsu,Rocky,1989,,,,
Daihatsu,Rocky,1990,,,,
Daihatsu,Rocky,1991,,,,
Daihatsu,Rocky,1992,,,,
Datsun,210,1981,,,,
Datsun,210,1982,,,,
Datsun,240Z,1970,,,,
Datsun,280Z,1978,,,,
Datsun,280ZX,1981,,,,
Datsun,280ZX,1982,,,,
Datsun,280ZX,1983,,,,
Datsun,310,1981,,,,
Datsun,310,1982,,,,
Datsun,510,1972,,,,
Datsun,510,1981,,,,
DeLorean,DMC-12,1981,,,,
DeLorean,DMC-12,1982,,,,
DeLorean,DMC-12,1983,,,,
DeLorean,DMC-12,1984,,,,
DeLorean,DMC-12,1985,,,,
DeLorean,DMC-12,1986,,,,
Dodge,400,1981,,,,
Dodge,400,1982,,,,
Dodge,400,1983,,,,
Dodge,600,1981,,,,
Dodge,600,1982,,,,
Dodge,600,1983,,,,
Dodge,600,1984,,,,
Dodge,600,1985,,,,
Dodge,600,1986,,,,
Dodge,600,1987,,,,
Dodge,600,1988,,,,
Dodge,Aries,1981,,,,
Dodge,Aries,1982,,,,
Dodge,Aries,1983,,,,
Dodge,Aries,1984,,,,
Dodge,Aries,1985,,,,
Dodge,Aries,1986,,,,
Dodge,Aries,1987,,,,
Dodge,Aries,1988,,,,
Dodge,Aries,1989,,,,
Dodge,Avenger,1995,,,,
Dodge,Avenger,1996,,,,
Dodge,Avenger,1997,,,,
Dodge,Avenger,1998,,,,
Dodge,Avenger,1999,,,,
Dodge,Avenger,2000,,,,
Dodge,Avenger,2007,,,,
Dodge,Avenger,2008,,,,
Dodge,Avenger,2009,,,,
Dodge,Avenger,2010,,,,
Dodge,Avenger,2011,,,,
Dodge,Avenger,2012,,,,
Dodge,Avenger,2013,,,,
Dodge,Avenger,2014,,,,
Dodge,B-Series,1995,,,,
Dodge,B-Series,1996,,,,
Dodge,B-Series,1997,,,,
Dodge,B-Series 150,1982,,,,
Dodge,B-Series 150,1983,,,,
Dodge,B-Series 150,1984,,,,
Dodge,B-Series 150,1985,,,,
Dodge,B-Series 150,1986,,,,
Dodge,B-Series 150,1987,,,,
Dodge,B-Series 150,1988,,,,
Dodge,B-Series 150,1989,,,,
Dodge,B-Series 150,1990,,,,
Dodge,B-Series 150,1991,,,,
Dodge,B-Series 150,1992,,,,
Dodge,B-Series 150,1993,,,,
Dodge,B-Series 150,1994,,,,
Dodge,B-Series 1500,1998,,,,
Dodge,B-Series 1500,1999,,,,
Dodge,B-Series 1500,2000,,,,
Dodge,B-Series 250,1982,,,,
Dodge,B-Series 250,1983,,,,
Dodge,B-Series 250,1984,,,,
Dodge,B-Series 250,1985,,,,
Dodge,B-Series 250,1986,,,,
Dodge,B-Series 250,1987,,,,
Dodge,B-Series 2500,1998,,,,
Dodge,B-Series 2500,1999,,,,
Dodge,B-Series 2500,2000,,,,
Dodge,B-Series 350,1982,,,,
Dodge,B-Series 350,1983,,,,
Dodge,B-Series 350,1984,,,,
Dodge,B-Series 350,1985,,,,
Dodge,B-Series 350,1986,,,,
Dodge,B-Series 350,1987,,,,
Dodge,B-Series 350,1988,,,,
Dodge,B-Series 350,1989,,,,
Dodge,B-Series 350,1990,,,,
Dodge,B-Series 350,1991,,,,
Dodge,B-Series 350,1992,,,,
Dodge,B-Series 350,1993,,,,
Dodge,B-Series 350,1994,,,,
Dodge,Caliber,2006,,,,
Dodge,Caliber,2007,,,,
Dodge,Caliber,2008,,,,
Dodge,Caliber,2009,,,,
Dodge,Caliber,2010,,,,
Dodge,Caliber,2011,,,,
Dodge,Caliber,2012,,,,
Dodge,Caravan,1984,,,,
Dodge,Caravan,1985,,,,
Dodge,Caravan,1986,,,,
Dodge,Caravan,1987,,,,
Dodge,Caravan,1988,,,,
Dodge,Caravan,1989,,,,
Dodge,Caravan,1990,,,,
Dodge,Caravan,1991,,,,
Dodge,Caravan,1992,,,,
Dodge,Caravan,1993,,,,
Dodge,Caravan,1994,,,,
Dodge,Caravan,1995,,,,
Dodge,Caravan,2002,,,,
Dodge,Caravan,2004,,,,
Dodge,Caravan/Grand Caravan,1995,,,,
Dodge,Caravan/Grand Caravan,1996,,,,
Dodge,Caravan/Grand Caravan,1997,,,,
Dodge,Caravan/Grand Caravan,1998,,,,
Dodge,Caravan/Grand Caravan,1999,,,,
Dodge,Caravan/Grand Caravan,2000,,,,
Dodge,Caravan/Grand Caravan,2001,,,,
Dodge,Caravan/Grand Caravan,2003,,,,
Dodge,Caravan/Grand Caravan,2005,,,,
Dodge,Caravan/Grand Caravan,2006,,,,
Dodge,Caravan/Grand Caravan,2007,,,,
Dodge,Caravan/Grand Caravan,2008,,,,
Dodge,Challenger,1970,,,,
Dodge,Challenger,1981,,,,
Dodge,Challenger,1982,,,,
Dodge,Challenger,1983,,,,
Dodge,Challenger,2008,,,,
Dodge,Challenger,2009,,,,
Dodge,Challenger,2010,,,,
Dodge,Challenger,2011,,,,
Dodge,Challenger,2012,,,,
Dodge,Challenger,2013,,,,
Dodge,Challenger,2014,,,,
Dodge,Challenger,2015,,,,
Dodge,Challenger,2016,,,,
Dodge,Challenger,2017,,,,
Dodge,Challenger,2018,,,,
Dodge,Challenger,2019,,,,
Dodge,Challenger,2020,,,,
Dodge,Challenger,2021,,,,
Dodge,Challenger,2022,,,,
Dodge,Challenger,2023,,,,
Dodge,Charger,1969,,,,
Dodge,Charger,1983,,,,
Dodge,Charger,1984,,,,
Dodge,Charger,1985,,,,
Dodge,Charger,1986,,,,
Dodge,Charger,1987,,,,
Dodge,Charger,2006,,,,
Dodge,Charger,2007,,,,
Dodge,Charger,2008,,,,
Dodge,Charger,2009,,,,
Dodge,Charger,2010,,,,
Dodge,Charger,2011,,,,
Dodge,Charger,2012,,,,
Dodge,Charger,2013,,,,
Dodge,Charger,2014,,,,
Dodge,Charger,2015,,,,
Dodge,Charger,2016,,,,
Dodge,Charger,2017,,,,
Dodge,Charger,2018,,,,
Dodge,Charger,2019,,,,
Dodge,Charger,2020,,,,
Dodge,Charger,2021,,,,
Dodge,Charger,2022,,,,
Dodge,Charger,2023,,,,
Dodge,Charger,2024,,,,
Dodge,Charger,2025,,,,
Dodge,Charger SRT Hellcat,2021,,,,
Dodge,Charger SRT8,2006,,,,
Dodge,Colt,1981,,,,
Dodge,Colt,1982,,,,
Dodge,Colt,1983,,,,
Dodge,Colt,1985,,,,
Dodge,Colt,1986,,,,
Dodge,Colt,1987,,,,
Dodge,Colt,1988,,,,
Dodge,Colt,1989,,,,
Dodge,Colt,1990,,,,
Dodge,Colt,1991,,,,
Dodge,Colt,1992,,,,
Dodge,Colt,1993,,,,
Dodge,Colt,1994,,,,
Dodge,Colt,1995,,,,
Dodge,Conquest,1981,,,,
Dodge,Conquest,1982,,,,
Dodge,Conquest,1983,,,,
Dodge,Conquest,1985,,,,
Dodge,Conquest,1986,,,,
Dodge,Conquest,1987,,,,
Dodge,Conquest,1988,,,,
Dodge,D-Series,1981,,,,
Dodge,D-Series,1982,,,,
Dodge,D-Series,1983,,,,
Dodge,D-Series,1984,,,,
Dodge,D-Series,1985,,,,
Dodge,D-Series,1986,,,,
Dodge,D-Series,1987,,,,
Dodge,D-Series,1988,,,,
Dodge,D-Series,1989,,,,
Dodge,D-Series,1990,,,,
Dodge,D-Series,1991,,,,
Dodge,D-Series,1992,,,,
Dodge,D-Series,1993,,,,
Dodge,D/W 150,1982,,,,
Dodge,D/W 150,1983,,,,
Dodge,D/W 150,1984,,,,
Dodge,D/W 150,1985,,,,
Dodge,D/W 150,1986,,,,
Dodge,D/W 150,1987,,,,
Dodge,D/W 150,1988,,,,
Dodge,D/W 150,1989,,,,
Dodge,D/W 150,1990,,,,
Dodge,D/W 150,1991,,,,
Dodge,D/W 150,1992,,,,
Dodge,D/W 150,1993,,,,
Dodge,D/W 250,1982,,,,
Dodge,D/W 250,1983,,,,
Dodge,D/W 250,1984,,,,
Dodge,D/W 250,1985,,,,
Dodge,D/W 250,1986,,,,
Dodge,D/W 250,1987,,,,
Dodge,D/W 250,1988,,,,
Dodge,D/W 250,1989,,,,
Dodge,D/W 250,1990,,,,
Dodge,D/W 250,1991,,,,
Dodge,D/W 250,1992,,,,
Dodge,D/W 250,1993,,,,
Dodge,D50,1981,,,,
Dodge,D50,1982,,,,
Dodge,D50,1983,,,,
Dodge,D50,1984,,,,
Dodge,D50,1985,,,,
Dodge,D50,1986,,,,
Dodge,Dakota,1987,,,,
Dodge,Dakota,1988,,,,
Dodge,Dakota,1989,,,,
Dodge,Dakota,1990,,,,
Dodge,Dakota,1991,,,,
Dodge,Dakota,1992,,,,
Dodge,Dakota,1993,,,,
Dodge,Dakota,1994,,,,
Dodge,Dakota,1995,,,,
Dodge,Dakota,1996,,,,
Dodge,Dakota,1997,,,,
Dodge,Dakota,1998,,,,
Dodge,Dakota,1999,,,,
Dodge,Dakota,2000,,,,
Dodge,Dakota,2001,,,,
Dodge,Dakota,2002,,,,
Dodge,Dakota,2003,,,,
Dodge,Dakota,2004,,,,
Dodge,Dakota,2005,,,,
Dodge,Dakota,2006,,,,
Dodge,Dakota,2007,,,,
Dodge,Dakota,2008,,,,
Dodge,Dakota,2009,,,,
Dodge,Dakota,2010,,,,
Dodge,Dakota,2011,,,,
Dodge,Dakota,2012,,,,
Dodge,Dart,2013,,,,
Dodge,Dart,2014,,,,
Dodge,Dart,2015,,,,
Dodge,Dart,2016,,,,
Dodge,Daytona,1984,,,,
Dodge,Daytona,1985,,,,
Dodge,Daytona,1986,,,,
Dodge,Daytona,1987,,,,
Dodge,Daytona,1988,,,,
Dodge,Daytona,1989,,,,
Dodge,Daytona,1990,,,,
Dodge,Daytona,1991,,,,
Dodge,Daytona,1992,,,,
Dodge,Daytona,1993,,,,
Dodge,Diplomat,1981,,,,
Dodge,Diplomat,1982,,,,
Dodge,Diplomat,1983,,,,
Dodge,Diplomat,1984,,,,
Dodge,Diplomat,1985,,,,
Dodge,Diplomat,1986,,,,
Dodge,Diplomat,1987,,,,
Dodge,Diplomat,1988,,,,
Dodge,Diplomat,1989,,,,
Dodge,Durango,1995,,,,
Dodge,Durango,1996,,,,
Dodge,Durango,1997,,,,
Dodge,Durango,1998,,,,
Dodge,Durango,1999,,,,
Dodge,Durango,2000,,,,
Dodge,Durango,2001,,,,
Dodge,Durango,2002,,,,
Dodge,Durango,2003,,,,
Dodge,Durango,2004,,,,
Dodge,Durango,2005,,,,
Dodge,Durango,2006,,,,
Dodge,Durango,2007,,,,
Dodge,Durango,2008,,,,
Dodge,Durango,2009,,,,
Dodge,Durango,2011,,,,
Dodge,Durango,2012,,,,
Dodge,Durango,2013,,,,
Dodge,Durango,2014,,,,
Dodge,Durango,2015,,,,
Dodge,Durango,2016,,,,
Dodge,Durango,2017,,,,
Dodge,Durango,2018,,,,
Dodge,Durango,2019,,,,
Dodge,Durango,2020,,,,
Dodge,Durango,2021,,,,
Dodge,Durango,2022,,,,
Dodge,Durango,2023,,,,
Dodge,Durango,2024,,,,
Dodge,Durango,2025,,,,
Dodge,Durango SRT,2021,,,,
Dodge,Dynasty,1981,,,,
Dodge,Dynasty,1982,,,,
Dodge,Dynasty,1983,,,,
Dodge,Dynasty,1984,,,,
Dodge,Dynasty,1985,,,,
Dodge,Dynasty,1986,,,,
Dodge,Dynasty,1987,,,,
Dodge,Dynasty,1988,,,,
Dodge,Dynasty,1989,,,,
Dodge,Dynasty,1990,,,,
Dodge,Dynasty,1991,,,,
Dodge,Dynasty,1992,,,,
Dodge,Dynasty,1993,,,,
Dodge,Grand Caravan,1988,,,,
Dodge,Grand Caravan,1989,,,,
Dodge,Grand Caravan,1990,,,,
Dodge,Grand Caravan,1991,,,,
Dodge,Grand Caravan,1992,,,,
Dodge,Grand Caravan,1993,,,,
Dodge,Grand Caravan,1994,,,,
Dodge,Grand Caravan,2002,,,,
Dodge,Grand Caravan,2004,,,,
Dodge,Grand Caravan,2009,,,,
Dodge,Grand Caravan,2010,,,,
Dodge,Grand Caravan,2011,,,,
Dodge,Grand Caravan,2012,,,,
Dodge,Grand Caravan,2013,,,,
Dodge,Grand Caravan,2014,,,,
Dodge,Grand Caravan,2015,,,,
Dodge,Grand Caravan,2016,,,,
Dodge,Grand Caravan,2017,,,,
Dodge,Grand Caravan,2018,,,,
Dodge,Grand Caravan,2019,,,,
Dodge,Grand Caravan,2020,,,,
Dodge,Grand Caravan,2021,,,,
Dodge,Grand Caravan,2022,,,,
Dodge,Grand Caravan,2023,,,,
Dodge,Hornet,2023,,,,
Dodge,Hornet,2024,,,,
Dodge,Hornet,2025,,,,
Dodge,Intrepid,1993,,,,
Dodge,Intrepid,1994,,,,
Dodge,Intrepid,1995,,,,
Dodge,Intrepid,1996,,,,
Dodge,Intrepid,1997,,,,
Dodge,Intrepid,1998,,,,
Dodge,Intrepid,1999,,,,
Dodge,Intrepid,2000,,,,
Dodge,Intrepid,2001,,,,
Dodge,Intrepid,2002,,,,
Dodge,Intrepid,2003,,,,
Dodge,Intrepid,2004,,,,
Dodge,Journey,2009,,,,
Dodge,Journey,2010,,,,
Dodge,Journey,2011,,,,
Dodge,Journey,2012,,,,
Dodge,Journey,2013,,,,
Dodge,Journey,2014,,,,
Dodge,Journey,2015,,,,
Dodge,Journey,2016,,,,
Dodge,Journey,2017,,,,
Dodge,Journey,2018,,,,
Dodge,Journey,2019,,,,
Dodge,Journey,2020,,,,
Dodge,Journey,2021,,,,
Dodge,Journey,2022,,,,
Dodge,Journey,2023,,,,
Dodge,Lancer,1981,,,,
Dodge,Lancer,1984,,,,
Dodge,Lancer,1985,,,,
Dodge,Lancer,1986,,,,
Dodge,Lancer,1987,,,,
Dodge,Lancer,1988,,,,
Dodge,Lancer,1989,,,,
Dodge,Magnum,2005,,,,
Dodge,Magnum,2006,,,,
Dodge,Magnum,2007,,,,
Dodge,Magnum,2008,,,,
Dodge,Magnum SRT8,2006,,,,
Dodge,Mini Ram,1984,,,,
Dodge,Mini Ram,1985,,,,
Dodge,Mini Ram,1986,,,,
Dodge,Mini Ram,1987,,,,
Dodge,Mini Ram,1988,,,,
Dodge,Mirada,1981,,,,
Dodge,Mirada,1982,,,,
Dodge,Mirada,1983,,,,
Dodge,Monaco,1981,,,,
Dodge,Monaco,1982,,,,
Dodge,Monaco,1983,,,,
Dodge,Monaco,1984,,,,
Dodge,Monaco,1985,,,,
Dodge,Monaco,1986,,,,
Dodge,Monaco,1987,,,,
Dodge,Monaco,1988,,,,
Dodge,Monaco,1990,,,,
Dodge,Monaco,1991,,,,
Dodge,Monaco,1992,,,,
Dodge,Neon,1994,,,,
Dodge,Neon,1995,,,,
Dodge,Neon,1996,,,,
Dodge,Neon,1997,,,,
Dodge,Neon,1998,,,,
Dodge,Neon,1999,,,,
Dodge,Neon,2000,,,,
Dodge,Neon,2001,,,,
Dodge,Neon,2002,,,,
Dodge,Neon,2003,,,,
Dodge,Neon,2004,,,,
Dodge,Neon,2005,,,,
Dodge,Neon SRT-4,2003,,,,
Dodge,Nitro,2007,,,,
Dodge,Nitro,2008,,,,
Dodge,Nitro,2009,,,,
Dodge,Nitro,2010,,,,
Dodge,Nitro,2011,,,,
Dodge,Nitro,2012,,,,
Dodge,OMNI,1981,,,,
Dodge,OMNI,1982,,,,
Dodge,OMNI,1983,,,,
Dodge,OMNI,1984,,,,
Dodge,OMNI,1985,,,,
Dodge,OMNI,1986,,,,
Dodge,OMNI,1987,,,,
Dodge,OMNI,1988,,,,
Dodge,OMNI,1989,,,,
Dodge,OMNI,1990,,,,
Dodge,Raider,1985,,,,
Dodge,Raider,1986,,,,
Dodge,Raider,1987,,,,
Dodge,Raider,1988,,,,
Dodge,Raider,1989,,,,
Dodge,Ram,2011,,,,
Dodge,Ram,2012,,,,
Dodge,Ram 1500,1994,,,,
Dodge,Ram 1500,1995,,,,
Dodge,Ram 1500,1996,,,,
Dodge,Ram 1500,1997,,,,
Dodge,Ram 1500,1998,,,,
Dodge,Ram 1500,1999,,,,
Dodge,Ram 1500,2000,,,,
Dodge,Ram 1500,2001,,,,
Dodge,Ram 1500,2002,,,,
Dodge,Ram 1500,2003,,,,
Dodge,Ram 1500,2004,,,,
Dodge,Ram 1500,2005,,,,
Dodge,Ram 1500,2006,,,,
Dodge,Ram 1500,2007,,,,
Dodge,Ram 1500,2008,,,,
Dodge,Ram 1500,2009,,,,
Dodge,Ram 1500,2010,,,,
Dodge,Ram 2500,1994,,,,
Dodge,Ram 2500,1995,,,,
Dodge,Ram 2500,1996,,,,
Dodge,Ram 2500,1997,,,,
Dodge,Ram 2500,1998,,,,
Dodge,Ram 2500,1999,,,,
Dodge,Ram 2500,2000,,,,
Dodge,Ram 2500,2001,,,,
Dodge,Ram 2500,2002,,,,
Dodge,Ram 2500,2003,,,,
Dodge,Ram 2500,2004,,,,
Dodge,Ram 2500,2005,,,,
Dodge,Ram 2500,2006,,,,
Dodge,Ram 2500,2007,,,,
Dodge,Ram 2500,2008,,,,
Dodge,Ram 2500,2009,,,,
Dodge,Ram 2500,2010,,,,
Dodge,Ram 3500,1994,,,,
Dodge,Ram 3500,1995,,,,
Dodge,Ram 3500,1996,,,,
Dodge,Ram 3500,1997,,,,
Dodge,Ram 3500,1998,,,,
Dodge,Ram 3500,1999,,,,
Dodge,Ram 3500,2000,,,,
Dodge,Ram 3500,2001,,,,
Dodge,Ram 3500,2002,,,,
Dodge,Ram 3500,2003,,,,
Dodge,Ram 3500,2004,,,,
Dodge,Ram 3500,2005,,,,
Dodge,Ram 3500,2006,,,,
Dodge,Ram 3500,2007,,,,
Dodge,Ram 3500,2008,,,,
Dodge,Ram 3500,2009,,,,
Dodge,Ram 3500,2010,,,,
Dodge,RAM 50,1987,,,,
Dodge,RAM 50,1988,,,,
Dodge,RAM 50,1989,,,,
Dodge,RAM 50,1990,,,,
Dodge,RAM 50,1991,,,,
Dodge,RAM 50,1992,,,,
Dodge,RAM 50,1993,,,,
Dodge,Ram Chassis Cab,2007,,,,
Dodge,Ram Chassis Cab,2008,,,,
Dodge,Ram Chassis Cab,2009,,,,
Dodge,Ram Chassis Cab,2010,,,,
Dodge,Ram Chassis Cab,2012,,,,
Dodge,Ram Van,1981,,,,
Dodge,Ram Van,2001,,,,
Dodge,Ram Van,2002,,,,
Dodge,Ram Van,2003,,,,
Dodge,Ram Wagon,1981,,,,
Dodge,Ram Wagon,2001,,,,
Dodge,Ram Wagon,2002,,,,
Dodge,Ram Wagon,2003,,,,
Dodge,Ramcharger,1981,,,,
Dodge,Ramcharger,1982,,,,
Dodge,Ramcharger,1983,,,,
Dodge,Ramcharger,1984,,,,
Dodge,Ramcharger,1985,,,,
Dodge,Ramcharger,1986,,,,
Dodge,Ramcharger,1987,,,,
Dodge,Ramcharger,1988,,,,
Dodge,Ramcharger,1989,,,,
Dodge,Ramcharger,1990,,,,
Dodge,Ramcharger,1991,,,,
Dodge,Ramcharger,1992,,,,
Dodge,Ramcharger,1993,,,,
Dodge,Ramcharger,1996,,,,
Dodge,Ramcharger,1997,,,,
Dodge,Rampage,1982,,,,
Dodge,Rampage,1983,,,,
Dodge,Rampage,1984,,,,
Dodge,RD200 / RD250,1981,,,,
Dodge,Royal Mini Ram Van,1984,,,,
Dodge,Royal Mini Ram Van,1985,,,,
Dodge,Royal Mini Ram Van,1986,,,,
Dodge,Royal Mini Ram Van,1987,,,,
Dodge,Shadow,1987,,,,
Dodge,Shadow,1988,,,,
Dodge,Shadow,1989,,,,
Dodge,Shadow,1990,,,,
Dodge,Shadow,1991,,,,
Dodge,Shadow,1992,,,,
Dodge,Shadow,1993,,,,
Dodge,Shadow,1994,,,,
Dodge,Shelby Charger,1983,,,,
Dodge,Shelby Charger,1984,,,,
Dodge,Shelby Charger,1985,,,,
Dodge,Shelby Charger,1986,,,,
Dodge,Shelby Charger,1987,,,,
Dodge,Shelby Charger,1988,,,,
Dodge,Spirit,1989,,,,
Dodge,Spirit,1990,,,,
Dodge,Spirit,1991,,,,
Dodge,Spirit,1992,,,,
Dodge,Spirit,1993,,,,
Dodge,Spirit,1994,,,,
Dodge,Spirit,1995,,,,
Dodge,Sprinter,2003,,,,
Dodge,Sprinter,2004,,,,
Dodge,Sprinter,2005,,,,
Dodge,Sprinter,2006,,,,
Dodge,Sprinter,2007,,,,
Dodge,Sprinter,2008,,,,
Dodge,Sprinter,2009,,,,
Dodge,St. Regis,1981,,,,
Dodge,Stealth,1991,,,,
Dodge,Stealth,1992,,,,
Dodge,Stealth,1993,,,,
Dodge,Stealth,1994,,,,
Dodge,Stealth,1995,,,,
Dodge,Stealth,1996,,,,
Dodge,Stratus,1995,,,,
Dodge,Stratus,1996,,,,
Dodge,Stratus,1997,,,,
Dodge,Stratus,1998,,,,
Dodge,Stratus,1999,,,,
Dodge,Stratus,2000,,,,
Dodge,Stratus,2001,,,,
Dodge,Stratus,2002,,,,
Dodge,Stratus,2003,,,,
Dodge,Stratus,2004,,,,
Dodge,Stratus,2005,,,,
Dodge,Stratus,2006,,,,
Dodge,Viper,1992,,,,
Dodge,Viper,1993,,,,
Dodge,Viper,1994,,,,
Dodge,Viper,1995,,,,
Dodge,Viper,1996,,,,
Dodge,Viper,1997,,,,
Dodge,Viper,1998,,,,
Dodge,Viper,1999,,,,
Dodge,Viper,2000,,,,
Dodge,Viper,2001,,,,
Dodge,Viper,2002,,,,
Dodge,Viper,2003,,,,
Dodge,Viper,2004,,,,
Dodge,Viper,2005,,,,
Dodge,Viper,2006,,,,
Dodge,Viper,2008,,,,
Dodge,Viper,2009,,,,
Dodge,Viper,2010,,,,
Dodge,Viper,2013,,,,
Dodge,Viper,2014,,,,
Dodge,Viper,2015,,,,
Dodge,Viper,2016,,,,
Dodge,Viper,2017,,,,
Dodge,W-Series,1981,,,,
Dodge,W-Series,1982,,,,
Dodge,W-Series,1983,,,,
Dodge,W-Series,1984,,,,
Dodge,W-Series,1985,,,,
Dodge,W-Series,1986,,,,
Dodge,W-Series,1987,,,,
Dodge,W-Series,1988,,,,
Dodge,W-Series,1989,,,,
Dodge,W-Series,1990,,,,
Dodge,W-Series,1991,,,,
Dodge,W-Series,1992,,,,
Dodge,W-Series,1993,,,,
Duesenberg,Model J,1930,,,,
Duesenberg,Model SJ,1936,,,,
Eagle,2000 GTX,1991,,,,
Eagle,2000 GTX,1992,,,,
Eagle,2000 GTX,1993,,,,
Eagle,Elite,2018,,,,
Eagle,Elite,2019,,,,
Eagle,Elite,2020,,,,
Eagle,Elite,2021,,,,
Eagle,Elite,2022,,,,
Eagle,Elite,2023,,,,
Eagle,Elite,2024,,,,
Eagle,Elite,2025,,,,
Eagle,Medallion,1988,,,,
Eagle,Medallion,1989,,,,
Eagle,Premier,1988,,,,
Eagle,Premier,1989,,,,
Eagle,Premier,1990,,,,
Eagle,Premier,1991,,,,
Eagle,Premier,1992,,,,
Eagle,Proview,2018,,,,
Eagle,Proview,2019,,,,
Eagle,Proview,2020,,,,
Eagle,Proview,2021,,,,
Eagle,Proview,2022,,,,
Eagle,Proview,2023,,,,
Eagle,Proview,2024,,,,
Eagle,Proview,2025,,,,
Eagle,Summit,1989,,,,
Eagle,Summit,1990,,,,
Eagle,Summit,1991,,,,
Eagle,Summit,1992,,,,
Eagle,Summit,1993,,,,
Eagle,Summit,1994,,,,
Eagle,Summit,1995,,,,
Eagle,Summit,1996,,,,
Eagle,Talon,1990,,,,
Eagle,Talon,1991,,,,
Eagle,Talon,1992,,,,
Eagle,Talon,1993,,,,
Eagle,Talon,1994,,,,
Eagle,Talon,1995,,,,
Eagle,Talon,1996,,,,
Eagle,Talon,1997,,,,
Eagle,Talon,1998,,,,
Eagle,Vision,1991,,,,
Eagle,Vision,1992,,,,
Eagle,Vision,1993,,,,
Eagle,Vision,1994,,,,
Eagle,Vision,1995,,,,
Eagle,Vision,1996,,,,
Eagle,Vision,1997,,,,
Eagle,Vista,1989,,,,
Eagle,Vista,1990,,,,
Eagle,Vista,1991,,,,
Eagle,Vista,1992,,,,
Ferrari,12Cilindri,2025,,,,
Ferrari,296,2022,,,,
Ferrari,296,2023,,,,
Ferrari,296,2024,,,,
Ferrari,296,2025,,,,
Ferrari,3.2 Mondial,1985,,,,
Ferrari,3.2 Mondial,1986,,,,
Ferrari,3.2 Mondial,1987,,,,
Ferrari,3.2 Mondial,1988,,,,
Ferrari,3.2 Mondial,1989,,,,
Ferrari,308 Convertible,1985,,,,
Ferrari,308GTB,1981,,,,
Ferrari,308GTB Quattrovalvole,1985,,,,
Ferrari,308GTBi,1981,,,,
Ferrari,308GTBi,1982,,,,
Ferrari,308GTBi,1983,,,,
Ferrari,308GTBi,1984,,,,
Ferrari,308GTS,1981,,,,
Ferrari,308GTS Quattrovalvole,1985,,,,
Ferrari,308GTSi,1981,,,,
Ferrari,308GTSi,1982,,,,
Ferrari,308GTSi,1983,,,,
Ferrari,308GTSi,1984,,,,
Ferrari,328,1986,,,,
Ferrari,328,1987,,,,
Ferrari,328,1988,,,,
Ferrari,328,1989,,,,
Ferrari,328 GTB,1986,,,,
Ferrari,328 GTB,1987,,,,
Ferrari,328 GTB,1988,,,,
Ferrari,328 GTB,1989,,,,
Ferrari,328 GTS,1986,,,,
Ferrari,328 GTS,1987,,,,
Ferrari,328 GTS,1988,,,,
Ferrari,328 GTS,1989,,,,
Ferrari,348 Spider,1994,,,,
Ferrari,348 Spider,1995,,,,
Ferrari,348 tb,1990,,,,
Ferrari,348 tb,1991,,,,
Ferrari,348 tb,1992,,,,
Ferrari,348 tb,1993,,,,
Ferrari,348 tb,1994,,,,
Ferrari,348 tb,1995,,,,
Ferrari,348 ts,1990,,,,
Ferrari,348 ts,1991,,,,
Ferrari,348 ts,1992,,,,
Ferrari,348 ts,1993,,,,
Ferrari,348 ts,1994,,,,
Ferrari,348 ts,1995,,,,
Ferrari,355 Berlinetta,1995,,,,
Ferrari,355 Berlinetta,1997,,,,
Ferrari,355 GTS,1995,,,,
Ferrari,355 GTS,1997,,,,
Ferrari,355 Spider,1995,,,,
Ferrari,355 Spider,1997,,,,
Ferrari,360,2000,,,,
Ferrari,360,2001,,,,
Ferrari,360,2002,,,,
Ferrari,360,2003,,,,
Ferrari,360,2004,,,,
Ferrari,360,2005,,,,
Ferrari,430,2007,,,,
Ferrari,430,2008,,,,
Ferrari,430,2009,,,,
Ferrari,456,1995,,,,
Ferrari,456,1996,,,,
Ferrari,456,1997,,,,
Ferrari,456,1998,,,,
Ferrari,456,1999,,,,
Ferrari,456M,2000,,,,
Ferrari,456M,2001,,,,
Ferrari,456M,2002,,,,
Ferrari,456M,2003,,,,
Ferrari,458,2010,,,,
Ferrari,458,2011,,,,
Ferrari,458,2012,,,,
Ferrari,458,2013,,,,
Ferrari,458,2014,,,,
Ferrari,458,2015,,,,
Ferrari,458,2016,,,,
Ferrari,458,2017,,,,
Ferrari,458 Italia,2010,,,,
Ferrari,458 Italia,2011,,,,
Ferrari,458 Italia,2012,,,,
Ferrari,458 Italia,2013,,,,
Ferrari,458 Italia,2014,,,,
Ferrari,458 Italia,2015,,,,
Ferrari,458 Italia,2016,,,,
Ferrari,458 Italia,2017,,,,
Ferrari,488,2016,,,,
Ferrari,488,2017,,,,
Ferrari,488,2018,,,,
Ferrari,488,2019,,,,
Ferrari,488,2020,,,,
Ferrari,512 TR,1993,,,,
Ferrari,512 TR,1994,,,,
Ferrari,512 TR,1995,,,,
Ferrari,550 Barchetta,2001,,,,
Ferrari,550 Maranello,1997,,,,
Ferrari,550 Maranello,1998,,,,
Ferrari,550 Maranello,1999,,,,
Ferrari,550 Maranello,2000,,,,
Ferrari,550 Maranello,2001,,,,
Ferrari,575M Maranello,2002,,,,
Ferrari,575M Maranello,2003,,,,
Ferrari,575M Maranello,2004,,,,
Ferrari,575M Maranello,2005,,,,
Ferrari,599,2006,,,,
Ferrari,599,2010,,,,
Ferrari,599,2011,,,,
Ferrari,599 GTB Fiorano,2007,,,,
Ferrari,599 GTB Fiorano,2008,,,,
Ferrari,599 GTB Fiorano,2009,,,,
Ferrari,599 GTB Fiorano,2010,,,,
Ferrari,599 GTB Fiorano,2011,,,,
Ferrari,612 Scaglietti,2005,,,,
Ferrari,612 Scaglietti,2006,,,,
Ferrari,612 Scaglietti,2007,,,,
Ferrari,612 Scaglietti,2008,,,,
Ferrari,612 Scaglietti,2009,,,,
Ferrari,612 Scaglietti,2010,,,,
Ferrari,612 Scaglietti,2011,,,,
Ferrari,812,2017,,,,
Ferrari,812,2018,,,,
Ferrari,812,2019,,,,
Ferrari,812,2020,,,,
Ferrari,812,2021,,,,
Ferrari,812,2022,,,,
Ferrari,812,2023,,,,
Ferrari,812,2024,,,,
Ferrari,California,2010,,,,
Ferrari,California,2011,,,,
Ferrari,California,2012,,,,
Ferrari,California,2013,,,,
Ferrari,California,2014,,,,
Ferrari,California T,2010,,,,
Ferrari,California T,2011,,,,
Ferrari,California T,2012,,,,
Ferrari,California T,2013,,,,
Ferrari,California T,2014,,,,
Ferrari,California T,2015,,,,
Ferrari,California T,2016,,,,
Ferrari,California T,2017,,,,
Ferrari,California T,2018,,,,
Ferrari,Challenge Stradale,2004,,,,
Ferrari,Daytona SP3,2023,,,,
Ferrari,Daytona SP3,2024,,,,
Ferrari,Daytona SP3,2025,,,,
Ferrari,Enzo,2003,,,,
Ferrari,F12 Berlinetta,2010,,,,
Ferrari,F12 Berlinetta,2011,,,,
Ferrari,F12 Berlinetta,2012,,,,
Ferrari,F12 Berlinetta,2013,,,,
Ferrari,F12 Berlinetta,2014,,,,
Ferrari,F12 Berlinetta,2015,,,,
Ferrari,F12 Berlinetta,2016,,,,
Ferrari,F12 Berlinetta,2017,,,,
Ferrari,F12 Special Series,2016,,,,
Ferrari,F12 tdf (Tour de France),2017,,,,
Ferrari,F355,1995,,,,
Ferrari,F355,1996,,,,
Ferrari,F355,1998,,,,
Ferrari,F355,1999,,,,
Ferrari,F40,1991,,,,
Ferrari,F40,1992,,,,
Ferrari,F430,2005,,,,
Ferrari,F430,2006,,,,
Ferrari,F430,2007,,,,
Ferrari,F430,2008,,,,
Ferrari,F430,2009,,,,
Ferrari,F50,1996,,,,
Ferrari,F60 America,2016,,,,
Ferrari,F8,2020,,,,
Ferrari,F8,2021,,,,
Ferrari,F8,2022,,,,
Ferrari,F8,2023,,,,
Ferrari,FF,2010,,,,
Ferrari,FF,2011,,,,
Ferrari,FF,2012,,,,
Ferrari,FF,2013,,,,
Ferrari,FF,2014,,,,
Ferrari,FF,2015,,,,
Ferrari,FF,2016,,,,
Ferrari,GTC4Lusso,2017,,,,
Ferrari,GTC4Lusso,2018,,,,
Ferrari,GTC4Lusso,2019,,,,
Ferrari,GTC4Lusso,2020,,,,
Ferrari,La Ferrari,2010,,,,
Ferrari,La Ferrari,2011,,,,
Ferrari,La Ferrari,2012,,,,
Ferrari,La Ferrari,2013,,,,
Ferrari,La Ferrari,2014,,,,
Ferrari,La Ferrari,2015,,,,
Ferrari,La Ferrari,2016,,,,
Ferrari,La Ferrari,2017,,,,
Ferrari,Mondial 8,1981,,,,
Ferrari,Mondial 8,1982,,,,
Ferrari,Mondial 8,1983,,,,
Ferrari,Mondial 8,1984,,,,
Ferrari,Mondial 8,1985,,,,
Ferrari,Mondial T,1986,,,,
Ferrari,Mondial T,1987,,,,
Ferrari,Mondial T,1988,,,,
Ferrari,Mondial T,1989,,,,
Ferrari,Mondial T,1990,,,,
Ferrari,Mondial T,1991,,,,
Ferrari,Mondial T,1992,,,,
Ferrari,Mondial T,1993,,,,
Ferrari,Mondial T,1994,,,,
Ferrari,Monza SP1/SP2,2023,,,,
Ferrari,Portofino,2019,,,,
Ferrari,Portofino,2020,,,,
Ferrari,Portofino,2021,,,,
Ferrari,Portofino M,2021,,,,
Ferrari,Portofino M,2022,,,,
Ferrari,Portofino M,2023,,,,
Ferrari,Purosangue,2023,,,,
Ferrari,Purosangue,2024,,,,
Ferrari,Purosangue,2025,,,,
Ferrari,Roma,2021,,,,
Ferrari,Roma,2022,,,,
Ferrari,Roma,2023,,,,
Ferrari,Roma,2024,,,,
Ferrari,Roma,2025,,,,
Ferrari,SF90,2021,,,,
Ferrari,SF90,2022,,,,
Ferrari,SF90,2023,,,,
Ferrari,SF90,2024,,,,
Ferrari,SF90,2025,,,,
Ferrari,Testarossa,1985,,,,
Ferrari,Testarossa,1986,,,,
Ferrari,Testarossa,1987,,,,
Ferrari,Testarossa,1988,,,,
Ferrari,Testarossa,1989,,,,
Ferrari,Testarossa,1990,,,,
Ferrari,Testarossa,1991,,,,
Ferrari,Testarossa,1992,,,,
Fiat,124 Spider,1968,,,,
Fiat,124 Spider,2017,,,,
Fiat,124 Spider,2018,,,,
Fiat,124 Spider,2019,,,,
Fiat,124 Spider,2020,,,,
Fiat,500,2012,,,,
Fiat,500,2013,,,,
Fiat,500,2014,,,,
Fiat,500,2015,,,,
Fiat,500,2016,,,,
Fiat,500,2017,,,,
Fiat,500,2018,,,,
Fiat,500,2019,,,,
Fiat,500 Abarth,2013,,,,
Fiat,500e,2024,,,,
Fiat,500e,2025,,,,
Fiat,500L,2014,,,,
Fiat,500L,2015,,,,
Fiat,500L,2016,,,,
Fiat,500L,2017,,,,
Fiat,500L,2018,,,,
Fiat,500L,2019,,,,
Fiat,500L,2020,,,,
Fiat,500X,2016,,,,
Fiat,500X,2017,,,,
Fiat,500X,2018,,,,
Fiat,500X,2019,,,,
Fiat,500X,2020,,,,
Fiat,500X,2021,,,,
Fiat,500X,2022,,,,
Fiat,500X,2023,,,,
Fiat,Brava,1981,,,,
Fiat,Brava,1982,,,,
Fiat,Ducato,2019,,,,
Fiat,Ducato,2020,,,,
Fiat,Ducato,2021,,,,
Fiat,Ducato,2022,,,,
Fiat,Ducato,2023,,,,
Fiat,Freemont,2011,,,,
Fiat,Freemont,2012,,,,
Fiat,Freemont,2013,,,,
Fiat,Freemont,2014,,,,
Fiat,Freemont,2015,,,,
Fiat,Freemont,2016,,,,
Fiat,Spider 2000,1981,,,,
Fiat,Spider 2000,1982,,,,
Fiat,Strada,1981,,,,
Fiat,Strada,1982,,,,
Fiat,X 1/9,1981,,,,
Fiat,X 1/9,1982,,,,
Fisker,Karma,2011,,,,
Fisker,Karma,2012,,,,
Fisker,Nina,2011,,,,
Fisker,Nina,2012,,,,
Fisker,Nina,2013,,,,
Fisker,Nina,2014,,,,
Fisker,Nina,2015,,,,
Fisker,Nina,2016,,,,
Fisker,Nina,2017,,,,
Fisker,Nina,2018,,,,
Fisker,Nina,2019,,,,
Fisker,Nina,2020,,,,
Fisker,Nina,2021,,,,
Fisker,Nina,2022,,,,
Fisker,Nina,2023,,,,
Fisker,Nina,2024,,,,
Fisker,Nina,2025,,,,
Fisker,Ocean,2023,,,,
Fisker,Ocean,2024,,,,
Ford,A8513,1990,,,,
Ford,A8513,1991,,,,
Ford,A8513,1992,,,,
Ford,A8513,1993,,,,
Ford,A8513,1994,,,,
Ford,A8513,1995,,,,
Ford,A8513,1996,,,,
Ford,A8513,1997,,,,
Ford,A8513,1998,,,,
Ford,A9513,1981,,,,
Ford,A9513,1982,,,,
Ford,A9513,1983,,,,
Ford,A9513,1984,,,,
Ford,A9513,1985,,,,
Ford,A9513,1986,,,,
Ford,A9513,1987,,,,
Ford,A9513,1988,,,,
Ford,A9513,1989,,,,
Ford,A9513,1990,,,,
Ford,A9513,1991,,,,
Ford,A9513,1992,,,,
Ford,A9513,1993,,,,
Ford,A9513,1994,,,,
Ford,A9513,1995,,,,
Ford,A9513,1996,,,,
Ford,A9513,1997,,,,
Ford,A9513,1998,,,,
Ford,A9522,1988,,,,
Ford,A9522,1989,,,,
Ford,A9522,1990,,,,
Ford,A9522,1991,,,,
Ford,A9522,1992,,,,
Ford,A9522,1993,,,,
Ford,A9522,1994,,,,
Ford,A9522,1995,,,,
Ford,A9522,1996,,,,
Ford,A9522,1997,,,,
Ford,A9522,1998,,,,
Ford,Aerostar,1984,,,,
Ford,Aerostar,1985,,,,
Ford,Aerostar,1986,,,,
Ford,Aerostar,1987,,,,
Ford,Aerostar,1988,,,,
Ford,Aerostar,1989,,,,
Ford,Aerostar,1990,,,,
Ford,Aerostar,1991,,,,
Ford,Aerostar,1992,,,,
Ford,Aerostar,1993,,,,
Ford,Aerostar,1994,,,,
Ford,Aerostar,1995,,,,
Ford,Aerostar,1996,,,,
Ford,Aerostar,1997,,,,
Ford,Aspire,1994,,,,
Ford,Aspire,1995,,,,
Ford,Aspire,1996,,,,
Ford,Aspire,1997,,,,
Ford,AT8513,1981,,,,
Ford,AT8513,1982,,,,
Ford,AT8513,1983,,,,
Ford,AT8513,1984,,,,
Ford,AT8513,1985,,,,
Ford,AT8513,1986,,,,
Ford,AT8513,1987,,,,
Ford,AT8513,1988,,,,
Ford,AT8513,1989,,,,
Ford,AT8513,1990,,,,
Ford,AT8513,1991,,,,
Ford,AT8513,1992,,,,
Ford,AT8513,1993,,,,
Ford,AT8513,1994,,,,
Ford,AT8513,1995,,,,
Ford,AT8513,1996,,,,
Ford,AT8513,1997,,,,
Ford,AT8513,1998,,,,
Ford,AT9513,1981,,,,
Ford,AT9513,1982,,,,
Ford,AT9513,1983,,,,
Ford,AT9513,1984,,,,
Ford,AT9513,1985,,,,
Ford,AT9513,1986,,,,
Ford,AT9513,1987,,,,
Ford,AT9513,1988,,,,
Ford,AT9513,1989,,,,
Ford,AT9513,1990,,,,
Ford,AT9513,1991,,,,
Ford,AT9513,1992,,,,
Ford,AT9513,1993,,,,
Ford,AT9513,1994,,,,
Ford,AT9513,1995,,,,
Ford,AT9513,1996,,,,
Ford,AT9513,1997,,,,
Ford,AT9513,1998,,,,
Ford,AT9522,1981,,,,
Ford,AT9522,1982,,,,
Ford,AT9522,1983,,,,
Ford,AT9522,1984,,,,
Ford,AT9522,1985,,,,
Ford,AT9522,1986,,,,
Ford,AT9522,1987,,,,
Ford,AT9522,1988,,,,
Ford,AT9522,1989,,,,
Ford,AT9522,1990,,,,
Ford,AT9522,1991,,,,
Ford,AT9522,1992,,,,
Ford,AT9522,1993,,,,
Ford,AT9522,1994,,,,
Ford,AT9522,1995,,,,
Ford,AT9522,1996,,,,
Ford,AT9522,1997,,,,
Ford,AT9522,1998,,,,
Ford,B-750,2002,,,,
Ford,B600,1981,,,,
Ford,B600,1982,,,,
Ford,B600,1983,,,,
Ford,B600,1984,,,,
Ford,B600,1985,,,,
Ford,B600,1986,,,,
Ford,B600,1987,,,,
Ford,B600,1988,,,,
Ford,B600,1989,,,,
Ford,B600,1990,,,,
Ford,B600,1991,,,,
Ford,B600,1992,,,,
Ford,B600,1993,,,,
Ford,B600,1994,,,,
Ford,B6000,1986,,,,
Ford,B700,1981,,,,
Ford,B700,1982,,,,
Ford,B700,1983,,,,
Ford,B700,1984,,,,
Ford,B700,1985,,,,
Ford,B700,1986,,,,
Ford,B700,1987,,,,
Ford,B700,1988,,,,
Ford,B700,1989,,,,
Ford,B700,1990,,,,
Ford,B700,1991,,,,
Ford,B700,1992,,,,
Ford,B700,1993,,,,
Ford,B700,1994,,,,
Ford,B7000,1981,,,,
Ford,B7000,1982,,,,
Ford,B7000,1983,,,,
Ford,B7000,1984,,,,
Ford,B7000,1985,,,,
Ford,B7000,1986,,,,
Ford,B7000,1987,,,,
Ford,B800,1995,,,,
Ford,B800,1996,,,,
Ford,B800,1997,,,,
Ford,Bronco,1969,,,,
Ford,Bronco,1981,,,,
Ford,Bronco,1982,,,,
Ford,Bronco,1983,,,,
Ford,Bronco,1984,,,,
Ford,Bronco,1985,,,,
Ford,Bronco,1986,,,,
Ford,Bronco,1987,,,,
Ford,Bronco,1988,,,,
Ford,Bronco,1989,,,,
Ford,Bronco,1990,,,,
Ford,Bronco,1991,,,,
Ford,Bronco,1992,,,,
Ford,Bronco,1993,,,,
Ford,Bronco,1994,,,,
Ford,Bronco,1995,,,,
Ford,Bronco,1996,,,,
Ford,Bronco,2021,,,,
Ford,Bronco,2022,,,,
Ford,Bronco,2023,,,,
Ford,Bronco,2024,,,,
Ford,Bronco,2025,,,,
Ford,Bronco II,1983,,,,
Ford,Bronco II,1984,,,,
Ford,Bronco II,1985,,,,
Ford,Bronco II,1986,,,,
Ford,Bronco II,1987,,,,
Ford,Bronco II,1988,,,,
Ford,Bronco II,1989,,,,
Ford,Bronco II,1990,,,,
Ford,Bronco Sport,2021,,,,
Ford,Bronco Sport,2022,,,,
Ford,Bronco Sport,2023,,,,
Ford,Bronco Sport,2024,,,,
Ford,Bronco Sport,2025,,,,
Ford,C-Max,2013,,,,
Ford,C-Max,2014,,,,
Ford,C-Max,2015,,,,
Ford,C-Max,2016,,,,
Ford,C-Max,2017,,,,
Ford,C-Max,2018,,,,
Ford,C600,1981,,,,
Ford,C600,1982,,,,
Ford,C600,1983,,,,
Ford,C600,1984,,,,
Ford,C600,1985,,,,
Ford,C600,1986,,,,
Ford,C700,1981,,,,
Ford,C700,1982,,,,
Ford,C700,1983,,,,
Ford,C700,1984,,,,
Ford,C700,1985,,,,
Ford,C700,1986,,,,
Ford,C7000,1981,,,,
Ford,C7000,1982,,,,
Ford,C7000,1983,,,,
Ford,C7000,1984,,,,
Ford,C7000,1985,,,,
Ford,C7000,1986,,,,
Ford,C7000,1987,,,,
Ford,C800,1981,,,,
Ford,C800,1982,,,,
Ford,C800,1983,,,,
Ford,C800,1984,,,,
Ford,C800,1985,,,,
Ford,C800,1986,,,,
Ford,C800,1987,,,,
Ford,C800,1988,,,,
Ford,C800,1989,,,,
Ford,C800,1990,,,,
Ford,C8000,1981,,,,
Ford,C8000,1982,,,,
Ford,C8000,1983,,,,
Ford,C8000,1984,,,,
Ford,C8000,1985,,,,
Ford,C8000,1986,,,,
Ford,C8000,1987,,,,
Ford,C8000,1988,,,,
Ford,C8000,1989,,,,
Ford,C8000,1990,,,,
Ford,CF6000,1981,,,,
Ford,CF6000,1982,,,,
Ford,CF6000,1983,,,,
Ford,CF6000,1984,,,,
Ford,CF6000,1985,,,,
Ford,CF6000,1986,,,,
Ford,CF6000,1987,,,,
Ford,CF6000,1988,,,,
Ford,CF6000,1989,,,,
Ford,CF6000,1990,,,,
Ford,CF7000,1981,,,,
Ford,CF7000,1982,,,,
Ford,CF7000,1983,,,,
Ford,CF7000,1984,,,,
Ford,CF7000,1985,,,,
Ford,CF7000,1986,,,,
Ford,CF7000,1987,,,,
Ford,CF7000,1988,,,,
Ford,CF7000,1989,,,,
Ford,CF7000,1990,,,,
Ford,CF7000,1991,,,,
Ford,CF7000,1992,,,,
Ford,CF7000,1993,,,,
Ford,CF7000,1994,,,,
Ford,CF7000,1995,,,,
Ford,CF7000,1996,,,,
Ford,CF8000,1981,,,,
Ford,CF8000,1982,,,,
Ford,CF8000,1983,,,,
Ford,CF8000,1984,,,,
Ford,CF8000,1985,,,,
Ford,CF8000,1986,,,,
Ford,CF8000,1987,,,,
Ford,CF8000,1988,,,,
Ford,CF8000,1989,,,,
Ford,CF8000,1990,,,,
Ford,CF8000,1991,,,,
Ford,CF8000,1992,,,,
Ford,CF8000,1993,,,,
Ford,CF8000,1994,,,,
Ford,CF8000,1995,,,,
Ford,CF8000,1996,,,,
Ford,CF8000,1997,,,,
Ford,CFT8000,1981,,,,
Ford,CFT8000,1982,,,,
Ford,CFT8000,1983,,,,
Ford,CFT8000,1984,,,,
Ford,CFT8000,1985,,,,
Ford,CFT8000,1986,,,,
Ford,CFT8000,1987,,,,
Ford,CFT8000,1988,,,,
Ford,CFT8000,1989,,,,
Ford,CFT8000,1990,,,,
Ford,CFT8000,1991,,,,
Ford,CFT8000,1992,,,,
Ford,CFT8000,1993,,,,
Ford,CFT8000,1994,,,,
Ford,CFT8000,1995,,,,
Ford,CFT8000,1996,,,,
Ford,CFT8000,1997,,,,
Ford,CL9000,1981,,,,
Ford,CL9000,1982,,,,
Ford,CL9000,1983,,,,
Ford,CL9000,1984,,,,
Ford,CL9000,1985,,,,
Ford,CL9000,1986,,,,
Ford,CL9000,1987,,,,
Ford,CL9000,1988,,,,
Ford,CL9000,1989,,,,
Ford,CL9000,1990,,,,
Ford,CL9000,1991,,,,
Ford,CL9000,1992,,,,
Ford,CLT9000,1981,,,,
Ford,CLT9000,1982,,,,
Ford,CLT9000,1983,,,,
Ford,CLT9000,1984,,,,
Ford,CLT9000,1985,,,,
Ford,CLT9000,1986,,,,
Ford,CLT9000,1987,,,,
Ford,CLT9000,1988,,,,
Ford,CLT9000,1989,,,,
Ford,CLT9000,1990,,,,
Ford,Contour,1995,,,,
Ford,Contour,1996,,,,
Ford,Contour,1997,,,,
Ford,Contour,1998,,,,
Ford,Contour,1999,,,,
Ford,Contour,2000,,,,
Ford,Courier,1981,,,,
Ford,Courier,1982,,,,
Ford,Courier,1983,,,,
Ford,Courier,1984,,,,
Ford,Courier,1985,,,,
Ford,Courier,1986,,,,
Ford,Courier,1987,,,,
Ford,Courier,1988,,,,
Ford,Crown Victoria,1987,,,,
Ford,Crown Victoria,1988,,,,
Ford,Crown Victoria,1989,,,,
Ford,Crown Victoria,1990,,,,
Ford,Crown Victoria,1991,,,,
Ford,Crown Victoria,1992,,,,
Ford,Crown Victoria,1993,,,,
Ford,Crown Victoria,1994,,,,
Ford,Crown Victoria,1995,,,,
Ford,Crown Victoria,1996,,,,
Ford,Crown Victoria,1997,,,,
Ford,Crown Victoria,1998,,,,
Ford,Crown Victoria,1999,,,,
Ford,Crown Victoria,2000,,,,
Ford,Crown Victoria,2001,,,,
Ford,Crown Victoria,2002,,,,
Ford,Crown Victoria,2003,,,,
Ford,Crown Victoria,2004,,,,
Ford,Crown Victoria,2005,,,,
Ford,Crown Victoria,2006,,,,
Ford,Crown Victoria,2007,,,,
Ford,Crown Victoria,2008,,,,
Ford,Crown Victoria,2009,,,,
Ford,Crown Victoria,2010,,,,
Ford,Crown Victoria,2011,,,,
Ford,CT800,1981,,,,
Ford,CT800,1982,,,,
Ford,CT800,1983,,,,
Ford,CT8000,1981,,,,
Ford,CT8000,1982,,,,
Ford,CT8000,1983,,,,
Ford,CT8000,1984,,,,
Ford,CT8000,1985,,,,
Ford,CT8000,1986,,,,
Ford,CT8000,1987,,,,
Ford,CT8000,1988,,,,
Ford,CT8000,1989,,,,
Ford,CT8000,1990,,,,
Ford,Deluxe,1939,,,,
Ford,E-100,1981,,,,
Ford,E-100,1982,,,,
Ford,E-100,1983,,,,
Ford,E-150,1981,,,,
Ford,E-150,1982,,,,
Ford,E-150,1983,,,,
Ford,E-150,1984,,,,
Ford,E-150,1985,,,,
Ford,E-150,1986,,,,
Ford,E-150,1987,,,,
Ford,E-150,1988,,,,
Ford,E-150,1989,,,,
Ford,E-150,1990,,,,
Ford,E-150,1991,,,,
Ford,E-150,1992,,,,
Ford,E-150,1993,,,,
Ford,E-150,1994,,,,
Ford,E-150,1995,,,,
Ford,E-150,1996,,,,
Ford,E-150,1997,,,,
Ford,E-150,1998,,,,
Ford,E-150,1999,,,,
Ford,E-150,2000,,,,
Ford,E-150,2001,,,,
Ford,E-150,2002,,,,
Ford,E-150,2003,,,,
Ford,E-150,2004,,,,
Ford,E-150,2005,,,,
Ford,E-150,2006,,,,
Ford,E-150,2007,,,,
Ford,E-150,2008,,,,
Ford,E-150,2009,,,,
Ford,E-150,2010,,,,
Ford,E-150,2011,,,,
Ford,E-150,2012,,,,
Ford,E-150,2013,,,,
Ford,E-150,2014,,,,
Ford,E-250,1981,,,,
Ford,E-250,1982,,,,
Ford,E-250,1983,,,,
Ford,E-250,1984,,,,
Ford,E-250,1985,,,,
Ford,E-250,1986,,,,
Ford,E-250,1987,,,,
Ford,E-250,1988,,,,
Ford,E-250,1989,,,,
Ford,E-250,1990,,,,
Ford,E-250,1991,,,,
Ford,E-250,1992,,,,
Ford,E-250,1993,,,,
Ford,E-250,1994,,,,
Ford,E-250,1995,,,,
Ford,E-250,1996,,,,
Ford,E-250,1997,,,,
Ford,E-250,1998,,,,
Ford,E-250,1999,,,,
Ford,E-250,2000,,,,
Ford,E-250,2001,,,,
Ford,E-250,2002,,,,
Ford,E-250,2003,,,,
Ford,E-250,2004,,,,
Ford,E-250,2005,,,,
Ford,E-250,2006,,,,
Ford,E-250,2007,,,,
Ford,E-250,2008,,,,
Ford,E-250,2009,,,,
Ford,E-250,2010,,,,
Ford,E-250,2011,,,,
Ford,E-250,2012,,,,
Ford,E-250,2013,,,,
Ford,E-250,2014,,,,
Ford,E-350,1981,,,,
Ford,E-350,1982,,,,
Ford,E-350,1983,,,,
Ford,E-350,1984,,,,
Ford,E-350,1985,,,,
Ford,E-350,1986,,,,
Ford,E-350,1987,,,,
Ford,E-350,1988,,,,
Ford,E-350,1989,,,,
Ford,E-350,1990,,,,
Ford,E-350,1991,,,,
Ford,E-350,1992,,,,
Ford,E-350,1993,,,,
Ford,E-350,1994,,,,
Ford,E-350,1995,,,,
Ford,E-350,1996,,,,
Ford,E-350,1997,,,,
Ford,E-350,1998,,,,
Ford,E-350,1999,,,,
Ford,E-350,2000,,,,
Ford,E-350,2001,,,,
Ford,E-350,2002,,,,
Ford,E-350,2003,,,,
Ford,E-350,2004,,,,
Ford,E-350,2005,,,,
Ford,E-350,2006,,,,
Ford,E-350,2007,,,,
Ford,E-350,2008,,,,
Ford,E-350,2009,,,,
Ford,E-350,2010,,,,
Ford,E-350,2011,,,,
Ford,E-350,2012,,,,
Ford,E-350,2013,,,,
Ford,E-350,2014,,,,
Ford,E-450,1995,,,,
Ford,E-450,1996,,,,
Ford,E-450,1997,,,,
Ford,E-450,1998,,,,
Ford,E-450,1999,,,,
Ford,E-450,2000,,,,
Ford,E-450,2001,,,,
Ford,E-450,2002,,,,
Ford,E-450,2003,,,,
Ford,E-450,2004,,,,
Ford,E-450,2005,,,,
Ford,E-450,2006,,,,
Ford,E-450,2007,,,,
Ford,E-450,2008,,,,
Ford,E-450,2009,,,,
Ford,E-450,2010,,,,
Ford,E-450,2011,,,,
Ford,E-450,2012,,,,
Ford,E-450,2013,,,,
Ford,E-450,2014,,,,
Ford,E-550,2002,,,,
Ford,E-550,2003,,,,
Ford,Ecosport,2018,,,,
Ford,Ecosport,2019,,,,
Ford,Ecosport,2020,,,,
Ford,Ecosport,2021,,,,
Ford,Ecosport,2022,,,,
Ford,Edge,2007,,,,
Ford,Edge,2008,,,,
Ford,Edge,2009,,,,
Ford,Edge,2010,,,,
Ford,Edge,2011,,,,
Ford,Edge,2012,,,,
Ford,Edge,2013,,,,
Ford,Edge,2014,,,,
Ford,Edge,2015,,,,
Ford,Edge,2016,,,,
Ford,Edge,2017,,,,
Ford,Edge,2018,,,,
Ford,Edge,2019,,,,
Ford,Edge,2020,,,,
Ford,Edge,2021,,,,
Ford,Edge,2022,,,,
Ford,Edge,2023,,,,
Ford,Edge,2024,,,,
Ford,Escape,2001,,,,
Ford,Escape,2002,,,,
Ford,Escape,2003,,,,
Ford,Escape,2004,,,,
Ford,Escape,2005,,,,
Ford,Escape,2006,,,,
Ford,Escape,2007,,,,
Ford,Escape,2008,,,,
Ford,Escape,2009,,,,
Ford,Escape,2010,,,,
Ford,Escape,2011,,,,
Ford,Escape,2012,,,,
Ford,Escape,2013,,,,
Ford,Escape,2014,,,,
Ford,Escape,2015,,,,
Ford,Escape,2016,,,,
Ford,Escape,2017,,,,
Ford,Escape,2018,,,,
Ford,Escape,2019,,,,
Ford,Escape,2020,,,,
Ford,Escape,2021,,,,
Ford,Escape,2022,,,,
Ford,Escape,2023,,,,
Ford,Escape,2024,,,,
Ford,Escape,2025,,,,
Ford,Escort,1981,,,,
Ford,Escort,1982,,,,
Ford,Escort,1983,,,,
Ford,Escort,1984,,,,
Ford,Escort,1985,,,,
Ford,Escort,1986,,,,
Ford,Escort,1987,,,,
Ford,Escort,1988,,,,
Ford,Escort,1989,,,,
Ford,Escort,1990,,,,
Ford,Escort,1991,,,,
Ford,Escort,1992,,,,
Ford,Escort,1993,,,,
Ford,Escort,1994,,,,
Ford,Escort,1995,,,,
Ford,Escort,1996,,,,
Ford,Escort,1997,,,,
Ford,Escort,1998,,,,
Ford,Escort,1999,,,,
Ford,Escort,2000,,,,
Ford,Escort,2001,,,,
Ford,Escort,2002,,,,
Ford,Excursion,2000,,,,
Ford,Excursion,2001,,,,
Ford,Excursion,2002,,,,
Ford,Excursion,2003,,,,
Ford,Excursion,2004,,,,
Ford,Excursion,2005,,,,
Ford,Expedition,1997,,,,
Ford,Expedition,1998,,,,
Ford,Expedition,1999,,,,
Ford,Expedition,2000,,,,
Ford,Expedition,2001,,,,
Ford,Expedition,2002,,,,
Ford,Expedition,2003,,,,
Ford,Expedition,2004,,,,
Ford,Expedition,2005,,,,
Ford,Expedition,2006,,,,
Ford,Expedition,2007,,,,
Ford,Expedition,2008,,,,
Ford,Expedition,2009,,,,
Ford,Expedition,2010,,,,
Ford,Expedition,2011,,,,
Ford,Expedition,2012,,,,
Ford,Expedition,2013,,,,
Ford,Expedition,2014,,,,
Ford,Expedition,2015,,,,
Ford,Expedition,2016,,,,
Ford,Expedition,2017,,,,
Ford,Expedition,2018,,,,
Ford,Expedition,2019,,,,
Ford,Expedition,2020,,,,
Ford,Expedition,2021,,,,
Ford,Expedition,2022,,,,
Ford,Expedition,2023,,,,
Ford,Expedition,2024,,,,
Ford,Expedition,2025,,,,
Ford,Expedition EL,2017,,,,
Ford,Expedition MAX,2007,,,,
Ford,Expedition MAX,2008,,,,
Ford,Expedition MAX,2009,,,,
Ford,Expedition MAX,2015,,,,
Ford,Expedition MAX,2016,,,,
Ford,Expedition MAX,2018,,,,
Ford,Expedition MAX,2019,,,,
Ford,Expedition MAX,2020,,,,
Ford,Expedition MAX,2021,,,,
Ford,Expedition MAX,2022,,,,
Ford,Expedition MAX,2023,,,,
Ford,Expedition MAX,2024,,,,
Ford,Expedition MAX,2025,,,,
Ford,Explorer,1991,,,,
Ford,Explorer,1992,,,,
Ford,Explorer,1993,,,,
Ford,Explorer,1994,,,,
Ford,Explorer,1995,,,,
Ford,Explorer,1996,,,,
Ford,Explorer,1997,,,,
Ford,Explorer,1998,,,,
Ford,Explorer,1999,,,,
Ford,Explorer,2000,,,,
Ford,Explorer,2001,,,,
Ford,Explorer,2002,,,,
Ford,Explorer,2003,,,,
Ford,Explorer,2004,,,,
Ford,Explorer,2005,,,,
Ford,Explorer,2006,,,,
Ford,Explorer,2007,,,,
Ford,Explorer,2008,,,,
Ford,Explorer,2009,,,,
Ford,Explorer,2010,,,,
Ford,Explorer,2011,,,,
Ford,Explorer,2012,,,,
Ford,Explorer,2013,,,,
Ford,Explorer,2014,,,,
Ford,Explorer,2015,,,,
Ford,Explorer,2016,,,,
Ford,Explorer,2017,,,,
Ford,Explorer,2018,,,,
Ford,Explorer,2019,,,,
Ford,Explorer,2020,,,,
Ford,Explorer,2021,,,,
Ford,Explorer,2022,,,,
Ford,Explorer,2023,,,,
Ford,Explorer,2024,,,,
Ford,Explorer,2025,,,,
Ford,Explorer Sport,2003,,,,
Ford,Explorer Sport Trac,2001,,,,
Ford,Explorer Sport Trac,2002,,,,
Ford,Explorer Sport Trac,2003,,,,
Ford,Explorer Sport Trac,2004,,,,
Ford,Explorer Sport Trac,2005,,,,
Ford,Explorer Sport Trac,2007,,,,
Ford,Explorer Sport Trac,2008,,,,
Ford,Explorer Sport Trac,2009,,,,
Ford,Explorer Sport Trac,2010,,,,
Ford,F-100,1956,,,,
Ford,F-100,1981,,,,
Ford,F-100,1982,,,,
Ford,F-100,1983,,,,
Ford,F-150,1981,,,,
Ford,F-150,1982,,,,
Ford,F-150,1983,,,,
Ford,F-150,1984,,,,
Ford,F-150,1985,,,,
Ford,F-150,1986,,,,
Ford,F-150,1987,,,,
Ford,F-150,1988,,,,
Ford,F-150,1989,,,,
Ford,F-150,1990,,,,
Ford,F-150,1991,,,,
Ford,F-150,1992,,,,
Ford,F-150,1993,,,,
Ford,F-150,1994,,,,
Ford,F-150,1995,,,,
Ford,F-150,1996,,,,
Ford,F-150,1997,,,,
Ford,F-150,1998,,,,
Ford,F-150,1999,,,,
Ford,F-150,2000,,,,
Ford,F-150,2001,,,,
Ford,F-150,2002,,,,
Ford,F-150,2003,,,,
Ford,F-150,2004,,,,
Ford,F-150,2005,,,,
Ford,F-150,2006,,,,
Ford,F-150,2007,,,,
Ford,F-150,2008,,,,
Ford,F-150,2009,,,,
Ford,F-150,2010,,,,
Ford,F-150,2011,,,,
Ford,F-150,2012,,,,
Ford,F-150,2013,,,,
Ford,F-150,2014,,,,
Ford,F-150,2015,,,,
Ford,F-150,2016,,,,
Ford,F-150,2017,,,,
Ford,F-150,2018,,,,
Ford,F-150,2019,,,,
Ford,F-150,2020,,,,
Ford,F-150,2021,,,,
Ford,F-150,2022,,,,
Ford,F-150,2023,,,,
Ford,F-150,2024,,,,
Ford,F-150,2025,,,,
Ford,F-150 Heritage,2004,,,,
Ford,F-250,1981,,,,
Ford,F-250,1982,,,,
Ford,F-250,1983,,,,
Ford,F-250,1984,,,,
Ford,F-250,1985,,,,
Ford,F-250,1986,,,,
Ford,F-250,1987,,,,
Ford,F-250,1988,,,,
Ford,F-250,1989,,,,
Ford,F-250,1990,,,,
Ford,F-250,1991,,,,
Ford,F-250,1992,,,,
Ford,F-250,1993,,,,
Ford,F-250,1994,,,,
Ford,F-250,1995,,,,
Ford,F-250,1996,,,,
Ford,F-250,1997,,,,
Ford,F-250,1998,,,,
Ford,F-250,1999,,,,
Ford,F-250,2000,,,,
Ford,F-250,2001,,,,
Ford,F-250,2002,,,,
Ford,F-250,2003,,,,
Ford,F-250,2004,,,,
Ford,F-250,2005,,,,
Ford,F-250,2006,,,,
Ford,F-250,2007,,,,
Ford,F-250,2008,,,,
Ford,F-250,2009,,,,
Ford,F-250,2010,,,,
Ford,F-250,2011,,,,
Ford,F-250,2012,,,,
Ford,F-250,2013,,,,
Ford,F-250,2014,,,,
Ford,F-250,2015,,,,
Ford,F-250,2016,,,,
Ford,F-250,2017,,,,
Ford,F-250,2018,,,,
Ford,F-250,2019,,,,
Ford,F-250,2020,,,,
Ford,F-250,2021,,,,
Ford,F-250,2022,,,,
Ford,F-250,2023,,,,
Ford,F-250,2024,,,,
Ford,F-250,2025,,,,
Ford,F-350,1981,,,,
Ford,F-350,1982,,,,
Ford,F-350,1983,,,,
Ford,F-350,1984,,,,
Ford,F-350,1985,,,,
Ford,F-350,1986,,,,
Ford,F-350,1987,,,,
Ford,F-350,1988,,,,
Ford,F-350,1989,,,,
Ford,F-350,1990,,,,
Ford,F-350,1991,,,,
Ford,F-350,1992,,,,
Ford,F-350,1993,,,,
Ford,F-350,1994,,,,
Ford,F-350,1995,,,,
Ford,F-350,1996,,,,
Ford,F-350,1997,,,,
Ford,F-350,1999,,,,
Ford,F-350,2000,,,,
Ford,F-350,2001,,,,
Ford,F-350,2002,,,,
Ford,F-350,2003,,,,
Ford,F-350,2004,,,,
Ford,F-350,2005,,,,
Ford,F-350,2006,,,,
Ford,F-350,2007,,,,
Ford,F-350,2008,,,,
Ford,F-350,2009,,,,
Ford,F-350,2010,,,,
Ford,F-350,2011,,,,
Ford,F-350,2012,,,,
Ford,F-350,2013,,,,
Ford,F-350,2014,,,,
Ford,F-350,2015,,,,
Ford,F-350,2016,,,,
Ford,F-350,2017,,,,
Ford,F-350,2018,,,,
Ford,F-350,2019,,,,
Ford,F-350,2020,,,,
Ford,F-350,2021,,,,
Ford,F-350,2022,,,,
Ford,F-350,2023,,,,
Ford,F-350,2024,,,,
Ford,F-350,2025,,,,
Ford,F-450,1999,,,,
Ford,F-450,2000,,,,
Ford,F-450,2001,,,,
Ford,F-450,2002,,,,
Ford,F-450,2003,,,,
Ford,F-450,2004,,,,
Ford,F-450,2005,,,,
Ford,F-450,2006,,,,
Ford,F-450,2007,,,,
Ford,F-450,2008,,,,
Ford,F-450,2009,,,,
Ford,F-450,2010,,,,
Ford,F-450,2011,,,,
Ford,F-450,2012,,,,
Ford,F-450,2013,,,,
Ford,F-450,2014,,,,
Ford,F-450,2015,,,,
Ford,F-450,2016,,,,
Ford,F-450,2017,,,,
Ford,F-450,2018,,,,
Ford,F-450,2019,,,,
Ford,F-450,2020,,,,
Ford,F-450,2021,,,,
Ford,F-450,2022,,,,
Ford,F-450,2023,,,,
Ford,F-450,2024,,,,
Ford,F-450,2025,,,,
Ford,F-550,1999,,,,
Ford,F-550,2000,,,,
Ford,F-550,2001,,,,
Ford,F-550,2002,,,,
Ford,F-550,2003,,,,
Ford,F-550,2004,,,,
Ford,F-550,2005,,,,
Ford,F-550,2006,,,,
Ford,F-550,2007,,,,
Ford,F-550,2008,,,,
Ford,F-550,2009,,,,
Ford,F-550,2010,,,,
Ford,F-550,2011,,,,
Ford,F-550,2012,,,,
Ford,F-550,2013,,,,
Ford,F-550,2014,,,,
Ford,F-550,2015,,,,
Ford,F-550,2016,,,,
Ford,F-550,2017,,,,
Ford,F-550,2018,,,,
Ford,F-550,2019,,,,
Ford,F-550,2020,,,,
Ford,F-550,2021,,,,
Ford,F-550,2022,,,,
Ford,F-550,2023,,,,
Ford,F-550,2024,,,,
Ford,F-550,2025,,,,
Ford,F-590,1981,,,,
Ford,F-590,1982,,,,
Ford,F-590,1983,,,,
Ford,F-590,1984,,,,
Ford,F-590,1985,,,,
Ford,F-590,1986,,,,
Ford,F-590,1987,,,,
Ford,F-590,1988,,,,
Ford,F-590,1989,,,,
Ford,F-590,1990,,,,
Ford,F-590,1991,,,,
Ford,F-590,1992,,,,
Ford,F-590,1993,,,,
Ford,F-590,1994,,,,
Ford,F-600,1981,,,,
Ford,F-600,1982,,,,
Ford,F-600,1983,,,,
Ford,F-600,1984,,,,
Ford,F-600,1985,,,,
Ford,F-600,1986,,,,
Ford,F-600,1987,,,,
Ford,F-600,1988,,,,
Ford,F-600,1989,,,,
Ford,F-600,1990,,,,
Ford,F-600,1991,,,,
Ford,F-600,1992,,,,
Ford,F-600,1993,,,,
Ford,F-600,1994,,,,
Ford,F-600,2020,,,,
Ford,F-600,2021,,,,
Ford,F-600,2022,,,,
Ford,F-600,2023,,,,
Ford,F-600,2024,,,,
Ford,F-600,2025,,,,
Ford,F-650,2000,,,,
Ford,F-650,2001,,,,
Ford,F-650,2002,,,,
Ford,F-650,2004,,,,
Ford,F-650,2005,,,,
Ford,F-650,2006,,,,
Ford,F-650,2007,,,,
Ford,F-650,2008,,,,
Ford,F-700,1981,,,,
Ford,F-700,1982,,,,
Ford,F-700,1983,,,,
Ford,F-700,1984,,,,
Ford,F-700,1985,,,,
Ford,F-700,1986,,,,
Ford,F-700,1987,,,,
Ford,F-700,1988,,,,
Ford,F-700,1989,,,,
Ford,F-700,1990,,,,
Ford,F-700,1991,,,,
Ford,F-700,1992,,,,
Ford,F-700,1993,,,,
Ford,F-700,1994,,,,
Ford,F-700,1995,,,,
Ford,F-700,1996,,,,
Ford,F-700,1997,,,,
Ford,F-700,1998,,,,
Ford,F-750,2000,,,,
Ford,F-750,2001,,,,
Ford,F-750,2002,,,,
Ford,F-750,2004,,,,
Ford,F-750,2005,,,,
Ford,F-750,2006,,,,
Ford,F-750,2007,,,,
Ford,F-750,2008,,,,
Ford,F-800,1981,,,,
Ford,F-800,1982,,,,
Ford,F-800,1983,,,,
Ford,F-800,1984,,,,
Ford,F-800,1985,,,,
Ford,F-800,1986,,,,
Ford,F-800,1987,,,,
Ford,F-800,1988,,,,
Ford,F-800,1989,,,,
Ford,F-800,1990,,,,
Ford,F-800,1991,,,,
Ford,F-800,1992,,,,
Ford,F-800,1993,,,,
Ford,F-800,1994,,,,
Ford,F-800,1995,,,,
Ford,F-800,1996,,,,
Ford,F-800,1997,,,,
Ford,F-800,1998,,,,
Ford,F-800,1999,,,,
Ford,F-800,2000,,,,
Ford,F-800,2001,,,,
Ford,F-800,2002,,,,
Ford,F-Super Duty,1981,,,,
Ford,F-Super Duty,1982,,,,
Ford,F-Super Duty,1983,,,,
Ford,F-Super Duty,1984,,,,
Ford,F-Super Duty,1985,,,,
Ford,F-Super Duty,1986,,,,
Ford,F-Super Duty,1987,,,,
Ford,F-Super Duty,1988,,,,
Ford,F-Super Duty,1989,,,,
Ford,F-Super Duty,1990,,,,
Ford,F-Super Duty,1991,,,,
Ford,F-Super Duty,1992,,,,
Ford,F-Super Duty,1993,,,,
Ford,F-Super Duty,1994,,,,
Ford,F-Super Duty,1995,,,,
Ford,F-Super Duty,1996,,,,
Ford,F-Super Duty,1997,,,,
Ford,F6000,1981,,,,
Ford,F6000,1982,,,,
Ford,F6000,1983,,,,
Ford,F6000,1984,,,,
Ford,F6000,1985,,,,
Ford,F7000,1981,,,,
Ford,F7000,1982,,,,
Ford,F7000,1983,,,,
Ford,F7000,1984,,,,
Ford,F7000,1985,,,,
Ford,F7000,1986,,,,
Ford,F7000,1987,,,,
Ford,F8000,1981,,,,
Ford,F8000,1982,,,,
Ford,F8000,1983,,,,
Ford,F8000,1984,,,,
Ford,F8000,1985,,,,
Ford,F8000,1986,,,,
Ford,F8000,1987,,,,
Ford,Fairmont,1981,,,,
Ford,Fairmont,1982,,,,
Ford,Fairmont,1983,,,,
Ford,Festiva,1988,,,,
Ford,Festiva,1989,,,,
Ford,Festiva,1990,,,,
Ford,Festiva,1991,,,,
Ford,Festiva,1992,,,,
Ford,Festiva,1993,,,,
Ford,Festiva,1994,,,,
Ford,Fiesta,2011,,,,
Ford,Fiesta,2012,,,,
Ford,Fiesta,2013,,,,
Ford,Fiesta,2014,,,,
Ford,Fiesta,2015,,,,
Ford,Fiesta,2016,,,,
Ford,Fiesta,2017,,,,
Ford,Fiesta,2018,,,,
Ford,Fiesta,2019,,,,
Ford,Fiesta ST,2014,,,,
Ford,Five Hundred,2005,,,,
Ford,Five Hundred,2006,,,,
Ford,Five Hundred,2007,,,,
Ford,Flex,2009,,,,
Ford,Flex,2010,,,,
Ford,Flex,2011,,,,
Ford,Flex,2012,,,,
Ford,Flex,2013,,,,
Ford,Flex,2014,,,,
Ford,Flex,2015,,,,
Ford,Flex,2016,,,,
Ford,Flex,2017,,,,
Ford,Flex,2018,,,,
Ford,Flex,2019,,,,
Ford,Focus,2000,,,,
Ford,Focus,2001,,,,
Ford,Focus,2002,,,,
Ford,Focus,2003,,,,
Ford,Focus,2004,,,,
Ford,Focus,2005,,,,
Ford,Focus,2006,,,,
Ford,Focus,2007,,,,
Ford,Focus,2008,,,,
Ford,Focus,2009,,,,
Ford,Focus,2010,,,,
Ford,Focus,2011,,,,
Ford,Focus,2012,,,,
Ford,Focus,2013,,,,
Ford,Focus,2014,,,,
Ford,Focus,2015,,,,
Ford,Focus,2016,,,,
Ford,Focus,2017,,,,
Ford,Focus,2018,,,,
Ford,Focus ST,2013,,,,
Ford,Freestar,2004,,,,
Ford,Freestar,2005,,,,
Ford,Freestar,2006,,,,
Ford,Freestar,2007,,,,
Ford,Freestyle,2005,,,,
Ford,Freestyle,2006,,,,
Ford,Freestyle,2007,,,,
Ford,FT800,1981,,,,
Ford,FT800,1982,,,,
Ford,FT800,1983,,,,
Ford,FT800,1984,,,,
Ford,FT800,1985,,,,
Ford,FT800,1986,,,,
Ford,FT800,1987,,,,
Ford,FT800,1988,,,,
Ford,FT800,1989,,,,
Ford,FT800,1990,,,,
Ford,FT8000,1981,,,,
Ford,FT8000,1982,,,,
Ford,FT8000,1983,,,,
Ford,FT8000,1984,,,,
Ford,FT8000,1985,,,,
Ford,FT8000,1986,,,,
Ford,FT8000,1987,,,,
Ford,FT900,1981,,,,
Ford,FT900,1982,,,,
Ford,FT900,1983,,,,
Ford,FT900,1984,,,,
Ford,FT900,1985,,,,
Ford,FT900,1986,,,,
Ford,FT900,1987,,,,
Ford,FT900,1988,,,,
Ford,FT900,1989,,,,
Ford,FT900,1990,,,,
Ford,FT900,1991,,,,
Ford,FT900,1992,,,,
Ford,FT900,1993,,,,
Ford,FT900,1994,,,,
Ford,FT900,1995,,,,
Ford,FT900,1996,,,,
Ford,FT900,1997,,,,
Ford,FT900,1998,,,,
Ford,Fusion,2006,,,,
Ford,Fusion,2007,,,,
Ford,Fusion,2008,,,,
Ford,Fusion,2009,,,,
Ford,Fusion,2010,,,,
Ford,Fusion,2011,,,,
Ford,Fusion,2012,,,,
Ford,Fusion,2013,,,,
Ford,Fusion,2014,,,,
Ford,Fusion,2015,,,,
Ford,Fusion,2016,,,,
Ford,Fusion,2017,,,,
Ford,Fusion,2018,,,,
Ford,Fusion,2019,,,,
Ford,Fusion,2020,,,,
Ford,Galaxie,1963,,,,
Ford,Granada,1981,,,,
Ford,Granada,1982,,,,
Ford,GT,2004,,,,
Ford,GT,2005,,,,
Ford,GT,2006,,,,
Ford,GT,2017,,,,
Ford,GT,2018,,,,
Ford,GT,2019,,,,
Ford,GT,2020,,,,
Ford,GT,2021,,,,
Ford,GT,2022,,,,
Ford,GT MKII,2023,,,,
Ford,GT MKII,2024,,,,
Ford,GT MKII,2025,,,,
Ford,L800,1981,,,,
Ford,L800,1982,,,,
Ford,L800,1983,,,,
Ford,L800,1984,,,,
Ford,L8000,1981,,,,
Ford,L8000,1982,,,,
Ford,L8000,1983,,,,
Ford,L8000,1984,,,,
Ford,L8000,1985,,,,
Ford,L8000,1986,,,,
Ford,L8000,1987,,,,
Ford,L8000,1988,,,,
Ford,L8000,1989,,,,
Ford,L8000,1990,,,,
Ford,L8000,1991,,,,
Ford,L8000,1992,,,,
Ford,L8000,1993,,,,
Ford,L8000,1994,,,,
Ford,L8000,1995,,,,
Ford,L8000,1996,,,,
Ford,L8000,1997,,,,
Ford,L8501,1997,,,,
Ford,L8501,1998,,,,
Ford,L8511,1998,,,,
Ford,L8513,1990,,,,
Ford,L8513,1991,,,,
Ford,L8513,1992,,,,
Ford,L8513,1993,,,,
Ford,L8513,1994,,,,
Ford,L8513,1995,,,,
Ford,L8513,1996,,,,
Ford,L8513,1997,,,,
Ford,L8513,1998,,,,
Ford,L9000,1981,,,,
Ford,L9000,1982,,,,
Ford,L9000,1983,,,,
Ford,L9000,1984,,,,
Ford,L9000,1985,,,,
Ford,L9000,1986,,,,
Ford,L9000,1987,,,,
Ford,L9000,1988,,,,
Ford,L9000,1989,,,,
Ford,L9000,1990,,,,
Ford,L9000,1991,,,,
Ford,L9000,1992,,,,
Ford,L9000,1993,,,,
Ford,L9000,1994,,,,
Ford,L9000,1995,,,,
Ford,L9000,1996,,,,
Ford,L9000,1997,,,,
Ford,L9501,1997,,,,
Ford,L9501,1998,,,,
Ford,L9511,1998,,,,
Ford,L9513,1981,,,,
Ford,L9513,1982,,,,
Ford,L9513,1983,,,,
Ford,L9513,1984,,,,
Ford,L9513,1985,,,,
Ford,L9513,1986,,,,
Ford,L9513,1987,,,,
Ford,L9513,1988,,,,
Ford,L9513,1989,,,,
Ford,L9513,1990,,,,
Ford,L9513,1991,,,,
Ford,L9513,1992,,,,
Ford,L9513,1993,,,,
Ford,L9513,1994,,,,
Ford,L9513,1995,,,,
Ford,L9513,1996,,,,
Ford,L9513,1997,,,,
Ford,L9513,1998,,,,
Ford,L9522,1998,,,,
Ford,LA8000,1981,,,,
Ford,LA8000,1982,,,,
Ford,LA8000,1983,,,,
Ford,LA8000,1984,,,,
Ford,LA8000,1985,,,,
Ford,LA8000,1986,,,,
Ford,LA8000,1987,,,,
Ford,LA8000,1988,,,,
Ford,LA8000,1989,,,,
Ford,LA8000,1990,,,,
Ford,LA8000,1991,,,,
Ford,LA8000,1992,,,,
Ford,LA8000,1993,,,,
Ford,LA8000,1994,,,,
Ford,LA8000,1995,,,,
Ford,LA8000,1996,,,,
Ford,LA8000,1997,,,,
Ford,LA9000,1981,,,,
Ford,LA9000,1982,,,,
Ford,LA9000,1983,,,,
Ford,LA9000,1984,,,,
Ford,LA9000,1985,,,,
Ford,LA9000,1986,,,,
Ford,LA9000,1987,,,,
Ford,LA9000,1988,,,,
Ford,LA9000,1989,,,,
Ford,LA9000,1990,,,,
Ford,LA9000,1991,,,,
Ford,LA9000,1992,,,,
Ford,LA9000,1993,,,,
Ford,LA9000,1994,,,,
Ford,LA9000,1995,,,,
Ford,LA9000,1996,,,,
Ford,LA9000,1997,,,,
Ford,Laser,1981,,,,
Ford,Laser,1982,,,,
Ford,Laser,1983,,,,
Ford,Laser,1984,,,,
Ford,Laser,1985,,,,
Ford,Laser,1986,,,,
Ford,Laser,1987,,,,
Ford,LL9000,1981,,,,
Ford,LL9000,1982,,,,
Ford,LL9000,1983,,,,
Ford,LL9000,1984,,,,
Ford,LL9000,1985,,,,
Ford,LL9000,1986,,,,
Ford,LL9000,1987,,,,
Ford,LL9000,1988,,,,
Ford,LL9000,1989,,,,
Ford,LL9000,1990,,,,
Ford,LL9000,1991,,,,
Ford,LL9000,1992,,,,
Ford,LL9000,1993,,,,
Ford,LL9000,1994,,,,
Ford,LL9000,1995,,,,
Ford,LL9000,1996,,,,
Ford,LL9000,1997,,,,
Ford,LLA9000,1981,,,,
Ford,LLA9000,1982,,,,
Ford,LLA9000,1983,,,,
Ford,LLA9000,1984,,,,
Ford,LLA9000,1985,,,,
Ford,LLA9000,1986,,,,
Ford,LLA9000,1987,,,,
Ford,LLA9000,1988,,,,
Ford,LLA9000,1989,,,,
Ford,LLA9000,1990,,,,
Ford,LLA9000,1991,,,,
Ford,LLA9000,1992,,,,
Ford,LLA9000,1993,,,,
Ford,LLA9000,1994,,,,
Ford,LLA9000,1995,,,,
Ford,LLA9000,1996,,,,
Ford,LLA9000,1997,,,,
Ford,LLS9000,1981,,,,
Ford,LLS9000,1982,,,,
Ford,LLS9000,1983,,,,
Ford,LLS9000,1984,,,,
Ford,LLS9000,1985,,,,
Ford,LLS9000,1986,,,,
Ford,LLS9000,1987,,,,
Ford,LLS9000,1988,,,,
Ford,LLS9000,1989,,,,
Ford,LLS9000,1990,,,,
Ford,LLS9000,1991,,,,
Ford,LLS9000,1992,,,,
Ford,LLS9000,1993,,,,
Ford,LLS9000,1994,,,,
Ford,LLS9000,1995,,,,
Ford,LLS9000,1996,,,,
Ford,LLS9000,1997,,,,
Ford,LN600,1981,,,,
Ford,LN600,1982,,,,
Ford,LN600,1983,,,,
Ford,LN600,1984,,,,
Ford,LN600,1985,,,,
Ford,LN700,1981,,,,
Ford,LN700,1982,,,,
Ford,LN700,1983,,,,
Ford,LN700,1984,,,,
Ford,LN700,1985,,,,
Ford,LN700,1986,,,,
Ford,LN7000,1981,,,,
Ford,LN7000,1982,,,,
Ford,LN7000,1983,,,,
Ford,LN7000,1984,,,,
Ford,LN7000,1985,,,,
Ford,LN7000,1986,,,,
Ford,LN7000,1987,,,,
Ford,LN7000,1988,,,,
Ford,LN7000,1989,,,,
Ford,LN7000,1990,,,,
Ford,LN7000,1991,,,,
Ford,LN7000,1992,,,,
Ford,LN7000,1993,,,,
Ford,LN7000,1994,,,,
Ford,LN7000,1995,,,,
Ford,LN7000,1996,,,,
Ford,LN7000,1997,,,,
Ford,LN800,1981,,,,
Ford,LN800,1982,,,,
Ford,LN800,1983,,,,
Ford,LN800,1984,,,,
Ford,LN8000,1981,,,,
Ford,LN8000,1982,,,,
Ford,LN8000,1983,,,,
Ford,LN8000,1984,,,,
Ford,LN8000,1985,,,,
Ford,LN8000,1986,,,,
Ford,LN8000,1987,,,,
Ford,LN8000,1988,,,,
Ford,LN8000,1989,,,,
Ford,LN8000,1990,,,,
Ford,LN8000,1991,,,,
Ford,LN8000,1992,,,,
Ford,LN8000,1993,,,,
Ford,LN8000,1994,,,,
Ford,LN8000,1995,,,,
Ford,LN8000,1996,,,,
Ford,LN8000,1997,,,,
Ford,LN9000,1981,,,,
Ford,LN9000,1982,,,,
Ford,LN9000,1983,,,,
Ford,LN9000,1984,,,,
Ford,LN9000,1985,,,,
Ford,LN9000,1986,,,,
Ford,LN9000,1987,,,,
Ford,LN9000,1988,,,,
Ford,LN9000,1989,,,,
Ford,LN9000,1990,,,,
Ford,LN9000,1991,,,,
Ford,LN9000,1992,,,,
Ford,LN9000,1993,,,,
Ford,LN9000,1994,,,,
Ford,LN9000,1995,,,,
Ford,LN9000,1996,,,,
Ford,LN9000,1997,,,,
Ford,LNT800,1981,,,,
Ford,LNT800,1982,,,,
Ford,LNT800,1983,,,,
Ford,LNT800,1984,,,,
Ford,LNT8000,1981,,,,
Ford,LNT8000,1982,,,,
Ford,LNT8000,1983,,,,
Ford,LNT8000,1984,,,,
Ford,LNT8000,1985,,,,
Ford,LNT8000,1986,,,,
Ford,LNT8000,1987,,,,
Ford,LNT8000,1988,,,,
Ford,LNT8000,1989,,,,
Ford,LNT8000,1990,,,,
Ford,LNT8000,1991,,,,
Ford,LNT8000,1992,,,,
Ford,LNT8000,1993,,,,
Ford,LNT8000,1994,,,,
Ford,LNT8000,1995,,,,
Ford,LNT8000,1996,,,,
Ford,LNT8000,1997,,,,
Ford,LNT9000,1981,,,,
Ford,LNT9000,1982,,,,
Ford,LNT9000,1983,,,,
Ford,LNT9000,1984,,,,
Ford,LNT9000,1985,,,,
Ford,LNT9000,1986,,,,
Ford,LNT9000,1987,,,,
Ford,LNT9000,1988,,,,
Ford,LNT9000,1989,,,,
Ford,LNT9000,1990,,,,
Ford,LNT9000,1991,,,,
Ford,LNT9000,1992,,,,
Ford,LNT9000,1993,,,,
Ford,LNT9000,1994,,,,
Ford,LNT9000,1995,,,,
Ford,LNT9000,1996,,,,
Ford,LNT9000,1997,,,,
Ford,LS8000,1981,,,,
Ford,LS8000,1982,,,,
Ford,LS8000,1983,,,,
Ford,LS8000,1984,,,,
Ford,LS8000,1985,,,,
Ford,LS8000,1986,,,,
Ford,LS8000,1987,,,,
Ford,LS8000,1988,,,,
Ford,LS8000,1989,,,,
Ford,LS8000,1990,,,,
Ford,LS8000,1991,,,,
Ford,LS8000,1992,,,,
Ford,LS8000,1993,,,,
Ford,LS8000,1994,,,,
Ford,LS8000,1995,,,,
Ford,LS8000,1996,,,,
Ford,LS8000,1997,,,,
Ford,LS9000,1981,,,,
Ford,LS9000,1982,,,,
Ford,LS9000,1983,,,,
Ford,LS9000,1984,,,,
Ford,LS9000,1985,,,,
Ford,LS9000,1986,,,,
Ford,LS9000,1987,,,,
Ford,LS9000,1988,,,,
Ford,LS9000,1989,,,,
Ford,LS9000,1990,,,,
Ford,LS9000,1991,,,,
Ford,LS9000,1992,,,,
Ford,LS9000,1993,,,,
Ford,LS9000,1994,,,,
Ford,LS9000,1995,,,,
Ford,LS9000,1996,,,,
Ford,LS9000,1997,,,,
Ford,LT800,1981,,,,
Ford,LT800,1982,,,,
Ford,LT800,1983,,,,
Ford,LT800,1984,,,,
Ford,LT8000,1981,,,,
Ford,LT8000,1982,,,,
Ford,LT8000,1983,,,,
Ford,LT8000,1984,,,,
Ford,LT8000,1985,,,,
Ford,LT8000,1986,,,,
Ford,LT8000,1987,,,,
Ford,LT8000,1988,,,,
Ford,LT8000,1989,,,,
Ford,LT8000,1990,,,,
Ford,LT8000,1991,,,,
Ford,LT8000,1992,,,,
Ford,LT8000,1993,,,,
Ford,LT8000,1994,,,,
Ford,LT8000,1995,,,,
Ford,LT8000,1996,,,,
Ford,LT8000,1997,,,,
Ford,LT8501,1981,,,,
Ford,LT8501,1982,,,,
Ford,LT8501,1983,,,,
Ford,LT8501,1984,,,,
Ford,LT8501,1985,,,,
Ford,LT8501,1986,,,,
Ford,LT8501,1987,,,,
Ford,LT8501,1988,,,,
Ford,LT8501,1989,,,,
Ford,LT8501,1990,,,,
Ford,LT8501,1991,,,,
Ford,LT8501,1992,,,,
Ford,LT8501,1993,,,,
Ford,LT8501,1994,,,,
Ford,LT8501,1995,,,,
Ford,LT8501,1996,,,,
Ford,LT8501,1997,,,,
Ford,LT8501,1998,,,,
Ford,LT8511,1998,,,,
Ford,LT8513,1981,,,,
Ford,LT8513,1982,,,,
Ford,LT8513,1983,,,,
Ford,LT8513,1984,,,,
Ford,LT8513,1985,,,,
Ford,LT8513,1986,,,,
Ford,LT8513,1987,,,,
Ford,LT8513,1988,,,,
Ford,LT8513,1989,,,,
Ford,LT8513,1990,,,,
Ford,LT8513,1991,,,,
Ford,LT8513,1992,,,,
Ford,LT8513,1993,,,,
Ford,LT8513,1994,,,,
Ford,LT8513,1995,,,,
Ford,LT8513,1996,,,,
Ford,LT8513,1997,,,,
Ford,LT8513,1998,,,,
Ford,LT9000,1981,,,,
Ford,LT9000,1982,,,,
Ford,LT9000,1983,,,,
Ford,LT9000,1984,,,,
Ford,LT9000,1985,,,,
Ford,LT9000,1986,,,,
Ford,LT9000,1987,,,,
Ford,LT9000,1988,,,,
Ford,LT9000,1989,,,,
Ford,LT9000,1990,,,,
Ford,LT9000,1991,,,,
Ford,LT9000,1992,,,,
Ford,LT9000,1993,,,,
Ford,LT9000,1994,,,,
Ford,LT9000,1995,,,,
Ford,LT9000,1996,,,,
Ford,LT9000,1997,,,,
Ford,LT9501,1981,,,,
Ford,LT9501,1982,,,,
Ford,LT9501,1983,,,,
Ford,LT9501,1984,,,,
Ford,LT9501,1985,,,,
Ford,LT9501,1986,,,,
Ford,LT9501,1987,,,,
Ford,LT9501,1988,,,,
Ford,LT9501,1989,,,,
Ford,LT9501,1990,,,,
Ford,LT9501,1991,,,,
Ford,LT9501,1992,,,,
Ford,LT9501,1993,,,,
Ford,LT9501,1994,,,,
Ford,LT9501,1995,,,,
Ford,LT9501,1996,,,,
Ford,LT9501,1997,,,,
Ford,LT9501,1998,,,,
Ford,LT9511,1998,,,,
Ford,LT9513,1981,,,,
Ford,LT9513,1982,,,,
Ford,LT9513,1983,,,,
Ford,LT9513,1984,,,,
Ford,LT9513,1985,,,,
Ford,LT9513,1986,,,,
Ford,LT9513,1987,,,,
Ford,LT9513,1988,,,,
Ford,LT9513,1989,,,,
Ford,LT9513,1990,,,,
Ford,LT9513,1991,,,,
Ford,LT9513,1992,,,,
Ford,LT9513,1993,,,,
Ford,LT9513,1994,,,,
Ford,LT9513,1995,,,,
Ford,LT9513,1996,,,,
Ford,LT9513,1997,,,,
Ford,LT9513,1998,,,,
Ford,LT9522,1981,,,,
Ford,LT9522,1982,,,,
Ford,LT9522,1983,,,,
Ford,LT9522,1984,,,,
Ford,LT9522,1985,,,,
Ford,LT9522,1986,,,,
Ford,LT9522,1987,,,,
Ford,LT9522,1988,,,,
Ford,LT9522,1989,,,,
Ford,LT9522,1990,,,,
Ford,LT9522,1991,,,,
Ford,LT9522,1992,,,,
Ford,LT9522,1993,,,,
Ford,LT9522,1994,,,,
Ford,LT9522,1995,,,,
Ford,LT9522,1996,,,,
Ford,LT9522,1997,,,,
Ford,LT9522,1998,,,,
Ford,LTA9000,1981,,,,
Ford,LTA9000,1982,,,,
Ford,LTA9000,1983,,,,
Ford,LTA9000,1984,,,,
Ford,LTA9000,1985,,,,
Ford,LTA9000,1986,,,,
Ford,LTA9000,1987,,,,
Ford,LTA9000,1988,,,,
Ford,LTA9000,1989,,,,
Ford,LTA9000,1990,,,,
Ford,LTA9000,1991,,,,
Ford,LTA9000,1992,,,,
Ford,LTA9000,1993,,,,
Ford,LTA9000,1994,,,,
Ford,LTA9000,1995,,,,
Ford,LTA9000,1996,,,,
Ford,LTA9000,1997,,,,
Ford,LTD,1981,,,,
Ford,LTD,1982,,,,
Ford,LTD,1983,,,,
Ford,LTD,1984,,,,
Ford,LTD,1985,,,,
Ford,LTD,1986,,,,
Ford,LTL9000,1981,,,,
Ford,LTL9000,1982,,,,
Ford,LTL9000,1983,,,,
Ford,LTL9000,1984,,,,
Ford,LTL9000,1985,,,,
Ford,LTL9000,1986,,,,
Ford,LTL9000,1987,,,,
Ford,LTL9000,1988,,,,
Ford,LTL9000,1989,,,,
Ford,LTL9000,1990,,,,
Ford,LTL9000,1991,,,,
Ford,LTL9000,1992,,,,
Ford,LTL9000,1993,,,,
Ford,LTL9000,1994,,,,
Ford,LTL9000,1995,,,,
Ford,LTL9000,1996,,,,
Ford,LTL9000,1997,,,,
Ford,LTLA9000,1981,,,,
Ford,LTLA9000,1982,,,,
Ford,LTLA9000,1983,,,,
Ford,LTLA9000,1984,,,,
Ford,LTLA9000,1985,,,,
Ford,LTLA9000,1986,,,,
Ford,LTLA9000,1987,,,,
Ford,LTLA9000,1988,,,,
Ford,LTLA9000,1989,,,,
Ford,LTLA9000,1990,,,,
Ford,LTLA9000,1991,,,,
Ford,LTLA9000,1992,,,,
Ford,LTLA9000,1993,,,,
Ford,LTLA9000,1994,,,,
Ford,LTLA9000,1995,,,,
Ford,LTLA9000,1996,,,,
Ford,LTLA9000,1997,,,,
Ford,LTLS9000,1981,,,,
Ford,LTLS9000,1982,,,,
Ford,LTLS9000,1983,,,,
Ford,LTLS9000,1984,,,,
Ford,LTLS9000,1985,,,,
Ford,LTLS9000,1986,,,,
Ford,LTLS9000,1987,,,,
Ford,LTLS9000,1988,,,,
Ford,LTLS9000,1989,,,,
Ford,LTLS9000,1990,,,,
Ford,LTLS9000,1991,,,,
Ford,LTLS9000,1992,,,,
Ford,LTLS9000,1993,,,,
Ford,LTLS9000,1994,,,,
Ford,LTLS9000,1995,,,,
Ford,LTLS9000,1996,,,,
Ford,LTLS9000,1997,,,,
Ford,LTS8000,1981,,,,
Ford,LTS8000,1982,,,,
Ford,LTS8000,1983,,,,
Ford,LTS8000,1984,,,,
Ford,LTS8000,1985,,,,
Ford,LTS8000,1986,,,,
Ford,LTS8000,1987,,,,
Ford,LTS8000,1988,,,,
Ford,LTS8000,1989,,,,
Ford,LTS8000,1990,,,,
Ford,LTS8000,1991,,,,
Ford,LTS8000,1992,,,,
Ford,LTS8000,1993,,,,
Ford,LTS8000,1994,,,,
Ford,LTS8000,1995,,,,
Ford,LTS8000,1996,,,,
Ford,LTS8000,1997,,,,
Ford,LTS9000,1981,,,,
Ford,LTS9000,1982,,,,
Ford,LTS9000,1983,,,,
Ford,LTS9000,1984,,,,
Ford,LTS9000,1985,,,,
Ford,LTS9000,1986,,,,
Ford,LTS9000,1987,,,,
Ford,LTS9000,1988,,,,
Ford,LTS9000,1989,,,,
Ford,LTS9000,1990,,,,
Ford,LTS9000,1991,,,,
Ford,LTS9000,1992,,,,
Ford,LTS9000,1993,,,,
Ford,LTS9000,1994,,,,
Ford,LTS9000,1995,,,,
Ford,LTS9000,1996,,,,
Ford,LTS9000,1997,,,,
Ford,Maverick,2022,,,,
Ford,Maverick,2023,,,,
Ford,Maverick,2024,,,,
Ford,Maverick,2025,,,,
Ford,Model A,1930,,,,
Ford,Model T,1920,,,,
Ford,Motorhome Chassis,1999,,,,
Ford,Motorhome Chassis,2000,,,,
Ford,Motorhome Chassis,2001,,,,
Ford,Motorhome Chassis,2002,,,,
Ford,Mustang,1965,,,,
Ford,Mustang,1967,,,,
Ford,Mustang,1981,,,,
Ford,Mustang,1982,,,,
Ford,Mustang,1983,,,,
Ford,Mustang,1984,,,,
Ford,Mustang,1985,,,,
Ford,Mustang,1986,,,,
Ford,Mustang,1987,,,,
Ford,Mustang,1988,,,,
Ford,Mustang,1989,,,,
Ford,Mustang,1990,,,,
Ford,Mustang,1991,,,,
Ford,Mustang,1992,,,,
Ford,Mustang,1993,,,,
Ford,Mustang,1994,,,,
Ford,Mustang,1995,,,,
Ford,Mustang,1996,,,,
Ford,Mustang,1997,,,,
Ford,Mustang,1998,,,,
Ford,Mustang,1999,,,,
Ford,Mustang,2000,,,,
Ford,Mustang,2001,,,,
Ford,Mustang,2002,,,,
Ford,Mustang,2003,,,,
Ford,Mustang,2004,,,,
Ford,Mustang,2005,,,,
Ford,Mustang,2006,,,,
Ford,Mustang,2007,,,,
Ford,Mustang,2008,,,,
Ford,Mustang,2009,,,,
Ford,Mustang,2010,,,,
Ford,Mustang,2011,,,,
Ford,Mustang,2012,,,,
Ford,Mustang,2013,,,,
Ford,Mustang,2014,,,,
Ford,Mustang,2015,,,,
Ford,Mustang,2016,,,,
Ford,Mustang,2017,,,,
Ford,Mustang,2018,,,,
Ford,Mustang,2019,,,,
Ford,Mustang,2020,,,,
Ford,Mustang,2021,,,,
Ford,Mustang,2022,,,,
Ford,Mustang,2023,,,,
Ford,Mustang,2024,,,,
Ford,Mustang,2025,,,,
Ford,Mustang GT,1999,,,,
Ford,Mustang GTD,2025,,,,
Ford,Mustang II,1976,,,,
Ford,Mustang Mach 1,1971,,,,
Ford,Mustang Mach-E,2021,,,,
Ford,Mustang Mach-E,2022,,,,
Ford,Mustang Mach-E,2023,,,,
Ford,Mustang Mach-E,2024,,,,
Ford,Mustang Mach-E,2025,,,,
Ford,P600,1981,,,,
Ford,P600,1982,,,,
Ford,P600,1983,,,,
Ford,P600,1984,,,,
Ford,P600,1985,,,,
Ford,P600,1986,,,,
Ford,P600,1987,,,,
Ford,P600,1988,,,,
Ford,P600,1989,,,,
Ford,P600,1990,,,,
Ford,P600,1991,,,,
Ford,P600,1992,,,,
Ford,P600,1993,,,,
Ford,P600,1994,,,,
Ford,P700,1995,,,,
Ford,P700,1996,,,,
Ford,P700,1997,,,,
Ford,P800,1995,,,,
Ford,P800,1996,,,,
Ford,P800,1997,,,,
Ford,Pinto,1974,,,,
Ford,Probe,1988,,,,
Ford,Probe,1989,,,,
Ford,Probe,1990,,,,
Ford,Probe,1991,,,,
Ford,Probe,1992,,,,
Ford,Probe,1993,,,,
Ford,Probe,1994,,,,
Ford,Probe,1995,,,,
Ford,Probe,1996,,,,
Ford,Probe,1997,,,,
Ford,Ranger,1982,,,,
Ford,Ranger,1983,,,,
Ford,Ranger,1984,,,,
Ford,Ranger,1985,,,,
Ford,Ranger,1986,,,,
Ford,Ranger,1987,,,,
Ford,Ranger,1988,,,,
Ford,Ranger,1989,,,,
Ford,Ranger,1990,,,,
Ford,Ranger,1991,,,,
Ford,Ranger,1992,,,,
Ford,Ranger,1993,,,,
Ford,Ranger,1994,,,,
Ford,Ranger,1995,,,,
Ford,Ranger,1996,,,,
Ford,Ranger,1997,,,,
Ford,Ranger,1998,,,,
Ford,Ranger,1999,,,,
Ford,Ranger,2000,,,,
Ford,Ranger,2001,,,,
Ford,Ranger,2002,,,,
Ford,Ranger,2003,,,,
Ford,Ranger,2004,,,,
Ford,Ranger,2005,,,,
Ford,Ranger,2006,,,,
Ford,Ranger,2007,,,,
Ford,Ranger,2008,,,,
Ford,Ranger,2009,,,,
Ford,Ranger,2010,,,,
Ford,Ranger,2011,,,,
Ford,Ranger,2019,,,,
Ford,Ranger,2020,,,,
Ford,Ranger,2021,,,,
Ford,Ranger,2022,,,,
Ford,Ranger,2023,,,,
Ford,Ranger,2024,,,,
Ford,Ranger,2025,,,,
Ford,Recreational Vehicle,1981,,,,
Ford,Recreational Vehicle,1982,,,,
Ford,Recreational Vehicle,1983,,,,
Ford,Recreational Vehicle,1984,,,,
Ford,Recreational Vehicle,1985,,,,
Ford,Recreational Vehicle,1986,,,,
Ford,Recreational Vehicle,1987,,,,
Ford,Recreational Vehicle,1988,,,,
Ford,Recreational Vehicle,1989,,,,
Ford,Recreational Vehicle,1990,,,,
Ford,Recreational Vehicle,1991,,,,
Ford,Recreational Vehicle,1992,,,,
Ford,Recreational Vehicle,1993,,,,
Ford,Recreational Vehicle,1994,,,,
Ford,Super Deluxe,1948,,,,
Ford,Taurus,1986,,,,
Ford,Taurus,1987,,,,
Ford,Taurus,1988,,,,
Ford,Taurus,1989,,,,
Ford,Taurus,1990,,,,
Ford,Taurus,1991,,,,
Ford,Taurus,1992,,,,
Ford,Taurus,1993,,,,
Ford,Taurus,1994,,,,
Ford,Taurus,1995,,,,
Ford,Taurus,1996,,,,
Ford,Taurus,1997,,,,
Ford,Taurus,1998,,,,
Ford,Taurus,1999,,,,
Ford,Taurus,2000,,,,
Ford,Taurus,2001,,,,
Ford,Taurus,2002,,,,
Ford,Taurus,2003,,,,
Ford,Taurus,2004,,,,
Ford,Taurus,2005,,,,
Ford,Taurus,2006,,,,
Ford,Taurus,2007,,,,
Ford,Taurus,2008,,,,
Ford,Taurus,2009,,,,
Ford,Taurus,2010,,,,
Ford,Taurus,2011,,,,
Ford,Taurus,2012,,,,
Ford,Taurus,2013,,,,
Ford,Taurus,2014,,,,
Ford,Taurus,2015,,,,
Ford,Taurus,2016,,,,
Ford,Taurus,2017,,,,
Ford,Taurus,2018,,,,
Ford,Taurus,2019,,,,
Ford,Taurus X,2008,,,,
Ford,Taurus X,2009,,,,
Ford,Tempo,1984,,,,
Ford,Tempo,1985,,,,
Ford,Tempo,1986,,,,
Ford,Tempo,1987,,,,
Ford,Tempo,1988,,,,
Ford,Tempo,1989,,,,
Ford,Tempo,1990,,,,
Ford,Tempo,1991,,,,
Ford,Tempo,1992,,,,
Ford,Tempo,1993,,,,
Ford,Tempo,1994,,,,
Ford,Thunderbird,1955,,,,
Ford,Thunderbird,1981,,,,
Ford,Thunderbird,1982,,,,
Ford,Thunderbird,1983,,,,
Ford,Thunderbird,1984,,,,
Ford,Thunderbird,1985,,,,
Ford,Thunderbird,1986,,,,
Ford,Thunderbird,1987,,,,
Ford,Thunderbird,1988,,,,
Ford,Thunderbird,1989,,,,
Ford,Thunderbird,1990,,,,
Ford,Thunderbird,1991,,,,
Ford,Thunderbird,1992,,,,
Ford,Thunderbird,1993,,,,
Ford,Thunderbird,1994,,,,
Ford,Thunderbird,1995,,,,
Ford,Thunderbird,1996,,,,
Ford,Thunderbird,1997,,,,
Ford,Thunderbird,2002,,,,
Ford,Thunderbird,2003,,,,
Ford,Thunderbird,2004,,,,
Ford,Thunderbird,2005,,,,
Ford,Transit,2015,,,,
Ford,Transit,2016,,,,
Ford,Transit,2017,,,,
Ford,Transit,2018,,,,
Ford,Transit,2019,,,,
Ford,Transit,2020,,,,
Ford,Transit,2021,,,,
Ford,Transit,2022,,,,
Ford,Transit,2023,,,,
Ford,Transit,2024,,,,
Ford,Transit,2025,,,,
Ford,Transit Connect,2010,,,,
Ford,Transit Connect,2011,,,,
Ford,Transit Connect,2012,,,,
Ford,Transit Connect,2013,,,,
Ford,Transit Connect,2014,,,,
Ford,Transit Connect,2015,,,,
Ford,Transit Connect,2016,,,,
Ford,Transit Connect,2017,,,,
Ford,Transit Connect,2018,,,,
Ford,Transit Connect,2019,,,,
Ford,Transit Connect,2020,,,,
Ford,Transit Connect,2021,,,,
Ford,Transit Connect,2022,,,,
Ford,Transit Connect,2023,,,,
Ford,Windstar,1995,,,,
Ford,Windstar,1996,,,,
Ford,Windstar,1997,,,,
Ford,Windstar,1998,,,,
Ford,Windstar,1999,,,,
Ford,Windstar,2000,,,,
Ford,Windstar,2001,,,,
Ford,Windstar,2002,,,,
Ford,Windstar,2003,,,,
Ford,ZX2,1999,,,,
Ford,ZX2,2000,,,,
Ford,ZX2,2001,,,,
Ford,ZX2,2002,,,,
Ford,ZX2,2003,,,,
Genesis,G70,2019,,,,
Genesis,G70,2020,,,,
Genesis,G70,2021,,,,
Genesis,G70,2022,,,,
Genesis,G70,2023,,,,
Genesis,G70,2024,,,,
Genesis,G70,2025,,,,
Genesis,G80,2017,,,,
Genesis,G80,2018,,,,
Genesis,G80,2019,,,,
Genesis,G80,2020,,,,
Genesis,G80,2021,,,,
Genesis,G80,2022,,,,
Genesis,G80,2023,,,,
Genesis,G80,2024,,,,
Genesis,G80,2025,,,,
Genesis,G90,2017,,,,
Genesis,G90,2018,,,,
Genesis,G90,2019,,,,
Genesis,G90,2020,,,,
Genesis,G90,2021,,,,
Genesis,G90,2022,,,,
Genesis,G90,2023,,,,
Genesis,G90,2024,,,,
Genesis,G90,2025,,,,
Genesis,GV60,2023,,,,
Genesis,GV60,2024,,,,
Genesis,GV60,2025,,,,
Genesis,GV70,2022,,,,
Genesis,GV70,2023,,,,
Genesis,GV70,2024,,,,
Genesis,GV70,2025,,,,
Genesis,GV80,2021,,,,
Genesis,GV80,2022,,,,
Genesis,GV80,2023,,,,
Genesis,GV80,2024,,,,
Genesis,GV80,2025,,,,
Geo,405,1984,,,,
Geo,405,1985,,,,
Geo,405,1986,,,,
Geo,405,1987,,,,
Geo,405,1988,,,,
Geo,405,1989,,,,
Geo,405,1990,,,,
Geo,405,1991,,,,
Geo,405,1992,,,,
Geo,504,1981,,,,
Geo,504,1982,,,,
Geo,504,1983,,,,
Geo,505,1981,,,,
Geo,505,1982,,,,
Geo,505,1983,,,,
Geo,505,1984,,,,
Geo,505,1985,,,,
Geo,505,1986,,,,
Geo,505,1987,,,,
Geo,505,1988,,,,
Geo,505,1989,,,,
Geo,505,1990,,,,
Geo,505,1991,,,,
Geo,505,1992,,,,
Geo,604,1981,,,,
Geo,604,1982,,,,
Geo,604,1983,,,,
Geo,Metro,1989,,,,
Geo,Metro,1990,,,,
Geo,Metro,1991,,,,
Geo,Metro,1992,,,,
Geo,Metro,1993,,,,
Geo,Metro,1994,,,,
Geo,Metro,1995,,,,
Geo,Metro,1996,,,,
Geo,Metro,1997,,,,
Geo,Prizm,1989,,,,
Geo,Prizm,1990,,,,
Geo,Prizm,1991,,,,
Geo,Prizm,1992,,,,
Geo,Prizm,1993,,,,
Geo,Prizm,1994,,,,
Geo,Prizm,1995,,,,
Geo,Prizm,1996,,,,
Geo,Prizm,1997,,,,
Geo,Spectrum,1989,,,,
Geo,Sprint,1989,,,,
Geo,Sprint,1990,,,,
Geo,Sprint,1991,,,,
Geo,Sprint,1992,,,,
Geo,Sprint,1993,,,,
Geo,Storm,1985,,,,
Geo,Storm,1986,,,,
Geo,Storm,1987,,,,
Geo,Storm,1988,,,,
Geo,Storm,1989,,,,
Geo,Storm,1990,,,,
Geo,Storm,1991,,,,
Geo,Storm,1992,,,,
Geo,Storm,1993,,,,
Geo,Tracker,1990,,,,
Geo,Tracker,1991,,,,
Geo,Tracker,1992,,,,
Geo,Tracker,1993,,,,
Geo,Tracker,1994,,,,
GMC,Acadia,2007,,,,
GMC,Acadia,2008,,,,
GMC,Acadia,2009,,,,
GMC,Acadia,2010,,,,
GMC,Acadia,2011,,,,
GMC,Acadia,2012,,,,
GMC,Acadia,2013,,,,
GMC,Acadia,2014,,,,
GMC,Acadia,2015,,,,
GMC,Acadia,2016,,,,
GMC,Acadia,2017,,,,
GMC,Acadia,2018,,,,
GMC,Acadia,2019,,,,
GMC,Acadia,2020,,,,
GMC,Acadia,2021,,,,
GMC,Acadia,2022,,,,
GMC,Acadia,2023,,,,
GMC,Acadia,2024,,,,
GMC,Acadia,2025,,,,
GMC,Aluminum Tilt,1981,,,,
GMC,Aluminum Tilt,1982,,,,
GMC,Aluminum Tilt,1983,,,,
GMC,Aluminum Tilt,1984,,,,
GMC,Aluminum Tilt,1985,,,,
GMC,Aluminum Tilt,1986,,,,
GMC,Aluminum Tilt,1987,,,,
GMC,Aluminum Tilt,1988,,,,
GMC,Bus Chassis,1981,,,,
GMC,Bus Chassis,1982,,,,
GMC,Bus Chassis,1983,,,,
GMC,Bus Chassis,1984,,,,
GMC,Bus Chassis,1985,,,,
GMC,Bus Chassis,1986,,,,
GMC,Bus Chassis,1987,,,,
GMC,Bus Chassis,1988,,,,
GMC,C/K 1500,1988,,,,
GMC,C/K 1500,1989,,,,
GMC,C/K 1500,1990,,,,
GMC,C/K 1500,1991,,,,
GMC,C/K 1500,1992,,,,
GMC,C/K 1500,1993,,,,
GMC,C/K 2500,1988,,,,
GMC,C/K 2500,1989,,,,
GMC,C/K 2500,1990,,,,
GMC,C/K 2500,1991,,,,
GMC,C/K 2500,1992,,,,
GMC,C/K 2500,1993,,,,
GMC,C/K 3500,1992,,,,
GMC,C/K 3500,1993,,,,
GMC,C/K Pickup,1981,,,,
GMC,C/K Pickup,1982,,,,
GMC,C/K Pickup,1983,,,,
GMC,C/K Pickup,1984,,,,
GMC,C/K Pickup,1985,,,,
GMC,C/K Pickup,1986,,,,
GMC,C5,1981,,,,
GMC,C5,1982,,,,
GMC,C5,1983,,,,
GMC,C5,1984,,,,
GMC,C5,1985,,,,
GMC,C5,1986,,,,
GMC,C5,1987,,,,
GMC,C5,1988,,,,
GMC,C5,1989,,,,
GMC,C6,1981,,,,
GMC,C6,1982,,,,
GMC,C6,1983,,,,
GMC,C6,1984,,,,
GMC,C6,1985,,,,
GMC,C6,1986,,,,
GMC,C6,1987,,,,
GMC,C6,1988,,,,
GMC,C6,1989,,,,
GMC,C7,1981,,,,
GMC,C7,1982,,,,
GMC,C7,1983,,,,
GMC,C7,1984,,,,
GMC,C7,1985,,,,
GMC,C7,1986,,,,
GMC,C7,1987,,,,
GMC,C7,1988,,,,
GMC,C7,1989,,,,
GMC,Caballero,1981,,,,
GMC,Caballero,1982,,,,
GMC,Caballero,1983,,,,
GMC,Caballero,1984,,,,
GMC,Caballero,1985,,,,
GMC,Caballero,1986,,,,
GMC,Caballero,1987,,,,
GMC,Canyon,2004,,,,
GMC,Canyon,2005,,,,
GMC,Canyon,2006,,,,
GMC,Canyon,2007,,,,
GMC,Canyon,2008,,,,
GMC,Canyon,2009,,,,
GMC,Canyon,2010,,,,
GMC,Canyon,2011,,,,
GMC,Canyon,2012,,,,
GMC,Canyon,2013,,,,
GMC,Canyon,2014,,,,
GMC,Canyon,2015,,,,
GMC,Canyon,2016,,,,
GMC,Canyon,2017,,,,
GMC,Canyon,2018,,,,
GMC,Canyon,2019,,,,
GMC,Canyon,2020,,,,
GMC,Canyon,2021,,,,
GMC,Canyon,2022,,,,
GMC,Canyon,2023,,,,
GMC,Canyon,2024,,,,
GMC,Canyon,2025,,,,
GMC,Cruise Origin AV,2024,,,,
GMC,Electric Vehicle,1997,,,,
GMC,Electric Vehicle,1998,,,,
GMC,Electric Vehicle,1999,,,,
GMC,Electric Vehicle,2000,,,,
GMC,Envoy,2002,,,,
GMC,Envoy,2003,,,,
GMC,Envoy,2004,,,,
GMC,Envoy,2005,,,,
GMC,Envoy,2006,,,,
GMC,Envoy,2007,,,,
GMC,Envoy,2008,,,,
GMC,Envoy,2009,,,,
GMC,Forward Control,1981,,,,
GMC,Forward Control,1982,,,,
GMC,Forward Control,1983,,,,
GMC,Forward Control,1984,,,,
GMC,Forward Control,1985,,,,
GMC,Forward Control,1986,,,,
GMC,Forward Control,1987,,,,
GMC,Forward Control,1988,,,,
GMC,Geo Tracker,1989,,,,
GMC,Geo Tracker,1990,,,,
GMC,GMT-400,1987,,,,
GMC,GMT-400,1988,,,,
GMC,Heavy Conventional,1981,,,,
GMC,Heavy Conventional,1982,,,,
GMC,Heavy Conventional,1983,,,,
GMC,Heavy Conventional,1984,,,,
GMC,Heavy Conventional,1985,,,,
GMC,Heavy Conventional,1986,,,,
GMC,Heavy Conventional,1987,,,,
GMC,Heavy Conventional,1988,,,,
GMC,Hi-Cube,1981,,,,
GMC,Hi-Cube,1982,,,,
GMC,Hi-Cube,1983,,,,
GMC,Hi-Cube,1984,,,,
GMC,Hi-Cube,1985,,,,
GMC,Hi-Cube,1986,,,,
GMC,Hi-Cube,1987,,,,
GMC,Hi-Cube,1988,,,,
GMC,Hi-Cube,1989,,,,
GMC,Hi-Cube,1990,,,,
GMC,Hi-Cube,1991,,,,
GMC,Hi-Cube,1992,,,,
GMC,Hi-Cube,1993,,,,
GMC,Hi-Cube,1994,,,,
GMC,Hummer EV Pickup,2022,,,,
GMC,Hummer EV Pickup,2023,,,,
GMC,Hummer EV Pickup,2024,,,,
GMC,Hummer EV Pickup,2025,,,,
GMC,Hummer EV SUV,2024,,,,
GMC,Hummer EV SUV,2025,,,,
GMC,Jimmy,1987,,,,
GMC,Jimmy,1988,,,,
GMC,Jimmy,1989,,,,
GMC,Jimmy,1990,,,,
GMC,Jimmy,1991,,,,
GMC,Jimmy Utility,1981,,,,
GMC,Jimmy Utility,1982,,,,
GMC,Jimmy Utility,1983,,,,
GMC,Jimmy Utility,1984,,,,
GMC,Jimmy Utility,1985,,,,
GMC,Jimmy Utility,1986,,,,
GMC,Jimmy Utility,1995,,,,
GMC,Jimmy Utility,1996,,,,
GMC,Jimmy Utility,1997,,,,
GMC,Jimmy Utility,1998,,,,
GMC,Jimmy Utility,1999,,,,
GMC,Jimmy Utility,2000,,,,
GMC,Jimmy Utility,2001,,,,
GMC,Jimmy Utility,2002,,,,
GMC,Jimmy Utility,2003,,,,
GMC,Jimmy Utility,2004,,,,
GMC,Jimmy Utility,2005,,,,
GMC,Magna Van,1990,,,,
GMC,Magna Van,1991,,,,
GMC,Magna Van,1992,,,,
GMC,Magna Van,1993,,,,
GMC,Motorhome Chassis,1981,,,,
GMC,Motorhome Chassis,1982,,,,
GMC,Motorhome Chassis,1983,,,,
GMC,Motorhome Chassis,1984,,,,
GMC,Motorhome Chassis,1985,,,,
GMC,Motorhome Chassis,1986,,,,
GMC,Motorhome Chassis,1987,,,,
GMC,Motorhome Chassis,1988,,,,
GMC,Motorhome Chassis,1989,,,,
GMC,Motorhome Chassis,1990,,,,
GMC,Motorhome Chassis,1991,,,,
GMC,Motorhome Chassis,1992,,,,
GMC,Motorhome Chassis,1993,,,,
GMC,Motorhome Chassis,1994,,,,
GMC,Motorhome Chassis,1995,,,,
GMC,Motorhome Chassis,1996,,,,
GMC,Motorhome Chassis,1997,,,,
GMC,P Truck Forward,1992,,,,
GMC,P Truck Forward,1993,,,,
GMC,P Truck Forward,1994,,,,
GMC,P Truck Forward,1995,,,,
GMC,P Truck Forward,1996,,,,
GMC,P Truck Forward,1997,,,,
GMC,R Conventional,1987,,,,
GMC,R Conventional,1988,,,,
GMC,R Conventional,1989,,,,
GMC,R Conventional,1990,,,,
GMC,R Conventional,1991,,,,
GMC,Rally,1981,,,,
GMC,Rally,1982,,,,
GMC,Rally,1983,,,,
GMC,Rally,1984,,,,
GMC,Rally,1985,,,,
GMC,Rally,1986,,,,
GMC,Rally,1987,,,,
GMC,Rally 10,1990,,,,
GMC,Rally 1500,1988,,,,
GMC,Rally 1500,1989,,,,
GMC,Rally 1500,1990,,,,
GMC,Rally 1500,1991,,,,
GMC,Rally 1500,1992,,,,
GMC,Rally 1500,1993,,,,
GMC,Rally 1500,1994,,,,
GMC,Rally 1500,1995,,,,
GMC,Rally 20,1990,,,,
GMC,Rally 2500,1988,,,,
GMC,Rally 2500,1989,,,,
GMC,Rally 2500,1990,,,,
GMC,Rally 2500,1991,,,,
GMC,Rally 2500,1992,,,,
GMC,Rally 2500,1993,,,,
GMC,Rally 2500,1994,,,,
GMC,Rally 2500,1995,,,,
GMC,Rally 2500,1996,,,,
GMC,Rally 30,1990,,,,
GMC,Rally 3500,1988,,,,
GMC,Rally 3500,1989,,,,
GMC,Rally 3500,1990,,,,
GMC,Rally 3500,1991,,,,
GMC,Rally 3500,1992,,,,
GMC,Rally 3500,1993,,,,
GMC,Rally 3500,1994,,,,
GMC,Rally 3500,1995,,,,
GMC,Rally 3500,1996,,,,
GMC,S15 Pickup,1982,,,,
GMC,S15 Pickup,1983,,,,
GMC,S15 Pickup,1984,,,,
GMC,S15 Pickup,1985,,,,
GMC,S15 Pickup,1986,,,,
GMC,S15 Pickup,1987,,,,
GMC,S15 Pickup,1988,,,,
GMC,S15 Pickup,1989,,,,
GMC,S15 Pickup,1990,,,,
GMC,S15 Utility,1981,,,,
GMC,S15 Utility,1982,,,,
GMC,S15 Utility,1983,,,,
GMC,S15 Utility,1984,,,,
GMC,S15 Utility,1985,,,,
GMC,S15 Utility,1986,,,,
GMC,S15 Utility,1987,,,,
GMC,S15 Utility,1988,,,,
GMC,S15 Utility,1989,,,,
GMC,S15 Utility,1990,,,,
GMC,S15 Utility,1991,,,,
GMC,S15 Utility,1992,,,,
GMC,S15 Utility,1993,,,,
GMC,S15 Utility,1994,,,,
GMC,S6,1989,,,,
GMC,Safari,1985,,,,
GMC,Safari,1986,,,,
GMC,Safari,1987,,,,
GMC,Safari,1988,,,,
GMC,Safari,1989,,,,
GMC,Safari,1990,,,,
GMC,Safari,1991,,,,
GMC,Safari,1992,,,,
GMC,Safari,1993,,,,
GMC,Safari,1994,,,,
GMC,Safari,1995,,,,
GMC,Safari,1996,,,,
GMC,Safari,1997,,,,
GMC,Safari,1998,,,,
GMC,Safari,1999,,,,
GMC,Safari,2000,,,,
GMC,Safari,2001,,,,
GMC,Safari,2002,,,,
GMC,Safari,2003,,,,
GMC,Safari,2004,,,,
GMC,Safari,2005,,,,
GMC,Savana,1996,,,,
GMC,Savana 1500,1997,,,,
GMC,Savana 1500,1998,,,,
GMC,Savana 1500,1999,,,,
GMC,Savana 1500,2000,,,,
GMC,Savana 1500,2001,,,,
GMC,Savana 1500,2002,,,,
GMC,Savana 1500,2003,,,,
GMC,Savana 1500,2004,,,,
GMC,Savana 1500,2005,,,,
GMC,Savana 1500,2006,,,,
GMC,Savana 1500,2007,,,,
GMC,Savana 1500,2008,,,,
GMC,Savana 1500,2009,,,,
GMC,Savana 1500,2010,,,,
GMC,Savana 1500,2011,,,,
GMC,Savana 1500,2012,,,,
GMC,Savana 1500,2013,,,,
GMC,Savana 1500,2014,,,,
GMC,Savana 2500,1997,,,,
GMC,Savana 2500,1998,,,,
GMC,Savana 2500,1999,,,,
GMC,Savana 2500,2000,,,,
GMC,Savana 2500,2001,,,,
GMC,Savana 2500,2002,,,,
GMC,Savana 2500,2003,,,,
GMC,Savana 2500,2004,,,,
GMC,Savana 2500,2005,,,,
GMC,Savana 2500,2006,,,,
GMC,Savana 2500,2007,,,,
GMC,Savana 2500,2008,,,,
GMC,Savana 2500,2009,,,,
GMC,Savana 2500,2010,,,,
GMC,Savana 2500,2011,,,,
GMC,Savana 2500,2012,,,,
GMC,Savana 2500,2013,,,,
GMC,Savana 2500,2014,,,,
GMC,Savana 2500,2015,,,,
GMC,Savana 2500,2016,,,,
GMC,Savana 2500,2017,,,,
GMC,Savana 2500,2018,,,,
GMC,Savana 2500,2019,,,,
GMC,Savana 2500,2020,,,,
GMC,Savana 2500,2021,,,,
GMC,Savana 2500,2022,,,,
GMC,Savana 2500,2023,,,,
GMC,Savana 2500,2024,,,,
GMC,Savana 2500,2025,,,,
GMC,Savana 3500,1997,,,,
GMC,Savana 3500,1998,,,,
GMC,Savana 3500,1999,,,,
GMC,Savana 3500,2000,,,,
GMC,Savana 3500,2001,,,,
GMC,Savana 3500,2002,,,,
GMC,Savana 3500,2003,,,,
GMC,Savana 3500,2004,,,,
GMC,Savana 3500,2005,,,,
GMC,Savana 3500,2006,,,,
GMC,Savana 3500,2007,,,,
GMC,Savana 3500,2008,,,,
GMC,Savana 3500,2009,,,,
GMC,Savana 3500,2010,,,,
GMC,Savana 3500,2011,,,,
GMC,Savana 3500,2012,,,,
GMC,Savana 3500,2013,,,,
GMC,Savana 3500,2014,,,,
GMC,Savana 3500,2015,,,,
GMC,Savana 3500,2016,,,,
GMC,Savana 3500,2017,,,,
GMC,Savana 3500,2018,,,,
GMC,Savana 3500,2019,,,,
GMC,Savana 3500,2020,,,,
GMC,Savana 3500,2021,,,,
GMC,Savana 3500,2022,,,,
GMC,Savana 3500,2023,,,,
GMC,Savana 3500,2024,,,,
GMC,Savana 3500,2025,,,,
GMC,Sierra 1500,1989,,,,
GMC,Sierra 1500,1990,,,,
GMC,Sierra 1500,1991,,,,
GMC,Sierra 1500,1992,,,,
GMC,Sierra 1500,1993,,,,
GMC,Sierra 1500,1994,,,,
GMC,Sierra 1500,1995,,,,
GMC,Sierra 1500,1996,,,,
GMC,Sierra 1500,1997,,,,
GMC,Sierra 1500,1998,,,,
GMC,Sierra 1500,1999,,,,
GMC,Sierra 1500,2000,,,,
GMC,Sierra 1500,2001,,,,
GMC,Sierra 1500,2002,,,,
GMC,Sierra 1500,2003,,,,
GMC,Sierra 1500,2004,,,,
GMC,Sierra 1500,2005,,,,
GMC,Sierra 1500,2006,,,,
GMC,Sierra 1500,2007,,,,
GMC,Sierra 1500,2008,,,,
GMC,Sierra 1500,2009,,,,
GMC,Sierra 1500,2010,,,,
GMC,Sierra 1500,2011,,,,
GMC,Sierra 1500,2012,,,,
GMC,Sierra 1500,2013,,,,
GMC,Sierra 1500,2014,,,,
GMC,Sierra 1500,2015,,,,
GMC,Sierra 1500,2016,,,,
GMC,Sierra 1500,2017,,,,
GMC,Sierra 1500,2018,,,,
GMC,Sierra 1500,2019,,,,
GMC,Sierra 1500,2020,,,,
GMC,Sierra 1500,2021,,,,
GMC,Sierra 1500,2022,,,,
GMC,Sierra 1500,2023,,,,
GMC,Sierra 1500,2024,,,,
GMC,Sierra 1500,2025,,,,
GMC,Sierra 1500 Limited,2019,,,,
GMC,Sierra 1500HD,2003,,,,
GMC,Sierra 1500HD,2004,,,,
GMC,Sierra 1500HD,2005,,,,
GMC,Sierra 1500HD,2006,,,,
GMC,Sierra 2500,1989,,,,
GMC,Sierra 2500,1990,,,,
GMC,Sierra 2500,1991,,,,
GMC,Sierra 2500,1992,,,,
GMC,Sierra 2500,1993,,,,
GMC,Sierra 2500,1994,,,,
GMC,Sierra 2500,1995,,,,
GMC,Sierra 2500,1996,,,,
GMC,Sierra 2500,1997,,,,
GMC,Sierra 2500,1998,,,,
GMC,Sierra 2500,1999,,,,
GMC,Sierra 2500,2000,,,,
GMC,Sierra 2500,2001,,,,
GMC,Sierra 2500,2002,,,,
GMC,Sierra 2500,2003,,,,
GMC,Sierra 2500,2004,,,,
GMC,Sierra 2500,2005,,,,
GMC,Sierra 2500HD,2001,,,,
GMC,Sierra 2500HD,2002,,,,
GMC,Sierra 2500HD,2003,,,,
GMC,Sierra 2500HD,2004,,,,
GMC,Sierra 2500HD,2005,,,,
GMC,Sierra 2500HD,2006,,,,
GMC,Sierra 2500HD,2007,,,,
GMC,Sierra 2500HD,2008,,,,
GMC,Sierra 2500HD,2009,,,,
GMC,Sierra 2500HD,2010,,,,
GMC,Sierra 2500HD,2011,,,,
GMC,Sierra 2500HD,2012,,,,
GMC,Sierra 2500HD,2013,,,,
GMC,Sierra 2500HD,2014,,,,
GMC,Sierra 2500HD,2015,,,,
GMC,Sierra 2500HD,2016,,,,
GMC,Sierra 2500HD,2017,,,,
GMC,Sierra 2500HD,2018,,,,
GMC,Sierra 2500HD,2019,,,,
GMC,Sierra 2500HD,2020,,,,
GMC,Sierra 2500HD,2021,,,,
GMC,Sierra 2500HD,2022,,,,
GMC,Sierra 2500HD,2023,,,,
GMC,Sierra 2500HD,2024,,,,
GMC,Sierra 2500HD,2025,,,,
GMC,Sierra 3500,1994,,,,
GMC,Sierra 3500,1995,,,,
GMC,Sierra 3500,1996,,,,
GMC,Sierra 3500,1997,,,,
GMC,Sierra 3500,1998,,,,
GMC,Sierra 3500,1999,,,,
GMC,Sierra 3500,2000,,,,
GMC,Sierra 3500,2001,,,,
GMC,Sierra 3500,2002,,,,
GMC,Sierra 3500,2003,,,,
GMC,Sierra 3500,2004,,,,
GMC,Sierra 3500,2005,,,,
GMC,Sierra 3500,2006,,,,
GMC,Sierra 3500,2007,,,,
GMC,Sierra 3500,2008,,,,
GMC,Sierra 3500,2009,,,,
GMC,Sierra 3500,2010,,,,
GMC,Sierra 3500,2011,,,,
GMC,Sierra 3500,2012,,,,
GMC,Sierra 3500,2013,,,,
GMC,Sierra 3500,2014,,,,
GMC,Sierra 3500HD,2015,,,,
GMC,Sierra 3500HD,2016,,,,
GMC,Sierra 3500HD,2017,,,,
GMC,Sierra 3500HD,2018,,,,
GMC,Sierra 3500HD,2019,,,,
GMC,Sierra 3500HD,2020,,,,
GMC,Sierra 3500HD,2021,,,,
GMC,Sierra 3500HD,2022,,,,
GMC,Sierra 3500HD,2023,,,,
GMC,Sierra 3500HD,2024,,,,
GMC,Sierra 3500HD,2025,,,,
GMC,Sierra Classic,1999,,,,
GMC,Sierra Classic,2000,,,,
GMC,Sierra Classic,2007,,,,
GMC,Sonoma,1991,,,,
GMC,Sonoma,1992,,,,
GMC,Sonoma,1993,,,,
GMC,Sonoma,1994,,,,
GMC,Sonoma,1995,,,,
GMC,Sonoma,1996,,,,
GMC,Sonoma,1997,,,,
GMC,Sonoma,1998,,,,
GMC,Sonoma,1999,,,,
GMC,Sonoma,2000,,,,
GMC,Sonoma,2001,,,,
GMC,Sonoma,2002,,,,
GMC,Sonoma,2003,,,,
GMC,Sonoma,2004,,,,
GMC,Suburban,1981,,,,
GMC,Suburban,1982,,,,
GMC,Suburban,1983,,,,
GMC,Suburban,1984,,,,
GMC,Suburban,1985,,,,
GMC,Suburban,1986,,,,
GMC,Suburban,1987,,,,
GMC,Suburban,2000,,,,
GMC,Suburban 1500,1988,,,,
GMC,Suburban 1500,1989,,,,
GMC,Suburban 1500,1990,,,,
GMC,Suburban 1500,1991,,,,
GMC,Suburban 1500,1992,,,,
GMC,Suburban 1500,1993,,,,
GMC,Suburban 1500,1994,,,,
GMC,Suburban 1500,1995,,,,
GMC,Suburban 1500,1996,,,,
GMC,Suburban 1500,1997,,,,
GMC,Suburban 1500,1998,,,,
GMC,Suburban 1500,1999,,,,
GMC,Suburban 2500,1988,,,,
GMC,Suburban 2500,1989,,,,
GMC,Suburban 2500,1990,,,,
GMC,Suburban 2500,1991,,,,
GMC,Suburban 2500,1992,,,,
GMC,Suburban 2500,1993,,,,
GMC,Suburban 2500,1994,,,,
GMC,Suburban 2500,1995,,,,
GMC,Suburban 2500,1996,,,,
GMC,Suburban 2500,1997,,,,
GMC,Suburban 2500,1998,,,,
GMC,Suburban 2500,1999,,,,
GMC,Terrain,2009,,,,
GMC,Terrain,2010,,,,
GMC,Terrain,2011,,,,
GMC,Terrain,2012,,,,
GMC,Terrain,2013,,,,
GMC,Terrain,2014,,,,
GMC,Terrain,2015,,,,
GMC,Terrain,2016,,,,
GMC,Terrain,2017,,,,
GMC,Terrain,2018,,,,
GMC,Terrain,2019,,,,
GMC,Terrain,2020,,,,
GMC,Terrain,2021,,,,
GMC,Terrain,2022,,,,
GMC,Terrain,2023,,,,
GMC,Terrain,2024,,,,
GMC,Terrain,2025,,,,
GMC,V Conventional,1987,,,,
GMC,V Conventional,1988,,,,
GMC,V Conventional,1989,,,,
GMC,V Conventional,1990,,,,
GMC,V Conventional,1991,,,,
GMC,Value Van,1981,,,,
GMC,Value Van,1982,,,,
GMC,Value Van,1983,,,,
GMC,Value Van,1984,,,,
GMC,Value Van,1985,,,,
GMC,Value Van,1986,,,,
GMC,Value Van,1987,,,,
GMC,Value Van,1988,,,,
GMC,Value Van,1989,,,,
GMC,Value Van,1990,,,,
GMC,Value Van,1991,,,,
GMC,Value Van,1992,,,,
GMC,Value Van,1993,,,,
GMC,Vandura,1981,,,,
GMC,Vandura,1982,,,,
GMC,Vandura,1983,,,,
GMC,Vandura,1984,,,,
GMC,Vandura,1985,,,,
GMC,Vandura,1986,,,,
GMC,Vandura,1987,,,,
GMC,Vandura 10,1990,,,,
GMC,Vandura 1500,1988,,,,
GMC,Vandura 1500,1989,,,,
GMC,Vandura 1500,1990,,,,
GMC,Vandura 1500,1991,,,,
GMC,Vandura 1500,1992,,,,
GMC,Vandura 1500,1993,,,,
GMC,Vandura 1500,1994,,,,
GMC,Vandura 1500,1995,,,,
GMC,Vandura 1500,1996,,,,
GMC,Vandura 20,1990,,,,
GMC,Vandura 2500,1988,,,,
GMC,Vandura 2500,1989,,,,
GMC,Vandura 2500,1990,,,,
GMC,Vandura 2500,1991,,,,
GMC,Vandura 2500,1992,,,,
GMC,Vandura 2500,1993,,,,
GMC,Vandura 2500,1994,,,,
GMC,Vandura 2500,1995,,,,
GMC,Vandura 2500,1996,,,,
GMC,Vandura 30,1990,,,,
GMC,Vandura 3500,1988,,,,
GMC,Vandura 3500,1989,,,,
GMC,Vandura 3500,1990,,,,
GMC,Vandura 3500,1991,,,,
GMC,Vandura 3500,1992,,,,
GMC,Vandura 3500,1993,,,,
GMC,Vandura 3500,1994,,,,
GMC,Vandura 3500,1995,,,,
GMC,Vandura 3500,1996,,,,
GMC,Yukon,1992,,,,
GMC,Yukon,1993,,,,
GMC,Yukon,1994,,,,
GMC,Yukon,1995,,,,
GMC,Yukon,1996,,,,
GMC,Yukon,1997,,,,
GMC,Yukon,1998,,,,
GMC,Yukon,1999,,,,
GMC,Yukon,2000,,,,
GMC,Yukon,2001,,,,
GMC,Yukon,2002,,,,
GMC,Yukon,2003,,,,
GMC,Yukon,2004,,,,
GMC,Yukon,2005,,,,
GMC,Yukon,2006,,,,
GMC,Yukon,2007,,,,
GMC,Yukon,2008,,,,
GMC,Yukon,2009,,,,
GMC,Yukon,2010,,,,
GMC,Yukon,2011,,,,
GMC,Yukon,2012,,,,
GMC,Yukon,2013,,,,
GMC,Yukon,2014,,,,
GMC,Yukon,2015,,,,
GMC,Yukon,2016,,,,
GMC,Yukon,2017,,,,
GMC,Yukon,2018,,,,
GMC,Yukon,2019,,,,
GMC,Yukon,2020,,,,
GMC,Yukon,2021,,,,
GMC,Yukon,2022,,,,
GMC,Yukon,2023,,,,
GMC,Yukon,2024,,,,
GMC,Yukon,2025,,,,
GMC,Yukon XL,1995,,,,
GMC,Yukon XL,2014,,,,
GMC,Yukon XL,2015,,,,
GMC,Yukon XL,2016,,,,
GMC,Yukon XL,2017,,,,
GMC,Yukon XL,2018,,,,
GMC,Yukon XL,2019,,,,
GMC,Yukon XL,2020,,,,
GMC,Yukon XL,2021,,,,
GMC,Yukon XL,2022,,,,
GMC,Yukon XL,2023,,,,
GMC,Yukon XL,2024,,,,
GMC,Yukon XL,2025,,,,
GMC,Yukon XL 1500,2000,,,,
GMC,Yukon XL 1500,2001,,,,
GMC,Yukon XL 1500,2002,,,,
GMC,Yukon XL 1500,2003,,,,
GMC,Yukon XL 1500,2004,,,,
GMC,Yukon XL 1500,2005,,,,
GMC,Yukon XL 1500,2006,,,,
GMC,Yukon XL 1500,2007,,,,
GMC,Yukon XL 1500,2008,,,,
GMC,Yukon XL 1500,2009,,,,
GMC,Yukon XL 1500,2010,,,,
GMC,Yukon XL 1500,2011,,,,
GMC,Yukon XL 1500,2012,,,,
GMC,Yukon XL 1500,2013,,,,
GMC,Yukon XL 2500,2000,,,,
GMC,Yukon XL 2500,2001,,,,
GMC,Yukon XL 2500,2002,,,,
GMC,Yukon XL 2500,2003,,,,
GMC,Yukon XL 2500,2004,,,,
GMC,Yukon XL 2500,2005,,,,
GMC,Yukon XL 2500,2006,,,,
GMC,Yukon XL 2500,2007,,,,
GMC,Yukon XL 2500,2008,,,,
GMC,Yukon XL 2500,2009,,,,
GMC,Yukon XL 2500,2010,,,,
GMC,Yukon XL 2500,2011,,,,
GMC,Yukon XL 2500,2012,,,,
GMC,Yukon XL 2500,2013,,,,
Holden,Monaro,2001,,,,
Holden,Monaro,2002,,,,
Holden,Monaro,2003,,,,
Holden,Monaro,2004,,,,
Holden,Monaro,2005,,,,
Holden,Statesman,1999,,,,
Holden,Statesman,2000,,,,
Holden,Statesman,2001,,,,
Holden,Statesman,2002,,,,
Holden,Statesman,2003,,,,
Holden,Statesman,2004,,,,
Holden,Statesman,2005,,,,
Holden,VE Calais,2006,,,,
Holden,VE Calais,2007,,,,
Holden,VE Calais,2008,,,,
Holden,VE Calais,2009,,,,
Holden,VE Commodore,2006,,,,
Holden,VE Commodore,2007,,,,
Holden,VE Commodore,2008,,,,
Holden,VE Commodore,2009,,,,
Holden,VE Commodore,2010,,,,
Holden,VE Commodore,2011,,,,
Holden,VE Commodore,2012,,,,
Holden,VE Commodore,2013,,,,
Holden,VE Ute,2006,,,,
Holden,VE Ute,2007,,,,
Holden,VE Ute,2008,,,,
Holden,VE Ute,2009,,,,
Holden,VE Ute,2010,,,,
Holden,VE Ute,2011,,,,
Holden,VE Ute,2012,,,,
Holden,VE Ute,2013,,,,
Holden,VF Commodore,2013,,,,
Holden,VF Commodore,2014,,,,
Holden,VF Commodore,2015,,,,
Holden,VF Ute,2013,,,,
Holden,VF Ute,2014,,,,
Holden,VF Ute,2015,,,,
Holden,VT Commodore,1999,,,,
Holden,VT Commodore,2000,,,,
Holden,VU Ute,2000,,,,
Holden,VU Ute,2001,,,,
Holden,VU Ute,2002,,,,
Holden,VU Ute,2003,,,,
Holden,VX Commodore,2000,,,,
Holden,VX Commodore,2001,,,,
Holden,VX Commodore,2002,,,,
Holden,VX Commodore,2003,,,,
Holden,VY Commodore,2002,,,,
Holden,VY Commodore,2003,,,,
Holden,VY Commodore,2004,,,,
Holden,VZ Commodore,2004,,,,
Holden,VZ Commodore,2005,,,,
Holden,VZ Commodore,2006,,,,
Holden,VZ Ute,2006,,,,
Holden,VZ Ute,2007,,,,
Holden,WL Statesman,2006,,,,
Holden,WM Caprice,2008,,,,
Holden,WM Caprice,2009,,,,
Holden,WM Caprice,2010,,,,
Holden,WM Caprice,2011,,,,
Holden,WM Caprice,2012,,,,
Holden,WM Caprice,2013,,,,
Holden,WM Statesman,2006,,,,
Holden,WM Statesman,2007,,,,
Holden,WM Statesman,2008,,,,
Holden,WN Caprice,2013,,,,
Holden,WN Caprice,2014,,,,
Holden,WN Caprice,2015,,,,
Honda,Accord,1981,,,,
Honda,Accord,1982,,,,
Honda,Accord,1983,,,,
Honda,Accord,1984,,,,
Honda,Accord,1985,,,,
Honda,Accord,1986,,,,
Honda,Accord,1987,,,,
Honda,Accord,1988,,,,
Honda,Accord,1989,,,,
Honda,Accord,1990,,,,
Honda,Accord,1991,,,,
Honda,Accord,1992,,,,
Honda,Accord,1993,,,,
Honda,Accord,1994,,,,
Honda,Accord,1995,,,,
Honda,Accord,1996,,,,
Honda,Accord,1997,,,,
Honda,Accord,1998,,,,
Honda,Accord,1999,,,,
Honda,Accord,2000,,,,
Honda,Accord,2001,,,,
Honda,Accord,2002,,,,
Honda,Accord,2003,,,,
Honda,Accord,2004,,,,
Honda,Accord,2005,,,,
Honda,Accord,2006,,,,
Honda,Accord,2007,,,,
Honda,Accord,2008,,,,
Honda,Accord,2009,,,,
Honda,Accord,2010,,,,
Honda,Accord,2011,,,,
Honda,Accord,2012,,,,
Honda,Accord,2013,,,,
Honda,Accord,2014,,,,
Honda,Accord,2015,,,,
Honda,Accord,2016,,,,
Honda,Accord,2017,,,,
Honda,Accord,2018,,,,
Honda,Accord,2019,,,,
Honda,Accord,2020,,,,
Honda,Accord,2021,,,,
Honda,Accord,2022,,,,
Honda,Accord,2023,,,,
Honda,Accord,2024,,,,
Honda,Accord,2025,,,,
Honda,Accord Crosstour,2010,,,,
Honda,Accord Crosstour,2011,,,,
Honda,Civic,1973,,,,
Honda,Civic,1981,,,,
Honda,Civic,1982,,,,
Honda,Civic,1983,,,,
Honda,Civic,1985,,,,
Honda,Civic,1986,,,,
Honda,Civic,1987,,,,
Honda,Civic,1988,,,,
Honda,Civic,1989,,,,
Honda,Civic,1990,,,,
Honda,Civic,1991,,,,
Honda,Civic,1992,,,,
Honda,Civic,1993,,,,
Honda,Civic,1994,,,,
Honda,Civic,1995,,,,
Honda,Civic,1996,,,,
Honda,Civic,1997,,,,
Honda,Civic,1998,,,,
Honda,Civic,1999,,,,
Honda,Civic,2000,,,,
Honda,Civic,2001,,,,
Honda,Civic,2002,,,,
Honda,Civic,2003,,,,
Honda,Civic,2004,,,,
Honda,Civic,2005,,,,
Honda,Civic,2006,,,,
Honda,Civic,2007,,,,
Honda,Civic,2008,,,,
Honda,Civic,2009,,,,
Honda,Civic,2010,,,,
Honda,Civic,2011,,,,
Honda,Civic,2012,,,,
Honda,Civic,2013,,,,
Honda,Civic,2014,,,,
Honda,Civic,2015,,,,
Honda,Civic,2016,,,,
Honda,Civic,2017,,,,
Honda,Civic,2018,,,,
Honda,Civic,2019,,,,
Honda,Civic,2020,,,,
Honda,Civic,2021,,,,
Honda,Civic,2022,,,,
Honda,Civic,2023,,,,
Honda,Civic,2024,,,,
Honda,Civic,2025,,,,
Honda,Civic Si,1990,,,,
Honda,Civic Si,1999,,,,
Honda,Civic Si,2012,,,,
Honda,Civic Si,2022,,,,
Honda,Civic Si,2023,,,,
Honda,Civic Si,2024,,,,
Honda,Civic Si,2025,,,,
Honda,Civic Type R,2017,,,,
Honda,Civic Type R,2018,,,,
Honda,Civic Type R,2019,,,,
Honda,Civic Type R,2020,,,,
Honda,Civic Type R,2021,,,,
Honda,Civic Type R,2023,,,,
Honda,Civic Type R,2024,,,,
Honda,Civic Type R,2025,,,,
Honda,Clarity,2017,,,,
Honda,Clarity,2018,,,,
Honda,Clarity,2019,,,,
Honda,Clarity,2020,,,,
Honda,Clarity,2021,,,,
Honda,CR-V,1997,,,,
Honda,CR-V,1998,,,,
Honda,CR-V,1999,,,,
Honda,CR-V,2000,,,,
Honda,CR-V,2001,,,,
Honda,CR-V,2002,,,,
Honda,CR-V,2003,,,,
Honda,CR-V,2004,,,,
Honda,CR-V,2005,,,,
Honda,CR-V,2006,,,,
Honda,CR-V,2007,,,,
Honda,CR-V,2008,,,,
Honda,CR-V,2009,,,,
Honda,CR-V,2010,,,,
Honda,CR-V,2011,,,,
Honda,CR-V,2012,,,,
Honda,CR-V,2013,,,,
Honda,CR-V,2014,,,,
Honda,CR-V,2015,,,,
Honda,CR-V,2016,,,,
Honda,CR-V,2017,,,,
Honda,CR-V,2018,,,,
Honda,CR-V,2019,,,,
Honda,CR-V,2020,,,,
Honda,CR-V,2021,,,,
Honda,CR-V,2022,,,,
Honda,CR-V,2023,,,,
Honda,CR-V,2024,,,,
Honda,CR-V,2025,,,,
Honda,CR-Z,2011,,,,
Honda,CR-Z,2012,,,,
Honda,CR-Z,2013,,,,
Honda,CR-Z,2014,,,,
Honda,CR-Z,2015,,,,
Honda,CR-Z,2016,,,,
Honda,Crosstour,2012,,,,
Honda,Crosstour,2013,,,,
Honda,Crosstour,2014,,,,
Honda,Crosstour,2015,,,,
Honda,CRX Si,1988,,,,
Honda,del Sol,1994,,,,
Honda,del Sol,1995,,,,
Honda,del Sol,1996,,,,
Honda,del Sol,1997,,,,
Honda,Element,2003,,,,
Honda,Element,2004,,,,
Honda,Element,2005,,,,
Honda,Element,2006,,,,
Honda,Element,2007,,,,
Honda,Element,2008,,,,
Honda,Element,2009,,,,
Honda,Element,2010,,,,
Honda,Element,2011,,,,
Honda,EV Plus,1997,,,,
Honda,EV Plus,1998,,,,
Honda,EV Plus,1999,,,,
Honda,FCX Clarity,2004,,,,
Honda,FCX Clarity,2005,,,,
Honda,FCX Clarity,2006,,,,
Honda,FCX Clarity,2007,,,,
Honda,FCX Clarity,2008,,,,
Honda,FCX Clarity,2009,,,,
Honda,FCX Clarity,2010,,,,
Honda,FCX Clarity,2011,,,,
Honda,FCX Clarity,2012,,,,
Honda,FCX Clarity,2013,,,,
Honda,FCX Clarity,2014,,,,
Honda,Fit,2007,,,,
Honda,Fit,2008,,,,
Honda,Fit,2009,,,,
Honda,Fit,2010,,,,
Honda,Fit,2011,,,,
Honda,Fit,2012,,,,
Honda,Fit,2013,,,,
Honda,Fit,2014,,,,
Honda,Fit,2015,,,,
Honda,Fit,2016,,,,
Honda,Fit,2017,,,,
Honda,Fit,2018,,,,
Honda,Fit,2019,,,,
Honda,Fit,2020,,,,
Honda,HR-V,2016,,,,
Honda,HR-V,2017,,,,
Honda,HR-V,2018,,,,
Honda,HR-V,2019,,,,
Honda,HR-V,2020,,,,
Honda,HR-V,2021,,,,
Honda,HR-V,2022,,,,
Honda,HR-V,2023,,,,
Honda,HR-V,2024,,,,
Honda,HR-V,2025,,,,
Honda,Insight,2000,,,,
Honda,Insight,2001,,,,
Honda,Insight,2002,,,,
Honda,Insight,2003,,,,
Honda,Insight,2004,,,,
Honda,Insight,2005,,,,
Honda,Insight,2006,,,,
Honda,Insight,2007,,,,
Honda,Insight,2008,,,,
Honda,Insight,2009,,,,
Honda,Insight,2010,,,,
Honda,Insight,2011,,,,
Honda,Insight,2012,,,,
Honda,Insight,2013,,,,
Honda,Insight,2014,,,,
Honda,Insight,2019,,,,
Honda,Insight,2020,,,,
Honda,Insight,2021,,,,
Honda,Insight,2022,,,,
Honda,Integra Type R,1997,,,,
Honda,Odyssey,1995,,,,
Honda,Odyssey,1996,,,,
Honda,Odyssey,1997,,,,
Honda,Odyssey,1998,,,,
Honda,Odyssey,1999,,,,
Honda,Odyssey,2000,,,,
Honda,Odyssey,2001,,,,
Honda,Odyssey,2002,,,,
Honda,Odyssey,2003,,,,
Honda,Odyssey,2004,,,,
Honda,Odyssey,2005,,,,
Honda,Odyssey,2006,,,,
Honda,Odyssey,2007,,,,
Honda,Odyssey,2008,,,,
Honda,Odyssey,2009,,,,
Honda,Odyssey,2010,,,,
Honda,Odyssey,2011,,,,
Honda,Odyssey,2012,,,,
Honda,Odyssey,2013,,,,
Honda,Odyssey,2014,,,,
Honda,Odyssey,2015,,,,
Honda,Odyssey,2016,,,,
Honda,Odyssey,2017,,,,
Honda,Odyssey,2018,,,,
Honda,Odyssey,2019,,,,
Honda,Odyssey,2020,,,,
Honda,Odyssey,2021,,,,
Honda,Odyssey,2022,,,,
Honda,Odyssey,2023,,,,
Honda,Odyssey,2024,,,,
Honda,Odyssey,2025,,,,
Honda,Passport,1994,,,,
Honda,Passport,1995,,,,
Honda,Passport,1996,,,,
Honda,Passport,1997,,,,
Honda,Passport,1998,,,,
Honda,Passport,1999,,,,
Honda,Passport,2000,,,,
Honda,Passport,2001,,,,
Honda,Passport,2002,,,,
Honda,Passport,2019,,,,
Honda,Passport,2020,,,,
Honda,Passport,2021,,,,
Honda,Passport,2022,,,,
Honda,Passport,2023,,,,
Honda,Passport,2024,,,,
Honda,Passport,2025,,,,
Honda,Pilot,2003,,,,
Honda,Pilot,2004,,,,
Honda,Pilot,2005,,,,
Honda,Pilot,2006,,,,
Honda,Pilot,2007,,,,
Honda,Pilot,2008,,,,
Honda,Pilot,2009,,,,
Honda,Pilot,2010,,,,
Honda,Pilot,2011,,,,
Honda,Pilot,2012,,,,
Honda,Pilot,2013,,,,
Honda,Pilot,2014,,,,
Honda,Pilot,2015,,,,
Honda,Pilot,2016,,,,
Honda,Pilot,2017,,,,
Honda,Pilot,2018,,,,
Honda,Pilot,2019,,,,
Honda,Pilot,2020,,,,
Honda,Pilot,2021,,,,
Honda,Pilot,2022,,,,
Honda,Pilot,2023,,,,
Honda,Pilot,2024,,,,
Honda,Pilot,2025,,,,
Honda,Prelude,1981,,,,
Honda,Prelude,1982,,,,
Honda,Prelude,1983,,,,
Honda,Prelude,1984,,,,
Honda,Prelude,1985,,,,
Honda,Prelude,1986,,,,
Honda,Prelude,1987,,,,
Honda,Prelude,1988,,,,
Honda,Prelude,1989,,,,
Honda,Prelude,1990,,,,
Honda,Prelude,1991,,,,
Honda,Prelude,1992,,,,
Honda,Prelude,1993,,,,
Honda,Prelude,1994,,,,
Honda,Prelude,1995,,,,
Honda,Prelude,1996,,,,
Honda,Prelude,1997,,,,
Honda,Prelude,1998,,,,
Honda,Prelude,1999,,,,
Honda,Prelude,2000,,,,
Honda,Prelude,2001,,,,
Honda,Prologue,2024,,,,
Honda,Prologue,2025,,,,
Honda,Ridgeline,2006,,,,
Honda,Ridgeline,2007,,,,
Honda,Ridgeline,2008,,,,
Honda,Ridgeline,2009,,,,
Honda,Ridgeline,2010,,,,
Honda,Ridgeline,2011,,,,
Honda,Ridgeline,2012,,,,
Honda,Ridgeline,2013,,,,
Honda,Ridgeline,2014,,,,
Honda,Ridgeline,2015,,,,
Honda,Ridgeline,2016,,,,
Honda,Ridgeline,2017,,,,
Honda,Ridgeline,2018,,,,
Honda,Ridgeline,2019,,,,
Honda,Ridgeline,2020,,,,
Honda,Ridgeline,2021,,,,
Honda,Ridgeline,2022,,,,
Honda,Ridgeline,2023,,,,
Honda,Ridgeline,2024,,,,
Honda,Ridgeline,2025,,,,
Honda,S2000,2000,,,,
Honda,S2000,2001,,,,
Honda,S2000,2002,,,,
Honda,S2000,2003,,,,
Honda,S2000,2004,,,,
Honda,S2000,2005,,,,
Honda,S2000,2006,,,,
Honda,S2000,2007,,,,
Honda,S2000,2008,,,,
Honda,S2000,2009,,,,
HSV,GTO,2001,,,,
HSV,GTO,2002,,,,
HSV,GTO,2003,,,,
HSV,GTO,2004,,,,
HSV,VX/VU,2000,,,,
HSV,VX/VU,2001,,,,
HSV,VX/VU,2002,,,,
HSV,VX/VU,2003,,,,
HSV,Y Series,2002,,,,
HSV,Y Series,2003,,,,
HSV,Y Series,2004,,,,
HSV,Z Series Avalanche,2005,,,,
Hummer,H1,1991,,,,
Hummer,H1,1992,,,,
Hummer,H1,1993,,,,
Hummer,H1,1994,,,,
Hummer,H1,1995,,,,
Hummer,H1,1996,,,,
Hummer,H1,1997,,,,
Hummer,H1,1998,,,,
Hummer,H1,1999,,,,
Hummer,H1,2000,,,,
Hummer,H1,2001,,,,
Hummer,H1,2002,,,,
Hummer,H1,2003,,,,
Hummer,H1,2004,,,,
Hummer,H1,2005,,,,
Hummer,H1,2006,,,,
Hummer,H2,2003,,,,
Hummer,H2,2004,,,,
Hummer,H2,2005,,,,
Hummer,H2,2006,,,,
Hummer,H2,2007,,,,
Hummer,H2,2008,,,,
Hummer,H2,2009,,,,
Hummer,H2,2010,,,,
Hummer,H2,2011,,,,
Hummer,H3,2006,,,,
Hummer,H3,2007,,,,
Hummer,H3,2008,,,,
Hummer,H3,2009,,,,
Hummer,H3,2010,,,,
Hummer,H3,2011,,,,
Hummer,H3T,2009,,,,
Hyundai,Accent,1995,,,,
Hyundai,Accent,1996,,,,
Hyundai,Accent,1997,,,,
Hyundai,Accent,1998,,,,
Hyundai,Accent,1999,,,,
Hyundai,Accent,2000,,,,
Hyundai,Accent,2001,,,,
Hyundai,Accent,2002,,,,
Hyundai,Accent,2003,,,,
Hyundai,Accent,2004,,,,
Hyundai,Accent,2005,,,,
Hyundai,Accent,2006,,,,
Hyundai,Accent,2007,,,,
Hyundai,Accent,2008,,,,
Hyundai,Accent,2009,,,,
Hyundai,Accent,2010,,,,
Hyundai,Accent,2011,,,,
Hyundai,Accent,2012,,,,
Hyundai,Accent,2013,,,,
Hyundai,Accent,2014,,,,
Hyundai,Accent,2015,,,,
Hyundai,Accent,2016,,,,
Hyundai,Accent,2017,,,,
Hyundai,Accent,2018,,,,
Hyundai,Accent,2019,,,,
Hyundai,Accent,2020,,,,
Hyundai,Accent,2021,,,,
Hyundai,Accent,2022,,,,
Hyundai,Azera,2006,,,,
Hyundai,Azera,2007,,,,
Hyundai,Azera,2008,,,,
Hyundai,Azera,2009,,,,
Hyundai,Azera,2010,,,,
Hyundai,Azera,2011,,,,
Hyundai,Azera,2012,,,,
Hyundai,Azera,2013,,,,
Hyundai,Azera,2014,,,,
Hyundai,Azera,2015,,,,
Hyundai,Azera,2016,,,,
Hyundai,Azera,2017,,,,
Hyundai,Azera,2018,,,,
Hyundai,Elantra,1992,,,,
Hyundai,Elantra,1993,,,,
Hyundai,Elantra,1994,,,,
Hyundai,Elantra,1995,,,,
Hyundai,Elantra,1996,,,,
Hyundai,Elantra,1997,,,,
Hyundai,Elantra,1998,,,,
Hyundai,Elantra,1999,,,,
Hyundai,Elantra,2000,,,,
Hyundai,Elantra,2001,,,,
Hyundai,Elantra,2002,,,,
Hyundai,Elantra,2003,,,,
Hyundai,Elantra,2004,,,,
Hyundai,Elantra,2005,,,,
Hyundai,Elantra,2006,,,,
Hyundai,Elantra,2007,,,,
Hyundai,Elantra,2008,,,,
Hyundai,Elantra,2009,,,,
Hyundai,Elantra,2010,,,,
Hyundai,Elantra,2011,,,,
Hyundai,Elantra,2012,,,,
Hyundai,Elantra,2013,,,,
Hyundai,Elantra,2014,,,,
Hyundai,Elantra,2015,,,,
Hyundai,Elantra,2016,,,,
Hyundai,Elantra,2017,,,,
Hyundai,Elantra,2018,,,,
Hyundai,Elantra,2019,,,,
Hyundai,Elantra,2020,,,,
Hyundai,Elantra,2021,,,,
Hyundai,Elantra,2022,,,,
Hyundai,Elantra,2023,,,,
Hyundai,Elantra,2024,,,,
Hyundai,Elantra,2025,,,,
Hyundai,Elantra GT,2017,,,,
Hyundai,Elantra GT,2018,,,,
Hyundai,Elantra GT,2019,,,,
Hyundai,Elantra GT,2020,,,,
Hyundai,Elantra N,2022,,,,
Hyundai,Elantra N,2023,,,,
Hyundai,Elantra N,2024,,,,
Hyundai,Elantra N,2025,,,,
Hyundai,Elantra Touring,2010,,,,
Hyundai,Entourage,2006,,,,
Hyundai,Entourage,2007,,,,
Hyundai,Entourage,2008,,,,
Hyundai,Entourage,2009,,,,
Hyundai,Entourage,2010,,,,
Hyundai,Entourage,2011,,,,
Hyundai,Entourage,2012,,,,
Hyundai,Entourage,2013,,,,
Hyundai,Entourage,2014,,,,
Hyundai,Equus,2011,,,,
Hyundai,Equus,2012,,,,
Hyundai,Equus,2013,,,,
Hyundai,Equus,2014,,,,
Hyundai,Equus,2015,,,,
Hyundai,Equus,2016,,,,
Hyundai,Excel,1986,,,,
Hyundai,Excel,1987,,,,
Hyundai,Excel,1988,,,,
Hyundai,Excel,1989,,,,
Hyundai,Excel,1990,,,,
Hyundai,Excel,1991,,,,
Hyundai,Excel,1992,,,,
Hyundai,Excel,1993,,,,
Hyundai,Excel,1994,,,,
Hyundai,Genesis,2009,,,,
Hyundai,Genesis,2010,,,,
Hyundai,Genesis,2011,,,,
Hyundai,Genesis,2012,,,,
Hyundai,Genesis,2013,,,,
Hyundai,Genesis,2014,,,,
Hyundai,Genesis,2015,,,,
Hyundai,Genesis,2016,,,,
Hyundai,Genesis Coupe,2010,,,,
Hyundai,Genesis Coupe,2011,,,,
Hyundai,Genesis Coupe,2012,,,,
Hyundai,Genesis Coupe,2013,,,,
Hyundai,Genesis Coupe,2014,,,,
Hyundai,Genesis Coupe,2015,,,,
Hyundai,Genesis Coupe,2016,,,,
Hyundai,Ioniq,2017,,,,
Hyundai,Ioniq,2018,,,,
Hyundai,Ioniq,2019,,,,
Hyundai,Ioniq,2020,,,,
Hyundai,Ioniq,2021,,,,
Hyundai,Ioniq,2022,,,,
Hyundai,Ioniq 5,2022,,,,
Hyundai,Ioniq 5,2023,,,,
Hyundai,Ioniq 5,2024,,,,
Hyundai,Ioniq 5,2025,,,,
Hyundai,Ioniq 5 N,2025,,,,
Hyundai,Ioniq 6,2023,,,,
Hyundai,Ioniq 6,2024,,,,
Hyundai,Ioniq 6,2025,,,,
Hyundai,Kona,2018,,,,
Hyundai,Kona,2019,,,,
Hyundai,Kona,2020,,,,
Hyundai,Kona,2021,,,,
Hyundai,Kona,2022,,,,
Hyundai,Kona,2023,,,,
Hyundai,Kona,2024,,,,
Hyundai,Kona,2025,,,,
Hyundai,Kona N,2022,,,,
Hyundai,Kona N,2023,,,,
Hyundai,Nexo,2019,,,,
Hyundai,Nexo,2020,,,,
Hyundai,Nexo,2021,,,,
Hyundai,Nexo,2022,,,,
Hyundai,Nexo,2023,,,,
Hyundai,Nexo,2024,,,,
Hyundai,Nexo,2025,,,,
Hyundai,Palisade,2020,,,,
Hyundai,Palisade,2021,,,,
Hyundai,Palisade,2022,,,,
Hyundai,Palisade,2023,,,,
Hyundai,Palisade,2024,,,,
Hyundai,Palisade,2025,,,,
Hyundai,Pony,1986,,,,
Hyundai,Pony,1987,,,,
Hyundai,Pony,1988,,,,
Hyundai,Pony,1989,,,,
Hyundai,Santa Cruz,2022,,,,
Hyundai,Santa Cruz,2023,,,,
Hyundai,Santa Cruz,2024,,,,
Hyundai,Santa Cruz,2025,,,,
Hyundai,Santa Fe,2001,,,,
Hyundai,Santa Fe,2002,,,,
Hyundai,Santa Fe,2003,,,,
Hyundai,Santa Fe,2004,,,,
Hyundai,Santa Fe,2005,,,,
Hyundai,Santa Fe,2006,,,,
Hyundai,Santa Fe,2007,,,,
Hyundai,Santa Fe,2008,,,,
Hyundai,Santa Fe,2009,,,,
Hyundai,Santa Fe,2010,,,,
Hyundai,Santa Fe,2011,,,,
Hyundai,Santa Fe,2012,,,,
Hyundai,Santa Fe,2013,,,,
Hyundai,Santa Fe,2014,,,,
Hyundai,Santa Fe,2015,,,,
Hyundai,Santa Fe,2016,,,,
Hyundai,Santa Fe,2017,,,,
Hyundai,Santa Fe,2018,,,,
Hyundai,Santa Fe,2019,,,,
Hyundai,Santa Fe,2020,,,,
Hyundai,Santa Fe,2021,,,,
Hyundai,Santa Fe,2022,,,,
Hyundai,Santa Fe,2023,,,,
Hyundai,Santa Fe,2024,,,,
Hyundai,Santa Fe,2025,,,,
Hyundai,Santa Fe Sport,2013,,,,
Hyundai,Santa Fe Sport,2014,,,,
Hyundai,Santa Fe Sport,2015,,,,
Hyundai,Santa Fe Sport,2016,,,,
Hyundai,Santa Fe Sport,2017,,,,
Hyundai,Santa Fe Sport,2018,,,,
Hyundai,Santa Fe XL,2019,,,,
Hyundai,Scoupe,1991,,,,
Hyundai,Scoupe,1992,,,,
Hyundai,Scoupe,1993,,,,
Hyundai,Scoupe,1994,,,,
Hyundai,Scoupe,1995,,,,
Hyundai,Sonata,1989,,,,
Hyundai,Sonata,1990,,,,
Hyundai,Sonata,1991,,,,
Hyundai,Sonata,1992,,,,
Hyundai,Sonata,1993,,,,
Hyundai,Sonata,1994,,,,
Hyundai,Sonata,1995,,,,
Hyundai,Sonata,1996,,,,
Hyundai,Sonata,1997,,,,
Hyundai,Sonata,1998,,,,
Hyundai,Sonata,1999,,,,
Hyundai,Sonata,2000,,,,
Hyundai,Sonata,2001,,,,
Hyundai,Sonata,2002,,,,
Hyundai,Sonata,2003,,,,
Hyundai,Sonata,2004,,,,
Hyundai,Sonata,2005,,,,
Hyundai,Sonata,2006,,,,
Hyundai,Sonata,2007,,,,
Hyundai,Sonata,2008,,,,
Hyundai,Sonata,2009,,,,
Hyundai,Sonata,2010,,,,
Hyundai,Sonata,2011,,,,
Hyundai,Sonata,2012,,,,
Hyundai,Sonata,2013,,,,
Hyundai,Sonata,2014,,,,
Hyundai,Sonata,2015,,,,
Hyundai,Sonata,2016,,,,
Hyundai,Sonata,2017,,,,
Hyundai,Sonata,2018,,,,
Hyundai,Sonata,2019,,,,
Hyundai,Sonata,2020,,,,
Hyundai,Sonata,2021,,,,
Hyundai,Sonata,2022,,,,
Hyundai,Sonata,2023,,,,
Hyundai,Sonata,2024,,,,
Hyundai,Sonata,2025,,,,
Hyundai,Stellar,1986,,,,
Hyundai,Stellar,1987,,,,
Hyundai,Stellar,1988,,,,
Hyundai,Stellar,1989,,,,
Hyundai,Tiburon,1997,,,,
Hyundai,Tiburon,1998,,,,
Hyundai,Tiburon,1999,,,,
Hyundai,Tiburon,2000,,,,
Hyundai,Tiburon,2001,,,,
Hyundai,Tiburon,2002,,,,
Hyundai,Tiburon,2003,,,,
Hyundai,Tiburon,2004,,,,
Hyundai,Tiburon,2005,,,,
Hyundai,Tiburon,2006,,,,
Hyundai,Tiburon,2007,,,,
Hyundai,Tiburon,2008,,,,
Hyundai,Tucson,2005,,,,
Hyundai,Tucson,2006,,,,
Hyundai,Tucson,2007,,,,
Hyundai,Tucson,2008,,,,
Hyundai,Tucson,2009,,,,
Hyundai,Tucson,2010,,,,
Hyundai,Tucson,2011,,,,
Hyundai,Tucson,2012,,,,
Hyundai,Tucson,2013,,,,
Hyundai,Tucson,2014,,,,
Hyundai,Tucson,2015,,,,
Hyundai,Tucson,2016,,,,
Hyundai,Tucson,2017,,,,
Hyundai,Tucson,2018,,,,
Hyundai,Tucson,2019,,,,
Hyundai,Tucson,2020,,,,
Hyundai,Tucson,2021,,,,
Hyundai,Tucson,2022,,,,
Hyundai,Tucson,2023,,,,
Hyundai,Tucson,2024,,,,
Hyundai,Tucson,2025,,,,
Hyundai,Veloster,2012,,,,
Hyundai,Veloster,2013,,,,
Hyundai,Veloster,2014,,,,
Hyundai,Veloster,2015,,,,
Hyundai,Veloster,2016,,,,
Hyundai,Veloster,2017,,,,
Hyundai,Veloster,2018,,,,
Hyundai,Veloster,2019,,,,
Hyundai,Veloster,2020,,,,
Hyundai,Veloster,2021,,,,
Hyundai,Veloster N,2019,,,,
Hyundai,Veloster N,2020,,,,
Hyundai,Veloster N,2021,,,,
Hyundai,Veloster N,2022,,,,
Hyundai,Veloster Turbo,2013,,,,
Hyundai,Venue,2020,,,,
Hyundai,Venue,2021,,,,
Hyundai,Venue,2022,,,,
Hyundai,Venue,2023,,,,
Hyundai,Venue,2024,,,,
Hyundai,Venue,2025,,,,
Hyundai,Veracruz,2007,,,,
Hyundai,Veracruz,2008,,,,
Hyundai,Veracruz,2009,,,,
Hyundai,Veracruz,2010,,,,
Hyundai,Veracruz,2011,,,,
Hyundai,Veracruz,2012,,,,
Hyundai,Veracruz,2013,,,,
Hyundai,Xcient,2023,,,,
Hyundai,Xcient,2024,,,,
Hyundai,Xcient,2025,,,,
Hyundai,XG300,2001,,,,
Hyundai,XG350,2002,,,,
Hyundai,XG350,2003,,,,
Hyundai,XG350,2004,,,,
Hyundai,XG350,2005,,,,
Infiniti,EX35,2008,,,,
Infiniti,EX35,2009,,,,
Infiniti,EX35,2010,,,,
Infiniti,EX35,2011,,,,
Infiniti,EX35,2012,,,,
Infiniti,EX35,2013,,,,
Infiniti,FX35,2003,,,,
Infiniti,FX35,2004,,,,
Infiniti,FX35,2005,,,,
Infiniti,FX35,2006,,,,
Infiniti,FX35,2007,,,,
Infiniti,FX35,2008,,,,
Infiniti,FX35,2009,,,,
Infiniti,FX35,2010,,,,
Infiniti,FX35,2012,,,,
Infiniti,FX37,2013,,,,
Infiniti,FX45,2003,,,,
Infiniti,FX45,2004,,,,
Infiniti,FX45,2005,,,,
Infiniti,FX45,2006,,,,
Infiniti,FX45,2007,,,,
Infiniti,FX45,2008,,,,
Infiniti,FX50,2009,,,,
Infiniti,FX50,2010,,,,
Infiniti,FX50,2011,,,,
Infiniti,FX50,2012,,,,
Infiniti,FX50,2013,,,,
Infiniti,G20,1991,,,,
Infiniti,G20,1992,,,,
Infiniti,G20,1993,,,,
Infiniti,G20,1994,,,,
Infiniti,G20,1995,,,,
Infiniti,G20,1996,,,,
Infiniti,G20,1999,,,,
Infiniti,G20,2000,,,,
Infiniti,G20,2001,,,,
Infiniti,G20,2002,,,,
Infiniti,G25,2011,,,,
Infiniti,G25,2012,,,,
Infiniti,G35,2003,,,,
Infiniti,G35,2004,,,,
Infiniti,G35,2005,,,,
Infiniti,G35,2006,,,,
Infiniti,G35,2007,,,,
Infiniti,G35,2008,,,,
Infiniti,G35,2009,,,,
Infiniti,G37,2008,,,,
Infiniti,G37,2009,,,,
Infiniti,G37,2010,,,,
Infiniti,G37,2011,,,,
Infiniti,G37,2012,,,,
Infiniti,G37,2013,,,,
Infiniti,I30,1996,,,,
Infiniti,I30,1997,,,,
Infiniti,I30,1998,,,,
Infiniti,I30,1999,,,,
Infiniti,I30,2000,,,,
Infiniti,I30,2001,,,,
Infiniti,I35,2002,,,,
Infiniti,I35,2003,,,,
Infiniti,I35,2004,,,,
Infiniti,J30,1993,,,,
Infiniti,J30,1994,,,,
Infiniti,J30,1995,,,,
Infiniti,J30,1996,,,,
Infiniti,J30,1997,,,,
Infiniti,JX35,2013,,,,
Infiniti,M30,1990,,,,
Infiniti,M30,1991,,,,
Infiniti,M30,1992,,,,
Infiniti,M35,2006,,,,
Infiniti,M35,2007,,,,
Infiniti,M35,2008,,,,
Infiniti,M35,2009,,,,
Infiniti,M35,2010,,,,
Infiniti,M35h,2012,,,,
Infiniti,M35h,2013,,,,
Infiniti,M37,2011,,,,
Infiniti,M37,2012,,,,
Infiniti,M37,2013,,,,
Infiniti,M45,2003,,,,
Infiniti,M45,2004,,,,
Infiniti,M45,2006,,,,
Infiniti,M45,2007,,,,
Infiniti,M45,2008,,,,
Infiniti,M45,2009,,,,
Infiniti,M45,2010,,,,
Infiniti,M56,2011,,,,
Infiniti,M56,2012,,,,
Infiniti,M56,2013,,,,
Infiniti,Q40,2015,,,,
Infiniti,Q40,2016,,,,
Infiniti,Q45,1990,,,,
Infiniti,Q45,1991,,,,
Infiniti,Q45,1992,,,,
Infiniti,Q45,1993,,,,
Infiniti,Q45,1994,,,,
Infiniti,Q45,1995,,,,
Infiniti,Q45,1996,,,,
Infiniti,Q45,1997,,,,
Infiniti,Q45,1998,,,,
Infiniti,Q45,1999,,,,
Infiniti,Q45,2000,,,,
Infiniti,Q45,2001,,,,
Infiniti,Q45,2002,,,,
Infiniti,Q45,2003,,,,
Infiniti,Q45,2004,,,,
Infiniti,Q45,2005,,,,
Infiniti,Q45,2006,,,,
Infiniti,Q45,2007,,,,
Infiniti,Q50,2014,,,,
Infiniti,Q50,2015,,,,
Infiniti,Q50,2016,,,,
Infiniti,Q50,2017,,,,
Infiniti,Q50,2018,,,,
Infiniti,Q50,2019,,,,
Infiniti,Q50,2020,,,,
Infiniti,Q50,2021,,,,
Infiniti,Q50,2022,,,,
Infiniti,Q50,2023,,,,
Infiniti,Q50,2024,,,,
Infiniti,Q60,2014,,,,
Infiniti,Q60,2015,,,,
Infiniti,Q60,2017,,,,
Infiniti,Q60,2018,,,,
Infiniti,Q60,2019,,,,
Infiniti,Q60,2020,,,,
Infiniti,Q60,2021,,,,
Infiniti,Q60,2022,,,,
Infiniti,Q70,2014,,,,
Infiniti,Q70,2015,,,,
Infiniti,Q70,2016,,,,
Infiniti,Q70,2017,,,,
Infiniti,Q70,2018,,,,
Infiniti,Q70,2019,,,,
Infiniti,Q70,2020,,,,
Infiniti,Q70,2021,,,,
Infiniti,Q70,2022,,,,
Infiniti,Q70L,2015,,,,
Infiniti,Q70L,2016,,,,
Infiniti,Q70L,2017,,,,
Infiniti,Q70L,2018,,,,
Infiniti,Q70L,2019,,,,
Infiniti,Q70L,2020,,,,
Infiniti,Q70L,2021,,,,
Infiniti,Q70L,2022,,,,
Infiniti,QX30,2017,,,,
Infiniti,QX30,2018,,,,
Infiniti,QX30,2019,,,,
Infiniti,QX4,1997,,,,
Infiniti,QX4,1998,,,,
Infiniti,QX4,1999,,,,
Infiniti,QX4,2000,,,,
Infiniti,QX4,2001,,,,
Infiniti,QX4,2002,,,,
Infiniti,QX4,2003,,,,
Infiniti,QX50,2014,,,,
Infiniti,QX50,2015,,,,
Infiniti,QX50,2016,,,,
Infiniti,QX50,2017,,,,
Infiniti,QX50,2019,,,,
Infiniti,QX50,2020,,,,
Infiniti,QX50,2021,,,,
Infiniti,QX50,2022,,,,
Infiniti,QX50,2023,,,,
Infiniti,QX50,2024,,,,
Infiniti,QX50,2025,,,,
Infiniti,QX55,2022,,,,
Infiniti,QX55,2023,,,,
Infiniti,QX55,2024,,,,
Infiniti,QX55,2025,,,,
Infiniti,QX56,2003,,,,
Infiniti,QX56,2004,,,,
Infiniti,QX56,2005,,,,
Infiniti,QX56,2006,,,,
Infiniti,QX56,2007,,,,
Infiniti,QX56,2008,,,,
Infiniti,QX56,2009,,,,
Infiniti,QX56,2010,,,,
Infiniti,QX56,2011,,,,
Infiniti,QX56,2012,,,,
Infiniti,QX56,2013,,,,
Infiniti,QX60,2014,,,,
Infiniti,QX60,2015,,,,
Infiniti,QX60,2016,,,,
Infiniti,QX60,2017,,,,
Infiniti,QX60,2018,,,,
Infiniti,QX60,2019,,,,
Infiniti,QX60,2020,,,,
Infiniti,QX60,2021,,,,
Infiniti,QX60,2022,,,,
Infiniti,QX60,2023,,,,
Infiniti,QX60,2024,,,,
Infiniti,QX60,2025,,,,
Infiniti,QX70,2014,,,,
Infiniti,QX70,2015,,,,
Infiniti,QX70,2016,,,,
Infiniti,QX70,2017,,,,
Infiniti,QX70,2018,,,,
Infiniti,QX80,2014,,,,
Infiniti,QX80,2015,,,,
Infiniti,QX80,2016,,,,
Infiniti,QX80,2017,,,,
Infiniti,QX80,2018,,,,
Infiniti,QX80,2019,,,,
Infiniti,QX80,2020,,,,
Infiniti,QX80,2021,,,,
Infiniti,QX80,2022,,,,
Infiniti,QX80,2023,,,,
Infiniti,QX80,2024,,,,
Infiniti,QX80,2025,,,,
Isuzu,Amigo,1989,,,,
Isuzu,Amigo,1990,,,,
Isuzu,Amigo,1991,,,,
Isuzu,Amigo,1992,,,,
Isuzu,Amigo,1993,,,,
Isuzu,Amigo,1994,,,,
Isuzu,Ascender,2003,,,,
Isuzu,Ascender,2004,,,,
Isuzu,Ascender,2005,,,,
Isuzu,Ascender,2006,,,,
Isuzu,Ascender,2007,,,,
Isuzu,Ascender,2008,,,,
Isuzu,Axiom,2002,,,,
Isuzu,Axiom,2003,,,,
Isuzu,Axiom,2004,,,,
Isuzu,F6,1997,,,,
Isuzu,F6,1998,,,,
Isuzu,F6,1999,,,,
Isuzu,F6,2000,,,,
Isuzu,F6,2001,,,,
Isuzu,F6,2002,,,,
Isuzu,F7,1997,,,,
Isuzu,F7,1998,,,,
Isuzu,F7,1999,,,,
Isuzu,F7,2000,,,,
Isuzu,F7,2001,,,,
Isuzu,F7,2002,,,,
Isuzu,FRR,1995,,,,
Isuzu,FRR,1996,,,,
Isuzu,FRR,1997,,,,
Isuzu,FRR,1998,,,,
Isuzu,FRR,2000,,,,
Isuzu,FRR,2001,,,,
Isuzu,FRR,2002,,,,
Isuzu,FRR,2003,,,,
Isuzu,FRR,2004,,,,
Isuzu,FSR,1992,,,,
Isuzu,FSR,1993,,,,
Isuzu,FSR,1994,,,,
Isuzu,FSR,1995,,,,
Isuzu,FSR,1996,,,,
Isuzu,FTR/FVR,1996,,,,
Isuzu,FTR/FVR/EVR,1992,,,,
Isuzu,FTR/FVR/EVR,1993,,,,
Isuzu,FTR/FVR/EVR,1994,,,,
Isuzu,FTR/FVR/EVR,1995,,,,
Isuzu,H-Series,2005,,,,
Isuzu,H-Series,2006,,,,
Isuzu,H-Series,2007,,,,
Isuzu,H-Series,2008,,,,
Isuzu,Hombre,1996,,,,
Isuzu,Hombre,1997,,,,
Isuzu,Hombre,1998,,,,
Isuzu,Hombre,1999,,,,
Isuzu,Hombre,2000,,,,
Isuzu,i-280,2006,,,,
Isuzu,i-290,2007,,,,
Isuzu,i-290,2008,,,,
Isuzu,i-350,2006,,,,
Isuzu,i-370,2007,,,,
Isuzu,i-370,2008,,,,
Isuzu,I-Mark,1981,,,,
Isuzu,I-Mark,1982,,,,
Isuzu,I-Mark,1983,,,,
Isuzu,I-Mark,1984,,,,
Isuzu,I-Mark,1985,,,,
Isuzu,I-Mark,1986,,,,
Isuzu,I-Mark,1987,,,,
Isuzu,I-Mark,1988,,,,
Isuzu,I-Mark,1989,,,,
Isuzu,IMPULSE,1981,,,,
Isuzu,IMPULSE,1982,,,,
Isuzu,IMPULSE,1983,,,,
Isuzu,IMPULSE,1984,,,,
Isuzu,IMPULSE,1985,,,,
Isuzu,IMPULSE,1986,,,,
Isuzu,IMPULSE,1987,,,,
Isuzu,IMPULSE,1988,,,,
Isuzu,IMPULSE,1989,,,,
Isuzu,IMPULSE,1990,,,,
Isuzu,IMPULSE,1991,,,,
Isuzu,IMPULSE,1992,,,,
Isuzu,NPR,1992,,,,
Isuzu,NPR,1993,,,,
Isuzu,NPR,1994,,,,
Isuzu,NPR,1995,,,,
Isuzu,NPR,1996,,,,
Isuzu,NPR,1997,,,,
Isuzu,NPR,1998,,,,
Isuzu,NPR,1999,,,,
Isuzu,NPR,2006,,,,
Isuzu,NPR,2007,,,,
Isuzu,NPR,2008,,,,
Isuzu,NPR,2009,,,,
Isuzu,NPR,2010,,,,
Isuzu,NPR/NPR-HD,2000,,,,
Isuzu,NPR/NPR-HD,2001,,,,
Isuzu,NPR/NPR-HD,2002,,,,
Isuzu,NPR/NPR-HD,2003,,,,
Isuzu,NPR/NPR-HD,2004,,,,
Isuzu,NPR/NPR-HD,2005,,,,
Isuzu,NQR,1999,,,,
Isuzu,NQR,2000,,,,
Isuzu,NQR,2001,,,,
Isuzu,NQR,2002,,,,
Isuzu,NQR,2003,,,,
Isuzu,NQR,2004,,,,
Isuzu,NQR/NRR,2005,,,,
Isuzu,NQR/NRR,2006,,,,
Isuzu,NQR/NRR,2007,,,,
Isuzu,NQR/NRR,2008,,,,
Isuzu,NQR/NRR,2009,,,,
Isuzu,NQR/NRR,2010,,,,
Isuzu,NRR,1992,,,,
Isuzu,NRR,1993,,,,
Isuzu,NRR,1994,,,,
Isuzu,Oasis,1996,,,,
Isuzu,Oasis,1997,,,,
Isuzu,Oasis,1998,,,,
Isuzu,Oasis,1999,,,,
Isuzu,Pickup,1981,,,,
Isuzu,Pickup,1982,,,,
Isuzu,Pickup,1983,,,,
Isuzu,Pickup,1984,,,,
Isuzu,Pickup,1985,,,,
Isuzu,Pickup,1986,,,,
Isuzu,Pickup,1987,,,,
Isuzu,Pickup,1988,,,,
Isuzu,Pickup,1989,,,,
Isuzu,Pickup,1990,,,,
Isuzu,Pickup,1991,,,,
Isuzu,Pickup,1992,,,,
Isuzu,Pickup,1993,,,,
Isuzu,Pickup,1994,,,,
Isuzu,Pickup,1995,,,,
Isuzu,Rodeo,1989,,,,
Isuzu,Rodeo,1990,,,,
Isuzu,Rodeo,1991,,,,
Isuzu,Rodeo,1992,,,,
Isuzu,Rodeo,1993,,,,
Isuzu,Rodeo,1994,,,,
Isuzu,Rodeo,1995,,,,
Isuzu,Rodeo,1996,,,,
Isuzu,Rodeo,1997,,,,
Isuzu,Rodeo,1999,,,,
Isuzu,Rodeo,2000,,,,
Isuzu,Rodeo,2001,,,,
Isuzu,Rodeo,2002,,,,
Isuzu,Rodeo,2003,,,,
Isuzu,Rodeo,2004,,,,
Isuzu,Rodeo/Amigo,1998,,,,
Isuzu,Rodeo/Amigo,1999,,,,
Isuzu,Stylus,1987,,,,
Isuzu,Stylus,1988,,,,
Isuzu,Stylus,1989,,,,
Isuzu,Stylus,1990,,,,
Isuzu,Stylus,1991,,,,
Isuzu,Stylus,1992,,,,
Isuzu,T6F,2003,,,,
Isuzu,T6F,2004,,,,
Isuzu,T6F,2005,,,,
Isuzu,T6F,2006,,,,
Isuzu,T6F,2007,,,,
Isuzu,T6F,2008,,,,
Isuzu,T6F,2009,,,,
Isuzu,T6F,2010,,,,
Isuzu,T7F,2003,,,,
Isuzu,T7F,2004,,,,
Isuzu,T7F,2005,,,,
Isuzu,T7F,2006,,,,
Isuzu,T7F,2007,,,,
Isuzu,T7F,2008,,,,
Isuzu,T7F,2009,,,,
Isuzu,T7F,2010,,,,
Isuzu,T8F,2003,,,,
Isuzu,T8F,2004,,,,
Isuzu,T8F,2005,,,,
Isuzu,T8F,2006,,,,
Isuzu,T8F,2007,,,,
Isuzu,T8F,2008,,,,
Isuzu,T8F,2009,,,,
Isuzu,T8F,2010,,,,
Isuzu,Trooper,1984,,,,
Isuzu,Trooper,1985,,,,
Isuzu,Trooper,1986,,,,
Isuzu,Trooper,1987,,,,
Isuzu,Trooper,1988,,,,
Isuzu,Trooper,1989,,,,
Isuzu,Trooper,1990,,,,
Isuzu,Trooper,1991,,,,
Isuzu,Trooper,1992,,,,
Isuzu,Trooper,1993,,,,
Isuzu,Trooper,1994,,,,
Isuzu,Trooper,1995,,,,
Isuzu,Trooper,1996,,,,
Isuzu,Trooper,1997,,,,
Isuzu,Trooper,1998,,,,
Isuzu,Trooper,1999,,,,
Isuzu,Trooper,2000,,,,
Isuzu,Trooper,2001,,,,
Isuzu,Trooper,2002,,,,
Isuzu,Trooper II,1987,,,,
Isuzu,Trooper II,1988,,,,
Isuzu,Trooper II,1989,,,,
Isuzu,Trooper II,1990,,,,
Isuzu,Trooper II,1991,,,,
Isuzu,VehiCross,1999,,,,
Isuzu,VehiCross,2000,,,,
Isuzu,VehiCross,2001,,,,
Isuzu,VehiCross,2002,,,,
Jaguar,E-PACE,2018,,,,
Jaguar,E-PACE,2019,,,,
Jaguar,E-PACE,2020,,,,
Jaguar,E-PACE,2021,,,,
Jaguar,E-PACE,2022,,,,
Jaguar,E-PACE,2023,,,,
Jaguar,E-PACE,2024,,,,
Jaguar,E-Type,1961,,,,
Jaguar,F-PACE,2017,,,,
Jaguar,F-PACE,2018,,,,
Jaguar,F-PACE,2019,,,,
Jaguar,F-PACE,2020,,,,
Jaguar,F-PACE,2021,,,,
Jaguar,F-PACE,2022,,,,
Jaguar,F-PACE,2023,,,,
Jaguar,F-PACE,2024,,,,
Jaguar,F-PACE,2025,,,,
Jaguar,F-Type,2015,,,,
Jaguar,F-TYPE,2014,,,,
Jaguar,F-TYPE,2016,,,,
Jaguar,F-TYPE,2017,,,,
Jaguar,F-TYPE,2018,,,,
Jaguar,F-TYPE,2019,,,,
Jaguar,F-TYPE,2020,,,,
Jaguar,F-TYPE,2021,,,,
Jaguar,F-TYPE,2022,,,,
Jaguar,F-TYPE,2023,,,,
Jaguar,F-TYPE,2024,,,,
Jaguar,I-PACE,2019,,,,
Jaguar,I-PACE,2020,,,,
Jaguar,I-PACE,2021,,,,
Jaguar,I-PACE,2022,,,,
Jaguar,I-PACE,2023,,,,
Jaguar,I-PACE,2024,,,,
Jaguar,S-Type,2000,,,,
Jaguar,S-Type,2001,,,,
Jaguar,S-Type,2002,,,,
Jaguar,S-Type,2003,,,,
Jaguar,S-Type,2004,,,,
Jaguar,S-Type,2005,,,,
Jaguar,S-Type,2006,,,,
Jaguar,S-Type,2007,,,,
Jaguar,S-Type,2008,,,,
Jaguar,Vanden Plas,1988,,,,
Jaguar,Vanden Plas,1989,,,,
Jaguar,Vanden Plas,1990,,,,
Jaguar,Vanden Plas,1991,,,,
Jaguar,Vanden Plas,1992,,,,
Jaguar,Vanden Plas,1993,,,,
Jaguar,Vanden Plas,1994,,,,
Jaguar,Vanden Plas,1995,,,,
Jaguar,Vanden Plas,1996,,,,
Jaguar,Vanden Plas,1997,,,,
Jaguar,Vanden Plas,1998,,,,
Jaguar,Vanden Plas,1999,,,,
Jaguar,Vanden Plas,2000,,,,
Jaguar,Vanden Plas,2001,,,,
Jaguar,Vanden Plas,2002,,,,
Jaguar,Vanden Plas,2003,,,,
Jaguar,Vanden Plas,2004,,,,
Jaguar,X-Type,2002,,,,
Jaguar,X-Type,2003,,,,
Jaguar,X-Type,2004,,,,
Jaguar,X-Type,2005,,,,
Jaguar,X-Type,2006,,,,
Jaguar,X-Type,2007,,,,
Jaguar,X-Type,2008,,,,
Jaguar,XE,2017,,,,
Jaguar,XE,2018,,,,
Jaguar,XE,2019,,,,
Jaguar,XE,2020,,,,
Jaguar,XE,2021,,,,
Jaguar,XF,2009,,,,
Jaguar,XF,2010,,,,
Jaguar,XF,2011,,,,
Jaguar,XF,2012,,,,
Jaguar,XF,2013,,,,
Jaguar,XF,2014,,,,
Jaguar,XF,2015,,,,
Jaguar,XF,2016,,,,
Jaguar,XF,2017,,,,
Jaguar,XF,2018,,,,
Jaguar,XF,2019,,,,
Jaguar,XF,2020,,,,
Jaguar,XF,2021,,,,
Jaguar,XF,2022,,,,
Jaguar,XF,2023,,,,
Jaguar,XF,2024,,,,
Jaguar,XJ,2002,,,,
Jaguar,XJ,2003,,,,
Jaguar,XJ,2004,,,,
Jaguar,XJ,2005,,,,
Jaguar,XJ,2006,,,,
Jaguar,XJ,2007,,,,
Jaguar,XJ,2008,,,,
Jaguar,XJ,2009,,,,
Jaguar,XJ,2010,,,,
Jaguar,XJ,2011,,,,
Jaguar,XJ,2012,,,,
Jaguar,XJ,2013,,,,
Jaguar,XJ,2014,,,,
Jaguar,XJ,2015,,,,
Jaguar,XJ,2016,,,,
Jaguar,XJ,2017,,,,
Jaguar,XJ,2018,,,,
Jaguar,XJ,2019,,,,
Jaguar,XJ12,1991,,,,
Jaguar,XJ12,1992,,,,
Jaguar,XJ12,1993,,,,
Jaguar,XJ12,1994,,,,
Jaguar,XJ12,1995,,,,
Jaguar,XJ12,1996,,,,
Jaguar,XJ12,1997,,,,
Jaguar,XJ6,1975,,,,
Jaguar,XJ6,1981,,,,
Jaguar,XJ6,1982,,,,
Jaguar,XJ6,1983,,,,
Jaguar,XJ6,1984,,,,
Jaguar,XJ6,1985,,,,
Jaguar,XJ6,1986,,,,
Jaguar,XJ6,1987,,,,
Jaguar,XJ6,1988,,,,
Jaguar,XJ6,1989,,,,
Jaguar,XJ6,1990,,,,
Jaguar,XJ6,1991,,,,
Jaguar,XJ6,1992,,,,
Jaguar,XJ6,1993,,,,
Jaguar,XJ6,1994,,,,
Jaguar,XJ6,1995,,,,
Jaguar,XJ6,1996,,,,
Jaguar,XJ6,1997,,,,
Jaguar,XJ8,1998,,,,
Jaguar,XJ8,1999,,,,
Jaguar,XJ8,2000,,,,
Jaguar,XJ8,2001,,,,
Jaguar,XJ8,2002,,,,
Jaguar,XJ8,2003,,,,
Jaguar,XJR,1995,,,,
Jaguar,XJR,1996,,,,
Jaguar,XJR,1997,,,,
Jaguar,XJR,1998,,,,
Jaguar,XJR,1999,,,,
Jaguar,XJR,2000,,,,
Jaguar,XJR,2001,,,,
Jaguar,XJR,2002,,,,
Jaguar,XJR,2003,,,,
Jaguar,XJR,2004,,,,
Jaguar,XJR,2005,,,,
Jaguar,XJR,2006,,,,
Jaguar,XJR,2007,,,,
Jaguar,XJS,1981,,,,
Jaguar,XJS,1982,,,,
Jaguar,XJS,1983,,,,
Jaguar,XJS,1984,,,,
Jaguar,XJS,1985,,,,
Jaguar,XJS,1986,,,,
Jaguar,XJS,1987,,,,
Jaguar,XJS,1988,,,,
Jaguar,XJS,1989,,,,
Jaguar,XJS,1990,,,,
Jaguar,XJS,1991,,,,
Jaguar,XJS,1992,,,,
Jaguar,XJS,1993,,,,
Jaguar,XJS,1994,,,,
Jaguar,XJS,1995,,,,
Jaguar,XJS,1996,,,,
Jaguar,XJS,1997,,,,
Jaguar,XK,2000,,,,
Jaguar,XK,2001,,,,
Jaguar,XK,2002,,,,
Jaguar,XK,2003,,,,
Jaguar,XK,2004,,,,
Jaguar,XK,2005,,,,
Jaguar,XK,2006,,,,
Jaguar,XK,2007,,,,
Jaguar,XK,2008,,,,
Jaguar,XK,2009,,,,
Jaguar,XK,2010,,,,
Jaguar,XK,2011,,,,
Jaguar,XK,2012,,,,
Jaguar,XK,2013,,,,
Jaguar,XK,2014,,,,
Jaguar,XK,2015,,,,
Jaguar,XK8,1997,,,,
Jaguar,XK8,1998,,,,
Jaguar,XK8,1999,,,,
Jaguar,XK8,2000,,,,
Jaguar,XK8,2001,,,,
Jaguar,XK8,2002,,,,
Jaguar,XK8,2003,,,,
Jaguar,XK8,2004,,,,
Jaguar,XKR,2000,,,,
Jeep,Cherokee,1981,,,,
Jeep,Cherokee,1982,,,,
Jeep,Cherokee,1983,,,,
Jeep,Cherokee,1984,,,,
Jeep,Cherokee,1985,,,,
Jeep,Cherokee,1986,,,,
Jeep,Cherokee,1987,,,,
Jeep,Cherokee,1988,,,,
Jeep,Cherokee,1989,,,,
Jeep,Cherokee,1990,,,,
Jeep,Cherokee,1991,,,,
Jeep,Cherokee,1992,,,,
Jeep,Cherokee,1993,,,,
Jeep,Cherokee,1994,,,,
Jeep,Cherokee,1995,,,,
Jeep,Cherokee,1996,,,,
Jeep,Cherokee,1997,,,,
Jeep,Cherokee,1998,,,,
Jeep,Cherokee,1999,,,,
Jeep,Cherokee,2000,,,,
Jeep,Cherokee,2001,,,,
Jeep,Cherokee,2002,,,,
Jeep,Cherokee,2003,,,,
Jeep,Cherokee,2004,,,,
Jeep,Cherokee,2005,,,,
Jeep,Cherokee,2006,,,,
Jeep,Cherokee,2007,,,,
Jeep,Cherokee,2008,,,,
Jeep,Cherokee,2009,,,,
Jeep,Cherokee,2010,,,,
Jeep,Cherokee,2011,,,,
Jeep,Cherokee,2014,,,,
Jeep,Cherokee,2015,,,,
Jeep,Cherokee,2016,,,,
Jeep,Cherokee,2017,,,,
Jeep,Cherokee,2018,,,,
Jeep,Cherokee,2019,,,,
Jeep,Cherokee,2020,,,,
Jeep,Cherokee,2021,,,,
Jeep,Cherokee,2022,,,,
Jeep,Cherokee,2023,,,,
Jeep,CJ-5,1975,,,,
Jeep,CJ-5,1981,,,,
Jeep,CJ-5,1982,,,,
Jeep,CJ-5,1983,,,,
Jeep,CJ-6,1981,,,,
Jeep,CJ-6,1982,,,,
Jeep,CJ-7,1981,,,,
Jeep,CJ-7,1982,,,,
Jeep,CJ-7,1983,,,,
Jeep,CJ-7,1984,,,,
Jeep,CJ-7,1985,,,,
Jeep,CJ-7,1986,,,,
Jeep,CJ-8 Scrambler,1981,,,,
Jeep,CJ-8 Scrambler,1982,,,,
Jeep,CJ-8 Scrambler,1983,,,,
Jeep,CJ-8 Scrambler,1984,,,,
Jeep,CJ-8 Scrambler,1985,,,,
Jeep,Comanche,1986,,,,
Jeep,Comanche,1987,,,,
Jeep,Comanche,1988,,,,
Jeep,Comanche,1989,,,,
Jeep,Comanche,1990,,,,
Jeep,Comanche,1991,,,,
Jeep,Comanche,1992,,,,
Jeep,Commander,2006,,,,
Jeep,Commander,2007,,,,
Jeep,Commander,2008,,,,
Jeep,Commander,2009,,,,
Jeep,Commander,2010,,,,
Jeep,Compass,2006,,,,
Jeep,Compass,2007,,,,
Jeep,Compass,2008,,,,
Jeep,Compass,2009,,,,
Jeep,Compass,2010,,,,
Jeep,Compass,2011,,,,
Jeep,Compass,2012,,,,
Jeep,Compass,2013,,,,
Jeep,Compass,2014,,,,
Jeep,Compass,2015,,,,
Jeep,Compass,2016,,,,
Jeep,Compass,2017,,,,
Jeep,Compass,2018,,,,
Jeep,Compass,2019,,,,
Jeep,Compass,2020,,,,
Jeep,Compass,2021,,,,
Jeep,Compass,2022,,,,
Jeep,Compass,2023,,,,
Jeep,Compass,2024,,,,
Jeep,Compass,2025,,,,
Jeep,Gladiator,2020,,,,
Jeep,Gladiator,2021,,,,
Jeep,Gladiator,2022,,,,
Jeep,Gladiator,2023,,,,
Jeep,Gladiator,2024,,,,
Jeep,Gladiator,2025,,,,
Jeep,Grand Cherokee,1993,,,,
Jeep,Grand Cherokee,1994,,,,
Jeep,Grand Cherokee,1995,,,,
Jeep,Grand Cherokee,1996,,,,
Jeep,Grand Cherokee,1997,,,,
Jeep,Grand Cherokee,1998,,,,
Jeep,Grand Cherokee,1999,,,,
Jeep,Grand Cherokee,2000,,,,
Jeep,Grand Cherokee,2001,,,,
Jeep,Grand Cherokee,2002,,,,
Jeep,Grand Cherokee,2003,,,,
Jeep,Grand Cherokee,2004,,,,
Jeep,Grand Cherokee,2005,,,,
Jeep,Grand Cherokee,2006,,,,
Jeep,Grand Cherokee,2007,,,,
Jeep,Grand Cherokee,2008,,,,
Jeep,Grand Cherokee,2009,,,,
Jeep,Grand Cherokee,2010,,,,
Jeep,Grand Cherokee,2011,,,,
Jeep,Grand Cherokee,2012,,,,
Jeep,Grand Cherokee,2013,,,,
Jeep,Grand Cherokee,2014,,,,
Jeep,Grand Cherokee,2015,,,,
Jeep,Grand Cherokee,2016,,,,
Jeep,Grand Cherokee,2017,,,,
Jeep,Grand Cherokee,2018,,,,
Jeep,Grand Cherokee,2019,,,,
Jeep,Grand Cherokee,2020,,,,
Jeep,Grand Cherokee,2021,,,,
Jeep,Grand Cherokee,2022,,,,
Jeep,Grand Cherokee,2023,,,,
Jeep,Grand Cherokee,2024,,,,
Jeep,Grand Cherokee,2025,,,,
Jeep,Grand Cherokee L,2021,,,,
Jeep,Grand Cherokee L,2022,,,,
Jeep,Grand Cherokee L,2023,,,,
Jeep,Grand Cherokee L,2024,,,,
Jeep,Grand Cherokee L,2025,,,,
Jeep,Grand Cherokee SRT8,2011,,,,
Jeep,Grand Wagoneer,1984,,,,
Jeep,Grand Wagoneer,1985,,,,
Jeep,Grand Wagoneer,1986,,,,
Jeep,Grand Wagoneer,1987,,,,
Jeep,Grand Wagoneer,1988,,,,
Jeep,Grand Wagoneer,1989,,,,
Jeep,Grand Wagoneer,1990,,,,
Jeep,Grand Wagoneer,1991,,,,
Jeep,Grand Wagoneer,1992,,,,
Jeep,Grand Wagoneer,1993,,,,
Jeep,Grand Wagoneer,2022,,,,
Jeep,Grand Wagoneer,2023,,,,
Jeep,Grand Wagoneer,2024,,,,
Jeep,Grand Wagoneer,2025,,,,
Jeep,Grand Wagoneer L,2024,,,,
Jeep,Grand Wagoneer L,2025,,,,
Jeep,J-10,1981,,,,
Jeep,J-10,1982,,,,
Jeep,J-10,1983,,,,
Jeep,J-10,1984,,,,
Jeep,J-10,1985,,,,
Jeep,J-10,1986,,,,
Jeep,J-10,1987,,,,
Jeep,J-10,1988,,,,
Jeep,J-20,1981,,,,
Jeep,J-20,1982,,,,
Jeep,J-20,1983,,,,
Jeep,J-20,1984,,,,
Jeep,J-20,1985,,,,
Jeep,J-20,1986,,,,
Jeep,J-20,1987,,,,
Jeep,J-20,1988,,,,
Jeep,Liberty,1993,,,,
Jeep,Liberty,1994,,,,
Jeep,Liberty,1995,,,,
Jeep,Liberty,1996,,,,
Jeep,Liberty,1997,,,,
Jeep,Liberty,1998,,,,
Jeep,Liberty,1999,,,,
Jeep,Liberty,2000,,,,
Jeep,Liberty,2001,,,,
Jeep,Liberty,2002,,,,
Jeep,Liberty,2003,,,,
Jeep,Liberty,2004,,,,
Jeep,Liberty,2005,,,,
Jeep,Liberty,2006,,,,
Jeep,Liberty,2007,,,,
Jeep,Liberty,2008,,,,
Jeep,Liberty,2009,,,,
Jeep,Liberty,2010,,,,
Jeep,Liberty,2011,,,,
Jeep,Liberty,2012,,,,
Jeep,Liberty,2013,,,,
Jeep,Patriot,2007,,,,
Jeep,Patriot,2008,,,,
Jeep,Patriot,2009,,,,
Jeep,Patriot,2010,,,,
Jeep,Patriot,2011,,,,
Jeep,Patriot,2012,,,,
Jeep,Patriot,2013,,,,
Jeep,Patriot,2014,,,,
Jeep,Patriot,2015,,,,
Jeep,Patriot,2016,,,,
Jeep,Patriot,2017,,,,
Jeep,Patriot,2018,,,,
Jeep,Renegade,2015,,,,
Jeep,Renegade,2016,,,,
Jeep,Renegade,2017,,,,
Jeep,Renegade,2018,,,,
Jeep,Renegade,2019,,,,
Jeep,Renegade,2020,,,,
Jeep,Renegade,2021,,,,
Jeep,Renegade,2022,,,,
Jeep,Renegade,2023,,,,
Jeep,Wagoneer,1981,,,,
Jeep,Wagoneer,1982,,,,
Jeep,Wagoneer,1983,,,,
Jeep,Wagoneer,1984,,,,
Jeep,Wagoneer,1985,,,,
Jeep,Wagoneer,1986,,,,
Jeep,Wagoneer,1987,,,,
Jeep,Wagoneer,1988,,,,
Jeep,Wagoneer,1989,,,,
Jeep,Wagoneer,1990,,,,
Jeep,Wagoneer,2022,,,,
Jeep,Wagoneer,2023,,,,
Jeep,Wagoneer,2024,,,,
Jeep,Wagoneer,2025,,,,
Jeep,Wagoneer L,2024,,,,
Jeep,Wagoneer L,2025,,,,
Jeep,Wagoneer S,2024,,,,
Jeep,Wagoneer S,2025,,,,
Jeep,Wrangler,1986,,,,
Jeep,Wrangler,1987,,,,
Jeep,Wrangler,1988,,,,
Jeep,Wrangler,1989,,,,
Jeep,Wrangler,1990,,,,
Jeep,Wrangler,1991,,,,
Jeep,Wrangler,1992,,,,
Jeep,Wrangler,1993,,,,
Jeep,Wrangler,1994,,,,
Jeep,Wrangler,1995,,,,
Jeep,Wrangler,1996,,,,
Jeep,Wrangler,1997,,,,
Jeep,Wrangler,1998,,,,
Jeep,Wrangler,1999,,,,
Jeep,Wrangler,2000,,,,
Jeep,Wrangler,2001,,,,
Jeep,Wrangler,2002,,,,
Jeep,Wrangler,2003,,,,
Jeep,Wrangler,2004,,,,
Jeep,Wrangler,2005,,,,
Jeep,Wrangler,2006,,,,
Jeep,Wrangler,2007,,,,
Jeep,Wrangler,2008,,,,
Jeep,Wrangler,2009,,,,
Jeep,Wrangler,2010,,,,
Jeep,Wrangler,2011,,,,
Jeep,Wrangler,2012,,,,
Jeep,Wrangler,2013,,,,
Jeep,Wrangler,2014,,,,
Jeep,Wrangler,2015,,,,
Jeep,Wrangler,2016,,,,
Jeep,Wrangler,2017,,,,
Jeep,Wrangler,2018,,,,
Jeep,Wrangler,2019,,,,
Jeep,Wrangler,2020,,,,
Jeep,Wrangler,2021,,,,
Jeep,Wrangler,2022,,,,
Jeep,Wrangler,2023,,,,
Jeep,Wrangler,2024,,,,
Jeep,Wrangler,2025,,,,
Jeep,Wrangler JK,2018,,,,
Jeep,Wrangler Rubicon,2007,,,,
Jeep,Wrangler Rubicon,2015,,,,
Jeep,Wrangler Rubicon,2022,,,,
Karma,Atlantic,2015,,,,
Karma,Atlantic,2016,,,,
Karma,GS-6,2021,,,,
Karma,GS-6,2022,,,,
Karma,GS-6,2023,,,,
Karma,GS-6,2024,,,,
Karma,GS-6,2025,,,,
Karma,Gyesera,2025,,,,
Karma,Karma,2015,,,,
Karma,Kaveya,2025,,,,
Karma,Revero,2016,,,,
Karma,Revero,2017,,,,
Karma,Revero,2018,,,,
Karma,Revero,2019,,,,
Karma,Revero,2020,,,,
Karma,Revero,2021,,,,
Karma,Revero,2022,,,,
Karma,Revero,2025,,,,
Karma,Revero GT,2021,,,,
Karma,Revero GT,2022,,,,
Karma,Revero GT,2023,,,,
Karma,Revero GT,2024,,,,
Kia,Amanti,2004,,,,
Kia,Amanti,2005,,,,
Kia,Amanti,2006,,,,
Kia,Amanti,2007,,,,
Kia,Amanti,2008,,,,
Kia,Amanti,2009,,,,
Kia,Borrego,2009,,,,
Kia,Borrego,2010,,,,
Kia,Borrego,2011,,,,
Kia,Cadenza,2014,,,,
Kia,Cadenza,2015,,,,
Kia,Cadenza,2016,,,,
Kia,Cadenza,2017,,,,
Kia,Cadenza,2018,,,,
Kia,Cadenza,2019,,,,
Kia,Cadenza,2020,,,,
Kia,Carnival,2022,,,,
Kia,Carnival,2023,,,,
Kia,Carnival,2024,,,,
Kia,Carnival,2025,,,,
Kia,EV6,2022,,,,
Kia,EV6,2023,,,,
Kia,EV6,2024,,,,
Kia,EV6,2025,,,,
Kia,EV9,2024,,,,
Kia,EV9,2025,,,,
Kia,Forte,2010,,,,
Kia,Forte,2011,,,,
Kia,Forte,2012,,,,
Kia,Forte,2013,,,,
Kia,Forte,2014,,,,
Kia,Forte,2015,,,,
Kia,Forte,2016,,,,
Kia,Forte,2017,,,,
Kia,Forte,2018,,,,
Kia,Forte,2019,,,,
Kia,Forte,2020,,,,
Kia,Forte,2021,,,,
Kia,Forte,2022,,,,
Kia,Forte,2023,,,,
Kia,Forte,2024,,,,
Kia,Forte Koup,2016,,,,
Kia,Forte Koup,2017,,,,
Kia,K4,2025,,,,
Kia,K5,2021,,,,
Kia,K5,2022,,,,
Kia,K5,2023,,,,
Kia,K5,2024,,,,
Kia,K5,2025,,,,
Kia,K900,2015,,,,
Kia,K900,2016,,,,
Kia,K900,2017,,,,
Kia,K900,2018,,,,
Kia,K900,2019,,,,
Kia,K900,2020,,,,
Kia,Miami,1986,,,,
Kia,Miami,1987,,,,
Kia,Miami,1988,,,,
Kia,Miami,1989,,,,
Kia,Miami,1990,,,,
Kia,Miami,1991,,,,
Kia,Miami,1992,,,,
Kia,Miami,1993,,,,
Kia,Miami,1994,,,,
Kia,Miami,1995,,,,
Kia,Miami,1996,,,,
Kia,Miami,1997,,,,
Kia,Miami,1998,,,,
Kia,Miami,1999,,,,
Kia,Miami,2000,,,,
Kia,Miami,2001,,,,
Kia,Miami,2002,,,,
Kia,Miami,2003,,,,
Kia,Miami,2004,,,,
Kia,Miami,2005,,,,
Kia,Miami,2006,,,,
Kia,Miami,2007,,,,
Kia,Miami,2008,,,,
Kia,Miami,2009,,,,
Kia,Miami,2010,,,,
Kia,Miami,2011,,,,
Kia,Miami,2012,,,,
Kia,Miami,2013,,,,
Kia,Miami,2014,,,,
Kia,Miami,2015,,,,
Kia,Miami,2016,,,,
Kia,Miami,2017,,,,
Kia,Miami,2018,,,,
Kia,Miami,2019,,,,
Kia,Miami,2020,,,,
Kia,Miami,2021,,,,
Kia,Miami,2022,,,,
Kia,Miami,2023,,,,
Kia,Miami,2024,,,,
Kia,Miami,2025,,,,
Kia,Niro,2017,,,,
Kia,Niro,2018,,,,
Kia,Niro,2019,,,,
Kia,Niro,2020,,,,
Kia,Niro,2021,,,,
Kia,Niro,2022,,,,
Kia,Niro,2023,,,,
Kia,Niro,2024,,,,
Kia,Niro,2025,,,,
Kia,Optima,2001,,,,
Kia,Optima,2002,,,,
Kia,Optima,2003,,,,
Kia,Optima,2004,,,,
Kia,Optima,2005,,,,
Kia,Optima,2006,,,,
Kia,Optima,2007,,,,
Kia,Optima,2008,,,,
Kia,Optima,2009,,,,
Kia,Optima,2010,,,,
Kia,Optima,2011,,,,
Kia,Optima,2012,,,,
Kia,Optima,2013,,,,
Kia,Optima,2014,,,,
Kia,Optima,2015,,,,
Kia,Optima,2016,,,,
Kia,Optima,2017,,,,
Kia,Optima,2018,,,,
Kia,Optima,2019,,,,
Kia,Optima,2020,,,,
Kia,Optima SX,2013,,,,
Kia,Rio,2001,,,,
Kia,Rio,2002,,,,
Kia,Rio,2003,,,,
Kia,Rio,2004,,,,
Kia,Rio,2005,,,,
Kia,Rio,2006,,,,
Kia,Rio,2007,,,,
Kia,Rio,2008,,,,
Kia,Rio,2009,,,,
Kia,Rio,2010,,,,
Kia,Rio,2011,,,,
Kia,Rio,2012,,,,
Kia,Rio,2013,,,,
Kia,Rio,2014,,,,
Kia,Rio,2015,,,,
Kia,Rio,2016,,,,
Kia,Rio,2017,,,,
Kia,Rio,2018,,,,
Kia,Rio,2019,,,,
Kia,Rio,2020,,,,
Kia,Rio,2021,,,,
Kia,Rio,2022,,,,
Kia,Rio,2023,,,,
Kia,Rondo,2007,,,,
Kia,Rondo,2008,,,,
Kia,Rondo,2009,,,,
Kia,Rondo,2010,,,,
Kia,Rondo,2011,,,,
Kia,Rondo,2012,,,,
Kia,Rondo,2013,,,,
Kia,Rondo,2014,,,,
Kia,Rondo,2015,,,,
Kia,Rondo,2016,,,,
Kia,Sedona,2001,,,,
Kia,Sedona,2002,,,,
Kia,Sedona,2003,,,,
Kia,Sedona,2004,,,,
Kia,Sedona,2005,,,,
Kia,Sedona,2006,,,,
Kia,Sedona,2007,,,,
Kia,Sedona,2008,,,,
Kia,Sedona,2009,,,,
Kia,Sedona,2010,,,,
Kia,Sedona,2011,,,,
Kia,Sedona,2012,,,,
Kia,Sedona,2013,,,,
Kia,Sedona,2014,,,,
Kia,Sedona,2015,,,,
Kia,Sedona,2016,,,,
Kia,Sedona,2017,,,,
Kia,Sedona,2018,,,,
Kia,Sedona,2019,,,,
Kia,Sedona,2020,,,,
Kia,Sedona,2021,,,,
Kia,Seltos,2021,,,,
Kia,Seltos,2022,,,,
Kia,Seltos,2023,,,,
Kia,Seltos,2024,,,,
Kia,Seltos,2025,,,,
Kia,Sephia,1993,,,,
Kia,Sephia,1994,,,,
Kia,Sephia,1995,,,,
Kia,Sephia,1996,,,,
Kia,Sephia,1997,,,,
Kia,Sephia,1998,,,,
Kia,Sephia,1999,,,,
Kia,Sephia,2000,,,,
Kia,Sephia,2001,,,,
Kia,Sorento,2001,,,,
Kia,Sorento,2002,,,,
Kia,Sorento,2003,,,,
Kia,Sorento,2004,,,,
Kia,Sorento,2005,,,,
Kia,Sorento,2006,,,,
Kia,Sorento,2007,,,,
Kia,Sorento,2008,,,,
Kia,Sorento,2009,,,,
Kia,Sorento,2011,,,,
Kia,Sorento,2012,,,,
Kia,Sorento,2013,,,,
Kia,Sorento,2014,,,,
Kia,Sorento,2015,,,,
Kia,Sorento,2016,,,,
Kia,Sorento,2017,,,,
Kia,Sorento,2018,,,,
Kia,Sorento,2019,,,,
Kia,Sorento,2020,,,,
Kia,Sorento,2021,,,,
Kia,Sorento,2022,,,,
Kia,Sorento,2023,,,,
Kia,Sorento,2024,,,,
Kia,Sorento,2025,,,,
Kia,Soul,2010,,,,
Kia,Soul,2011,,,,
Kia,Soul,2012,,,,
Kia,Soul,2013,,,,
Kia,Soul,2014,,,,
Kia,Soul,2015,,,,
Kia,Soul,2016,,,,
Kia,Soul,2017,,,,
Kia,Soul,2018,,,,
Kia,Soul,2019,,,,
Kia,Soul,2020,,,,
Kia,Soul,2021,,,,
Kia,Soul,2022,,,,
Kia,Soul,2023,,,,
Kia,Soul,2024,,,,
Kia,Soul,2025,,,,
Kia,Spectra,2000,,,,
Kia,Spectra,2001,,,,
Kia,Spectra,2002,,,,
Kia,Spectra,2003,,,,
Kia,Spectra,2004,,,,
Kia,Spectra,2005,,,,
Kia,Spectra,2006,,,,
Kia,Spectra,2007,,,,
Kia,Spectra,2008,,,,
Kia,Spectra,2009,,,,
Kia,Sportage,1995,,,,
Kia,Sportage,1996,,,,
Kia,Sportage,1997,,,,
Kia,Sportage,1998,,,,
Kia,Sportage,1999,,,,
Kia,Sportage,2000,,,,
Kia,Sportage,2001,,,,
Kia,Sportage,2002,,,,
Kia,Sportage,2003,,,,
Kia,Sportage,2004,,,,
Kia,Sportage,2005,,,,
Kia,Sportage,2006,,,,
Kia,Sportage,2007,,,,
Kia,Sportage,2008,,,,
Kia,Sportage,2009,,,,
Kia,Sportage,2010,,,,
Kia,Sportage,2011,,,,
Kia,Sportage,2012,,,,
Kia,Sportage,2013,,,,
Kia,Sportage,2014,,,,
Kia,Sportage,2015,,,,
Kia,Sportage,2016,,,,
Kia,Sportage,2017,,,,
Kia,Sportage,2018,,,,
Kia,Sportage,2019,,,,
Kia,Sportage,2020,,,,
Kia,Sportage,2021,,,,
Kia,Sportage,2022,,,,
Kia,Sportage,2023,,,,
Kia,Sportage,2024,,,,
Kia,Sportage,2025,,,,
Kia,Stinger,2018,,,,
Kia,Stinger,2019,,,,
Kia,Stinger,2020,,,,
Kia,Stinger,2021,,,,
Kia,Stinger,2022,,,,
Kia,Stinger,2023,,,,
Kia,Stinger GT,2020,,,,
Kia,Telluride,2020,,,,
Kia,Telluride,2021,,,,
Kia,Telluride,2022,,,,
Kia,Telluride,2023,,,,
Kia,Telluride,2024,,,,
Kia,Telluride,2025,,,,
Koenigsegg,Agera,2010,,,,
Koenigsegg,Agera,2011,,,,
Koenigsegg,Agera,2012,,,,
Koenigsegg,Agera,2013,,,,
Koenigsegg,Agera,2014,,,,
Koenigsegg,Agera,2015,,,,
Koenigsegg,Agera,2016,,,,
Koenigsegg,Agera,2017,,,,
Koenigsegg,Agera,2018,,,,
Koenigsegg,Agera,2019,,,,
Koenigsegg,Agera,2020,,,,
Koenigsegg,CC850,2025,,,,
Koenigsegg,Jesko,2025,,,,
Koenigsegg,Koenigsegg Automotive,2005,,,,
Koenigsegg,Koenigsegg Automotive,2006,,,,
Koenigsegg,Koenigsegg Automotive,2007,,,,
Koenigsegg,Koenigsegg Automotive,2008,,,,
Koenigsegg,Koenigsegg Automotive,2009,,,,
Koenigsegg,One:1,2010,,,,
Koenigsegg,One:1,2011,,,,
Koenigsegg,One:1,2012,,,,
Koenigsegg,One:1,2013,,,,
Koenigsegg,One:1,2014,,,,
Koenigsegg,One:1,2015,,,,
Koenigsegg,One:1,2016,,,,
Koenigsegg,One:1,2017,,,,
Koenigsegg,One:1,2018,,,,
Koenigsegg,One:1,2019,,,,
Koenigsegg,One:1,2020,,,,
Koenigsegg,Regera,2010,,,,
Koenigsegg,Regera,2011,,,,
Koenigsegg,Regera,2012,,,,
Koenigsegg,Regera,2013,,,,
Koenigsegg,Regera,2014,,,,
Koenigsegg,Regera,2015,,,,
Koenigsegg,Regera,2016,,,,
Koenigsegg,Regera,2017,,,,
Koenigsegg,Regera,2018,,,,
Koenigsegg,Regera,2019,,,,
Koenigsegg,Regera,2020,,,,
Koenigsegg,Regera,2021,,,,
Koenigsegg,Regera,2022,,,,
Koenigsegg,Regera,2023,,,,
Koenigsegg,Regera,2024,,,,
Lamborghini,147,2002,,,,
Lamborghini,Aventador,2011,,,,
Lamborghini,Aventador,2012,,,,
Lamborghini,Aventador,2013,,,,
Lamborghini,Aventador,2014,,,,
Lamborghini,Aventador,2015,,,,
Lamborghini,Aventador,2016,,,,
Lamborghini,Aventador,2017,,,,
Lamborghini,Aventador,2018,,,,
Lamborghini,Aventador,2019,,,,
Lamborghini,Aventador,2020,,,,
Lamborghini,Aventador,2021,,,,
Lamborghini,Aventador,2022,,,,
Lamborghini,Countach,1985,,,,
Lamborghini,Diablo,1989,,,,
Lamborghini,Diablo,1990,,,,
Lamborghini,Diablo,1991,,,,
Lamborghini,Diablo,1992,,,,
Lamborghini,Diablo,1993,,,,
Lamborghini,Diablo,1994,,,,
Lamborghini,Diablo,1995,,,,
Lamborghini,Diablo,1996,,,,
Lamborghini,Diablo,1997,,,,
Lamborghini,Diablo,1998,,,,
Lamborghini,Diablo,1999,,,,
Lamborghini,Diablo,2000,,,,
Lamborghini,Diablo,2001,,,,
Lamborghini,Gallardo,2004,,,,
Lamborghini,Gallardo,2005,,,,
Lamborghini,Gallardo,2006,,,,
Lamborghini,Gallardo,2007,,,,
Lamborghini,Gallardo,2008,,,,
Lamborghini,Gallardo,2009,,,,
Lamborghini,Gallardo,2010,,,,
Lamborghini,Gallardo,2011,,,,
Lamborghini,Gallardo,2012,,,,
Lamborghini,Gallardo,2013,,,,
Lamborghini,Gallardo,2014,,,,
Lamborghini,Huracan,2015,,,,
Lamborghini,Huracan,2016,,,,
Lamborghini,Huracan,2017,,,,
Lamborghini,Huracan,2018,,,,
Lamborghini,Huracan,2019,,,,
Lamborghini,Huracan,2020,,,,
Lamborghini,Huracan,2021,,,,
Lamborghini,Huracan,2022,,,,
Lamborghini,Huracan,2023,,,,
Lamborghini,Huracan,2024,,,,
Lamborghini,Murcielago,2004,,,,
Lamborghini,Murcielago,2005,,,,
Lamborghini,Murcielago,2006,,,,
Lamborghini,Murcielago,2007,,,,
Lamborghini,Murcielago,2008,,,,
Lamborghini,Murcielago,2009,,,,
Lamborghini,Murcielago,2010,,,,
Lamborghini,Revuelto,2024,,,,
Lamborghini,Revuelto,2025,,,,
Lamborghini,Roadster,1989,,,,
Lamborghini,Roadster,1990,,,,
Lamborghini,Roadster,1991,,,,
Lamborghini,Roadster,1992,,,,
Lamborghini,Roadster,1993,,,,
Lamborghini,Roadster,1994,,,,
Lamborghini,Roadster,1995,,,,
Lamborghini,Roadster,1996,,,,
Lamborghini,Roadster,1997,,,,
Lamborghini,Roadster,1998,,,,
Lamborghini,Roadster,1999,,,,
Lamborghini,Roadster,2000,,,,
Lamborghini,URUS,2019,,,,
Lamborghini,URUS,2020,,,,
Lamborghini,URUS,2021,,,,
Lamborghini,URUS,2022,,,,
Lamborghini,URUS,2023,,,,
Lamborghini,URUS,2024,,,,
Lamborghini,URUS,2025,,,,
Land Rover,"110"" WB",2025,,,,
Land Rover,"90"" WB",2025,,,,
Land Rover,Defender,1993,,,,
Land Rover,Defender,1994,,,,
Land Rover,Defender,1995,,,,
Land Rover,Defender,1997,,,,
Land Rover,Defender,2020,,,,
Land Rover,Defender,2021,,,,
Land Rover,Defender,2022,,,,
Land Rover,Defender,2023,,,,
Land Rover,Defender,2024,,,,
Land Rover,Defender,2025,,,,
Land Rover,Discovery,1994,,,,
Land Rover,Discovery,1995,,,,
Land Rover,Discovery,1996,,,,
Land Rover,Discovery,1997,,,,
Land Rover,Discovery,1998,,,,
Land Rover,Discovery,1999,,,,
Land Rover,Discovery,2000,,,,
Land Rover,Discovery,2001,,,,
Land Rover,Discovery,2002,,,,
Land Rover,Discovery,2003,,,,
Land Rover,Discovery,2004,,,,
Land Rover,Discovery,2017,,,,
Land Rover,Discovery,2018,,,,
Land Rover,Discovery,2019,,,,
Land Rover,Discovery,2020,,,,
Land Rover,Discovery,2021,,,,
Land Rover,Discovery,2022,,,,
Land Rover,Discovery,2023,,,,
Land Rover,Discovery,2024,,,,
Land Rover,Discovery,2025,,,,
Land Rover,Discovery Sport,2015,,,,
Land Rover,Discovery Sport,2016,,,,
Land Rover,Discovery Sport,2017,,,,
Land Rover,Discovery Sport,2018,,,,
Land Rover,Discovery Sport,2019,,,,
Land Rover,Discovery Sport,2020,,,,
Land Rover,Discovery Sport,2021,,,,
Land Rover,Discovery Sport,2022,,,,
Land Rover,Discovery Sport,2023,,,,
Land Rover,Discovery Sport,2024,,,,
Land Rover,Discovery Sport,2025,,,,
Land Rover,Freelander,2002,,,,
Land Rover,Freelander,2003,,,,
Land Rover,Freelander,2004,,,,
Land Rover,Freelander,2005,,,,
Land Rover,LR2,2008,,,,
Land Rover,LR2,2009,,,,
Land Rover,LR2,2010,,,,
Land Rover,LR2,2011,,,,
Land Rover,LR2,2012,,,,
Land Rover,LR2,2013,,,,
Land Rover,LR2,2014,,,,
Land Rover,LR2,2015,,,,
Land Rover,LR3,2005,,,,
Land Rover,LR3,2006,,,,
Land Rover,LR3,2007,,,,
Land Rover,LR3,2008,,,,
Land Rover,LR3,2009,,,,
Land Rover,LR4,2010,,,,
Land Rover,LR4,2011,,,,
Land Rover,LR4,2012,,,,
Land Rover,LR4,2013,,,,
Land Rover,LR4,2014,,,,
Land Rover,LR4,2015,,,,
Land Rover,LR4,2016,,,,
Land Rover,New Range Rover,2022,,,,
Land Rover,Range Rover,1985,,,,
Land Rover,Range Rover,1986,,,,
Land Rover,Range Rover,1987,,,,
Land Rover,Range Rover,1988,,,,
Land Rover,Range Rover,1989,,,,
Land Rover,Range Rover,1990,,,,
Land Rover,Range Rover,1991,,,,
Land Rover,Range Rover,1992,,,,
Land Rover,Range Rover,1993,,,,
Land Rover,Range Rover,1994,,,,
Land Rover,Range Rover,1995,,,,
Land Rover,Range Rover,1996,,,,
Land Rover,Range Rover,1997,,,,
Land Rover,Range Rover,1998,,,,
Land Rover,Range Rover,1999,,,,
Land Rover,Range Rover,2000,,,,
Land Rover,Range Rover,2001,,,,
Land Rover,Range Rover,2002,,,,
Land Rover,Range Rover,2003,,,,
Land Rover,Range Rover,2004,,,,
Land Rover,Range Rover,2005,,,,
Land Rover,Range Rover,2006,,,,
Land Rover,Range Rover,2007,,,,
Land Rover,Range Rover,2008,,,,
Land Rover,Range Rover,2009,,,,
Land Rover,Range Rover,2010,,,,
Land Rover,Range Rover,2011,,,,
Land Rover,Range Rover,2012,,,,
Land Rover,Range Rover,2013,,,,
Land Rover,Range Rover,2014,,,,
Land Rover,Range Rover,2015,,,,
Land Rover,Range Rover,2016,,,,
Land Rover,Range Rover,2017,,,,
Land Rover,Range Rover,2018,,,,
Land Rover,Range Rover,2019,,,,
Land Rover,Range Rover,2020,,,,
Land Rover,Range Rover,2021,,,,
Land Rover,Range Rover,2022,,,,
Land Rover,Range Rover,2023,,,,
Land Rover,Range Rover,2024,,,,
Land Rover,Range Rover,2025,,,,
Land Rover,Range Rover Evoque,2012,,,,
Land Rover,Range Rover Evoque,2013,,,,
Land Rover,Range Rover Evoque,2014,,,,
Land Rover,Range Rover Evoque,2015,,,,
Land Rover,Range Rover Evoque,2016,,,,
Land Rover,Range Rover Evoque,2017,,,,
Land Rover,Range Rover Evoque,2018,,,,
Land Rover,Range Rover Evoque,2019,,,,
Land Rover,Range Rover Evoque,2020,,,,
Land Rover,Range Rover Evoque,2021,,,,
Land Rover,Range Rover Evoque,2022,,,,
Land Rover,Range Rover Evoque,2023,,,,
Land Rover,Range Rover Evoque,2024,,,,
Land Rover,Range Rover Evoque,2025,,,,
Land Rover,Range Rover Sport,2006,,,,
Land Rover,Range Rover Sport,2007,,,,
Land Rover,Range Rover Sport,2008,,,,
Land Rover,Range Rover Sport,2009,,,,
Land Rover,Range Rover Sport,2010,,,,
Land Rover,Range Rover Sport,2011,,,,
Land Rover,Range Rover Sport,2012,,,,
Land Rover,Range Rover Sport,2013,,,,
Land Rover,Range Rover Sport,2014,,,,
Land Rover,Range Rover Sport,2015,,,,
Land Rover,Range Rover Sport,2016,,,,
Land Rover,Range Rover Sport,2017,,,,
Land Rover,Range Rover Sport,2018,,,,
Land Rover,Range Rover Sport,2019,,,,
Land Rover,Range Rover Sport,2020,,,,
Land Rover,Range Rover Sport,2021,,,,
Land Rover,Range Rover Sport,2022,,,,
Land Rover,Range Rover Sport,2023,,,,
Land Rover,Range Rover Sport,2024,,,,
Land Rover,Range Rover Sport,2025,,,,
Land Rover,Range Rover Velar,2018,,,,
Land Rover,Range Rover Velar,2019,,,,
Land Rover,Range Rover Velar,2020,,,,
Land Rover,Range Rover Velar,2021,,,,
Land Rover,Range Rover Velar,2022,,,,
Land Rover,Range Rover Velar,2023,,,,
Land Rover,Range Rover Velar,2024,,,,
Land Rover,Range Rover Velar,2025,,,,
Lexus,CT,2011,,,,
Lexus,CT,2012,,,,
Lexus,CT,2013,,,,
Lexus,CT,2014,,,,
Lexus,CT,2015,,,,
Lexus,CT,2016,,,,
Lexus,CT,2017,,,,
Lexus,ES,1990,,,,
Lexus,ES,1991,,,,
Lexus,ES,1992,,,,
Lexus,ES,1993,,,,
Lexus,ES,1994,,,,
Lexus,ES,1995,,,,
Lexus,ES,1996,,,,
Lexus,ES,1997,,,,
Lexus,ES,1998,,,,
Lexus,ES,1999,,,,
Lexus,ES,2000,,,,
Lexus,ES,2001,,,,
Lexus,ES,2002,,,,
Lexus,ES,2003,,,,
Lexus,ES,2004,,,,
Lexus,ES,2005,,,,
Lexus,ES,2006,,,,
Lexus,ES,2007,,,,
Lexus,ES,2008,,,,
Lexus,ES,2009,,,,
Lexus,ES,2010,,,,
Lexus,ES,2011,,,,
Lexus,ES,2012,,,,
Lexus,ES,2013,,,,
Lexus,ES,2014,,,,
Lexus,ES,2015,,,,
Lexus,ES,2016,,,,
Lexus,ES,2017,,,,
Lexus,ES,2018,,,,
Lexus,ES,2019,,,,
Lexus,ES,2020,,,,
Lexus,ES,2021,,,,
Lexus,ES,2022,,,,
Lexus,ES,2023,,,,
Lexus,ES,2024,,,,
Lexus,ES,2025,,,,
Lexus,ES350,2013,,,,
Lexus,GS,1993,,,,
Lexus,GS,1994,,,,
Lexus,GS,1995,,,,
Lexus,GS,1996,,,,
Lexus,GS,1997,,,,
Lexus,GS,1998,,,,
Lexus,GS,1999,,,,
Lexus,GS,2000,,,,
Lexus,GS,2001,,,,
Lexus,GS,2002,,,,
Lexus,GS,2003,,,,
Lexus,GS,2004,,,,
Lexus,GS,2005,,,,
Lexus,GS,2006,,,,
Lexus,GS,2007,,,,
Lexus,GS,2008,,,,
Lexus,GS,2009,,,,
Lexus,GS,2010,,,,
Lexus,GS,2011,,,,
Lexus,GS,2012,,,,
Lexus,GS,2013,,,,
Lexus,GS,2014,,,,
Lexus,GS,2015,,,,
Lexus,GS,2016,,,,
Lexus,GS,2017,,,,
Lexus,GS,2018,,,,
Lexus,GS,2019,,,,
Lexus,GS,2020,,,,
Lexus,GX,2003,,,,
Lexus,GX,2004,,,,
Lexus,GX,2005,,,,
Lexus,GX,2006,,,,
Lexus,GX,2007,,,,
Lexus,GX,2008,,,,
Lexus,GX,2009,,,,
Lexus,GX,2010,,,,
Lexus,GX,2011,,,,
Lexus,GX,2012,,,,
Lexus,GX,2013,,,,
Lexus,GX,2014,,,,
Lexus,GX,2015,,,,
Lexus,GX,2016,,,,
Lexus,GX,2017,,,,
Lexus,GX,2018,,,,
Lexus,GX,2019,,,,
Lexus,GX,2020,,,,
Lexus,GX,2021,,,,
Lexus,GX,2022,,,,
Lexus,GX,2023,,,,
Lexus,GX,2024,,,,
Lexus,GX,2025,,,,
Lexus,HS,2010,,,,
Lexus,HS,2011,,,,
Lexus,HS,2012,,,,
Lexus,IS,2001,,,,
Lexus,IS,2002,,,,
Lexus,IS,2003,,,,
Lexus,IS,2004,,,,
Lexus,IS,2005,,,,
Lexus,IS,2006,,,,
Lexus,IS,2007,,,,
Lexus,IS,2008,,,,
Lexus,IS,2009,,,,
Lexus,IS,2010,,,,
Lexus,IS,2011,,,,
Lexus,IS,2012,,,,
Lexus,IS,2013,,,,
Lexus,IS,2014,,,,
Lexus,IS,2015,,,,
Lexus,IS,2016,,,,
Lexus,IS,2017,,,,
Lexus,IS,2018,,,,
Lexus,IS,2019,,,,
Lexus,IS,2020,,,,
Lexus,IS,2021,,,,
Lexus,IS,2022,,,,
Lexus,IS,2023,,,,
Lexus,IS,2024,,,,
Lexus,IS,2025,,,,
Lexus,IS-F,2008,,,,
Lexus,IS300,2001,,,,
Lexus,LC,2018,,,,
Lexus,LC,2019,,,,
Lexus,LC,2020,,,,
Lexus,LC,2021,,,,
Lexus,LC,2022,,,,
Lexus,LC,2023,,,,
Lexus,LC,2024,,,,
Lexus,LC,2025,,,,
Lexus,LFA,2011,,,,
Lexus,LFA,2012,,,,
Lexus,LFA,2013,,,,
Lexus,LS,1990,,,,
Lexus,LS,1991,,,,
Lexus,LS,1992,,,,
Lexus,LS,1993,,,,
Lexus,LS,1994,,,,
Lexus,LS,1995,,,,
Lexus,LS,1996,,,,
Lexus,LS,1997,,,,
Lexus,LS,1998,,,,
Lexus,LS,1999,,,,
Lexus,LS,2000,,,,
Lexus,LS,2001,,,,
Lexus,LS,2002,,,,
Lexus,LS,2003,,,,
Lexus,LS,2004,,,,
Lexus,LS,2005,,,,
Lexus,LS,2006,,,,
Lexus,LS,2007,,,,
Lexus,LS,2008,,,,
Lexus,LS,2009,,,,
Lexus,LS,2010,,,,
Lexus,LS,2011,,,,
Lexus,LS,2012,,,,
Lexus,LS,2013,,,,
Lexus,LS,2014,,,,
Lexus,LS,2015,,,,
Lexus,LS,2016,,,,
Lexus,LS,2017,,,,
Lexus,LS,2018,,,,
Lexus,LS,2019,,,,
Lexus,LS,2020,,,,
Lexus,LS,2021,,,,
Lexus,LS,2022,,,,
Lexus,LS,2023,,,,
Lexus,LS,2024,,,,
Lexus,LS,2025,,,,
Lexus,LX,1996,,,,
Lexus,LX,1997,,,,
Lexus,LX,1998,,,,
Lexus,LX,1999,,,,
Lexus,LX,2000,,,,
Lexus,LX,2001,,,,
Lexus,LX,2002,,,,
Lexus,LX,2003,,,,
Lexus,LX,2004,,,,
Lexus,LX,2005,,,,
Lexus,LX,2006,,,,
Lexus,LX,2007,,,,
Lexus,LX,2008,,,,
Lexus,LX,2009,,,,
Lexus,LX,2010,,,,
Lexus,LX,2011,,,,
Lexus,LX,2012,,,,
Lexus,LX,2013,,,,
Lexus,LX,2014,,,,
Lexus,LX,2015,,,,
Lexus,LX,2016,,,,
Lexus,LX,2017,,,,
Lexus,LX,2018,,,,
Lexus,LX,2019,,,,
Lexus,LX,2020,,,,
Lexus,LX,2021,,,,
Lexus,LX,2022,,,,
Lexus,LX,2023,,,,
Lexus,LX,2024,,,,
Lexus,LX,2025,,,,
Lexus,NX,2015,,,,
Lexus,NX,2016,,,,
Lexus,NX,2017,,,,
Lexus,NX,2018,,,,
Lexus,NX,2019,,,,
Lexus,NX,2020,,,,
Lexus,NX,2021,,,,
Lexus,NX,2022,,,,
Lexus,NX,2023,,,,
Lexus,NX,2024,,,,
Lexus,NX,2025,,,,
Lexus,RC,2015,,,,
Lexus,RC,2016,,,,
Lexus,RC,2017,,,,
Lexus,RC,2018,,,,
Lexus,RC,2019,,,,
Lexus,RC,2020,,,,
Lexus,RC,2021,,,,
Lexus,RC,2022,,,,
Lexus,RC,2023,,,,
Lexus,RC,2024,,,,
Lexus,RC,2025,,,,
Lexus,RC F,2015,,,,
Lexus,RX,1999,,,,
Lexus,RX,2000,,,,
Lexus,RX,2001,,,,
Lexus,RX,2002,,,,
Lexus,RX,2003,,,,
Lexus,RX,2004,,,,
Lexus,RX,2005,,,,
Lexus,RX,2006,,,,
Lexus,RX,2007,,,,
Lexus,RX,2008,,,,
Lexus,RX,2009,,,,
Lexus,RX,2010,,,,
Lexus,RX,2011,,,,
Lexus,RX,2012,,,,
Lexus,RX,2013,,,,
Lexus,RX,2014,,,,
Lexus,RX,2015,,,,
Lexus,RX,2016,,,,
Lexus,RX,2017,,,,
Lexus,RX,2018,,,,
Lexus,RX,2019,,,,
Lexus,RX,2020,,,,
Lexus,RX,2021,,,,
Lexus,RX,2022,,,,
Lexus,RX,2023,,,,
Lexus,RX,2024,,,,
Lexus,RX,2025,,,,
Lexus,RX350,2016,,,,
Lexus,RZ,2023,,,,
Lexus,RZ,2024,,,,
Lexus,RZ,2025,,,,
Lexus,SC,1992,,,,
Lexus,SC,1993,,,,
Lexus,SC,1994,,,,
Lexus,SC,1995,,,,
Lexus,SC,1996,,,,
Lexus,SC,1997,,,,
Lexus,SC,1998,,,,
Lexus,SC,1999,,,,
Lexus,SC,2000,,,,
Lexus,SC,2001,,,,
Lexus,SC,2002,,,,
Lexus,SC,2003,,,,
Lexus,SC,2004,,,,
Lexus,SC,2005,,,,
Lexus,SC,2006,,,,
Lexus,SC,2007,,,,
Lexus,SC,2008,,,,
Lexus,SC,2009,,,,
Lexus,SC,2010,,,,
Lexus,SC300,1995,,,,
Lexus,TX,2024,,,,
Lexus,TX,2025,,,,
Lexus,UX,2019,,,,
Lexus,UX,2020,,,,
Lexus,UX,2021,,,,
Lexus,UX,2022,,,,
Lexus,UX,2023,,,,
Lexus,UX,2024,,,,
Lexus,UX,2025,,,,
Lincoln,Aviator,2003,,,,
Lincoln,Aviator,2004,,,,
Lincoln,Aviator,2005,,,,
Lincoln,Aviator,2020,,,,
Lincoln,Aviator,2021,,,,
Lincoln,Aviator,2022,,,,
Lincoln,Aviator,2023,,,,
Lincoln,Aviator,2024,,,,
Lincoln,Aviator,2025,,,,
Lincoln,Blackwood,2002,,,,
Lincoln,Blackwood,2003,,,,
Lincoln,Continental,1961,,,,
Lincoln,Continental,1981,,,,
Lincoln,Continental,1982,,,,
Lincoln,Continental,1983,,,,
Lincoln,Continental,1984,,,,
Lincoln,Continental,1985,,,,
Lincoln,Continental,1986,,,,
Lincoln,Continental,1987,,,,
Lincoln,Continental,1988,,,,
Lincoln,Continental,1989,,,,
Lincoln,Continental,1990,,,,
Lincoln,Continental,1991,,,,
Lincoln,Continental,1992,,,,
Lincoln,Continental,1993,,,,
Lincoln,Continental,1994,,,,
Lincoln,Continental,1995,,,,
Lincoln,Continental,1996,,,,
Lincoln,Continental,1997,,,,
Lincoln,Continental,1998,,,,
Lincoln,Continental,1999,,,,
Lincoln,Continental,2000,,,,
Lincoln,Continental,2001,,,,
Lincoln,Continental,2002,,,,
Lincoln,Continental,2017,,,,
Lincoln,Continental,2018,,,,
Lincoln,Continental,2019,,,,
Lincoln,Continental,2020,,,,
Lincoln,Corsair,2020,,,,
Lincoln,Corsair,2021,,,,
Lincoln,Corsair,2022,,,,
Lincoln,Corsair,2023,,,,
Lincoln,Corsair,2024,,,,
Lincoln,Corsair,2025,,,,
Lincoln,LS,2000,,,,
Lincoln,LS,2001,,,,
Lincoln,LS,2002,,,,
Lincoln,LS,2003,,,,
Lincoln,LS,2004,,,,
Lincoln,LS,2005,,,,
Lincoln,LS,2006,,,,
Lincoln,Mark,1981,,,,
Lincoln,Mark,1982,,,,
Lincoln,Mark,1983,,,,
Lincoln,Mark,1984,,,,
Lincoln,Mark,1985,,,,
Lincoln,Mark,1986,,,,
Lincoln,Mark,1987,,,,
Lincoln,Mark,1988,,,,
Lincoln,Mark,1989,,,,
Lincoln,Mark,1990,,,,
Lincoln,Mark,1991,,,,
Lincoln,Mark,1992,,,,
Lincoln,Mark,1993,,,,
Lincoln,Mark,1994,,,,
Lincoln,Mark,1995,,,,
Lincoln,Mark,1996,,,,
Lincoln,Mark,1997,,,,
Lincoln,Mark,1998,,,,
Lincoln,Mark LT,2006,,,,
Lincoln,Mark LT,2007,,,,
Lincoln,Mark LT,2008,,,,
Lincoln,MKC,2015,,,,
Lincoln,MKC,2016,,,,
Lincoln,MKC,2017,,,,
Lincoln,MKC,2018,,,,
Lincoln,MKC,2019,,,,
Lincoln,MKS,2009,,,,
Lincoln,MKS,2010,,,,
Lincoln,MKS,2011,,,,
Lincoln,MKS,2012,,,,
Lincoln,MKS,2013,,,,
Lincoln,MKS,2014,,,,
Lincoln,MKS,2015,,,,
Lincoln,MKS,2016,,,,
Lincoln,MKT,2010,,,,
Lincoln,MKT,2011,,,,
Lincoln,MKT,2012,,,,
Lincoln,MKT,2013,,,,
Lincoln,MKT,2014,,,,
Lincoln,MKT,2015,,,,
Lincoln,MKT,2016,,,,
Lincoln,MKT,2017,,,,
Lincoln,MKT,2018,,,,
Lincoln,MKT,2019,,,,
Lincoln,MKX,2007,,,,
Lincoln,MKX,2008,,,,
Lincoln,MKX,2009,,,,
Lincoln,MKX,2010,,,,
Lincoln,MKX,2011,,,,
Lincoln,MKX,2012,,,,
Lincoln,MKX,2013,,,,
Lincoln,MKX,2014,,,,
Lincoln,MKX,2015,,,,
Lincoln,MKX,2016,,,,
Lincoln,MKX,2017,,,,
Lincoln,MKX,2018,,,,
Lincoln,MKZ,2007,,,,
Lincoln,MKZ,2008,,,,
Lincoln,MKZ,2009,,,,
Lincoln,MKZ,2010,,,,
Lincoln,MKZ,2011,,,,
Lincoln,MKZ,2012,,,,
Lincoln,MKZ,2013,,,,
Lincoln,MKZ,2014,,,,
Lincoln,MKZ,2015,,,,
Lincoln,MKZ,2016,,,,
Lincoln,MKZ,2017,,,,
Lincoln,MKZ,2018,,,,
Lincoln,MKZ,2019,,,,
Lincoln,MKZ,2020,,,,
Lincoln,Nautilus,2019,,,,
Lincoln,Nautilus,2020,,,,
Lincoln,Nautilus,2021,,,,
Lincoln,Nautilus,2022,,,,
Lincoln,Nautilus,2023,,,,
Lincoln,Nautilus,2024,,,,
Lincoln,Nautilus,2025,,,,
Lincoln,Navigator,1998,,,,
Lincoln,Navigator,1999,,,,
Lincoln,Navigator,2000,,,,
Lincoln,Navigator,2001,,,,
Lincoln,Navigator,2002,,,,
Lincoln,Navigator,2003,,,,
Lincoln,Navigator,2004,,,,
Lincoln,Navigator,2005,,,,
Lincoln,Navigator,2006,,,,
Lincoln,Navigator,2007,,,,
Lincoln,Navigator,2008,,,,
Lincoln,Navigator,2009,,,,
Lincoln,Navigator,2010,,,,
Lincoln,Navigator,2011,,,,
Lincoln,Navigator,2012,,,,
Lincoln,Navigator,2013,,,,
Lincoln,Navigator,2014,,,,
Lincoln,Navigator,2015,,,,
Lincoln,Navigator,2016,,,,
Lincoln,Navigator,2017,,,,
Lincoln,Navigator,2018,,,,
Lincoln,Navigator,2019,,,,
Lincoln,Navigator,2020,,,,
Lincoln,Navigator,2021,,,,
Lincoln,Navigator,2022,,,,
Lincoln,Navigator,2023,,,,
Lincoln,Navigator,2024,,,,
Lincoln,Navigator,2025,,,,
Lincoln,Navigator L,2017,,,,
Lincoln,Navigator L,2018,,,,
Lincoln,Navigator L,2019,,,,
Lincoln,Navigator L,2020,,,,
Lincoln,Navigator L,2021,,,,
Lincoln,Navigator L,2022,,,,
Lincoln,Navigator L,2023,,,,
Lincoln,Navigator L,2024,,,,
Lincoln,Navigator L,2025,,,,
Lincoln,Town Car,1981,,,,
Lincoln,Town Car,1982,,,,
Lincoln,Town Car,1983,,,,
Lincoln,Town Car,1984,,,,
Lincoln,Town Car,1985,,,,
Lincoln,Town Car,1986,,,,
Lincoln,Town Car,1987,,,,
Lincoln,Town Car,1988,,,,
Lincoln,Town Car,1989,,,,
Lincoln,Town Car,1990,,,,
Lincoln,Town Car,1991,,,,
Lincoln,Town Car,1992,,,,
Lincoln,Town Car,1993,,,,
Lincoln,Town Car,1994,,,,
Lincoln,Town Car,1995,,,,
Lincoln,Town Car,1996,,,,
Lincoln,Town Car,1997,,,,
Lincoln,Town Car,1998,,,,
Lincoln,Town Car,1999,,,,
Lincoln,Town Car,2000,,,,
Lincoln,Town Car,2001,,,,
Lincoln,Town Car,2002,,,,
Lincoln,Town Car,2003,,,,
Lincoln,Town Car,2004,,,,
Lincoln,Town Car,2005,,,,
Lincoln,Town Car,2006,,,,
Lincoln,Town Car,2007,,,,
Lincoln,Town Car,2008,,,,
Lincoln,Town Car,2009,,,,
Lincoln,Town Car,2010,,,,
Lincoln,Town Car,2011,,,,
Lincoln,Zephyr,2006,,,,
Lotus,2-Eleven,2008,,,,
Lotus,2-Eleven,2009,,,,
Lotus,2-Eleven,2011,,,,
Lotus,2-Eleven,2012,,,,
Lotus,340R,2007,,,,
Lotus,340R,2008,,,,
Lotus,Eagle,2008,,,,
Lotus,Eagle,2009,,,,
Lotus,Eclat,1981,,,,
Lotus,Eclat,1982,,,,
Lotus,Eclat,1983,,,,
Lotus,Eclat,1984,,,,
Lotus,Eclat,1990,,,,
Lotus,Eclat,1992,,,,
Lotus,Eclat,1993,,,,
Lotus,Eclat,1994,,,,
Lotus,Eclat,1995,,,,
Lotus,Eclat,1996,,,,
Lotus,Eclat,1997,,,,
Lotus,Eclat,2007,,,,
Lotus,Eclat,2008,,,,
Lotus,Elan,1990,,,,
Lotus,Elan,1991,,,,
Lotus,Elan,1992,,,,
Lotus,Elan,1993,,,,
Lotus,Elan,1994,,,,
Lotus,Elan,1995,,,,
Lotus,Elan,1996,,,,
Lotus,Elan,1997,,,,
Lotus,Elan,2007,,,,
Lotus,Elan,2008,,,,
Lotus,Elan,2009,,,,
Lotus,ELETRE,2025,,,,
Lotus,Eleven,2007,,,,
Lotus,Eleven,2010,,,,
Lotus,Elise,2005,,,,
Lotus,Elise,2006,,,,
Lotus,Elise,2007,,,,
Lotus,Elise,2008,,,,
Lotus,Elise,2009,,,,
Lotus,Elise,2010,,,,
Lotus,Elise,2011,,,,
Lotus,Elise,2012,,,,
Lotus,Elite,1981,,,,
Lotus,Elite,1982,,,,
Lotus,Elite,1983,,,,
Lotus,Elite,1984,,,,
Lotus,Elite,1990,,,,
Lotus,Elite,1992,,,,
Lotus,Elite,1993,,,,
Lotus,Elite,1994,,,,
Lotus,Elite,1995,,,,
Lotus,Elite,1996,,,,
Lotus,Elite,1997,,,,
Lotus,Elite,2007,,,,
Lotus,Elite,2008,,,,
Lotus,Emira,2024,,,,
Lotus,Emira,2025,,,,
Lotus,Esprit,1981,,,,
Lotus,Esprit,1982,,,,
Lotus,Esprit,1983,,,,
Lotus,Esprit,1984,,,,
Lotus,Esprit,1985,,,,
Lotus,Esprit,1986,,,,
Lotus,Esprit,1987,,,,
Lotus,Esprit,1988,,,,
Lotus,Esprit,1989,,,,
Lotus,Esprit,1990,,,,
Lotus,Esprit,1992,,,,
Lotus,Esprit,1993,,,,
Lotus,Esprit,1994,,,,
Lotus,Esprit,1995,,,,
Lotus,Esprit,1996,,,,
Lotus,Esprit,1997,,,,
Lotus,Esprit,2001,,,,
Lotus,Esprit,2002,,,,
Lotus,Esprit,2003,,,,
Lotus,Esprit,2004,,,,
Lotus,Esprit,2007,,,,
Lotus,Esprit,2008,,,,
Lotus,Esprit,2009,,,,
Lotus,Europa,2007,,,,
Lotus,Europa,2008,,,,
Lotus,Europa,2009,,,,
Lotus,Evora,2010,,,,
Lotus,Evora,2011,,,,
Lotus,Evora,2012,,,,
Lotus,Evora,2013,,,,
Lotus,Evora,2014,,,,
Lotus,Evora,2015,,,,
Lotus,Evora,2016,,,,
Lotus,Evora,2017,,,,
Lotus,Evora,2018,,,,
Lotus,Evora,2019,,,,
Lotus,Evora,2020,,,,
Lotus,Evora,2021,,,,
Lotus,Exige,2008,,,,
Lotus,Exige,2010,,,,
Lotus,Exige,2011,,,,
Lotus,Exige,2012,,,,
Lotus,MEL,2007,,,,
Lotus,MEL,2008,,,,
Lotus,MEL,2009,,,,
Lotus,Monaco,2007,,,,
Lotus,Monaco,2008,,,,
Lotus,Monza,2007,,,,
Lotus,Monza,2008,,,,
Lotus,Spa,2007,,,,
Lotus,Spa,2008,,,,
Lotus,Turbo Esprit,1981,,,,
Lotus,Turbo Esprit,1982,,,,
Lotus,Turbo Esprit,1983,,,,
Lotus,Turbo Esprit,1984,,,,
Lotus,Turbo Esprit,1990,,,,
Lotus,Turbo Esprit,1991,,,,
Lotus,Turbo Esprit,1992,,,,
Lotus,Turbo Esprit,1993,,,,
Lotus,Turbo Esprit,1994,,,,
Lotus,Turbo Esprit,1995,,,,
Lotus,Turbo Esprit,1996,,,,
Lotus,Turbo Esprit,1997,,,,
Lotus,Turbo Esprit,1998,,,,
Lotus,Turbo Esprit,1999,,,,
Lotus,Turbo Esprit,2000,,,,
Lucid,Air,2022,,,,
Lucid,Air,2023,,,,
Lucid,Air,2024,,,,
Lucid,Air,2025,,,,
Lucid,Gravity,2025,,,,
Maserati,228,1981,,,,
Maserati,228,1982,,,,
Maserati,228,1983,,,,
Maserati,228,1984,,,,
Maserati,228,1985,,,,
Maserati,228,1986,,,,
Maserati,228,1987,,,,
Maserati,228,1988,,,,
Maserati,228,1989,,,,
Maserati,228,1990,,,,
Maserati,228,1991,,,,
Maserati,430,1981,,,,
Maserati,430,1982,,,,
Maserati,430,1983,,,,
Maserati,430,1984,,,,
Maserati,430,1985,,,,
Maserati,430,1986,,,,
Maserati,430,1987,,,,
Maserati,430,1988,,,,
Maserati,430,1989,,,,
Maserati,430,1990,,,,
Maserati,430,1991,,,,
Maserati,Biturbo,1981,,,,
Maserati,Biturbo,1982,,,,
Maserati,Biturbo,1983,,,,
Maserati,Biturbo,1984,,,,
Maserati,Biturbo,1985,,,,
Maserati,Biturbo,1986,,,,
Maserati,Biturbo,1987,,,,
Maserati,Biturbo,1988,,,,
Maserati,Biturbo,1989,,,,
Maserati,Biturbo,1990,,,,
Maserati,Biturbo,1991,,,,
Maserati,Coupe,2002,,,,
Maserati,Coupe,2003,,,,
Maserati,Coupe,2004,,,,
Maserati,Coupe,2006,,,,
Maserati,Ghibli,2014,,,,
Maserati,Ghibli,2015,,,,
Maserati,Ghibli,2016,,,,
Maserati,Ghibli,2017,,,,
Maserati,Ghibli,2018,,,,
Maserati,Ghibli,2019,,,,
Maserati,Ghibli,2020,,,,
Maserati,Ghibli,2021,,,,
Maserati,Ghibli,2022,,,,
Maserati,Ghibli,2023,,,,
Maserati,Ghibli,2024,,,,
Maserati,Grancabrio,2024,,,,
Maserati,Grancabrio,2025,,,,
Maserati,Granturismo,2008,,,,
Maserati,Granturismo,2009,,,,
Maserati,Granturismo,2010,,,,
Maserati,Granturismo,2011,,,,
Maserati,Granturismo,2012,,,,
Maserati,Granturismo,2013,,,,
Maserati,Granturismo,2014,,,,
Maserati,Granturismo,2015,,,,
Maserati,Granturismo,2016,,,,
Maserati,Granturismo,2017,,,,
Maserati,Granturismo,2018,,,,
Maserati,Granturismo,2019,,,,
Maserati,Granturismo,2020,,,,
Maserati,Granturismo,2021,,,,
Maserati,Granturismo,2022,,,,
Maserati,Granturismo,2023,,,,
Maserati,Granturismo,2024,,,,
Maserati,Granturismo,2025,,,,
Maserati,Grecale,2023,,,,
Maserati,Grecale,2024,,,,
Maserati,Grecale,2025,,,,
Maserati,Levante,2017,,,,
Maserati,Levante,2018,,,,
Maserati,Levante,2019,,,,
Maserati,Levante,2020,,,,
Maserati,Levante,2021,,,,
Maserati,Levante,2022,,,,
Maserati,Levante,2023,,,,
Maserati,Levante,2024,,,,
Maserati,MC20,2022,,,,
Maserati,MC20,2023,,,,
Maserati,MC20,2024,,,,
Maserati,MC20,2025,,,,
Maserati,Merak,1981,,,,
Maserati,Merak,1982,,,,
Maserati,Merak,1983,,,,
Maserati,Merak,1984,,,,
Maserati,Merak,1985,,,,
Maserati,Merak,1986,,,,
Maserati,Merak,1987,,,,
Maserati,Merak,1988,,,,
Maserati,Merak,1989,,,,
Maserati,Merak,1990,,,,
Maserati,Merak,1991,,,,
Maserati,Quattroporte,1981,,,,
Maserati,Quattroporte,1982,,,,
Maserati,Quattroporte,1983,,,,
Maserati,Quattroporte,1984,,,,
Maserati,Quattroporte,1985,,,,
Maserati,Quattroporte,1986,,,,
Maserati,Quattroporte,1987,,,,
Maserati,Quattroporte,1988,,,,
Maserati,Quattroporte,1989,,,,
Maserati,Quattroporte,1990,,,,
Maserati,Quattroporte,1991,,,,
Maserati,Quattroporte,2005,,,,
Maserati,Quattroporte,2006,,,,
Maserati,Quattroporte,2007,,,,
Maserati,Quattroporte,2008,,,,
Maserati,Quattroporte,2009,,,,
Maserati,Quattroporte,2010,,,,
Maserati,Quattroporte,2011,,,,
Maserati,Quattroporte,2012,,,,
Maserati,Quattroporte,2013,,,,
Maserati,Quattroporte,2014,,,,
Maserati,Quattroporte,2015,,,,
Maserati,Quattroporte,2016,,,,
Maserati,Quattroporte,2017,,,,
Maserati,Quattroporte,2018,,,,
Maserati,Quattroporte,2019,,,,
Maserati,Quattroporte,2020,,,,
Maserati,Quattroporte,2021,,,,
Maserati,Quattroporte,2022,,,,
Maserati,Quattroporte,2023,,,,
Maserati,Quattroporte,2024,,,,
Maserati,Spyder,1981,,,,
Maserati,Spyder,1982,,,,
Maserati,Spyder,1983,,,,
Maserati,Spyder,1984,,,,
Maserati,Spyder,1985,,,,
Maserati,Spyder,1986,,,,
Maserati,Spyder,1987,,,,
Maserati,Spyder,1988,,,,
Maserati,Spyder,1989,,,,
Maserati,Spyder,1990,,,,
Maserati,Spyder,1991,,,,
Maserati,Spyder,2002,,,,
Maserati,Spyder,2003,,,,
Maserati,Spyder,2004,,,,
Maserati,Spyder,2006,,,,
Maserati,TC,1981,,,,
Maserati,TC,1982,,,,
Maserati,TC,1983,,,,
Maserati,TC,1984,,,,
Maserati,TC,1985,,,,
Maserati,TC,1986,,,,
Maserati,TC,1987,,,,
Maserati,TC,1988,,,,
Maserati,TC,1989,,,,
Maserati,TC,1990,,,,
Maserati,TC,1991,,,,
Maybach,57,2003,,,,
Maybach,57,2004,,,,
Maybach,57,2005,,,,
Maybach,57,2006,,,,
Maybach,57,2007,,,,
Maybach,57,2008,,,,
Maybach,57,2009,,,,
Maybach,57,2010,,,,
Maybach,57,2011,,,,
Maybach,57,2012,,,,
Maybach,62,2003,,,,
Maybach,62,2004,,,,
Maybach,62,2005,,,,
Maybach,62,2006,,,,
Maybach,62,2007,,,,
Maybach,62,2008,,,,
Maybach,62,2009,,,,
Maybach,62,2010,,,,
Maybach,62,2011,,,,
Maybach,62,2012,,,,
Mazda,3,2014,,,,
Mazda,323,1986,,,,
Mazda,323,1987,,,,
Mazda,323,1988,,,,
Mazda,323,1989,,,,
Mazda,323,1990,,,,
Mazda,323,1991,,,,
Mazda,323,1992,,,,
Mazda,323,1993,,,,
Mazda,323,1994,,,,
Mazda,6,2016,,,,
Mazda,626,1981,,,,
Mazda,626,1982,,,,
Mazda,626,1983,,,,
Mazda,626,1984,,,,
Mazda,626,1985,,,,
Mazda,626,1986,,,,
Mazda,626,1987,,,,
Mazda,626,1988,,,,
Mazda,626,1989,,,,
Mazda,626,1990,,,,
Mazda,626,1991,,,,
Mazda,626,1992,,,,
Mazda,626,1993,,,,
Mazda,626,1994,,,,
Mazda,626,1995,,,,
Mazda,626,1996,,,,
Mazda,626,1997,,,,
Mazda,626,1998,,,,
Mazda,626,1999,,,,
Mazda,626,2000,,,,
Mazda,626,2001,,,,
Mazda,626,2002,,,,
Mazda,929,1988,,,,
Mazda,929,1989,,,,
Mazda,929,1990,,,,
Mazda,929,1991,,,,
Mazda,929,1992,,,,
Mazda,929,1993,,,,
Mazda,929,1994,,,,
Mazda,929,1995,,,,
Mazda,929,1996,,,,
Mazda,B-Series,1981,,,,
Mazda,B-Series,1982,,,,
Mazda,B-Series,1983,,,,
Mazda,B-Series,1984,,,,
Mazda,B-Series,1985,,,,
Mazda,B-Series,1986,,,,
Mazda,B-Series,1987,,,,
Mazda,B-Series,1988,,,,
Mazda,B-Series,1989,,,,
Mazda,B-Series,1990,,,,
Mazda,B-Series,1991,,,,
Mazda,B-Series,1992,,,,
Mazda,B-Series,1993,,,,
Mazda,B-Series,1994,,,,
Mazda,B-Series,1995,,,,
Mazda,B-Series,1996,,,,
Mazda,B-Series,1997,,,,
Mazda,B-Series,1998,,,,
Mazda,B-Series,1999,,,,
Mazda,B-Series,2000,,,,
Mazda,B-Series,2001,,,,
Mazda,B-Series,2002,,,,
Mazda,B-Series,2003,,,,
Mazda,B-Series,2004,,,,
Mazda,B-Series,2005,,,,
Mazda,B-Series,2006,,,,
Mazda,B-Series,2007,,,,
Mazda,B-Series,2008,,,,
Mazda,B-Series,2009,,,,
Mazda,B-Series,2010,,,,
Mazda,CX-3,2016,,,,
Mazda,CX-3,2017,,,,
Mazda,CX-3,2018,,,,
Mazda,CX-3,2019,,,,
Mazda,CX-3,2020,,,,
Mazda,CX-3,2021,,,,
Mazda,CX-3,2022,,,,
Mazda,CX-30,2020,,,,
Mazda,CX-30,2021,,,,
Mazda,CX-30,2022,,,,
Mazda,CX-30,2023,,,,
Mazda,CX-30,2024,,,,
Mazda,CX-30,2025,,,,
Mazda,CX-5,2013,,,,
Mazda,CX-5,2014,,,,
Mazda,CX-5,2015,,,,
Mazda,CX-5,2016,,,,
Mazda,CX-5,2017,,,,
Mazda,CX-5,2018,,,,
Mazda,CX-5,2019,,,,
Mazda,CX-5,2020,,,,
Mazda,CX-5,2021,,,,
Mazda,CX-5,2022,,,,
Mazda,CX-5,2023,,,,
Mazda,CX-5,2024,,,,
Mazda,CX-5,2025,,,,
Mazda,CX-50,2023,,,,
Mazda,CX-50,2024,,,,
Mazda,CX-50,2025,,,,
Mazda,CX-7,2007,,,,
Mazda,CX-7,2008,,,,
Mazda,CX-7,2009,,,,
Mazda,CX-7,2010,,,,
Mazda,CX-7,2011,,,,
Mazda,CX-7,2012,,,,
Mazda,CX-70,2025,,,,
Mazda,CX-9,2007,,,,
Mazda,CX-9,2008,,,,
Mazda,CX-9,2009,,,,
Mazda,CX-9,2010,,,,
Mazda,CX-9,2011,,,,
Mazda,CX-9,2012,,,,
Mazda,CX-9,2013,,,,
Mazda,CX-9,2014,,,,
Mazda,CX-9,2015,,,,
Mazda,CX-9,2016,,,,
Mazda,CX-9,2017,,,,
Mazda,CX-9,2018,,,,
Mazda,CX-9,2019,,,,
Mazda,CX-9,2020,,,,
Mazda,CX-9,2021,,,,
Mazda,CX-9,2022,,,,
Mazda,CX-9,2023,,,,
Mazda,CX-90,2024,,,,
Mazda,CX-90,2025,,,,
Mazda,GLC,1981,,,,
Mazda,GLC,1982,,,,
Mazda,GLC,1983,,,,
Mazda,GLC,1984,,,,
Mazda,GLC,1985,,,,
Mazda,GLC,1986,,,,
Mazda,Mazda2,2011,,,,
Mazda,Mazda2,2012,,,,
Mazda,Mazda2,2013,,,,
Mazda,Mazda2,2014,,,,
Mazda,Mazda2,2015,,,,
Mazda,Mazda2,2016,,,,
Mazda,Mazda2,2017,,,,
Mazda,Mazda2,2018,,,,
Mazda,Mazda2,2019,,,,
Mazda,Mazda2,2020,,,,
Mazda,Mazda2,2021,,,,
Mazda,Mazda3,2004,,,,
Mazda,Mazda3,2005,,,,
Mazda,Mazda3,2006,,,,
Mazda,Mazda3,2007,,,,
Mazda,Mazda3,2008,,,,
Mazda,Mazda3,2009,,,,
Mazda,Mazda3,2010,,,,
Mazda,Mazda3,2011,,,,
Mazda,Mazda3,2012,,,,
Mazda,Mazda3,2013,,,,
Mazda,Mazda3,2014,,,,
Mazda,Mazda3,2015,,,,
Mazda,Mazda3,2016,,,,
Mazda,Mazda3,2017,,,,
Mazda,Mazda3,2018,,,,
Mazda,Mazda3,2019,,,,
Mazda,Mazda3,2020,,,,
Mazda,Mazda3,2021,,,,
Mazda,Mazda3,2022,,,,
Mazda,Mazda3,2023,,,,
Mazda,Mazda3,2024,,,,
Mazda,Mazda3,2025,,,,
Mazda,Mazda5,2006,,,,
Mazda,Mazda5,2007,,,,
Mazda,Mazda5,2008,,,,
Mazda,Mazda5,2009,,,,
Mazda,Mazda5,2010,,,,
Mazda,Mazda5,2011,,,,
Mazda,Mazda5,2012,,,,
Mazda,Mazda5,2013,,,,
Mazda,Mazda5,2014,,,,
Mazda,Mazda5,2015,,,,
Mazda,Mazda6,2003,,,,
Mazda,Mazda6,2004,,,,
Mazda,Mazda6,2005,,,,
Mazda,Mazda6,2006,,,,
Mazda,Mazda6,2007,,,,
Mazda,Mazda6,2008,,,,
Mazda,Mazda6,2009,,,,
Mazda,Mazda6,2010,,,,
Mazda,Mazda6,2011,,,,
Mazda,Mazda6,2012,,,,
Mazda,Mazda6,2013,,,,
Mazda,Mazda6,2014,,,,
Mazda,Mazda6,2015,,,,
Mazda,Mazda6,2016,,,,
Mazda,Mazda6,2017,,,,
Mazda,Mazda6,2018,,,,
Mazda,Mazda6,2019,,,,
Mazda,Mazda6,2020,,,,
Mazda,Mazda6,2021,,,,
Mazda,Millenia,1995,,,,
Mazda,Millenia,1996,,,,
Mazda,Millenia,1997,,,,
Mazda,Millenia,1998,,,,
Mazda,Millenia,1999,,,,
Mazda,Millenia,2000,,,,
Mazda,Millenia,2001,,,,
Mazda,Millenia,2002,,,,
Mazda,MPV,1989,,,,
Mazda,MPV,1990,,,,
Mazda,MPV,1991,,,,
Mazda,MPV,1992,,,,
Mazda,MPV,1993,,,,
Mazda,MPV,1994,,,,
Mazda,MPV,1995,,,,
Mazda,MPV,1996,,,,
Mazda,MPV,1997,,,,
Mazda,MPV,1998,,,,
Mazda,MPV,1999,,,,
Mazda,MPV,2000,,,,
Mazda,MPV,2001,,,,
Mazda,MPV,2002,,,,
Mazda,MPV,2003,,,,
Mazda,MPV,2004,,,,
Mazda,MPV,2005,,,,
Mazda,MPV,2006,,,,
Mazda,MX-3,1989,,,,
Mazda,MX-3,1990,,,,
Mazda,MX-3,1991,,,,
Mazda,MX-3,1992,,,,
Mazda,MX-3,1993,,,,
Mazda,MX-3,1994,,,,
Mazda,MX-3,1995,,,,
Mazda,MX-3,1996,,,,
Mazda,MX-30,2022,,,,
Mazda,MX-30,2023,,,,
Mazda,MX-5,1990,,,,
Mazda,MX-5,1991,,,,
Mazda,MX-5,1992,,,,
Mazda,MX-5,1993,,,,
Mazda,MX-5,1994,,,,
Mazda,MX-5,1995,,,,
Mazda,MX-5,1996,,,,
Mazda,MX-5,1997,,,,
Mazda,MX-5,1999,,,,
Mazda,MX-5,2000,,,,
Mazda,MX-5,2001,,,,
Mazda,MX-5,2002,,,,
Mazda,MX-5,2003,,,,
Mazda,MX-5,2004,,,,
Mazda,MX-5,2005,,,,
Mazda,MX-5,2006,,,,
Mazda,MX-5,2007,,,,
Mazda,MX-5,2008,,,,
Mazda,MX-5,2009,,,,
Mazda,MX-5,2010,,,,
Mazda,MX-5,2011,,,,
Mazda,MX-5,2012,,,,
Mazda,MX-5,2013,,,,
Mazda,MX-5,2014,,,,
Mazda,MX-5,2015,,,,
Mazda,MX-5,2016,,,,
Mazda,MX-5,2017,,,,
Mazda,MX-5,2018,,,,
Mazda,MX-5,2019,,,,
Mazda,MX-5,2020,,,,
Mazda,MX-5,2021,,,,
Mazda,MX-5,2022,,,,
Mazda,MX-5,2023,,,,
Mazda,MX-5,2024,,,,
Mazda,MX-5,2025,,,,
Mazda,MX-5 Miata,1990,,,,
Mazda,MX-5 Miata,2006,,,,
Mazda,MX-5 Miata,2016,,,,
Mazda,MX-5 Miata,2019,,,,
Mazda,MX-6,1988,,,,
Mazda,MX-6,1989,,,,
Mazda,MX-6,1990,,,,
Mazda,MX-6,1991,,,,
Mazda,MX-6,1992,,,,
Mazda,MX-6,1993,,,,
Mazda,MX-6,1994,,,,
Mazda,MX-6,1996,,,,
Mazda,MX-6,1997,,,,
Mazda,Navajo,1991,,,,
Mazda,Navajo,1992,,,,
Mazda,Navajo,1993,,,,
Mazda,Navajo,1994,,,,
Mazda,Protege,1990,,,,
Mazda,Protege,1991,,,,
Mazda,Protege,1992,,,,
Mazda,Protege,1993,,,,
Mazda,Protege,1994,,,,
Mazda,Protege,1995,,,,
Mazda,Protege,1996,,,,
Mazda,Protege,1997,,,,
Mazda,Protege,1998,,,,
Mazda,Protege,1999,,,,
Mazda,Protege,2000,,,,
Mazda,Protege,2001,,,,
Mazda,Protege,2002,,,,
Mazda,Protege,2003,,,,
Mazda,RX-7,1981,,,,
Mazda,RX-7,1982,,,,
Mazda,RX-7,1983,,,,
Mazda,RX-7,1984,,,,
Mazda,RX-7,1985,,,,
Mazda,RX-7,1986,,,,
Mazda,RX-7,1987,,,,
Mazda,RX-7,1988,,,,
Mazda,RX-7,1989,,,,
Mazda,RX-7,1990,,,,
Mazda,RX-7,1991,,,,
Mazda,RX-7,1993,,,,
Mazda,RX-7,1994,,,,
Mazda,RX-7,1995,,,,
Mazda,RX-7,1996,,,,
Mazda,RX-8,2004,,,,
Mazda,RX-8,2005,,,,
Mazda,RX-8,2006,,,,
Mazda,RX-8,2007,,,,
Mazda,RX-8,2008,,,,
Mazda,RX-8,2009,,,,
Mazda,RX-8,2010,,,,
Mazda,RX-8,2011,,,,
Mazda,RX-8,2012,,,,
Mazda,Tribute,2001,,,,
Mazda,Tribute,2002,,,,
Mazda,Tribute,2003,,,,
Mazda,Tribute,2004,,,,
Mazda,Tribute,2005,,,,
Mazda,Tribute,2006,,,,
Mazda,Tribute,2008,,,,
Mazda,Tribute,2009,,,,
Mazda,Tribute,2010,,,,
Mazda,Tribute,2011,,,,
McLaren,540C,2009,,,,
McLaren,540C,2010,,,,
McLaren,540C,2011,,,,
McLaren,540C,2012,,,,
McLaren,540C,2013,,,,
McLaren,540C,2014,,,,
McLaren,540C,2015,,,,
McLaren,540C,2016,,,,
McLaren,540C,2017,,,,
McLaren,540C,2018,,,,
McLaren,540C,2019,,,,
McLaren,540C,2020,,,,
McLaren,540C,2021,,,,
McLaren,570GT,2009,,,,
McLaren,570GT,2010,,,,
McLaren,570GT,2011,,,,
McLaren,570GT,2012,,,,
McLaren,570GT,2013,,,,
McLaren,570GT,2014,,,,
McLaren,570GT,2015,,,,
McLaren,570GT,2016,,,,
McLaren,570GT,2017,,,,
McLaren,570GT,2018,,,,
McLaren,570GT,2019,,,,
McLaren,570GT,2020,,,,
McLaren,570GT,2021,,,,
McLaren,570S,2009,,,,
McLaren,570S,2010,,,,
McLaren,570S,2011,,,,
McLaren,570S,2012,,,,
McLaren,570S,2013,,,,
McLaren,570S,2014,,,,
McLaren,570S,2015,,,,
McLaren,570S,2016,,,,
McLaren,570S,2017,,,,
McLaren,570S,2018,,,,
McLaren,570S,2019,,,,
McLaren,570S,2020,,,,
McLaren,570S,2021,,,,
McLaren,600LT,2017,,,,
McLaren,600LT,2018,,,,
McLaren,600LT,2019,,,,
McLaren,600LT,2020,,,,
McLaren,600LT,2021,,,,
McLaren,620R,2020,,,,
McLaren,620R,2021,,,,
McLaren,625C,2009,,,,
McLaren,625C,2010,,,,
McLaren,625C,2011,,,,
McLaren,625C,2012,,,,
McLaren,625C,2013,,,,
McLaren,625C,2014,,,,
McLaren,625C,2015,,,,
McLaren,625C,2016,,,,
McLaren,625C,2020,,,,
McLaren,625C,2021,,,,
McLaren,650S,2009,,,,
McLaren,650S,2010,,,,
McLaren,650S,2011,,,,
McLaren,650S,2012,,,,
McLaren,650S,2013,,,,
McLaren,650S,2014,,,,
McLaren,650S,2015,,,,
McLaren,650S,2016,,,,
McLaren,650S,2020,,,,
McLaren,650S,2021,,,,
McLaren,675LT,2009,,,,
McLaren,675LT,2010,,,,
McLaren,675LT,2011,,,,
McLaren,675LT,2012,,,,
McLaren,675LT,2013,,,,
McLaren,675LT,2014,,,,
McLaren,675LT,2015,,,,
McLaren,675LT,2016,,,,
McLaren,675LT,2020,,,,
McLaren,675LT,2021,,,,
McLaren,720S,2017,,,,
McLaren,720S,2018,,,,
McLaren,720S,2019,,,,
McLaren,720S,2020,,,,
McLaren,720S,2021,,,,
McLaren,720S,2022,,,,
McLaren,720S,2023,,,,
McLaren,750S,2024,,,,
McLaren,750S,2025,,,,
McLaren,765LT,2022,,,,
McLaren,ARTURA,2023,,,,
McLaren,ARTURA,2024,,,,
McLaren,ARTURA,2025,,,,
McLaren,ELVA,2022,,,,
McLaren,F1,1994,,,,
McLaren,GT,2017,,,,
McLaren,GT,2018,,,,
McLaren,GT,2019,,,,
McLaren,GT,2020,,,,
McLaren,GT,2021,,,,
McLaren,GT,2022,,,,
McLaren,GT,2023,,,,
McLaren,GTS,2025,,,,
McLaren,MP4-12C,2009,,,,
McLaren,MP4-12C,2010,,,,
McLaren,MP4-12C,2011,,,,
McLaren,MP4-12C,2012,,,,
McLaren,MP4-12C,2013,,,,
McLaren,MP4-12C,2014,,,,
McLaren,MP4-12C,2015,,,,
McLaren,MP4-12C,2016,,,,
McLaren,MP4-12C,2020,,,,
McLaren,MP4-12C,2021,,,,
McLaren,P1,2009,,,,
McLaren,P1,2010,,,,
McLaren,P1,2011,,,,
McLaren,P1,2012,,,,
McLaren,P1,2013,,,,
McLaren,P1,2014,,,,
McLaren,P1,2015,,,,
McLaren,P1,2016,,,,
McLaren,P1,2020,,,,
McLaren,P1,2021,,,,
McLaren,SENNA,2017,,,,
McLaren,SENNA,2018,,,,
McLaren,SENNA,2019,,,,
McLaren,SENNA,2020,,,,
McLaren,SENNA,2021,,,,
McLaren,SENNA GTR,2017,,,,
McLaren,SENNA GTR,2018,,,,
McLaren,SENNA GTR,2019,,,,
McLaren,SENNA GTR,2020,,,,
McLaren,SENNA GTR,2021,,,,
Mercedes-Benz,190,1983,,,,
Mercedes-Benz,190,1984,,,,
Mercedes-Benz,190,1985,,,,
Mercedes-Benz,190,1986,,,,
Mercedes-Benz,190,1987,,,,
Mercedes-Benz,190,1988,,,,
Mercedes-Benz,190,1989,,,,
Mercedes-Benz,190,1990,,,,
Mercedes-Benz,190,1991,,,,
Mercedes-Benz,190,1992,,,,
Mercedes-Benz,190,1993,,,,
Mercedes-Benz,190E 2.3-16,1986,,,,
Mercedes-Benz,240,1981,,,,
Mercedes-Benz,240,1982,,,,
Mercedes-Benz,240,1983,,,,
Mercedes-Benz,260,1983,,,,
Mercedes-Benz,260,1984,,,,
Mercedes-Benz,260,1985,,,,
Mercedes-Benz,260,1986,,,,
Mercedes-Benz,260,1987,,,,
Mercedes-Benz,260,1988,,,,
Mercedes-Benz,260,1989,,,,
Mercedes-Benz,280,1981,,,,
Mercedes-Benz,280,1982,,,,
Mercedes-Benz,300,1981,,,,
Mercedes-Benz,300,1982,,,,
Mercedes-Benz,300,1983,,,,
Mercedes-Benz,300,1984,,,,
Mercedes-Benz,300,1985,,,,
Mercedes-Benz,300,1986,,,,
Mercedes-Benz,300,1987,,,,
Mercedes-Benz,300,1988,,,,
Mercedes-Benz,300,1989,,,,
Mercedes-Benz,300,1990,,,,
Mercedes-Benz,300,1991,,,,
Mercedes-Benz,300,1992,,,,
Mercedes-Benz,300,1993,,,,
Mercedes-Benz,300SL,1955,,,,
Mercedes-Benz,350,1983,,,,
Mercedes-Benz,350,1984,,,,
Mercedes-Benz,350,1985,,,,
Mercedes-Benz,350,1986,,,,
Mercedes-Benz,350,1987,,,,
Mercedes-Benz,350,1988,,,,
Mercedes-Benz,350,1989,,,,
Mercedes-Benz,350,1990,,,,
Mercedes-Benz,350,1991,,,,
Mercedes-Benz,380,1981,,,,
Mercedes-Benz,380,1982,,,,
Mercedes-Benz,380,1983,,,,
Mercedes-Benz,380,1984,,,,
Mercedes-Benz,380,1985,,,,
Mercedes-Benz,400,1992,,,,
Mercedes-Benz,400,1993,,,,
Mercedes-Benz,420,1983,,,,
Mercedes-Benz,420,1984,,,,
Mercedes-Benz,420,1985,,,,
Mercedes-Benz,420,1986,,,,
Mercedes-Benz,420,1987,,,,
Mercedes-Benz,420,1988,,,,
Mercedes-Benz,420,1989,,,,
Mercedes-Benz,420,1990,,,,
Mercedes-Benz,420,1991,,,,
Mercedes-Benz,500,1983,,,,
Mercedes-Benz,500,1984,,,,
Mercedes-Benz,500,1985,,,,
Mercedes-Benz,500,1986,,,,
Mercedes-Benz,500,1987,,,,
Mercedes-Benz,500,1988,,,,
Mercedes-Benz,500,1989,,,,
Mercedes-Benz,500,1990,,,,
Mercedes-Benz,500,1991,,,,
Mercedes-Benz,500,1992,,,,
Mercedes-Benz,500,1993,,,,
Mercedes-Benz,560,1986,,,,
Mercedes-Benz,560,1987,,,,
Mercedes-Benz,560,1988,,,,
Mercedes-Benz,560,1989,,,,
Mercedes-Benz,560,1990,,,,
Mercedes-Benz,560,1991,,,,
Mercedes-Benz,600,1992,,,,
Mercedes-Benz,600,1993,,,,
Mercedes-Benz,A-Class,2019,,,,
Mercedes-Benz,A-Class,2020,,,,
Mercedes-Benz,A-Class,2021,,,,
Mercedes-Benz,A-Class,2022,,,,
Mercedes-Benz,AMG GT,2016,,,,
Mercedes-Benz,AMG GT,2017,,,,
Mercedes-Benz,AMG GT,2018,,,,
Mercedes-Benz,AMG GT,2019,,,,
Mercedes-Benz,AMG GT,2020,,,,
Mercedes-Benz,AMG GT,2021,,,,
Mercedes-Benz,AMG GT,2022,,,,
Mercedes-Benz,AMG GT,2023,,,,
Mercedes-Benz,AMG GT,2024,,,,
Mercedes-Benz,AMG GT,2025,,,,
Mercedes-Benz,B-Class,2011,,,,
Mercedes-Benz,B-Class,2012,,,,
Mercedes-Benz,B-Class,2014,,,,
Mercedes-Benz,B-Class,2015,,,,
Mercedes-Benz,B-Class,2016,,,,
Mercedes-Benz,B-Class,2017,,,,
Mercedes-Benz,B-Class,2018,,,,
Mercedes-Benz,B-Class,2019,,,,
Mercedes-Benz,B-Class,2020,,,,
Mercedes-Benz,B-Class,2021,,,,
Mercedes-Benz,B-Class,2022,,,,
Mercedes-Benz,C-Class,1994,,,,
Mercedes-Benz,C-Class,1995,,,,
Mercedes-Benz,C-Class,1996,,,,
Mercedes-Benz,C-Class,1997,,,,
Mercedes-Benz,C-Class,1998,,,,
Mercedes-Benz,C-Class,1999,,,,
Mercedes-Benz,C-Class,2000,,,,
Mercedes-Benz,C-Class,2001,,,,
Mercedes-Benz,C-Class,2002,,,,
Mercedes-Benz,C-Class,2003,,,,
Mercedes-Benz,C-Class,2004,,,,
Mercedes-Benz,C-Class,2005,,,,
Mercedes-Benz,C-Class,2006,,,,
Mercedes-Benz,C-Class,2007,,,,
Mercedes-Benz,C-Class,2008,,,,
Mercedes-Benz,C-Class,2009,,,,
Mercedes-Benz,C-Class,2010,,,,
Mercedes-Benz,C-Class,2011,,,,
Mercedes-Benz,C-Class,2012,,,,
Mercedes-Benz,C-Class,2013,,,,
Mercedes-Benz,C-Class,2014,,,,
Mercedes-Benz,C-Class,2015,,,,
Mercedes-Benz,C-Class,2016,,,,
Mercedes-Benz,C-Class,2017,,,,
Mercedes-Benz,C-Class,2018,,,,
Mercedes-Benz,C-Class,2019,,,,
Mercedes-Benz,C-Class,2020,,,,
Mercedes-Benz,C-Class,2021,,,,
Mercedes-Benz,C-Class,2022,,,,
Mercedes-Benz,C-Class,2023,,,,
Mercedes-Benz,C-Class,2024,,,,
Mercedes-Benz,C-Class,2025,,,,
Mercedes-Benz,C55 AMG,2005,,,,
Mercedes-Benz,C63,2021,,,,
Mercedes-Benz,C63 AMG,2012,,,,
Mercedes-Benz,CL-Class,1998,,,,
Mercedes-Benz,CL-Class,1999,,,,
Mercedes-Benz,CL-Class,2000,,,,
Mercedes-Benz,CL-Class,2001,,,,
Mercedes-Benz,CL-Class,2002,,,,
Mercedes-Benz,CL-Class,2003,,,,
Mercedes-Benz,CL-Class,2004,,,,
Mercedes-Benz,CL-Class,2005,,,,
Mercedes-Benz,CL-Class,2006,,,,
Mercedes-Benz,CL-Class,2007,,,,
Mercedes-Benz,CL-Class,2008,,,,
Mercedes-Benz,CL-Class,2009,,,,
Mercedes-Benz,CL-Class,2010,,,,
Mercedes-Benz,CL-Class,2011,,,,
Mercedes-Benz,CL-Class,2012,,,,
Mercedes-Benz,CL-Class,2013,,,,
Mercedes-Benz,CL-Class,2014,,,,
Mercedes-Benz,CLA-Class,2014,,,,
Mercedes-Benz,CLA-Class,2015,,,,
Mercedes-Benz,CLA-Class,2016,,,,
Mercedes-Benz,CLA-Class,2017,,,,
Mercedes-Benz,CLA-Class,2018,,,,
Mercedes-Benz,CLA-Class,2019,,,,
Mercedes-Benz,CLA-Class,2020,,,,
Mercedes-Benz,CLA-Class,2021,,,,
Mercedes-Benz,CLA-Class,2022,,,,
Mercedes-Benz,CLA-Class,2023,,,,
Mercedes-Benz,CLA-Class,2024,,,,
Mercedes-Benz,CLA-Class,2025,,,,
Mercedes-Benz,CLE,2024,,,,
Mercedes-Benz,CLE,2025,,,,
Mercedes-Benz,CLK-Class,1998,,,,
Mercedes-Benz,CLK-Class,1999,,,,
Mercedes-Benz,CLK-Class,2000,,,,
Mercedes-Benz,CLK-Class,2001,,,,
Mercedes-Benz,CLK-Class,2002,,,,
Mercedes-Benz,CLK-Class,2003,,,,
Mercedes-Benz,CLK-Class,2004,,,,
Mercedes-Benz,CLK-Class,2005,,,,
Mercedes-Benz,CLK-Class,2006,,,,
Mercedes-Benz,CLK-Class,2007,,,,
Mercedes-Benz,CLK-Class,2008,,,,
Mercedes-Benz,CLK-Class,2009,,,,
Mercedes-Benz,CLS-Class,2005,,,,
Mercedes-Benz,CLS-Class,2006,,,,
Mercedes-Benz,CLS-Class,2007,,,,
Mercedes-Benz,CLS-Class,2008,,,,
Mercedes-Benz,CLS-Class,2009,,,,
Mercedes-Benz,CLS-Class,2010,,,,
Mercedes-Benz,CLS-Class,2011,,,,
Mercedes-Benz,CLS-Class,2012,,,,
Mercedes-Benz,CLS-Class,2013,,,,
Mercedes-Benz,CLS-Class,2014,,,,
Mercedes-Benz,CLS-Class,2015,,,,
Mercedes-Benz,CLS-Class,2016,,,,
Mercedes-Benz,CLS-Class,2017,,,,
Mercedes-Benz,CLS-Class,2018,,,,
Mercedes-Benz,CLS-Class,2019,,,,
Mercedes-Benz,CLS-Class,2020,,,,
Mercedes-Benz,CLS-Class,2021,,,,
Mercedes-Benz,CLS-Class,2022,,,,
Mercedes-Benz,CLS-Class,2023,,,,
Mercedes-Benz,E-Class,1994,,,,
Mercedes-Benz,E-Class,1995,,,,
Mercedes-Benz,E-Class,1996,,,,
Mercedes-Benz,E-Class,1997,,,,
Mercedes-Benz,E-Class,1998,,,,
Mercedes-Benz,E-Class,1999,,,,
Mercedes-Benz,E-Class,2000,,,,
Mercedes-Benz,E-Class,2001,,,,
Mercedes-Benz,E-Class,2002,,,,
Mercedes-Benz,E-Class,2003,,,,
Mercedes-Benz,E-Class,2004,,,,
Mercedes-Benz,E-Class,2005,,,,
Mercedes-Benz,E-Class,2006,,,,
Mercedes-Benz,E-Class,2007,,,,
Mercedes-Benz,E-Class,2008,,,,
Mercedes-Benz,E-Class,2009,,,,
Mercedes-Benz,E-Class,2010,,,,
Mercedes-Benz,E-Class,2011,,,,
Mercedes-Benz,E-Class,2012,,,,
Mercedes-Benz,E-Class,2013,,,,
Mercedes-Benz,E-Class,2014,,,,
Mercedes-Benz,E-Class,2015,,,,
Mercedes-Benz,E-Class,2016,,,,
Mercedes-Benz,E-Class,2017,,,,
Mercedes-Benz,E-Class,2018,,,,
Mercedes-Benz,E-Class,2019,,,,
Mercedes-Benz,E-Class,2020,,,,
Mercedes-Benz,E-Class,2021,,,,
Mercedes-Benz,E-Class,2022,,,,
Mercedes-Benz,E-Class,2023,,,,
Mercedes-Benz,E-Class,2024,,,,
Mercedes-Benz,E-Class,2025,,,,
Mercedes-Benz,E320,1996,,,,
Mercedes-Benz,EQB-Class,2022,,,,
Mercedes-Benz,EQB-Class,2023,,,,
Mercedes-Benz,EQB-Class,2024,,,,
Mercedes-Benz,EQB-Class,2025,,,,
Mercedes-Benz,EQE-Class Sedan,2023,,,,
Mercedes-Benz,EQE-Class Sedan,2024,,,,
Mercedes-Benz,EQE-Class Sedan,2025,,,,
Mercedes-Benz,EQE-Class SUV,2023,,,,
Mercedes-Benz,EQE-Class SUV,2024,,,,
Mercedes-Benz,EQE-Class SUV,2025,,,,
Mercedes-Benz,EQS-Class Sedan,2022,,,,
Mercedes-Benz,EQS-Class Sedan,2023,,,,
Mercedes-Benz,EQS-Class Sedan,2024,,,,
Mercedes-Benz,EQS-Class Sedan,2025,,,,
Mercedes-Benz,EQS-Class SUV,2023,,,,
Mercedes-Benz,EQS-Class SUV,2024,,,,
Mercedes-Benz,EQS-Class SUV,2025,,,,
Mercedes-Benz,eSprinter,2024,,,,
Mercedes-Benz,eSprinter,2025,,,,
Mercedes-Benz,G-Class,1999,,,,
Mercedes-Benz,G-Class,2002,,,,
Mercedes-Benz,G-Class,2003,,,,
Mercedes-Benz,G-Class,2004,,,,
Mercedes-Benz,G-Class,2005,,,,
Mercedes-Benz,G-Class,2006,,,,
Mercedes-Benz,G-Class,2007,,,,
Mercedes-Benz,G-Class,2008,,,,
Mercedes-Benz,G-Class,2009,,,,
Mercedes-Benz,G-Class,2010,,,,
Mercedes-Benz,G-Class,2011,,,,
Mercedes-Benz,G-Class,2012,,,,
Mercedes-Benz,G-Class,2013,,,,
Mercedes-Benz,G-Class,2014,,,,
Mercedes-Benz,G-Class,2015,,,,
Mercedes-Benz,G-Class,2016,,,,
Mercedes-Benz,G-Class,2017,,,,
Mercedes-Benz,G-Class,2018,,,,
Mercedes-Benz,G-Class,2019,,,,
Mercedes-Benz,G-Class,2020,,,,
Mercedes-Benz,G-Class,2021,,,,
Mercedes-Benz,G-Class,2022,,,,
Mercedes-Benz,G-Class,2023,,,,
Mercedes-Benz,G-Class,2024,,,,
Mercedes-Benz,G-Class,2025,,,,
Mercedes-Benz,GL-Class,2006,,,,
Mercedes-Benz,GL-Class,2007,,,,
Mercedes-Benz,GL-Class,2008,,,,
Mercedes-Benz,GL-Class,2009,,,,
Mercedes-Benz,GL-Class,2010,,,,
Mercedes-Benz,GL-Class,2011,,,,
Mercedes-Benz,GL-Class,2012,,,,
Mercedes-Benz,GL-Class,2013,,,,
Mercedes-Benz,GL-Class,2014,,,,
Mercedes-Benz,GL-Class,2015,,,,
Mercedes-Benz,GL-Class,2016,,,,
Mercedes-Benz,GLA-Class,2015,,,,
Mercedes-Benz,GLA-Class,2016,,,,
Mercedes-Benz,GLA-Class,2017,,,,
Mercedes-Benz,GLA-Class,2018,,,,
Mercedes-Benz,GLA-Class,2019,,,,
Mercedes-Benz,GLA-Class,2020,,,,
Mercedes-Benz,GLA-Class,2021,,,,
Mercedes-Benz,GLA-Class,2022,,,,
Mercedes-Benz,GLA-Class,2023,,,,
Mercedes-Benz,GLA-Class,2024,,,,
Mercedes-Benz,GLA-Class,2025,,,,
Mercedes-Benz,GLB-Class,2020,,,,
Mercedes-Benz,GLB-Class,2021,,,,
Mercedes-Benz,GLB-Class,2022,,,,
Mercedes-Benz,GLB-Class,2023,,,,
Mercedes-Benz,GLB-Class,2024,,,,
Mercedes-Benz,GLB-Class,2025,,,,
Mercedes-Benz,GLC-Class,2016,,,,
Mercedes-Benz,GLC-Class,2017,,,,
Mercedes-Benz,GLC-Class,2018,,,,
Mercedes-Benz,GLC-Class,2019,,,,
Mercedes-Benz,GLC-Class,2020,,,,
Mercedes-Benz,GLC-Class,2021,,,,
Mercedes-Benz,GLC-Class,2022,,,,
Mercedes-Benz,GLC-Class,2023,,,,
Mercedes-Benz,GLC-Class,2024,,,,
Mercedes-Benz,GLC-Class,2025,,,,
Mercedes-Benz,GLE-Class,2016,,,,
Mercedes-Benz,GLE-Class,2017,,,,
Mercedes-Benz,GLE-Class,2018,,,,
Mercedes-Benz,GLE-Class,2019,,,,
Mercedes-Benz,GLE-Class,2020,,,,
Mercedes-Benz,GLE-Class,2021,,,,
Mercedes-Benz,GLE-Class,2022,,,,
Mercedes-Benz,GLE-Class,2023,,,,
Mercedes-Benz,GLE-Class,2024,,,,
Mercedes-Benz,GLE-Class,2025,,,,
Mercedes-Benz,GLK-Class,2010,,,,
Mercedes-Benz,GLK-Class,2011,,,,
Mercedes-Benz,GLK-Class,2012,,,,
Mercedes-Benz,GLK-Class,2013,,,,
Mercedes-Benz,GLK-Class,2014,,,,
Mercedes-Benz,GLK-Class,2015,,,,
Mercedes-Benz,GLK-Class,2016,,,,
Mercedes-Benz,GLK-Class,2017,,,,
Mercedes-Benz,GLK-Class,2018,,,,
Mercedes-Benz,GLK-Class,2019,,,,
Mercedes-Benz,GLK-Class,2020,,,,
Mercedes-Benz,GLS-Class,2016,,,,
Mercedes-Benz,GLS-Class,2017,,,,
Mercedes-Benz,GLS-Class,2018,,,,
Mercedes-Benz,GLS-Class,2019,,,,
Mercedes-Benz,GLS-Class,2020,,,,
Mercedes-Benz,GLS-Class,2021,,,,
Mercedes-Benz,GLS-Class,2022,,,,
Mercedes-Benz,GLS-Class,2023,,,,
Mercedes-Benz,GLS-Class,2024,,,,
Mercedes-Benz,GLS-Class,2025,,,,
Mercedes-Benz,L1013,1981,,,,
Mercedes-Benz,L1013,1982,,,,
Mercedes-Benz,L1013,1983,,,,
Mercedes-Benz,L1013,1984,,,,
Mercedes-Benz,L1013,1985,,,,
Mercedes-Benz,L1013,1986,,,,
Mercedes-Benz,L1013,1987,,,,
Mercedes-Benz,L1013,1988,,,,
Mercedes-Benz,L1013,1989,,,,
Mercedes-Benz,L1013,1990,,,,
Mercedes-Benz,L1113,1981,,,,
Mercedes-Benz,L1113,1982,,,,
Mercedes-Benz,L1113,1983,,,,
Mercedes-Benz,L1113,1984,,,,
Mercedes-Benz,L1113,1985,,,,
Mercedes-Benz,L1113,1986,,,,
Mercedes-Benz,L1113,1987,,,,
Mercedes-Benz,L1113,1988,,,,
Mercedes-Benz,L1113,1989,,,,
Mercedes-Benz,L1113,1990,,,,
Mercedes-Benz,L1116,1981,,,,
Mercedes-Benz,L1116,1982,,,,
Mercedes-Benz,L1116,1983,,,,
Mercedes-Benz,L1116,1984,,,,
Mercedes-Benz,L1116,1985,,,,
Mercedes-Benz,L1116,1986,,,,
Mercedes-Benz,L1116,1987,,,,
Mercedes-Benz,L1116,1988,,,,
Mercedes-Benz,L1116,1989,,,,
Mercedes-Benz,L1116,1990,,,,
Mercedes-Benz,L1117,1981,,,,
Mercedes-Benz,L1117,1982,,,,
Mercedes-Benz,L1117,1983,,,,
Mercedes-Benz,L1117,1984,,,,
Mercedes-Benz,L1117,1985,,,,
Mercedes-Benz,L1117,1986,,,,
Mercedes-Benz,L1117,1987,,,,
Mercedes-Benz,L1117,1988,,,,
Mercedes-Benz,L1117,1989,,,,
Mercedes-Benz,L1117,1990,,,,
Mercedes-Benz,L1316,1981,,,,
Mercedes-Benz,L1316,1982,,,,
Mercedes-Benz,L1316,1983,,,,
Mercedes-Benz,L1316,1984,,,,
Mercedes-Benz,L1316,1985,,,,
Mercedes-Benz,L1316,1986,,,,
Mercedes-Benz,L1316,1987,,,,
Mercedes-Benz,L1316,1988,,,,
Mercedes-Benz,L1316,1989,,,,
Mercedes-Benz,L1316,1990,,,,
Mercedes-Benz,L1317,1981,,,,
Mercedes-Benz,L1317,1982,,,,
Mercedes-Benz,L1317,1983,,,,
Mercedes-Benz,L1317,1984,,,,
Mercedes-Benz,L1317,1985,,,,
Mercedes-Benz,L1317,1986,,,,
Mercedes-Benz,L1317,1987,,,,
Mercedes-Benz,L1317,1988,,,,
Mercedes-Benz,L1317,1989,,,,
Mercedes-Benz,L1317,1990,,,,
Mercedes-Benz,L1319,1981,,,,
Mercedes-Benz,L1319,1982,,,,
Mercedes-Benz,L1319,1983,,,,
Mercedes-Benz,L1319,1984,,,,
Mercedes-Benz,L1319,1985,,,,
Mercedes-Benz,L1319,1986,,,,
Mercedes-Benz,L1319,1987,,,,
Mercedes-Benz,L1319,1988,,,,
Mercedes-Benz,L1319,1989,,,,
Mercedes-Benz,L1319,1990,,,,
Mercedes-Benz,L1418,1981,,,,
Mercedes-Benz,L1418,1982,,,,
Mercedes-Benz,L1418,1983,,,,
Mercedes-Benz,L1418,1984,,,,
Mercedes-Benz,L1418,1985,,,,
Mercedes-Benz,L1418,1986,,,,
Mercedes-Benz,L1418,1987,,,,
Mercedes-Benz,L1418,1988,,,,
Mercedes-Benz,L1418,1989,,,,
Mercedes-Benz,L1418,1990,,,,
Mercedes-Benz,L1419,1981,,,,
Mercedes-Benz,L1419,1982,,,,
Mercedes-Benz,L1419,1983,,,,
Mercedes-Benz,L1419,1984,,,,
Mercedes-Benz,L1419,1985,,,,
Mercedes-Benz,L1419,1986,,,,
Mercedes-Benz,L1419,1987,,,,
Mercedes-Benz,L1419,1988,,,,
Mercedes-Benz,L1419,1989,,,,
Mercedes-Benz,L1419,1990,,,,
Mercedes-Benz,LP1219,1981,,,,
Mercedes-Benz,LP1219,1982,,,,
Mercedes-Benz,LP1219,1983,,,,
Mercedes-Benz,LP1219,1984,,,,
Mercedes-Benz,LP1219,1985,,,,
Mercedes-Benz,LP1219,1986,,,,
Mercedes-Benz,LP1219,1987,,,,
Mercedes-Benz,LP1219,1988,,,,
Mercedes-Benz,LP1219,1989,,,,
Mercedes-Benz,LP1219,1990,,,,
Mercedes-Benz,LP1419,1981,,,,
Mercedes-Benz,LP1419,1982,,,,
Mercedes-Benz,LP1419,1983,,,,
Mercedes-Benz,LP1419,1984,,,,
Mercedes-Benz,LP1419,1985,,,,
Mercedes-Benz,LP1419,1986,,,,
Mercedes-Benz,LP1419,1987,,,,
Mercedes-Benz,LP1419,1988,,,,
Mercedes-Benz,LP1419,1989,,,,
Mercedes-Benz,LP1419,1990,,,,
Mercedes-Benz,LPS1525,1981,,,,
Mercedes-Benz,LPS1525,1982,,,,
Mercedes-Benz,LPS1525,1983,,,,
Mercedes-Benz,LPS1525,1984,,,,
Mercedes-Benz,LPS1525,1985,,,,
Mercedes-Benz,LPS1525,1986,,,,
Mercedes-Benz,LPS1525,1987,,,,
Mercedes-Benz,LPS1525,1988,,,,
Mercedes-Benz,LPS1525,1989,,,,
Mercedes-Benz,LPS1525,1990,,,,
Mercedes-Benz,M-Class,1995,,,,
Mercedes-Benz,M-Class,1996,,,,
Mercedes-Benz,M-Class,1997,,,,
Mercedes-Benz,M-Class,1998,,,,
Mercedes-Benz,M-Class,1999,,,,
Mercedes-Benz,M-Class,2000,,,,
Mercedes-Benz,M-Class,2001,,,,
Mercedes-Benz,M-Class,2002,,,,
Mercedes-Benz,M-Class,2003,,,,
Mercedes-Benz,M-Class,2004,,,,
Mercedes-Benz,M-Class,2005,,,,
Mercedes-Benz,M-Class,2006,,,,
Mercedes-Benz,M-Class,2007,,,,
Mercedes-Benz,M-Class,2008,,,,
Mercedes-Benz,M-Class,2009,,,,
Mercedes-Benz,M-Class,2010,,,,
Mercedes-Benz,M-Class,2011,,,,
Mercedes-Benz,M-Class,2016,,,,
Mercedes-Benz,M-Class,2017,,,,
Mercedes-Benz,M-Class,2018,,,,
Mercedes-Benz,M-Class,2019,,,,
Mercedes-Benz,Metris,2016,,,,
Mercedes-Benz,Metris,2017,,,,
Mercedes-Benz,Metris,2018,,,,
Mercedes-Benz,Metris,2019,,,,
Mercedes-Benz,Metris,2020,,,,
Mercedes-Benz,Metris,2021,,,,
Mercedes-Benz,Metris,2022,,,,
Mercedes-Benz,Metris,2023,,,,
Mercedes-Benz,ML-Class,2012,,,,
Mercedes-Benz,ML-Class,2013,,,,
Mercedes-Benz,ML-Class,2014,,,,
Mercedes-Benz,ML-Class,2015,,,,
Mercedes-Benz,R-Class,2006,,,,
Mercedes-Benz,R-Class,2007,,,,
Mercedes-Benz,R-Class,2008,,,,
Mercedes-Benz,R-Class,2009,,,,
Mercedes-Benz,R-Class,2010,,,,
Mercedes-Benz,R-Class,2011,,,,
Mercedes-Benz,R-Class,2012,,,,
Mercedes-Benz,R-Class,2013,,,,
Mercedes-Benz,S-Class,1994,,,,
Mercedes-Benz,S-Class,1995,,,,
Mercedes-Benz,S-Class,1996,,,,
Mercedes-Benz,S-Class,1997,,,,
Mercedes-Benz,S-Class,1998,,,,
Mercedes-Benz,S-Class,1999,,,,
Mercedes-Benz,S-Class,2000,,,,
Mercedes-Benz,S-Class,2001,,,,
Mercedes-Benz,S-Class,2002,,,,
Mercedes-Benz,S-Class,2003,,,,
Mercedes-Benz,S-Class,2004,,,,
Mercedes-Benz,S-Class,2005,,,,
Mercedes-Benz,S-Class,2006,,,,
Mercedes-Benz,S-Class,2007,,,,
Mercedes-Benz,S-Class,2008,,,,
Mercedes-Benz,S-Class,2009,,,,
Mercedes-Benz,S-Class,2010,,,,
Mercedes-Benz,S-Class,2011,,,,
Mercedes-Benz,S-Class,2012,,,,
Mercedes-Benz,S-Class,2013,,,,
Mercedes-Benz,S-Class,2014,,,,
Mercedes-Benz,S-Class,2015,,,,
Mercedes-Benz,S-Class,2016,,,,
Mercedes-Benz,S-Class,2017,,,,
Mercedes-Benz,S-Class,2018,,,,
Mercedes-Benz,S-Class,2019,,,,
Mercedes-Benz,S-Class,2020,,,,
Mercedes-Benz,S-Class,2021,,,,
Mercedes-Benz,S-Class,2022,,,,
Mercedes-Benz,S-Class,2023,,,,
Mercedes-Benz,S-Class,2024,,,,
Mercedes-Benz,S-Class,2025,,,,
Mercedes-Benz,SL-Class,1994,,,,
Mercedes-Benz,SL-Class,1995,,,,
Mercedes-Benz,SL-Class,1996,,,,
Mercedes-Benz,SL-Class,1997,,,,
Mercedes-Benz,SL-Class,1998,,,,
Mercedes-Benz,SL-Class,1999,,,,
Mercedes-Benz,SL-Class,2000,,,,
Mercedes-Benz,SL-Class,2001,,,,
Mercedes-Benz,SL-Class,2002,,,,
Mercedes-Benz,SL-Class,2003,,,,
Mercedes-Benz,SL-Class,2004,,,,
Mercedes-Benz,SL-Class,2005,,,,
Mercedes-Benz,SL-Class,2006,,,,
Mercedes-Benz,SL-Class,2007,,,,
Mercedes-Benz,SL-Class,2008,,,,
Mercedes-Benz,SL-Class,2009,,,,
Mercedes-Benz,SL-Class,2011,,,,
Mercedes-Benz,SL-Class,2012,,,,
Mercedes-Benz,SL-Class,2013,,,,
Mercedes-Benz,SL-Class,2014,,,,
Mercedes-Benz,SL-Class,2015,,,,
Mercedes-Benz,SL-Class,2016,,,,
Mercedes-Benz,SL-Class,2017,,,,
Mercedes-Benz,SL-Class,2018,,,,
Mercedes-Benz,SL-Class,2019,,,,
Mercedes-Benz,SL-Class,2020,,,,
Mercedes-Benz,SL-Class,2021,,,,
Mercedes-Benz,SL-Class,2022,,,,
Mercedes-Benz,SL-Class,2023,,,,
Mercedes-Benz,SL-Class,2024,,,,
Mercedes-Benz,SL-Class,2025,,,,
Mercedes-Benz,SLC-Class,2017,,,,
Mercedes-Benz,SLC-Class,2018,,,,
Mercedes-Benz,SLC-Class,2019,,,,
Mercedes-Benz,SLC-Class,2020,,,,
Mercedes-Benz,SLK-Class,1998,,,,
Mercedes-Benz,SLK-Class,1999,,,,
Mercedes-Benz,SLK-Class,2000,,,,
Mercedes-Benz,SLK-Class,2001,,,,
Mercedes-Benz,SLK-Class,2002,,,,
Mercedes-Benz,SLK-Class,2003,,,,
Mercedes-Benz,SLK-Class,2004,,,,
Mercedes-Benz,SLK-Class,2005,,,,
Mercedes-Benz,SLK-Class,2006,,,,
Mercedes-Benz,SLK-Class,2007,,,,
Mercedes-Benz,SLK-Class,2008,,,,
Mercedes-Benz,SLK-Class,2009,,,,
Mercedes-Benz,SLK-Class,2010,,,,
Mercedes-Benz,SLK-Class,2011,,,,
Mercedes-Benz,SLK-Class,2012,,,,
Mercedes-Benz,SLK-Class,2013,,,,
Mercedes-Benz,SLK-Class,2014,,,,
Mercedes-Benz,SLK-Class,2015,,,,
Mercedes-Benz,SLK-Class,2016,,,,
Mercedes-Benz,SLK350,2005,,,,
Mercedes-Benz,SLR McLaren,2004,,,,
Mercedes-Benz,SLR McLaren,2005,,,,
Mercedes-Benz,SLR McLaren,2006,,,,
Mercedes-Benz,SLR McLaren,2007,,,,
Mercedes-Benz,SLR McLaren,2008,,,,
Mercedes-Benz,SLR McLaren,2009,,,,
Mercedes-Benz,SLS-Class,2011,,,,
Mercedes-Benz,SLS-Class,2012,,,,
Mercedes-Benz,SLS-Class,2013,,,,
Mercedes-Benz,SLS-Class,2014,,,,
Mercedes-Benz,SLS-Class,2015,,,,
Mercedes-Benz,SLS-Class,2016,,,,
Mercedes-Benz,SLS-Class,2017,,,,
Mercedes-Benz,SLS-Class,2018,,,,
Mercedes-Benz,SLS-Class,2019,,,,
Mercedes-Benz,SLS-Class,2020,,,,
Mercedes-Benz,SLS-Class,2021,,,,
Mercedes-Benz,SLS-Class,2022,,,,
Mercedes-Benz,Sprinter,2010,,,,
Mercedes-Benz,Sprinter,2011,,,,
Mercedes-Benz,Sprinter,2012,,,,
Mercedes-Benz,Sprinter,2013,,,,
Mercedes-Benz,Sprinter,2014,,,,
Mercedes-Benz,Sprinter,2015,,,,
Mercedes-Benz,Sprinter,2016,,,,
Mercedes-Benz,Sprinter,2017,,,,
Mercedes-Benz,Sprinter,2018,,,,
Mercedes-Benz,Sprinter,2019,,,,
Mercedes-Benz,Sprinter,2020,,,,
Mercedes-Benz,Sprinter,2021,,,,
Mercedes-Benz,Sprinter,2022,,,,
Mercedes-Benz,Sprinter,2023,,,,
Mercedes-Benz,Sprinter,2024,,,,
Mercedes-Benz,Sprinter,2025,,,,
Mercury,Capri,1981,,,,
Mercury,Capri,1982,,,,
Mercury,Capri,1983,,,,
Mercury,Capri,1984,,,,
Mercury,Capri,1985,,,,
Mercury,Capri,1986,,,,
Mercury,Capri,1989,,,,
Mercury,Capri,1990,,,,
Mercury,Capri,1991,,,,
Mercury,Capri,1992,,,,
Mercury,Capri,1993,,,,
Mercury,Capri,1994,,,,
Mercury,Cougar,1981,,,,
Mercury,Cougar,1982,,,,
Mercury,Cougar,1983,,,,
Mercury,Cougar,1984,,,,
Mercury,Cougar,1985,,,,
Mercury,Cougar,1986,,,,
Mercury,Cougar,1987,,,,
Mercury,Cougar,1988,,,,
Mercury,Cougar,1989,,,,
Mercury,Cougar,1990,,,,
Mercury,Cougar,1991,,,,
Mercury,Cougar,1992,,,,
Mercury,Cougar,1993,,,,
Mercury,Cougar,1994,,,,
Mercury,Cougar,1995,,,,
Mercury,Cougar,1996,,,,
Mercury,Cougar,1997,,,,
Mercury,Cougar,1999,,,,
Mercury,Cougar,2000,,,,
Mercury,Cougar,2001,,,,
Mercury,Cougar,2002,,,,
Mercury,Grand Marquis,1981,,,,
Mercury,Grand Marquis,1982,,,,
Mercury,Grand Marquis,1983,,,,
Mercury,Grand Marquis,1984,,,,
Mercury,Grand Marquis,1985,,,,
Mercury,Grand Marquis,1986,,,,
Mercury,Grand Marquis,1987,,,,
Mercury,Grand Marquis,1988,,,,
Mercury,Grand Marquis,1989,,,,
Mercury,Grand Marquis,1990,,,,
Mercury,Grand Marquis,1991,,,,
Mercury,Grand Marquis,1992,,,,
Mercury,Grand Marquis,1993,,,,
Mercury,Grand Marquis,1994,,,,
Mercury,Grand Marquis,1995,,,,
Mercury,Grand Marquis,1996,,,,
Mercury,Grand Marquis,1997,,,,
Mercury,Grand Marquis,1998,,,,
Mercury,Grand Marquis,1999,,,,
Mercury,Grand Marquis,2000,,,,
Mercury,Grand Marquis,2001,,,,
Mercury,Grand Marquis,2002,,,,
Mercury,Grand Marquis,2003,,,,
Mercury,Grand Marquis,2004,,,,
Mercury,Grand Marquis,2005,,,,
Mercury,Grand Marquis,2006,,,,
Mercury,Grand Marquis,2007,,,,
Mercury,Grand Marquis,2008,,,,
Mercury,Grand Marquis,2009,,,,
Mercury,Grand Marquis,2010,,,,
Mercury,Grand Marquis,2011,,,,
Mercury,Lynx,1981,,,,
Mercury,Lynx,1982,,,,
Mercury,Lynx,1983,,,,
Mercury,Lynx,1984,,,,
Mercury,Lynx,1985,,,,
Mercury,Lynx,1986,,,,
Mercury,Lynx,1987,,,,
Mercury,Marauder,2004,,,,
Mercury,Mariner,2005,,,,
Mercury,Mariner,2006,,,,
Mercury,Mariner,2007,,,,
Mercury,Mariner,2008,,,,
Mercury,Mariner,2009,,,,
Mercury,Mariner,2010,,,,
Mercury,Mariner,2011,,,,
Mercury,Marquis,1981,,,,
Mercury,Marquis,1982,,,,
Mercury,Marquis,1983,,,,
Mercury,Marquis,1984,,,,
Mercury,Marquis,1985,,,,
Mercury,Marquis,1986,,,,
Mercury,Milan,2006,,,,
Mercury,Milan,2007,,,,
Mercury,Milan,2008,,,,
Mercury,Milan,2009,,,,
Mercury,Milan,2010,,,,
Mercury,Milan,2011,,,,
Mercury,Montego,2005,,,,
Mercury,Montego,2006,,,,
Mercury,Montego,2007,,,,
Mercury,Monterey,2004,,,,
Mercury,Monterey,2005,,,,
Mercury,Monterey,2006,,,,
Mercury,Monterey,2007,,,,
Mercury,Mountaineer,1997,,,,
Mercury,Mountaineer,1998,,,,
Mercury,Mountaineer,1999,,,,
Mercury,Mountaineer,2000,,,,
Mercury,Mountaineer,2001,,,,
Mercury,Mountaineer,2002,,,,
Mercury,Mountaineer,2003,,,,
Mercury,Mountaineer,2004,,,,
Mercury,Mountaineer,2005,,,,
Mercury,Mountaineer,2006,,,,
Mercury,Mountaineer,2007,,,,
Mercury,Mountaineer,2008,,,,
Mercury,Mountaineer,2009,,,,
Mercury,Mountaineer,2010,,,,
Mercury,Mystique,1995,,,,
Mercury,Mystique,1996,,,,
Mercury,Mystique,1997,,,,
Mercury,Mystique,1998,,,,
Mercury,Mystique,1999,,,,
Mercury,Mystique,2000,,,,
Mercury,Sable,1986,,,,
Mercury,Sable,1987,,,,
Mercury,Sable,1988,,,,
Mercury,Sable,1989,,,,
Mercury,Sable,1990,,,,
Mercury,Sable,1991,,,,
Mercury,Sable,1992,,,,
Mercury,Sable,1993,,,,
Mercury,Sable,1994,,,,
Mercury,Sable,1995,,,,
Mercury,Sable,1996,,,,
Mercury,Sable,1997,,,,
Mercury,Sable,1998,,,,
Mercury,Sable,1999,,,,
Mercury,Sable,2000,,,,
Mercury,Sable,2001,,,,
Mercury,Sable,2002,,,,
Mercury,Sable,2003,,,,
Mercury,Sable,2004,,,,
Mercury,Sable,2005,,,,
Mercury,Sable,2008,,,,
Mercury,Sable,2009,,,,
Mercury,Topaz,1984,,,,
Mercury,Topaz,1985,,,,
Mercury,Topaz,1986,,,,
Mercury,Topaz,1987,,,,
Mercury,Topaz,1988,,,,
Mercury,Topaz,1989,,,,
Mercury,Topaz,1990,,,,
Mercury,Topaz,1991,,,,
Mercury,Topaz,1992,,,,
Mercury,Topaz,1993,,,,
Mercury,Topaz,1994,,,,
Mercury,Tracer,1988,,,,
Mercury,Tracer,1989,,,,
Mercury,Tracer,1990,,,,
Mercury,Tracer,1991,,,,
Mercury,Tracer,1992,,,,
Mercury,Tracer,1993,,,,
Mercury,Tracer,1994,,,,
Mercury,Tracer,1995,,,,
Mercury,Tracer,1996,,,,
Mercury,Tracer,1997,,,,
Mercury,Tracer,1998,,,,
Mercury,Tracer,1999,,,,
Mercury,Villager,1993,,,,
Mercury,Villager,1994,,,,
Mercury,Villager,1995,,,,
Mercury,Villager,1996,,,,
Mercury,Villager,1997,,,,
Mercury,Villager,1998,,,,
Mercury,Villager,1999,,,,
Mercury,Villager,2000,,,,
Mercury,Villager,2001,,,,
Mercury,Villager,2002,,,,
Mercury,Zephyr,1981,,,,
Mercury,Zephyr,1982,,,,
Mercury,Zephyr,1983,,,,
Merkur,Scorpio,1985,,,,
Merkur,Scorpio,1986,,,,
Merkur,Scorpio,1987,,,,
Merkur,Scorpio,1988,,,,
Merkur,Scorpio,1989,,,,
Merkur,Scorpio,1990,,,,
Merkur,XR4Ti,1984,,,,
Merkur,XR4Ti,1985,,,,
Merkur,XR4Ti,1986,,,,
Merkur,XR4Ti,1987,,,,
Merkur,XR4Ti,1988,,,,
Merkur,XR4Ti,1989,,,,
Merkur,XR4Ti,1990,,,,
Mini,Clubman,2008,,,,
Mini,Clubman,2009,,,,
Mini,Clubman,2010,,,,
Mini,Clubman,2011,,,,
Mini,Clubman,2012,,,,
Mini,Clubman,2013,,,,
Mini,Clubman,2014,,,,
Mini,Clubman,2016,,,,
Mini,Clubman,2017,,,,
Mini,Clubman,2018,,,,
Mini,Clubman,2019,,,,
Mini,Clubman,2020,,,,
Mini,Clubman,2021,,,,
Mini,Clubman,2022,,,,
Mini,Clubman,2023,,,,
Mini,Clubman,2024,,,,
Mini,Cooper,1965,,,,
Mini,Cooper,2002,,,,
Mini,Cooper,2003,,,,
Mini,Cooper,2004,,,,
Mini,Cooper,2005,,,,
Mini,Cooper,2006,,,,
Mini,Cooper,2007,,,,
Mini,Cooper,2008,,,,
Mini,Cooper,2009,,,,
Mini,Cooper,2010,,,,
Mini,Cooper Convertible,2004,,,,
Mini,Cooper Convertible,2005,,,,
Mini,Cooper Convertible,2006,,,,
Mini,Cooper Convertible,2007,,,,
Mini,Cooper Convertible,2008,,,,
Mini,Cooper Convertible,2009,,,,
Mini,Cooper Convertible,2010,,,,
Mini,Cooper Convertible,2011,,,,
Mini,Cooper Convertible,2012,,,,
Mini,Cooper Convertible,2013,,,,
Mini,Cooper Convertible,2014,,,,
Mini,Cooper Convertible,2015,,,,
Mini,Cooper Convertible,2016,,,,
Mini,Cooper Convertible,2017,,,,
Mini,Cooper Convertible,2018,,,,
Mini,Cooper Convertible,2019,,,,
Mini,Cooper Convertible,2020,,,,
Mini,Cooper Convertible,2021,,,,
Mini,Cooper Convertible,2022,,,,
Mini,Cooper Convertible,2023,,,,
Mini,Cooper Convertible,2024,,,,
Mini,Cooper Convertible,2025,,,,
Mini,Cooper Coupe,2012,,,,
Mini,Cooper Coupe,2013,,,,
Mini,Cooper Coupe,2014,,,,
Mini,Cooper Coupe,2015,,,,
Mini,Cooper Roadster,2012,,,,
Mini,Cooper Roadster,2013,,,,
Mini,Cooper Roadster,2014,,,,
Mini,Cooper Roadster,2015,,,,
Mini,Cooper S,2005,,,,
Mini,Cooper S,2014,,,,
Mini,Countryman,2011,,,,
Mini,Countryman,2012,,,,
Mini,Countryman,2013,,,,
Mini,Countryman,2014,,,,
Mini,Countryman,2015,,,,
Mini,Countryman,2016,,,,
Mini,Countryman,2017,,,,
Mini,Countryman,2018,,,,
Mini,Countryman,2019,,,,
Mini,Countryman,2020,,,,
Mini,Countryman,2021,,,,
Mini,Countryman,2022,,,,
Mini,Countryman,2023,,,,
Mini,Countryman,2024,,,,
Mini,Countryman,2025,,,,
Mini,FL,1985,,,,
Mini,FL,1986,,,,
Mini,FL,1987,,,,
Mini,FL,1988,,,,
Mini,FL,1989,,,,
Mini,FL,1990,,,,
Mini,FL,1991,,,,
Mini,FL,1992,,,,
Mini,FL,1993,,,,
Mini,FL,1994,,,,
Mini,FL,1995,,,,
Mini,FL,1996,,,,
Mini,FL,1997,,,,
Mini,FL,1998,,,,
Mini,FL,1999,,,,
Mini,FL,2000,,,,
Mini,FL,2001,,,,
Mini,FL,2002,,,,
Mini,FL,2003,,,,
Mini,FL,2004,,,,
Mini,FL,2005,,,,
Mini,FL,2006,,,,
Mini,FL,2007,,,,
Mini,FL,2008,,,,
Mini,FL,2009,,,,
Mini,FL,2010,,,,
Mini,FL,2011,,,,
Mini,FL,2012,,,,
Mini,FL,2013,,,,
Mini,FL,2014,,,,
Mini,FL,2015,,,,
Mini,FL,2016,,,,
Mini,FL,2017,,,,
Mini,FL,2018,,,,
Mini,FL,2019,,,,
Mini,FL,2020,,,,
Mini,FL,2021,,,,
Mini,FL,2022,,,,
Mini,FL,2023,,,,
Mini,FL,2024,,,,
Mini,FL,2025,,,,
Mini,Hardtop,2009,,,,
Mini,Hardtop,2010,,,,
Mini,Hardtop,2011,,,,
Mini,Hardtop,2012,,,,
Mini,Hardtop,2013,,,,
Mini,Hardtop,2014,,,,
Mini,Hardtop,2015,,,,
Mini,Hardtop,2016,,,,
Mini,Hardtop,2017,,,,
Mini,Hardtop,2018,,,,
Mini,Hardtop,2019,,,,
Mini,Hardtop,2020,,,,
Mini,Hardtop,2021,,,,
Mini,Hardtop,2022,,,,
Mini,Hardtop,2023,,,,
Mini,Hardtop,2024,,,,
Mini,Hardtop,2025,,,,
Mini,KW,1985,,,,
Mini,KW,1986,,,,
Mini,KW,1987,,,,
Mini,KW,1988,,,,
Mini,KW,1989,,,,
Mini,KW,1990,,,,
Mini,KW,1991,,,,
Mini,KW,1992,,,,
Mini,KW,1993,,,,
Mini,KW,1994,,,,
Mini,KW,1995,,,,
Mini,KW,1996,,,,
Mini,KW,1997,,,,
Mini,KW,1998,,,,
Mini,KW,1999,,,,
Mini,KW,2000,,,,
Mini,KW,2001,,,,
Mini,KW,2002,,,,
Mini,KW,2003,,,,
Mini,KW,2004,,,,
Mini,KW,2005,,,,
Mini,KW,2006,,,,
Mini,KW,2007,,,,
Mini,KW,2008,,,,
Mini,KW,2009,,,,
Mini,KW,2010,,,,
Mini,KW,2011,,,,
Mini,KW,2012,,,,
Mini,KW,2013,,,,
Mini,KW,2014,,,,
Mini,KW,2015,,,,
Mini,KW,2016,,,,
Mini,KW,2017,,,,
Mini,KW,2018,,,,
Mini,KW,2019,,,,
Mini,KW,2020,,,,
Mini,KW,2021,,,,
Mini,KW,2022,,,,
Mini,KW,2023,,,,
Mini,KW,2024,,,,
Mini,KW,2025,,,,
Mini,Mack,1985,,,,
Mini,Mack,1986,,,,
Mini,Mack,1987,,,,
Mini,Mack,1988,,,,
Mini,Mack,1989,,,,
Mini,Mack,1990,,,,
Mini,Mack,1991,,,,
Mini,Mack,1992,,,,
Mini,Mack,1993,,,,
Mini,Mack,1994,,,,
Mini,Mack,1995,,,,
Mini,Mack,1996,,,,
Mini,Mack,1997,,,,
Mini,Mack,1998,,,,
Mini,Mack,1999,,,,
Mini,Mack,2000,,,,
Mini,Mack,2001,,,,
Mini,Mack,2002,,,,
Mini,Mack,2003,,,,
Mini,Mack,2004,,,,
Mini,Mack,2005,,,,
Mini,Mack,2006,,,,
Mini,Mack,2007,,,,
Mini,Mack,2008,,,,
Mini,Mack,2009,,,,
Mini,Mack,2010,,,,
Mini,Mack,2011,,,,
Mini,Mack,2012,,,,
Mini,Mack,2013,,,,
Mini,Mack,2014,,,,
Mini,Mack,2015,,,,
Mini,Mack,2016,,,,
Mini,Mack,2017,,,,
Mini,Mack,2018,,,,
Mini,Mack,2019,,,,
Mini,Mack,2020,,,,
Mini,Mack,2021,,,,
Mini,Mack,2022,,,,
Mini,Mack,2023,,,,
Mini,Mack,2024,,,,
Mini,Mack,2025,,,,
Mini,Paceman,2013,,,,
Mini,Paceman,2014,,,,
Mini,Paceman,2015,,,,
Mini,Paceman,2016,,,,
Mini,Paceman,2017,,,,
Mini,Paceman,2018,,,,
Mini,Paceman,2019,,,,
Mini,Pete,1985,,,,
Mini,Pete,1986,,,,
Mini,Pete,1987,,,,
Mini,Pete,1988,,,,
Mini,Pete,1989,,,,
Mini,Pete,1990,,,,
Mini,Pete,1991,,,,
Mini,Pete,1992,,,,
Mini,Pete,1993,,,,
Mini,Pete,1994,,,,
Mini,Pete,1995,,,,
Mini,Pete,1996,,,,
Mini,Pete,1997,,,,
Mini,Pete,1998,,,,
Mini,Pete,1999,,,,
Mini,Pete,2000,,,,
Mini,Pete,2001,,,,
Mini,Pete,2002,,,,
Mini,Pete,2003,,,,
Mini,Pete,2004,,,,
Mini,Pete,2005,,,,
Mini,Pete,2006,,,,
Mini,Pete,2007,,,,
Mini,Pete,2008,,,,
Mini,Pete,2009,,,,
Mini,Pete,2010,,,,
Mini,Pete,2011,,,,
Mini,Pete,2012,,,,
Mini,Pete,2013,,,,
Mini,Pete,2014,,,,
Mini,Pete,2015,,,,
Mini,Pete,2016,,,,
Mini,Pete,2017,,,,
Mini,Pete,2018,,,,
Mini,Pete,2019,,,,
Mini,Pete,2020,,,,
Mini,Pete,2021,,,,
Mini,Pete,2022,,,,
Mini,Pete,2023,,,,
Mini,Pete,2024,,,,
Mini,Pete,2025,,,,
Mitsubishi,3000gt,1993,,,,
Mitsubishi,3000GT,1991,,,,
Mitsubishi,3000GT,1992,,,,
Mitsubishi,3000GT,1994,,,,
Mitsubishi,3000GT,1995,,,,
Mitsubishi,3000GT,1996,,,,
Mitsubishi,3000GT,1997,,,,
Mitsubishi,3000GT,1998,,,,
Mitsubishi,3000GT,1999,,,,
Mitsubishi,3000GT VR-4,1994,,,,
Mitsubishi,Cordia,1983,,,,
Mitsubishi,Cordia,1984,,,,
Mitsubishi,Cordia,1985,,,,
Mitsubishi,Cordia,1986,,,,
Mitsubishi,Cordia,1987,,,,
Mitsubishi,Cordia,1988,,,,
Mitsubishi,Diamante,1992,,,,
Mitsubishi,Diamante,1993,,,,
Mitsubishi,Diamante,1994,,,,
Mitsubishi,Diamante,1995,,,,
Mitsubishi,Diamante,1996,,,,
Mitsubishi,Diamante,1997,,,,
Mitsubishi,Diamante,1998,,,,
Mitsubishi,Diamante,1999,,,,
Mitsubishi,Diamante,2000,,,,
Mitsubishi,Diamante,2001,,,,
Mitsubishi,Diamante,2002,,,,
Mitsubishi,Diamante,2003,,,,
Mitsubishi,Diamante,2004,,,,
Mitsubishi,Diamante,2005,,,,
Mitsubishi,Eclipse,1990,,,,
Mitsubishi,Eclipse,1991,,,,
Mitsubishi,Eclipse,1992,,,,
Mitsubishi,Eclipse,1993,,,,
Mitsubishi,Eclipse,1994,,,,
Mitsubishi,Eclipse,1995,,,,
Mitsubishi,Eclipse,1996,,,,
Mitsubishi,Eclipse,1997,,,,
Mitsubishi,Eclipse,1998,,,,
Mitsubishi,Eclipse,1999,,,,
Mitsubishi,Eclipse,2000,,,,
Mitsubishi,Eclipse,2001,,,,
Mitsubishi,Eclipse,2002,,,,
Mitsubishi,Eclipse,2003,,,,
Mitsubishi,Eclipse,2004,,,,
Mitsubishi,Eclipse,2005,,,,
Mitsubishi,Eclipse,2006,,,,
Mitsubishi,Eclipse,2007,,,,
Mitsubishi,Eclipse,2008,,,,
Mitsubishi,Eclipse,2009,,,,
Mitsubishi,Eclipse,2010,,,,
Mitsubishi,Eclipse,2011,,,,
Mitsubishi,Eclipse,2012,,,,
Mitsubishi,Eclipse Cross,2018,,,,
Mitsubishi,Eclipse Cross,2019,,,,
Mitsubishi,Eclipse Cross,2020,,,,
Mitsubishi,Eclipse Cross,2021,,,,
Mitsubishi,Eclipse Cross,2022,,,,
Mitsubishi,Eclipse Cross,2023,,,,
Mitsubishi,Eclipse Cross,2024,,,,
Mitsubishi,Eclipse Cross,2025,,,,
Mitsubishi,Eclipse GSX,1995,,,,
Mitsubishi,Eclipse GT,2006,,,,
Mitsubishi,Endeavor,2004,,,,
Mitsubishi,Endeavor,2005,,,,
Mitsubishi,Endeavor,2006,,,,
Mitsubishi,Endeavor,2007,,,,
Mitsubishi,Endeavor,2008,,,,
Mitsubishi,Endeavor,2009,,,,
Mitsubishi,Endeavor,2010,,,,
Mitsubishi,Endeavor,2011,,,,
Mitsubishi,Expo,1992,,,,
Mitsubishi,Expo,1993,,,,
Mitsubishi,Expo,1994,,,,
Mitsubishi,Expo,1995,,,,
Mitsubishi,Expo,1996,,,,
Mitsubishi,FE639,2001,,,,
Mitsubishi,FE639,2002,,,,
Mitsubishi,FE640,2001,,,,
Mitsubishi,FE640,2002,,,,
Mitsubishi,FE640DW,2002,,,,
Mitsubishi,FE649,2001,,,,
Mitsubishi,FE649,2002,,,,
Mitsubishi,FEC7US / eCanter,2017,,,,
Mitsubishi,FG639,2001,,,,
Mitsubishi,FG639,2002,,,,
Mitsubishi,FG649,2002,,,,
Mitsubishi,FH211,2001,,,,
Mitsubishi,FH211,2002,,,,
Mitsubishi,FK617,2001,,,,
Mitsubishi,FK617,2002,,,,
Mitsubishi,FM617,2001,,,,
Mitsubishi,FM617,2002,,,,
Mitsubishi,FM657,2001,,,,
Mitsubishi,FM657,2002,,,,
Mitsubishi,Galant,1985,,,,
Mitsubishi,Galant,1986,,,,
Mitsubishi,Galant,1987,,,,
Mitsubishi,Galant,1988,,,,
Mitsubishi,Galant,1989,,,,
Mitsubishi,Galant,1990,,,,
Mitsubishi,Galant,1991,,,,
Mitsubishi,Galant,1992,,,,
Mitsubishi,Galant,1993,,,,
Mitsubishi,Galant,1994,,,,
Mitsubishi,Galant,1995,,,,
Mitsubishi,Galant,1996,,,,
Mitsubishi,Galant,1997,,,,
Mitsubishi,Galant,1998,,,,
Mitsubishi,Galant,1999,,,,
Mitsubishi,Galant,2000,,,,
Mitsubishi,Galant,2001,,,,
Mitsubishi,Galant,2002,,,,
Mitsubishi,Galant,2003,,,,
Mitsubishi,Galant,2004,,,,
Mitsubishi,Galant,2005,,,,
Mitsubishi,Galant,2006,,,,
Mitsubishi,Galant,2007,,,,
Mitsubishi,Galant,2008,,,,
Mitsubishi,Galant,2009,,,,
Mitsubishi,Galant,2010,,,,
Mitsubishi,Galant,2011,,,,
Mitsubishi,Galant,2012,,,,
Mitsubishi,Galant VR-4,1991,,,,
Mitsubishi,i-MiEV,2012,,,,
Mitsubishi,i-MiEV,2013,,,,
Mitsubishi,i-MiEV,2014,,,,
Mitsubishi,i-MiEV,2015,,,,
Mitsubishi,i-MiEV,2016,,,,
Mitsubishi,i-MiEV,2017,,,,
Mitsubishi,i-MiEV,2018,,,,
Mitsubishi,Lancer,2002,,,,
Mitsubishi,Lancer,2003,,,,
Mitsubishi,Lancer,2004,,,,
Mitsubishi,Lancer,2005,,,,
Mitsubishi,Lancer,2006,,,,
Mitsubishi,Lancer,2007,,,,
Mitsubishi,Lancer,2008,,,,
Mitsubishi,Lancer,2009,,,,
Mitsubishi,Lancer,2010,,,,
Mitsubishi,Lancer,2011,,,,
Mitsubishi,Lancer,2012,,,,
Mitsubishi,Lancer,2013,,,,
Mitsubishi,Lancer,2014,,,,
Mitsubishi,Lancer,2015,,,,
Mitsubishi,Lancer,2016,,,,
Mitsubishi,Lancer,2017,,,,
Mitsubishi,Lancer Evolution,2003,,,,
Mitsubishi,Lancer Evolution,2004,,,,
Mitsubishi,Lancer Evolution,2005,,,,
Mitsubishi,Lancer Evolution,2006,,,,
Mitsubishi,Lancer Evolution,2008,,,,
Mitsubishi,Lancer Evolution,2009,,,,
Mitsubishi,Lancer Evolution,2010,,,,
Mitsubishi,Lancer Evolution,2011,,,,
Mitsubishi,Lancer Evolution,2012,,,,
Mitsubishi,Lancer Evolution,2013,,,,
Mitsubishi,Lancer Evolution,2014,,,,
Mitsubishi,Lancer Evolution,2015,,,,
Mitsubishi,Lancer Evolution VIII,2003,,,,
Mitsubishi,Lancer Evolution X,2010,,,,
Mitsubishi,Lancer SportBack,2004,,,,
Mitsubishi,Lancer SportBack,2005,,,,
Mitsubishi,Lancer SportBack,2009,,,,
Mitsubishi,Lancer SportBack,2010,,,,
Mitsubishi,Lancer SportBack,2011,,,,
Mitsubishi,Lancer SportBack,2012,,,,
Mitsubishi,Lancer SportBack,2013,,,,
Mitsubishi,Lancer SportBack,2014,,,,
Mitsubishi,Lancer SportBack,2015,,,,
Mitsubishi,Lancer SportBack,2016,,,,
Mitsubishi,Lancer SportBack,2017,,,,
Mitsubishi,Mighty Max,1985,,,,
Mitsubishi,Mighty Max,1986,,,,
Mitsubishi,Mighty Max,1987,,,,
Mitsubishi,Mighty Max,1988,,,,
Mitsubishi,Mighty Max,1989,,,,
Mitsubishi,Mighty Max,1990,,,,
Mitsubishi,Mighty Max,1991,,,,
Mitsubishi,Mighty Max,1992,,,,
Mitsubishi,Mighty Max,1993,,,,
Mitsubishi,Mighty Max,1994,,,,
Mitsubishi,Mighty Max,1995,,,,
Mitsubishi,Mighty Max,1996,,,,
Mitsubishi,Mirage,1985,,,,
Mitsubishi,Mirage,1986,,,,
Mitsubishi,Mirage,1987,,,,
Mitsubishi,Mirage,1988,,,,
Mitsubishi,Mirage,1989,,,,
Mitsubishi,Mirage,1990,,,,
Mitsubishi,Mirage,1991,,,,
Mitsubishi,Mirage,1992,,,,
Mitsubishi,Mirage,1993,,,,
Mitsubishi,Mirage,1994,,,,
Mitsubishi,Mirage,1995,,,,
Mitsubishi,Mirage,1996,,,,
Mitsubishi,Mirage,1997,,,,
Mitsubishi,Mirage,1998,,,,
Mitsubishi,Mirage,1999,,,,
Mitsubishi,Mirage,2000,,,,
Mitsubishi,Mirage,2001,,,,
Mitsubishi,Mirage,2002,,,,
Mitsubishi,Mirage,2014,,,,
Mitsubishi,Mirage,2015,,,,
Mitsubishi,Mirage,2016,,,,
Mitsubishi,Mirage,2017,,,,
Mitsubishi,Mirage,2018,,,,
Mitsubishi,Mirage,2019,,,,
Mitsubishi,Mirage,2020,,,,
Mitsubishi,Mirage,2021,,,,
Mitsubishi,Mirage,2022,,,,
Mitsubishi,Mirage,2023,,,,
Mitsubishi,Mirage,2024,,,,
Mitsubishi,Mirage G4,2017,,,,
Mitsubishi,Mirage G4,2018,,,,
Mitsubishi,Mirage G4,2019,,,,
Mitsubishi,Mirage G4,2020,,,,
Mitsubishi,Mirage G4,2021,,,,
Mitsubishi,Mirage G4,2022,,,,
Mitsubishi,Mirage G4,2023,,,,
Mitsubishi,Mirage G4,2024,,,,
Mitsubishi,Montero,1985,,,,
Mitsubishi,Montero,1986,,,,
Mitsubishi,Montero,1987,,,,
Mitsubishi,Montero,1988,,,,
Mitsubishi,Montero,1989,,,,
Mitsubishi,Montero,1990,,,,
Mitsubishi,Montero,1994,,,,
Mitsubishi,Montero,1995,,,,
Mitsubishi,Montero,1996,,,,
Mitsubishi,Montero,1997,,,,
Mitsubishi,Montero,1998,,,,
Mitsubishi,Montero,1999,,,,
Mitsubishi,Montero,2000,,,,
Mitsubishi,Montero,2001,,,,
Mitsubishi,Montero,2002,,,,
Mitsubishi,Montero,2003,,,,
Mitsubishi,Montero,2004,,,,
Mitsubishi,Montero,2005,,,,
Mitsubishi,Montero,2006,,,,
Mitsubishi,Montero Sport,1991,,,,
Mitsubishi,Montero Sport,1992,,,,
Mitsubishi,Montero Sport,1993,,,,
Mitsubishi,Montero Sport,1997,,,,
Mitsubishi,Montero Sport,1998,,,,
Mitsubishi,Montero Sport,1999,,,,
Mitsubishi,Montero Sport,2000,,,,
Mitsubishi,Montero Sport,2001,,,,
Mitsubishi,Montero Sport,2002,,,,
Mitsubishi,Montero Sport,2003,,,,
Mitsubishi,Montero Sport,2004,,,,
Mitsubishi,Outlander,2003,,,,
Mitsubishi,Outlander,2004,,,,
Mitsubishi,Outlander,2005,,,,
Mitsubishi,Outlander,2006,,,,
Mitsubishi,Outlander,2007,,,,
Mitsubishi,Outlander,2008,,,,
Mitsubishi,Outlander,2009,,,,
Mitsubishi,Outlander,2010,,,,
Mitsubishi,Outlander,2011,,,,
Mitsubishi,Outlander,2012,,,,
Mitsubishi,Outlander,2013,,,,
Mitsubishi,Outlander,2014,,,,
Mitsubishi,Outlander,2015,,,,
Mitsubishi,Outlander,2016,,,,
Mitsubishi,Outlander,2017,,,,
Mitsubishi,Outlander,2018,,,,
Mitsubishi,Outlander,2019,,,,
Mitsubishi,Outlander,2020,,,,
Mitsubishi,Outlander,2021,,,,
Mitsubishi,Outlander,2022,,,,
Mitsubishi,Outlander,2023,,,,
Mitsubishi,Outlander,2024,,,,
Mitsubishi,Outlander,2025,,,,
Mitsubishi,Outlander Sport,2011,,,,
Mitsubishi,Outlander Sport,2012,,,,
Mitsubishi,Outlander Sport,2013,,,,
Mitsubishi,Outlander Sport,2014,,,,
Mitsubishi,Outlander Sport,2015,,,,
Mitsubishi,Outlander Sport,2016,,,,
Mitsubishi,Outlander Sport,2017,,,,
Mitsubishi,Outlander Sport,2018,,,,
Mitsubishi,Outlander Sport,2019,,,,
Mitsubishi,Outlander Sport,2020,,,,
Mitsubishi,Outlander Sport,2021,,,,
Mitsubishi,Outlander Sport,2022,,,,
Mitsubishi,Outlander Sport,2023,,,,
Mitsubishi,Outlander Sport,2024,,,,
Mitsubishi,Outlander Sport,2025,,,,
Mitsubishi,Precis,1988,,,,
Mitsubishi,Precis,1989,,,,
Mitsubishi,Precis,1990,,,,
Mitsubishi,Precis,1991,,,,
Mitsubishi,Precis,1992,,,,
Mitsubishi,Precis,1993,,,,
Mitsubishi,Precis,1994,,,,
Mitsubishi,Raider,1993,,,,
Mitsubishi,Raider,1994,,,,
Mitsubishi,Raider,1995,,,,
Mitsubishi,Raider,1996,,,,
Mitsubishi,Raider,1997,,,,
Mitsubishi,Raider,1998,,,,
Mitsubishi,Raider,1999,,,,
Mitsubishi,Raider,2000,,,,
Mitsubishi,Raider,2001,,,,
Mitsubishi,Raider,2002,,,,
Mitsubishi,Raider,2003,,,,
Mitsubishi,Raider,2004,,,,
Mitsubishi,Raider,2005,,,,
Mitsubishi,Raider,2006,,,,
Mitsubishi,Raider,2007,,,,
Mitsubishi,Raider,2008,,,,
Mitsubishi,Raider,2009,,,,
Mitsubishi,Raider,2010,,,,
Mitsubishi,RVR,2011,,,,
Mitsubishi,RVR,2012,,,,
Mitsubishi,RVR,2013,,,,
Mitsubishi,RVR,2014,,,,
Mitsubishi,RVR,2015,,,,
Mitsubishi,RVR,2016,,,,
Mitsubishi,RVR,2017,,,,
Mitsubishi,RVR,2018,,,,
Mitsubishi,RVR,2019,,,,
Mitsubishi,RVR,2020,,,,
Mitsubishi,RVR,2021,,,,
Mitsubishi,RVR,2022,,,,
Mitsubishi,Sigma,1989,,,,
Mitsubishi,Sigma,1990,,,,
Mitsubishi,SP,1985,,,,
Mitsubishi,SP,1986,,,,
Mitsubishi,Space Wagon,1987,,,,
Mitsubishi,Space Wagon,1988,,,,
Mitsubishi,SPX,1987,,,,
Mitsubishi,SPX,1988,,,,
Mitsubishi,SPX,1989,,,,
Mitsubishi,SPX,1990,,,,
Mitsubishi,Starion,1983,,,,
Mitsubishi,Starion,1984,,,,
Mitsubishi,Starion,1985,,,,
Mitsubishi,Starion,1986,,,,
Mitsubishi,Starion,1987,,,,
Mitsubishi,Starion,1988,,,,
Mitsubishi,Starion,1989,,,,
Mitsubishi,Starion,1990,,,,
Mitsubishi,Tredia,1983,,,,
Mitsubishi,Tredia,1984,,,,
Mitsubishi,Tredia,1985,,,,
Mitsubishi,Tredia,1986,,,,
Mitsubishi,Tredia,1987,,,,
Mitsubishi,Tredia,1988,,,,
Mitsubishi,Van,1987,,,,
Mitsubishi,Van,1988,,,,
Mitsubishi,Van,1989,,,,
Mitsubishi,Van,1990,,,,
Mitsubishi,Wagon,1989,,,,
Mitsubishi,Wagon,1990,,,,
Morgan,Aero 8,2001,,,,
Morgan,Aero 8,2002,,,,
Morgan,Aero 8,2003,,,,
Morgan,Aero 8,2004,,,,
Morgan,Aero 8,2005,,,,
Morgan,Aero 8,2006,,,,
Morgan,Aero 8,2007,,,,
Morgan,Aero 8,2008,,,,
Morgan,Aero 8,2009,,,,
Morgan,Aero Supersports,2010,,,,
Morgan,Aero Supersports,2011,,,,
Morgan,Aero Supersports,2012,,,,
Morgan,Aero Supersports,2013,,,,
Morgan,Aero Supersports,2014,,,,
Morgan,Aero Supersports,2015,,,,
Morgan,Plus 8,1981,,,,
Morgan,Plus 8,1982,,,,
Morgan,Plus 8,1983,,,,
Morgan,Plus 8,1984,,,,
Morgan,Plus 8,1985,,,,
Morgan,Plus 8,1986,,,,
Morgan,Plus 8,1987,,,,
Morgan,Plus 8,1988,,,,
Morgan,Plus 8,1989,,,,
Morgan,Plus 8,1990,,,,
Morgan,Plus 8,1991,,,,
Morgan,Plus 8,1992,,,,
Morgan,Plus 8,1993,,,,
Morgan,Plus 8,1994,,,,
Morgan,Plus 8,1995,,,,
Morgan,Plus 8,1996,,,,
Morgan,Plus 8,1997,,,,
Morgan,Plus 8,1998,,,,
Morgan,Plus 8,1999,,,,
Morgan,Plus 8,2000,,,,
Morgan,Plus 8,2001,,,,
Morgan,Plus 8,2002,,,,
Morgan,Plus 8,2003,,,,
Morgan,Plus 8,2004,,,,
Morgan,Plus 8,2005,,,,
Morgan,Plus 8,2006,,,,
Morgan,Plus 8,2007,,,,
Morgan,Plus 8,2008,,,,
Morgan,Plus 8,2009,,,,
Morgan,Plus 8,2010,,,,
Morgan,Plus 8,2011,,,,
Morgan,Plus 8,2012,,,,
Morgan,Plus 8,2013,,,,
Morgan,Plus 8,2014,,,,
Morgan,Plus 8,2015,,,,
Morgan,Plus 8,2016,,,,
Morgan,Plus 8,2017,,,,
Morgan,Plus 8,2018,,,,
Morgan,Plus 8,2019,,,,
Morgan,Plus Four,2024,,,,
Morgan,Plus Four,2025,,,,
Morgan,Roadster,2004,,,,
Morgan,Roadster,2005,,,,
Morgan,Roadster,2006,,,,
Morgan,Roadster,2007,,,,
Morgan,Roadster,2008,,,,
Morgan,Roadster,2009,,,,
Morgan,Roadster,2010,,,,
Morgan,Roadster,2011,,,,
Morgan,Roadster,2012,,,,
Nissan,200SX,1981,,,,
Nissan,200SX,1982,,,,
Nissan,200SX,1983,,,,
Nissan,200SX,1984,,,,
Nissan,200SX,1985,,,,
Nissan,200SX,1986,,,,
Nissan,200SX,1987,,,,
Nissan,200SX,1988,,,,
Nissan,200SX,1995,,,,
Nissan,200SX,1996,,,,
Nissan,200SX,1997,,,,
Nissan,200SX,1998,,,,
Nissan,240SX,1989,,,,
Nissan,240SX,1990,,,,
Nissan,240SX,1991,,,,
Nissan,240SX,1992,,,,
Nissan,240SX,1993,,,,
Nissan,240SX,1994,,,,
Nissan,240SX,1995,,,,
Nissan,240SX,1996,,,,
Nissan,240SX,1997,,,,
Nissan,240SX,1998,,,,
Nissan,240SX,1999,,,,
Nissan,240SX,2000,,,,
Nissan,240SX,2001,,,,
Nissan,300ZX,1983,,,,
Nissan,300ZX,1984,,,,
Nissan,300ZX,1985,,,,
Nissan,300ZX,1986,,,,
Nissan,300ZX,1987,,,,
Nissan,300ZX,1988,,,,
Nissan,300ZX,1989,,,,
Nissan,300ZX,1990,,,,
Nissan,300ZX,1991,,,,
Nissan,300ZX,1992,,,,
Nissan,300ZX,1993,,,,
Nissan,300ZX,1994,,,,
Nissan,300ZX,1995,,,,
Nissan,300ZX,1996,,,,
Nissan,350Z,2003,,,,
Nissan,350Z,2004,,,,
Nissan,350Z,2005,,,,
Nissan,350Z,2006,,,,
Nissan,350Z,2007,,,,
Nissan,350Z,2008,,,,
Nissan,350Z,2009,,,,
Nissan,370Z,2009,,,,
Nissan,370Z,2010,,,,
Nissan,370Z,2011,,,,
Nissan,370Z,2012,,,,
Nissan,370Z,2013,,,,
Nissan,370Z,2014,,,,
Nissan,370Z,2015,,,,
Nissan,370Z,2016,,,,
Nissan,370Z,2017,,,,
Nissan,370Z,2018,,,,
Nissan,370Z,2019,,,,
Nissan,370Z,2020,,,,
Nissan,370Z,2021,,,,
Nissan,370Z,2022,,,,
Nissan,Altima,1993,,,,
Nissan,Altima,1994,,,,
Nissan,Altima,1995,,,,
Nissan,Altima,1996,,,,
Nissan,Altima,1997,,,,
Nissan,Altima,1998,,,,
Nissan,Altima,1999,,,,
Nissan,Altima,2000,,,,
Nissan,Altima,2001,,,,
Nissan,Altima,2002,,,,
Nissan,Altima,2003,,,,
Nissan,Altima,2004,,,,
Nissan,Altima,2005,,,,
Nissan,Altima,2006,,,,
Nissan,Altima,2007,,,,
Nissan,Altima,2008,,,,
Nissan,Altima,2009,,,,
Nissan,Altima,2010,,,,
Nissan,Altima,2011,,,,
Nissan,Altima,2012,,,,
Nissan,Altima,2013,,,,
Nissan,Altima,2014,,,,
Nissan,Altima,2015,,,,
Nissan,Altima,2016,,,,
Nissan,Altima,2017,,,,
Nissan,Altima,2018,,,,
Nissan,Altima,2019,,,,
Nissan,Altima,2020,,,,
Nissan,Altima,2021,,,,
Nissan,Altima,2022,,,,
Nissan,Altima,2023,,,,
Nissan,Altima,2024,,,,
Nissan,Altima,2025,,,,
Nissan,Altra,1998,,,,
Nissan,Altra-EV,1999,,,,
Nissan,Altra-EV,2000,,,,
Nissan,Altra-EV,2001,,,,
Nissan,Altra-EV,2002,,,,
Nissan,Altra-EV,2004,,,,
Nissan,Ariya Hatchback,2023,,,,
Nissan,Ariya Hatchback,2024,,,,
Nissan,Ariya MPV,2025,,,,
Nissan,Armada,2002,,,,
Nissan,Armada,2003,,,,
Nissan,Armada,2004,,,,
Nissan,Armada,2005,,,,
Nissan,Armada,2006,,,,
Nissan,Armada,2007,,,,
Nissan,Armada,2008,,,,
Nissan,Armada,2009,,,,
Nissan,Armada,2010,,,,
Nissan,Armada,2011,,,,
Nissan,Armada,2012,,,,
Nissan,Armada,2013,,,,
Nissan,Armada,2014,,,,
Nissan,Armada,2015,,,,
Nissan,Armada,2017,,,,
Nissan,Armada,2018,,,,
Nissan,Armada,2019,,,,
Nissan,Armada,2020,,,,
Nissan,Armada,2021,,,,
Nissan,Armada,2022,,,,
Nissan,Armada,2023,,,,
Nissan,Armada,2024,,,,
Nissan,Armada,2025,,,,
Nissan,Axxess,1990,,,,
Nissan,Axxess,1991,,,,
Nissan,Cube,2009,,,,
Nissan,Cube,2010,,,,
Nissan,Cube,2011,,,,
Nissan,Cube,2012,,,,
Nissan,Cube,2013,,,,
Nissan,Cube,2014,,,,
Nissan,Frontier,1998,,,,
Nissan,Frontier,1999,,,,
Nissan,Frontier,2000,,,,
Nissan,Frontier,2001,,,,
Nissan,Frontier,2002,,,,
Nissan,Frontier,2003,,,,
Nissan,Frontier,2004,,,,
Nissan,Frontier,2005,,,,
Nissan,Frontier,2006,,,,
Nissan,Frontier,2007,,,,
Nissan,Frontier,2008,,,,
Nissan,Frontier,2009,,,,
Nissan,Frontier,2010,,,,
Nissan,Frontier,2011,,,,
Nissan,Frontier,2012,,,,
Nissan,Frontier,2013,,,,
Nissan,Frontier,2014,,,,
Nissan,Frontier,2015,,,,
Nissan,Frontier,2016,,,,
Nissan,Frontier,2017,,,,
Nissan,Frontier,2018,,,,
Nissan,Frontier,2019,,,,
Nissan,Frontier,2020,,,,
Nissan,Frontier,2021,,,,
Nissan,Frontier,2022,,,,
Nissan,Frontier,2023,,,,
Nissan,Frontier,2024,,,,
Nissan,Frontier,2025,,,,
Nissan,GT-R,2009,,,,
Nissan,GT-R,2010,,,,
Nissan,GT-R,2011,,,,
Nissan,GT-R,2012,,,,
Nissan,GT-R,2013,,,,
Nissan,GT-R,2014,,,,
Nissan,GT-R,2015,,,,
Nissan,GT-R,2016,,,,
Nissan,GT-R,2017,,,,
Nissan,GT-R,2018,,,,
Nissan,GT-R,2019,,,,
Nissan,GT-R,2020,,,,
Nissan,GT-R,2021,,,,
Nissan,GT-R,2022,,,,
Nissan,GT-R,2023,,,,
Nissan,GT-R,2024,,,,
Nissan,Juke,2011,,,,
Nissan,Juke,2012,,,,
Nissan,Juke,2013,,,,
Nissan,Juke,2014,,,,
Nissan,Juke,2015,,,,
Nissan,Juke,2016,,,,
Nissan,Juke,2017,,,,
Nissan,Juke,2018,,,,
Nissan,Kicks,2018,,,,
Nissan,Kicks,2019,,,,
Nissan,Kicks,2020,,,,
Nissan,Kicks,2021,,,,
Nissan,Kicks,2022,,,,
Nissan,Kicks,2023,,,,
Nissan,Kicks,2024,,,,
Nissan,Kicks MPV,2025,,,,
Nissan,Kicks Play,2025,,,,
Nissan,Leaf,2011,,,,
Nissan,Leaf,2012,,,,
Nissan,Leaf,2013,,,,
Nissan,Leaf,2014,,,,
Nissan,Leaf,2015,,,,
Nissan,Leaf,2016,,,,
Nissan,Leaf,2017,,,,
Nissan,Leaf,2018,,,,
Nissan,Leaf,2019,,,,
Nissan,Leaf,2020,,,,
Nissan,Leaf,2021,,,,
Nissan,Leaf,2022,,,,
Nissan,Leaf,2023,,,,
Nissan,Leaf,2024,,,,
Nissan,Leaf,2025,,,,
Nissan,Maxima,1981,,,,
Nissan,Maxima,1982,,,,
Nissan,Maxima,1983,,,,
Nissan,Maxima,1984,,,,
Nissan,Maxima,1985,,,,
Nissan,Maxima,1986,,,,
Nissan,Maxima,1987,,,,
Nissan,Maxima,1988,,,,
Nissan,Maxima,1989,,,,
Nissan,Maxima,1990,,,,
Nissan,Maxima,1991,,,,
Nissan,Maxima,1992,,,,
Nissan,Maxima,1993,,,,
Nissan,Maxima,1994,,,,
Nissan,Maxima,1995,,,,
Nissan,Maxima,1996,,,,
Nissan,Maxima,1997,,,,
Nissan,Maxima,1998,,,,
Nissan,Maxima,1999,,,,
Nissan,Maxima,2000,,,,
Nissan,Maxima,2001,,,,
Nissan,Maxima,2002,,,,
Nissan,Maxima,2003,,,,
Nissan,Maxima,2004,,,,
Nissan,Maxima,2005,,,,
Nissan,Maxima,2006,,,,
Nissan,Maxima,2007,,,,
Nissan,Maxima,2008,,,,
Nissan,Maxima,2009,,,,
Nissan,Maxima,2010,,,,
Nissan,Maxima,2011,,,,
Nissan,Maxima,2012,,,,
Nissan,Maxima,2013,,,,
Nissan,Maxima,2014,,,,
Nissan,Maxima,2016,,,,
Nissan,Maxima,2017,,,,
Nissan,Maxima,2018,,,,
Nissan,Maxima,2019,,,,
Nissan,Maxima,2020,,,,
Nissan,Maxima,2021,,,,
Nissan,Maxima,2022,,,,
Nissan,Maxima,2023,,,,
Nissan,Micra,1985,,,,
Nissan,Micra,1986,,,,
Nissan,Micra,1987,,,,
Nissan,Micra,1988,,,,
Nissan,Micra,1989,,,,
Nissan,Micra,1990,,,,
Nissan,Micra,1991,,,,
Nissan,Murano,2002,,,,
Nissan,Murano,2003,,,,
Nissan,Murano,2004,,,,
Nissan,Murano,2005,,,,
Nissan,Murano,2006,,,,
Nissan,Murano,2007,,,,
Nissan,Murano,2009,,,,
Nissan,Murano,2010,,,,
Nissan,Murano,2011,,,,
Nissan,Murano,2012,,,,
Nissan,Murano,2013,,,,
Nissan,Murano,2014,,,,
Nissan,Murano,2015,,,,
Nissan,Murano,2016,,,,
Nissan,Murano,2017,,,,
Nissan,Murano,2018,,,,
Nissan,Murano,2019,,,,
Nissan,Murano,2020,,,,
Nissan,Murano,2021,,,,
Nissan,Murano,2022,,,,
Nissan,Murano,2023,,,,
Nissan,Murano,2024,,,,
Nissan,Murano,2025,,,,
Nissan,Nissan Z,2023,,,,
Nissan,Nissan Z,2024,,,,
Nissan,Nissan Z,2025,,,,
Nissan,NV,2012,,,,
Nissan,NV,2013,,,,
Nissan,NV,2014,,,,
Nissan,NV,2015,,,,
Nissan,NV,2016,,,,
Nissan,NV,2017,,,,
Nissan,NV,2018,,,,
Nissan,NV,2019,,,,
Nissan,NV,2020,,,,
Nissan,NV,2021,,,,
Nissan,NV200,2013,,,,
Nissan,NV200,2014,,,,
Nissan,NV200,2015,,,,
Nissan,NV200,2016,,,,
Nissan,NV200,2017,,,,
Nissan,NV200,2018,,,,
Nissan,NV200,2019,,,,
Nissan,NV200,2020,,,,
Nissan,NV200,2021,,,,
Nissan,NV200,2022,,,,
Nissan,NV200,2023,,,,
Nissan,NV200,2024,,,,
Nissan,NX,1991,,,,
Nissan,NX,1992,,,,
Nissan,NX,1993,,,,
Nissan,Pathfinder,1986,,,,
Nissan,Pathfinder,1987,,,,
Nissan,Pathfinder,1988,,,,
Nissan,Pathfinder,1989,,,,
Nissan,Pathfinder,1990,,,,
Nissan,Pathfinder,1991,,,,
Nissan,Pathfinder,1992,,,,
Nissan,Pathfinder,1993,,,,
Nissan,Pathfinder,1994,,,,
Nissan,Pathfinder,1995,,,,
Nissan,Pathfinder,1996,,,,
Nissan,Pathfinder,1997,,,,
Nissan,Pathfinder,1998,,,,
Nissan,Pathfinder,1999,,,,
Nissan,Pathfinder,2000,,,,
Nissan,Pathfinder,2001,,,,
Nissan,Pathfinder,2002,,,,
Nissan,Pathfinder,2003,,,,
Nissan,Pathfinder,2004,,,,
Nissan,Pathfinder,2005,,,,
Nissan,Pathfinder,2006,,,,
Nissan,Pathfinder,2007,,,,
Nissan,Pathfinder,2008,,,,
Nissan,Pathfinder,2009,,,,
Nissan,Pathfinder,2010,,,,
Nissan,Pathfinder,2011,,,,
Nissan,Pathfinder,2012,,,,
Nissan,Pathfinder,2013,,,,
Nissan,Pathfinder,2014,,,,
Nissan,Pathfinder,2015,,,,
Nissan,Pathfinder,2016,,,,
Nissan,Pathfinder,2017,,,,
Nissan,Pathfinder,2018,,,,
Nissan,Pathfinder,2019,,,,
Nissan,Pathfinder,2020,,,,
Nissan,Pathfinder,2021,,,,
Nissan,Pathfinder,2022,,,,
Nissan,Pathfinder,2023,,,,
Nissan,Pathfinder,2024,,,,
Nissan,Pathfinder,2025,,,,
Nissan,Pickup,1981,,,,
Nissan,Pickup,1982,,,,
Nissan,Pickup,1983,,,,
Nissan,Pickup,1984,,,,
Nissan,Pickup,1985,,,,
Nissan,Pickup,1986,,,,
Nissan,Pickup,1987,,,,
Nissan,Pickup,1988,,,,
Nissan,Pickup,1989,,,,
Nissan,Pickup,1990,,,,
Nissan,Pickup,1991,,,,
Nissan,Pickup,1992,,,,
Nissan,Pickup,1993,,,,
Nissan,Pickup,1994,,,,
Nissan,Pickup,1995,,,,
Nissan,Pickup,1996,,,,
Nissan,Pickup,1997,,,,
Nissan,PULSAR,1981,,,,
Nissan,PULSAR,1982,,,,
Nissan,PULSAR,1983,,,,
Nissan,PULSAR,1984,,,,
Nissan,PULSAR,1985,,,,
Nissan,PULSAR,1986,,,,
Nissan,PULSAR,1987,,,,
Nissan,PULSAR,1988,,,,
Nissan,PULSAR,1989,,,,
Nissan,PULSAR,1990,,,,
Nissan,Quest,1993,,,,
Nissan,Quest,1994,,,,
Nissan,Quest,1995,,,,
Nissan,Quest,1996,,,,
Nissan,Quest,1997,,,,
Nissan,Quest,1998,,,,
Nissan,Quest,1999,,,,
Nissan,Quest,2000,,,,
Nissan,Quest,2001,,,,
Nissan,Quest,2002,,,,
Nissan,Quest,2003,,,,
Nissan,Quest,2004,,,,
Nissan,Quest,2005,,,,
Nissan,Quest,2006,,,,
Nissan,Quest,2007,,,,
Nissan,Quest,2008,,,,
Nissan,Quest,2009,,,,
Nissan,Quest,2011,,,,
Nissan,Quest,2012,,,,
Nissan,Quest,2013,,,,
Nissan,Quest,2014,,,,
Nissan,Quest,2015,,,,
Nissan,Quest,2016,,,,
Nissan,Quest,2017,,,,
Nissan,Rogue,2008,,,,
Nissan,Rogue,2009,,,,
Nissan,Rogue,2010,,,,
Nissan,Rogue,2011,,,,
Nissan,Rogue,2012,,,,
Nissan,Rogue,2013,,,,
Nissan,Rogue,2014,,,,
Nissan,Rogue,2015,,,,
Nissan,Rogue,2016,,,,
Nissan,Rogue,2017,,,,
Nissan,Rogue,2018,,,,
Nissan,Rogue,2019,,,,
Nissan,Rogue,2020,,,,
Nissan,Rogue,2021,,,,
Nissan,Rogue,2022,,,,
Nissan,Rogue,2023,,,,
Nissan,Rogue,2024,,,,
Nissan,Rogue,2025,,,,
Nissan,Rogue Select,2014,,,,
Nissan,Rogue Sport,2017,,,,
Nissan,Rogue Sport,2018,,,,
Nissan,Rogue Sport,2019,,,,
Nissan,Rogue Sport,2020,,,,
Nissan,Rogue Sport,2021,,,,
Nissan,Rogue Sport,2022,,,,
Nissan,Sentra,1982,,,,
Nissan,Sentra,1983,,,,
Nissan,Sentra,1984,,,,
Nissan,Sentra,1985,,,,
Nissan,Sentra,1986,,,,
Nissan,Sentra,1987,,,,
Nissan,Sentra,1988,,,,
Nissan,Sentra,1989,,,,
Nissan,Sentra,1990,,,,
Nissan,Sentra,1991,,,,
Nissan,Sentra,1992,,,,
Nissan,Sentra,1993,,,,
Nissan,Sentra,1994,,,,
Nissan,Sentra,1995,,,,
Nissan,Sentra,1996,,,,
Nissan,Sentra,1997,,,,
Nissan,Sentra,1998,,,,
Nissan,Sentra,1999,,,,
Nissan,Sentra,2000,,,,
Nissan,Sentra,2001,,,,
Nissan,Sentra,2002,,,,
Nissan,Sentra,2003,,,,
Nissan,Sentra,2004,,,,
Nissan,Sentra,2005,,,,
Nissan,Sentra,2006,,,,
Nissan,Sentra,2007,,,,
Nissan,Sentra,2008,,,,
Nissan,Sentra,2009,,,,
Nissan,Sentra,2010,,,,
Nissan,Sentra,2011,,,,
Nissan,Sentra,2012,,,,
Nissan,Sentra,2013,,,,
Nissan,Sentra,2014,,,,
Nissan,Sentra,2015,,,,
Nissan,Sentra,2016,,,,
Nissan,Sentra,2017,,,,
Nissan,Sentra,2018,,,,
Nissan,Sentra,2019,,,,
Nissan,Sentra,2020,,,,
Nissan,Sentra,2021,,,,
Nissan,Sentra,2022,,,,
Nissan,Sentra,2023,,,,
Nissan,Sentra,2024,,,,
Nissan,Sentra,2025,,,,
Nissan,Sentra Classic,1991,,,,
Nissan,Sentra Classic,1992,,,,
Nissan,Sentra Classic,1995,,,,
Nissan,Sentra SE-R,1991,,,,
Nissan,Skyline GT-R,1995,,,,
Nissan,Skyline GT-R,1999,,,,
Nissan,Skyline GT-R,2001,,,,
Nissan,Stanza,1981,,,,
Nissan,Stanza,1982,,,,
Nissan,Stanza,1983,,,,
Nissan,Stanza,1984,,,,
Nissan,Stanza,1985,,,,
Nissan,Stanza,1986,,,,
Nissan,Stanza,1987,,,,
Nissan,Stanza,1988,,,,
Nissan,Stanza,1989,,,,
Nissan,Stanza,1990,,,,
Nissan,Stanza,1991,,,,
Nissan,Stanza,1992,,,,
Nissan,Stanza Wagon,1986,,,,
Nissan,Stanza Wagon,1987,,,,
Nissan,Stanza Wagon,1988,,,,
Nissan,Stanza Wagon,1989,,,,
Nissan,Titan,2002,,,,
Nissan,Titan,2003,,,,
Nissan,Titan,2004,,,,
Nissan,Titan,2005,,,,
Nissan,Titan,2006,,,,
Nissan,Titan,2007,,,,
Nissan,Titan,2008,,,,
Nissan,Titan,2009,,,,
Nissan,Titan,2010,,,,
Nissan,Titan,2011,,,,
Nissan,Titan,2012,,,,
Nissan,Titan,2013,,,,
Nissan,Titan,2014,,,,
Nissan,Titan,2015,,,,
Nissan,Titan,2016,,,,
Nissan,Titan,2017,,,,
Nissan,Titan,2018,,,,
Nissan,Titan,2019,,,,
Nissan,Titan,2020,,,,
Nissan,Titan,2021,,,,
Nissan,Titan,2022,,,,
Nissan,Titan,2023,,,,
Nissan,Titan,2024,,,,
Nissan,Van,1987,,,,
Nissan,Van,1988,,,,
Nissan,Van,1989,,,,
Nissan,Van,1990,,,,
Nissan,Versa,2007,,,,
Nissan,Versa,2008,,,,
Nissan,Versa,2009,,,,
Nissan,Versa,2010,,,,
Nissan,Versa,2011,,,,
Nissan,Versa,2012,,,,
Nissan,Versa,2013,,,,
Nissan,Versa,2014,,,,
Nissan,Versa,2015,,,,
Nissan,Versa,2016,,,,
Nissan,Versa,2017,,,,
Nissan,Versa,2018,,,,
Nissan,Versa,2019,,,,
Nissan,Versa,2020,,,,
Nissan,Versa,2021,,,,
Nissan,Versa,2022,,,,
Nissan,Versa,2023,,,,
Nissan,Versa,2024,,,,
Nissan,Versa,2025,,,,
Nissan,Versa Note,2014,,,,
Nissan,Versa Note,2015,,,,
Nissan,Versa Note,2016,,,,
Nissan,Versa Note,2017,,,,
Nissan,Versa Note,2018,,,,
Nissan,Versa Note,2019,,,,
Nissan,Versa Note,2020,,,,
Nissan,X-Trail,2005,,,,
Nissan,X-Trail,2006,,,,
Nissan,Xterra,2000,,,,
Nissan,Xterra,2001,,,,
Nissan,Xterra,2002,,,,
Nissan,Xterra,2003,,,,
Nissan,Xterra,2004,,,,
Nissan,Xterra,2005,,,,
Nissan,Xterra,2006,,,,
Nissan,Xterra,2007,,,,
Nissan,Xterra,2008,,,,
Nissan,Xterra,2009,,,,
Nissan,Xterra,2010,,,,
Nissan,Xterra,2011,,,,
Nissan,Xterra,2012,,,,
Nissan,Xterra,2013,,,,
Nissan,Xterra,2014,,,,
Nissan,Xterra,2015,,,,
Oldsmobile,Achieva,1992,,,,
Oldsmobile,Achieva,1993,,,,
Oldsmobile,Achieva,1994,,,,
Oldsmobile,Achieva,1995,,,,
Oldsmobile,Achieva,1996,,,,
Oldsmobile,Achieva,1997,,,,
Oldsmobile,Achieva,1998,,,,
Oldsmobile,Alero,1999,,,,
Oldsmobile,Alero,2000,,,,
Oldsmobile,Alero,2001,,,,
Oldsmobile,Alero,2002,,,,
Oldsmobile,Alero,2003,,,,
Oldsmobile,Alero,2004,,,,
Oldsmobile,Aurora,1995,,,,
Oldsmobile,Aurora,1996,,,,
Oldsmobile,Aurora,1997,,,,
Oldsmobile,Aurora,1998,,,,
Oldsmobile,Aurora,1999,,,,
Oldsmobile,Aurora,2001,,,,
Oldsmobile,Aurora,2002,,,,
Oldsmobile,Aurora,2003,,,,
Oldsmobile,Bravada,1991,,,,
Oldsmobile,Bravada,1992,,,,
Oldsmobile,Bravada,1993,,,,
Oldsmobile,Bravada,1994,,,,
Oldsmobile,Bravada,1995,,,,
Oldsmobile,Bravada,1996,,,,
Oldsmobile,Bravada,1997,,,,
Oldsmobile,Bravada,1998,,,,
Oldsmobile,Bravada,1999,,,,
Oldsmobile,Bravada,2000,,,,
Oldsmobile,Bravada,2001,,,,
Oldsmobile,Bravada,2002,,,,
Oldsmobile,Bravada,2003,,,,
Oldsmobile,Bravada,2004,,,,
Oldsmobile,Custom Cruiser,1981,,,,
Oldsmobile,Custom Cruiser,1982,,,,
Oldsmobile,Custom Cruiser,1983,,,,
Oldsmobile,Custom Cruiser,1984,,,,
Oldsmobile,Custom Cruiser,1985,,,,
Oldsmobile,Custom Cruiser,1986,,,,
Oldsmobile,Custom Cruiser,1987,,,,
Oldsmobile,Custom Cruiser,1988,,,,
Oldsmobile,Custom Cruiser,1989,,,,
Oldsmobile,Custom Cruiser,1990,,,,
Oldsmobile,Custom Cruiser,1991,,,,
Oldsmobile,Custom Cruiser,1992,,,,
Oldsmobile,Custom Cruiser,1993,,,,
Oldsmobile,Cutlass,1981,,,,
Oldsmobile,Cutlass,1997,,,,
Oldsmobile,Cutlass,1998,,,,
Oldsmobile,Cutlass,1999,,,,
Oldsmobile,Cutlass Calais,1981,,,,
Oldsmobile,Cutlass Calais,1982,,,,
Oldsmobile,Cutlass Calais,1983,,,,
Oldsmobile,Cutlass Calais,1984,,,,
Oldsmobile,Cutlass Calais,1985,,,,
Oldsmobile,Cutlass Calais,1986,,,,
Oldsmobile,Cutlass Calais,1987,,,,
Oldsmobile,Cutlass Calais,1988,,,,
Oldsmobile,Cutlass Calais,1989,,,,
Oldsmobile,Cutlass Calais,1990,,,,
Oldsmobile,Cutlass Calais,1991,,,,
Oldsmobile,Cutlass Ciera,1982,,,,
Oldsmobile,Cutlass Ciera,1983,,,,
Oldsmobile,Cutlass Ciera,1984,,,,
Oldsmobile,Cutlass Ciera,1985,,,,
Oldsmobile,Cutlass Ciera,1986,,,,
Oldsmobile,Cutlass Ciera,1987,,,,
Oldsmobile,Cutlass Ciera,1988,,,,
Oldsmobile,Cutlass Ciera,1989,,,,
Oldsmobile,Cutlass Ciera,1990,,,,
Oldsmobile,Cutlass Ciera,1991,,,,
Oldsmobile,Cutlass Ciera,1992,,,,
Oldsmobile,Cutlass Ciera,1993,,,,
Oldsmobile,Cutlass Ciera,1994,,,,
Oldsmobile,Cutlass Ciera,1995,,,,
Oldsmobile,Cutlass Ciera,1996,,,,
Oldsmobile,Cutlass Cruiser,1981,,,,
Oldsmobile,Cutlass Cruiser,1982,,,,
Oldsmobile,Cutlass Cruiser,1983,,,,
Oldsmobile,Cutlass Salon,1985,,,,
Oldsmobile,Cutlass Salon,1986,,,,
Oldsmobile,Cutlass Salon,1987,,,,
Oldsmobile,Cutlass Supreme,1981,,,,
Oldsmobile,Cutlass Supreme,1982,,,,
Oldsmobile,Cutlass Supreme,1983,,,,
Oldsmobile,Cutlass Supreme,1984,,,,
Oldsmobile,Cutlass Supreme,1985,,,,
Oldsmobile,Cutlass Supreme,1986,,,,
Oldsmobile,Cutlass Supreme,1987,,,,
Oldsmobile,Cutlass Supreme,1988,,,,
Oldsmobile,Cutlass Supreme,1989,,,,
Oldsmobile,Cutlass Supreme,1990,,,,
Oldsmobile,Cutlass Supreme,1991,,,,
Oldsmobile,Cutlass Supreme,1992,,,,
Oldsmobile,Cutlass Supreme,1993,,,,
Oldsmobile,Cutlass Supreme,1994,,,,
Oldsmobile,Cutlass Supreme,1995,,,,
Oldsmobile,Cutlass Supreme,1996,,,,
Oldsmobile,Cutlass Supreme,1997,,,,
Oldsmobile,Delta 88,1981,,,,
Oldsmobile,Delta 88,1982,,,,
Oldsmobile,Delta 88,1983,,,,
Oldsmobile,Delta 88,1984,,,,
Oldsmobile,Delta 88,1985,,,,
Oldsmobile,Delta 88,1986,,,,
Oldsmobile,Delta 88,1987,,,,
Oldsmobile,Delta 88,1988,,,,
Oldsmobile,Eighty Eight (88),1989,,,,
Oldsmobile,Eighty Eight (88),1990,,,,
Oldsmobile,Eighty Eight (88),1991,,,,
Oldsmobile,Eighty Eight (88),1992,,,,
Oldsmobile,Eighty Eight (88),1993,,,,
Oldsmobile,Eighty Eight (88),1994,,,,
Oldsmobile,Eighty Eight (88),1995,,,,
Oldsmobile,Eighty Eight (88),1996,,,,
Oldsmobile,Eighty Eight (88),1997,,,,
Oldsmobile,Eighty Eight (88),1998,,,,
Oldsmobile,Eighty Eight (88),1999,,,,
Oldsmobile,Firenza,1982,,,,
Oldsmobile,Firenza,1983,,,,
Oldsmobile,Firenza,1984,,,,
Oldsmobile,Firenza,1985,,,,
Oldsmobile,Firenza,1986,,,,
Oldsmobile,Firenza,1987,,,,
Oldsmobile,Firenza,1988,,,,
Oldsmobile,Intrigue,1998,,,,
Oldsmobile,Intrigue,1999,,,,
Oldsmobile,Intrigue,2000,,,,
Oldsmobile,Intrigue,2001,,,,
Oldsmobile,Intrigue,2002,,,,
Oldsmobile,LSS,1996,,,,
Oldsmobile,LSS,1997,,,,
Oldsmobile,LSS,1998,,,,
Oldsmobile,LSS,1999,,,,
Oldsmobile,Ninety Eight (98),1981,,,,
Oldsmobile,Ninety Eight (98),1982,,,,
Oldsmobile,Ninety Eight (98),1983,,,,
Oldsmobile,Ninety Eight (98),1984,,,,
Oldsmobile,Ninety Eight (98),1985,,,,
Oldsmobile,Ninety Eight (98),1986,,,,
Oldsmobile,Ninety Eight (98),1987,,,,
Oldsmobile,Ninety Eight (98),1988,,,,
Oldsmobile,Ninety Eight (98),1989,,,,
Oldsmobile,Ninety Eight (98),1990,,,,
Oldsmobile,Ninety Eight (98),1991,,,,
Oldsmobile,Ninety Eight (98),1992,,,,
Oldsmobile,Ninety Eight (98),1993,,,,
Oldsmobile,Ninety Eight (98),1994,,,,
Oldsmobile,Ninety Eight (98),1995,,,,
Oldsmobile,Ninety Eight (98),1996,,,,
Oldsmobile,Omega,1981,,,,
Oldsmobile,Omega,1982,,,,
Oldsmobile,Omega,1983,,,,
Oldsmobile,Omega,1984,,,,
Oldsmobile,Regency,1997,,,,
Oldsmobile,Regency,1998,,,,
Oldsmobile,Regency,1999,,,,
Oldsmobile,Silhouette,1990,,,,
Oldsmobile,Silhouette,1991,,,,
Oldsmobile,Silhouette,1992,,,,
Oldsmobile,Silhouette,1993,,,,
Oldsmobile,Silhouette,1994,,,,
Oldsmobile,Silhouette,1995,,,,
Oldsmobile,Silhouette,1996,,,,
Oldsmobile,Silhouette,1997,,,,
Oldsmobile,Silhouette,1998,,,,
Oldsmobile,Silhouette,1999,,,,
Oldsmobile,Silhouette,2000,,,,
Oldsmobile,Silhouette,2001,,,,
Oldsmobile,Silhouette,2002,,,,
Oldsmobile,Silhouette,2003,,,,
Oldsmobile,Silhouette,2004,,,,
Oldsmobile,Toronado,1981,,,,
Oldsmobile,Toronado,1982,,,,
Oldsmobile,Toronado,1983,,,,
Oldsmobile,Toronado,1984,,,,
Oldsmobile,Toronado,1985,,,,
Oldsmobile,Toronado,1986,,,,
Oldsmobile,Toronado,1987,,,,
Oldsmobile,Toronado,1988,,,,
Oldsmobile,Toronado,1989,,,,
Oldsmobile,Toronado,1990,,,,
Oldsmobile,Toronado,1991,,,,
Oldsmobile,Toronado,1992,,,,
Oldsmobile,Toronado,1993,,,,
Packard,Twelve,1936,,,,
Pagani,Huayra,2015,,,,
Pagani,Huayra,2016,,,,
Pagani,Huayra,2017,,,,
Pagani,Huayra,2018,,,,
Pagani,Huayra,2019,,,,
Pagani,Huayra,2020,,,,
Pagani,Huayra,2021,,,,
Pagani,Huayra,2022,,,,
Pagani,Huayra,2023,,,,
Pagani,Huayra,2024,,,,
Pagani,Huayra,2025,,,,
Pagani,Utopia,2024,,,,
Pagani,Utopia,2025,,,,
Panoz,Panoz Roadster,1997,,,,
Panoz,Panoz Roadster,1998,,,,
Panoz,Panoz Roadster,1999,,,,
Panoz,Panoz Roadster,2000,,,,
Panoz,Panoz Roadster,2001,,,,
Panoz,Panoz Roadster,2002,,,,
Panoz,Panoz Roadster,2003,,,,
Panoz,Panoz Roadster,2004,,,,
Panoz,Panoz Roadster,2005,,,,
Panoz,Panoz Roadster,2006,,,,
Panoz,Panoz Roadster,2007,,,,
Panoz,Panoz Roadster,2008,,,,
Panoz,Panoz Roadster,2009,,,,
Panoz,Panoz Roadster,2010,,,,
Panoz,Panoz Roadster,2011,,,,
Panoz,Panoz Roadster,2012,,,,
Panoz,Panoz Roadster,2013,,,,
Panoz,Panoz Roadster,2014,,,,
Panoz,Panoz Roadster,2015,,,,
Panoz,Panoz Roadster,2016,,,,
Panoz,Panoz Roadster,2017,,,,
Panoz,Panoz Roadster,2018,,,,
Panoz,Panoz Roadster,2019,,,,
Panoz,Panoz Roadster,2020,,,,
Panoz,Panoz Roadster,2021,,,,
Panoz,Panoz Roadster,2022,,,,
Panoz,Panoz Roadster,2023,,,,
Panoz,Panoz Roadster,2024,,,,
Panoz,Panoz Roadster,2025,,,,
Peugeot,405,1984,,,,
Peugeot,405,1985,,,,
Peugeot,405,1986,,,,
Peugeot,405,1987,,,,
Peugeot,405,1988,,,,
Peugeot,405,1989,,,,
Peugeot,405,1990,,,,
Peugeot,405,1991,,,,
Peugeot,405,1992,,,,
Peugeot,504,1981,,,,
Peugeot,504,1982,,,,
Peugeot,504,1983,,,,
Peugeot,505,1981,,,,
Peugeot,505,1982,,,,
Peugeot,505,1983,,,,
Peugeot,505,1984,,,,
Peugeot,505,1985,,,,
Peugeot,505,1986,,,,
Peugeot,505,1987,,,,
Peugeot,505,1988,,,,
Peugeot,505,1989,,,,
Peugeot,505,1990,,,,
Peugeot,505,1991,,,,
Peugeot,505,1992,,,,
Peugeot,604,1981,,,,
Peugeot,604,1982,,,,
Peugeot,604,1983,,,,
Plymouth,Acclaim,1981,,,,
Plymouth,Acclaim,1982,,,,
Plymouth,Acclaim,1983,,,,
Plymouth,Acclaim,1984,,,,
Plymouth,Acclaim,1985,,,,
Plymouth,Acclaim,1986,,,,
Plymouth,Acclaim,1987,,,,
Plymouth,Acclaim,1988,,,,
Plymouth,Acclaim,1989,,,,
Plymouth,Acclaim,1990,,,,
Plymouth,Acclaim,1991,,,,
Plymouth,Acclaim,1992,,,,
Plymouth,Acclaim,1993,,,,
Plymouth,Acclaim,1994,,,,
Plymouth,Acclaim,1995,,,,
Plymouth,Arrow,1981,,,,
Plymouth,Arrow,1982,,,,
Plymouth,Barracuda,1970,,,,
Plymouth,Breeze,1996,,,,
Plymouth,Breeze,1997,,,,
Plymouth,Breeze,1998,,,,
Plymouth,Breeze,1999,,,,
Plymouth,Breeze,2000,,,,
Plymouth,Caravelle,1981,,,,
Plymouth,Caravelle,1982,,,,
Plymouth,Caravelle,1983,,,,
Plymouth,Caravelle,1984,,,,
Plymouth,Caravelle,1985,,,,
Plymouth,Caravelle,1986,,,,
Plymouth,Caravelle,1987,,,,
Plymouth,Caravelle,1988,,,,
Plymouth,Champ,1981,,,,
Plymouth,Champ,1982,,,,
Plymouth,Colt,1983,,,,
Plymouth,Colt,1984,,,,
Plymouth,Colt,1985,,,,
Plymouth,Colt,1986,,,,
Plymouth,Colt,1987,,,,
Plymouth,Colt,1988,,,,
Plymouth,Colt,1989,,,,
Plymouth,Colt,1990,,,,
Plymouth,Colt,1991,,,,
Plymouth,Colt,1992,,,,
Plymouth,Colt,1993,,,,
Plymouth,Colt,1994,,,,
Plymouth,Conquest,1984,,,,
Plymouth,Conquest,1985,,,,
Plymouth,Conquest,1986,,,,
Plymouth,Fury,1958,,,,
Plymouth,Gran Fury,1981,,,,
Plymouth,Gran Fury,1982,,,,
Plymouth,Gran Fury,1983,,,,
Plymouth,Gran Fury,1984,,,,
Plymouth,Gran Fury,1985,,,,
Plymouth,Gran Fury,1986,,,,
Plymouth,Gran Fury,1987,,,,
Plymouth,Gran Fury,1988,,,,
Plymouth,Gran Fury,1989,,,,
Plymouth,Grand Voyager,1988,,,,
Plymouth,Grand Voyager,1989,,,,
Plymouth,Grand Voyager,1990,,,,
Plymouth,Grand Voyager,1991,,,,
Plymouth,Grand Voyager,1992,,,,
Plymouth,Grand Voyager,1993,,,,
Plymouth,Grand Voyager,1994,,,,
Plymouth,Grand Voyager,1995,,,,
Plymouth,Grand Voyager,1996,,,,
Plymouth,Grand Voyager,1997,,,,
Plymouth,Grand Voyager,1998,,,,
Plymouth,Grand Voyager,1999,,,,
Plymouth,Grand Voyager,2000,,,,
Plymouth,Horizon,1981,,,,
Plymouth,Horizon,1982,,,,
Plymouth,Horizon,1983,,,,
Plymouth,Horizon,1984,,,,
Plymouth,Horizon,1985,,,,
Plymouth,Horizon,1986,,,,
Plymouth,Horizon,1987,,,,
Plymouth,Horizon,1988,,,,
Plymouth,Horizon,1989,,,,
Plymouth,Horizon,1990,,,,
Plymouth,Laser,1990,,,,
Plymouth,Laser,1991,,,,
Plymouth,Laser,1992,,,,
Plymouth,Laser,1993,,,,
Plymouth,Laser,1994,,,,
Plymouth,Neon,1994,,,,
Plymouth,Neon,1995,,,,
Plymouth,Neon,1996,,,,
Plymouth,Neon,1997,,,,
Plymouth,Neon,1998,,,,
Plymouth,Neon,1999,,,,
Plymouth,Neon,2000,,,,
Plymouth,Neon,2001,,,,
Plymouth,Neon,2002,,,,
Plymouth,Prowler,1997,,,,
Plymouth,Prowler,1999,,,,
Plymouth,Prowler,2000,,,,
Plymouth,Prowler,2001,,,,
Plymouth,Prowler,2002,,,,
Plymouth,Reliant,1981,,,,
Plymouth,Reliant,1982,,,,
Plymouth,Reliant,1983,,,,
Plymouth,Reliant,1984,,,,
Plymouth,Reliant,1985,,,,
Plymouth,Reliant,1986,,,,
Plymouth,Reliant,1987,,,,
Plymouth,Reliant,1988,,,,
Plymouth,Reliant,1989,,,,
Plymouth,Road Runner,1968,,,,
Plymouth,Sapporo,1981,,,,
Plymouth,Sapporo,1982,,,,
Plymouth,Sapporo,1983,,,,
Plymouth,Scamp,1983,,,,
Plymouth,Sundance,1987,,,,
Plymouth,Sundance,1988,,,,
Plymouth,Sundance,1989,,,,
Plymouth,Sundance,1990,,,,
Plymouth,Sundance,1991,,,,
Plymouth,Sundance,1992,,,,
Plymouth,Sundance,1993,,,,
Plymouth,Sundance,1994,,,,
Plymouth,Trailduster,1981,,,,
Plymouth,Trailduster,1982,,,,
Plymouth,Trailduster,1983,,,,
Plymouth,Turismo,1985,,,,
Plymouth,Turismo,1986,,,,
Plymouth,Turismo,1987,,,,
Plymouth,Turismo,1988,,,,
Plymouth,Voyager,1981,,,,
Plymouth,Voyager,1982,,,,
Plymouth,Voyager,1983,,,,
Plymouth,Voyager,1984,,,,
Plymouth,Voyager,1985,,,,
Plymouth,Voyager,1986,,,,
Plymouth,Voyager,1987,,,,
Plymouth,Voyager,1988,,,,
Plymouth,Voyager,1989,,,,
Plymouth,Voyager,1990,,,,
Plymouth,Voyager,1991,,,,
Plymouth,Voyager,1992,,,,
Plymouth,Voyager,1993,,,,
Plymouth,Voyager,1994,,,,
Plymouth,Voyager,1995,,,,
Plymouth,Voyager,1996,,,,
Plymouth,Voyager,1997,,,,
Plymouth,Voyager,1998,,,,
Plymouth,Voyager,1999,,,,
Plymouth,Voyager,2000,,,,
Polestar,Polestar 1,2019,,,,
Polestar,Polestar 1,2020,,,,
Polestar,Polestar 1,2021,,,,
Polestar,Polestar 2,2021,,,,
Polestar,Polestar 2,2022,,,,
Polestar,Polestar 2,2023,,,,
Polestar,Polestar 2,2024,,,,
Polestar,Polestar 2,2025,,,,
Polestar,Polestar 3,2025,,,,
Polestar,Polestar 4,2025,,,,
Pontiac,6000,1981,,,,
Pontiac,6000,1982,,,,
Pontiac,6000,1983,,,,
Pontiac,6000,1984,,,,
Pontiac,6000,1985,,,,
Pontiac,6000,1986,,,,
Pontiac,6000,1987,,,,
Pontiac,6000,1988,,,,
Pontiac,6000,1989,,,,
Pontiac,6000,1990,,,,
Pontiac,6000,1991,,,,
Pontiac,Acadian,1981,,,,
Pontiac,Acadian,1982,,,,
Pontiac,Acadian,1983,,,,
Pontiac,Acadian,1984,,,,
Pontiac,Acadian,1985,,,,
Pontiac,Acadian,1986,,,,
Pontiac,Acadian,1987,,,,
Pontiac,Aztek,2000,,,,
Pontiac,Aztek,2001,,,,
Pontiac,Aztek,2002,,,,
Pontiac,Aztek,2003,,,,
Pontiac,Aztek,2004,,,,
Pontiac,Aztek,2005,,,,
Pontiac,Bonneville,1981,,,,
Pontiac,Bonneville,1982,,,,
Pontiac,Bonneville,1983,,,,
Pontiac,Bonneville,1984,,,,
Pontiac,Bonneville,1985,,,,
Pontiac,Bonneville,1986,,,,
Pontiac,Bonneville,1987,,,,
Pontiac,Bonneville,1988,,,,
Pontiac,Bonneville,1989,,,,
Pontiac,Bonneville,1990,,,,
Pontiac,Bonneville,1991,,,,
Pontiac,Bonneville,1992,,,,
Pontiac,Bonneville,1993,,,,
Pontiac,Bonneville,1994,,,,
Pontiac,Bonneville,1995,,,,
Pontiac,Bonneville,1996,,,,
Pontiac,Bonneville,1997,,,,
Pontiac,Bonneville,1998,,,,
Pontiac,Bonneville,1999,,,,
Pontiac,Bonneville,2000,,,,
Pontiac,Bonneville,2001,,,,
Pontiac,Bonneville,2002,,,,
Pontiac,Bonneville,2003,,,,
Pontiac,Bonneville,2004,,,,
Pontiac,Bonneville,2005,,,,
Pontiac,Catalina,1981,,,,
Pontiac,Fiero,1984,,,,
Pontiac,Fiero,1985,,,,
Pontiac,Fiero,1986,,,,
Pontiac,Fiero,1987,,,,
Pontiac,Fiero,1988,,,,
Pontiac,Firebird,1969,,,,
Pontiac,Firebird,1981,,,,
Pontiac,Firebird,1982,,,,
Pontiac,Firebird,1983,,,,
Pontiac,Firebird,1984,,,,
Pontiac,Firebird,1985,,,,
Pontiac,Firebird,1986,,,,
Pontiac,Firebird,1987,,,,
Pontiac,Firebird,1988,,,,
Pontiac,Firebird,1989,,,,
Pontiac,Firebird,1990,,,,
Pontiac,Firebird,1991,,,,
Pontiac,Firebird,1992,,,,
Pontiac,Firebird,1993,,,,
Pontiac,Firebird,1994,,,,
Pontiac,Firebird,1995,,,,
Pontiac,Firebird,1996,,,,
Pontiac,Firebird,1997,,,,
Pontiac,Firebird,1998,,,,
Pontiac,Firebird,1999,,,,
Pontiac,Firebird,2000,,,,
Pontiac,Firebird,2001,,,,
Pontiac,Firebird,2002,,,,
Pontiac,Firefly,1985,,,,
Pontiac,Firefly,1986,,,,
Pontiac,Firefly,1987,,,,
Pontiac,Firefly,1988,,,,
Pontiac,Firefly,1989,,,,
Pontiac,Firefly,1990,,,,
Pontiac,Firefly,1991,,,,
Pontiac,Firefly,1992,,,,
Pontiac,Firefly,1993,,,,
Pontiac,Firefly,1994,,,,
Pontiac,Firefly,1995,,,,
Pontiac,G3,2008,,,,
Pontiac,G3,2009,,,,
Pontiac,G3,2010,,,,
Pontiac,G5,2007,,,,
Pontiac,G5,2008,,,,
Pontiac,G5,2009,,,,
Pontiac,G5,2010,,,,
Pontiac,G6,2005,,,,
Pontiac,G6,2006,,,,
Pontiac,G6,2007,,,,
Pontiac,G6,2008,,,,
Pontiac,G6,2009,,,,
Pontiac,G6,2010,,,,
Pontiac,G8,2008,,,,
Pontiac,G8,2009,,,,
Pontiac,G8,2010,,,,
Pontiac,Grand AM,1985,,,,
Pontiac,Grand AM,1986,,,,
Pontiac,Grand AM,1987,,,,
Pontiac,Grand AM,1988,,,,
Pontiac,Grand AM,1989,,,,
Pontiac,Grand AM,1990,,,,
Pontiac,Grand AM,1991,,,,
Pontiac,Grand AM,1992,,,,
Pontiac,Grand AM,1993,,,,
Pontiac,Grand AM,1994,,,,
Pontiac,Grand AM,1995,,,,
Pontiac,Grand AM,1996,,,,
Pontiac,Grand AM,1997,,,,
Pontiac,Grand AM,1998,,,,
Pontiac,Grand AM,1999,,,,
Pontiac,Grand AM,2000,,,,
Pontiac,Grand AM,2001,,,,
Pontiac,Grand AM,2002,,,,
Pontiac,Grand AM,2003,,,,
Pontiac,Grand AM,2004,,,,
Pontiac,Grand AM,2005,,,,
Pontiac,Grand Lemans,1981,,,,
Pontiac,Grand Lemans,1982,,,,
Pontiac,Grand Lemans,1983,,,,
Pontiac,Grand Prix,1981,,,,
Pontiac,Grand Prix,1982,,,,
Pontiac,Grand Prix,1983,,,,
Pontiac,Grand Prix,1984,,,,
Pontiac,Grand Prix,1985,,,,
Pontiac,Grand Prix,1986,,,,
Pontiac,Grand Prix,1987,,,,
Pontiac,Grand Prix,1988,,,,
Pontiac,Grand Prix,1989,,,,
Pontiac,Grand Prix,1990,,,,
Pontiac,Grand Prix,1991,,,,
Pontiac,Grand Prix,1992,,,,
Pontiac,Grand Prix,1993,,,,
Pontiac,Grand Prix,1994,,,,
Pontiac,Grand Prix,1995,,,,
Pontiac,Grand Prix,1996,,,,
Pontiac,Grand Prix,1997,,,,
Pontiac,Grand Prix,1998,,,,
Pontiac,Grand Prix,1999,,,,
Pontiac,Grand Prix,2000,,,,
Pontiac,Grand Prix,2001,,,,
Pontiac,Grand Prix,2002,,,,
Pontiac,Grand Prix,2003,,,,
Pontiac,Grand Prix,2004,,,,
Pontiac,Grand Prix,2005,,,,
Pontiac,Grand Prix,2006,,,,
Pontiac,Grand Prix,2007,,,,
Pontiac,Grand Prix,2008,,,,
Pontiac,GTO,1966,,,,
Pontiac,GTO,2004,,,,
Pontiac,GTO,2005,,,,
Pontiac,GTO,2006,,,,
Pontiac,J2000,1982,,,,
Pontiac,J2000,1983,,,,
Pontiac,Laurentian,1981,,,,
Pontiac,Lemans,1981,,,,
Pontiac,Lemans,1985,,,,
Pontiac,Lemans,1986,,,,
Pontiac,Lemans,1987,,,,
Pontiac,Lemans,1988,,,,
Pontiac,Lemans,1989,,,,
Pontiac,Lemans,1990,,,,
Pontiac,Lemans,1991,,,,
Pontiac,Lemans,1992,,,,
Pontiac,Lemans,1993,,,,
Pontiac,Matiz,2007,,,,
Pontiac,Matiz,2010,,,,
Pontiac,Montana,1999,,,,
Pontiac,Montana,2000,,,,
Pontiac,Montana,2001,,,,
Pontiac,Montana,2002,,,,
Pontiac,Montana,2003,,,,
Pontiac,Montana,2004,,,,
Pontiac,Montana SV6,2005,,,,
Pontiac,Montana SV6,2006,,,,
Pontiac,Montana SV6,2007,,,,
Pontiac,Montana SV6,2008,,,,
Pontiac,Montana SV6,2009,,,,
Pontiac,Parisienne,1981,,,,
Pontiac,Parisienne,1982,,,,
Pontiac,Parisienne,1983,,,,
Pontiac,Parisienne,1984,,,,
Pontiac,Parisienne,1985,,,,
Pontiac,Parisienne,1986,,,,
Pontiac,Parisienne,1987,,,,
Pontiac,Parisienne,1988,,,,
Pontiac,Parisienne,1989,,,,
Pontiac,Phoenix,1981,,,,
Pontiac,Phoenix,1982,,,,
Pontiac,Phoenix,1983,,,,
Pontiac,Phoenix,1984,,,,
Pontiac,Pursuit,2005,,,,
Pontiac,Pursuit,2006,,,,
Pontiac,Safari,1987,,,,
Pontiac,Safari,1988,,,,
Pontiac,Safari,1989,,,,
Pontiac,Solstice,2006,,,,
Pontiac,Solstice,2007,,,,
Pontiac,Solstice,2008,,,,
Pontiac,Solstice,2009,,,,
Pontiac,Solstice,2010,,,,
Pontiac,Solstice GXP,2007,,,,
Pontiac,Sunbird,1985,,,,
Pontiac,Sunbird,1986,,,,
Pontiac,Sunbird,1987,,,,
Pontiac,Sunbird,1988,,,,
Pontiac,Sunbird,1989,,,,
Pontiac,Sunbird,1990,,,,
Pontiac,Sunbird,1991,,,,
Pontiac,Sunbird,1992,,,,
Pontiac,Sunbird,1993,,,,
Pontiac,Sunbird,1994,,,,
Pontiac,Sunbird,1995,,,,
Pontiac,Sunbird 2000,1981,,,,
Pontiac,Sunbird 2000,1984,,,,
Pontiac,Sunburst,1985,,,,
Pontiac,Sunburst,1986,,,,
Pontiac,Sunburst,1987,,,,
Pontiac,Sunfire,1996,,,,
Pontiac,Sunfire,1997,,,,
Pontiac,Sunfire,1998,,,,
Pontiac,Sunfire,1999,,,,
Pontiac,Sunfire,2000,,,,
Pontiac,Sunfire,2001,,,,
Pontiac,Sunfire,2002,,,,
Pontiac,Sunfire,2003,,,,
Pontiac,Sunfire,2004,,,,
Pontiac,Sunfire,2005,,,,
Pontiac,T1000,1981,,,,
Pontiac,T1000,1982,,,,
Pontiac,T1000,1983,,,,
Pontiac,T1000,1984,,,,
Pontiac,T1000,1985,,,,
Pontiac,T1000,1986,,,,
Pontiac,T1000,1987,,,,
Pontiac,Tempest,1987,,,,
Pontiac,Tempest,1988,,,,
Pontiac,Tempest,1989,,,,
Pontiac,Tempest,1990,,,,
Pontiac,Tempest,1991,,,,
Pontiac,Torrent,2006,,,,
Pontiac,Torrent,2007,,,,
Pontiac,Torrent,2008,,,,
Pontiac,Torrent,2009,,,,
Pontiac,Trans Am,1977,,,,
Pontiac,Trans Sport,1990,,,,
Pontiac,Trans Sport,1991,,,,
Pontiac,Trans Sport,1992,,,,
Pontiac,Trans Sport,1993,,,,
Pontiac,Trans Sport,1994,,,,
Pontiac,Trans Sport,1995,,,,
Pontiac,Trans Sport,1996,,,,
Pontiac,Trans Sport,1997,,,,
Pontiac,Trans Sport,1998,,,,
Pontiac,Vibe,2003,,,,
Pontiac,Vibe,2004,,,,
Pontiac,Vibe,2005,,,,
Pontiac,Vibe,2006,,,,
Pontiac,Vibe,2007,,,,
Pontiac,Vibe,2008,,,,
Pontiac,Vibe,2009,,,,
Pontiac,Vibe,2010,,,,
Pontiac,Wave,2005,,,,
Pontiac,Wave,2006,,,,
Pontiac,Wave,2007,,,,
Pontiac,Wave,2008,,,,
Porsche,356,1955,,,,
Porsche,718 Boxster,2017,,,,
Porsche,718 Boxster,2018,,,,
Porsche,718 Boxster,2019,,,,
Porsche,718 Boxster,2020,,,,
Porsche,718 Boxster,2021,,,,
Porsche,718 Boxster,2022,,,,
Porsche,718 Boxster,2023,,,,
Porsche,718 Boxster,2024,,,,
Porsche,718 Boxster,2025,,,,
Porsche,718 Cayman,2017,,,,
Porsche,718 Cayman,2018,,,,
Porsche,718 Cayman,2019,,,,
Porsche,718 Cayman,2020,,,,
Porsche,718 Cayman,2021,,,,
Porsche,718 Cayman,2022,,,,
Porsche,718 Cayman,2023,,,,
Porsche,718 Cayman,2024,,,,
Porsche,718 Cayman,2025,,,,
Porsche,718 Cayman GT4,2022,,,,
Porsche,718 Spyder,2020,,,,
Porsche,718 Spyder,2022,,,,
Porsche,718 Spyder,2023,,,,
Porsche,718 Spyder,2024,,,,
Porsche,718 Spyder,2025,,,,
Porsche,911,1965,,,,
Porsche,911,1975,,,,
Porsche,911,1981,,,,
Porsche,911,1982,,,,
Porsche,911,1983,,,,
Porsche,911,1984,,,,
Porsche,911,1985,,,,
Porsche,911,1986,,,,
Porsche,911,1987,,,,
Porsche,911,1988,,,,
Porsche,911,1989,,,,
Porsche,911,1990,,,,
Porsche,911,1991,,,,
Porsche,911,1992,,,,
Porsche,911,1993,,,,
Porsche,911,1994,,,,
Porsche,911,1995,,,,
Porsche,911,1996,,,,
Porsche,911,1997,,,,
Porsche,911,1998,,,,
Porsche,911,1999,,,,
Porsche,911,2000,,,,
Porsche,911,2001,,,,
Porsche,911,2002,,,,
Porsche,911,2003,,,,
Porsche,911,2004,,,,
Porsche,911,2005,,,,
Porsche,911,2006,,,,
Porsche,911,2007,,,,
Porsche,911,2008,,,,
Porsche,911,2009,,,,
Porsche,911,2010,,,,
Porsche,911,2011,,,,
Porsche,911,2012,,,,
Porsche,911,2013,,,,
Porsche,911,2014,,,,
Porsche,911,2015,,,,
Porsche,911,2016,,,,
Porsche,911,2017,,,,
Porsche,911,2018,,,,
Porsche,911,2019,,,,
Porsche,911,2020,,,,
Porsche,911,2021,,,,
Porsche,911,2022,,,,
Porsche,911,2023,,,,
Porsche,911,2024,,,,
Porsche,911,2025,,,,
Porsche,911 Turbo,2001,,,,
Porsche,918,2015,,,,
Porsche,924,1981,,,,
Porsche,924,1982,,,,
Porsche,924,1985,,,,
Porsche,924,1986,,,,
Porsche,924,1987,,,,
Porsche,924,1988,,,,
Porsche,928,1981,,,,
Porsche,928,1982,,,,
Porsche,928,1983,,,,
Porsche,928,1984,,,,
Porsche,928,1985,,,,
Porsche,928,1989,,,,
Porsche,928,1990,,,,
Porsche,928,1991,,,,
Porsche,928,1992,,,,
Porsche,928,1993,,,,
Porsche,928,1994,,,,
Porsche,944,1981,,,,
Porsche,944,1982,,,,
Porsche,944,1983,,,,
Porsche,944,1984,,,,
Porsche,944,1985,,,,
Porsche,944,1986,,,,
Porsche,944,1987,,,,
Porsche,944,1988,,,,
Porsche,944,1989,,,,
Porsche,944,1990,,,,
Porsche,944,1991,,,,
Porsche,968,1992,,,,
Porsche,968,1993,,,,
Porsche,968,1994,,,,
Porsche,Boxster,1997,,,,
Porsche,Boxster,1998,,,,
Porsche,Boxster,1999,,,,
Porsche,Boxster,2000,,,,
Porsche,Boxster,2001,,,,
Porsche,Boxster,2002,,,,
Porsche,Boxster,2003,,,,
Porsche,Boxster,2004,,,,
Porsche,Boxster,2005,,,,
Porsche,Boxster,2006,,,,
Porsche,Boxster,2007,,,,
Porsche,Boxster,2008,,,,
Porsche,Boxster,2009,,,,
Porsche,Boxster,2010,,,,
Porsche,Boxster,2011,,,,
Porsche,Boxster,2012,,,,
Porsche,Boxster,2013,,,,
Porsche,Boxster,2014,,,,
Porsche,Boxster,2015,,,,
Porsche,Boxster,2016,,,,
Porsche,Cayenne,2003,,,,
Porsche,Cayenne,2004,,,,
Porsche,Cayenne,2005,,,,
Porsche,Cayenne,2006,,,,
Porsche,Cayenne,2007,,,,
Porsche,Cayenne,2008,,,,
Porsche,Cayenne,2009,,,,
Porsche,Cayenne,2010,,,,
Porsche,Cayenne,2011,,,,
Porsche,Cayenne,2012,,,,
Porsche,Cayenne,2013,,,,
Porsche,Cayenne,2014,,,,
Porsche,Cayenne,2015,,,,
Porsche,Cayenne,2016,,,,
Porsche,Cayenne,2017,,,,
Porsche,Cayenne,2018,,,,
Porsche,Cayenne,2019,,,,
Porsche,Cayenne,2020,,,,
Porsche,Cayenne,2021,,,,
Porsche,Cayenne,2022,,,,
Porsche,Cayenne,2023,,,,
Porsche,Cayenne,2024,,,,
Porsche,Cayenne,2025,,,,
Porsche,Cayman,2006,,,,
Porsche,Cayman,2007,,,,
Porsche,Cayman,2008,,,,
Porsche,Cayman,2009,,,,
Porsche,Cayman,2010,,,,
Porsche,Cayman,2011,,,,
Porsche,Cayman,2012,,,,
Porsche,Cayman,2013,,,,
Porsche,Cayman,2014,,,,
Porsche,Cayman,2015,,,,
Porsche,Cayman,2016,,,,
Porsche,Cayman GTS,2015,,,,
Porsche,Cayman S,2006,,,,
Porsche,Macan,2015,,,,
Porsche,Macan,2016,,,,
Porsche,Macan,2017,,,,
Porsche,Macan,2018,,,,
Porsche,Macan,2019,,,,
Porsche,Macan,2020,,,,
Porsche,Macan,2021,,,,
Porsche,Macan,2022,,,,
Porsche,Macan,2023,,,,
Porsche,Macan,2024,,,,
Porsche,Macan,2025,,,,
Porsche,Panamera,2010,,,,
Porsche,Panamera,2011,,,,
Porsche,Panamera,2012,,,,
Porsche,Panamera,2013,,,,
Porsche,Panamera,2014,,,,
Porsche,Panamera,2015,,,,
Porsche,Panamera,2016,,,,
Porsche,Panamera,2017,,,,
Porsche,Panamera,2018,,,,
Porsche,Panamera,2019,,,,
Porsche,Panamera,2020,,,,
Porsche,Panamera,2021,,,,
Porsche,Panamera,2022,,,,
Porsche,Panamera,2023,,,,
Porsche,Panamera,2024,,,,
Porsche,Panamera,2025,,,,
Porsche,Taycan,2020,,,,
Porsche,Taycan,2021,,,,
Porsche,Taycan,2022,,,,
Porsche,Taycan,2023,,,,
Porsche,Taycan,2024,,,,
Porsche,Taycan,2025,,,,
Ram,1500,2013,,,,
Ram,1500,2014,,,,
Ram,1500,2015,,,,
Ram,1500,2016,,,,
Ram,1500,2017,,,,
Ram,1500,2018,,,,
Ram,1500,2019,,,,
Ram,1500,2020,,,,
Ram,1500,2021,,,,
Ram,1500,2022,,,,
Ram,1500,2023,,,,
Ram,1500,2024,,,,
Ram,1500,2025,,,,
Ram,1500 TRX,2021,,,,
Ram,2500,2013,,,,
Ram,2500,2014,,,,
Ram,2500,2015,,,,
Ram,2500,2016,,,,
Ram,2500,2017,,,,
Ram,2500,2018,,,,
Ram,2500,2019,,,,
Ram,2500,2020,,,,
Ram,2500,2021,,,,
Ram,2500,2022,,,,
Ram,2500,2023,,,,
Ram,2500,2024,,,,
Ram,2500,2025,,,,
Ram,3500,2012,,,,
Ram,3500,2013,,,,
Ram,3500,2014,,,,
Ram,3500,2015,,,,
Ram,3500,2016,,,,
Ram,3500,2017,,,,
Ram,3500,2018,,,,
Ram,3500,2019,,,,
Ram,3500,2020,,,,
Ram,3500,2021,,,,
Ram,3500,2022,,,,
Ram,3500,2023,,,,
Ram,3500,2024,,,,
Ram,3500,2025,,,,
Ram,4000,2013,,,,
Ram,4000,2014,,,,
Ram,4000,2015,,,,
Ram,4000,2016,,,,
Ram,4000,2017,,,,
Ram,4000,2018,,,,
Ram,4000,2019,,,,
Ram,4000,2020,,,,
Ram,4000,2021,,,,
Ram,4000,2022,,,,
Ram,4000,2023,,,,
Ram,4500,2013,,,,
Ram,4500,2014,,,,
Ram,4500,2015,,,,
Ram,4500,2016,,,,
Ram,4500,2017,,,,
Ram,4500,2018,,,,
Ram,4500,2019,,,,
Ram,4500,2020,,,,
Ram,4500,2021,,,,
Ram,4500,2022,,,,
Ram,4500,2023,,,,
Ram,4500,2024,,,,
Ram,5500,2013,,,,
Ram,5500,2014,,,,
Ram,5500,2015,,,,
Ram,5500,2016,,,,
Ram,5500,2017,,,,
Ram,5500,2018,,,,
Ram,5500,2019,,,,
Ram,5500,2020,,,,
Ram,5500,2021,,,,
Ram,5500,2022,,,,
Ram,5500,2023,,,,
Ram,5500,2024,,,,
Ram,Cargo Van,2013,,,,
Ram,Cargo Van,2014,,,,
Ram,Cargo Van,2015,,,,
Ram,Cargo Van,2016,,,,
Ram,ProMaster 1500,2014,,,,
Ram,ProMaster 1500,2015,,,,
Ram,ProMaster 1500,2016,,,,
Ram,ProMaster 1500,2017,,,,
Ram,ProMaster 1500,2018,,,,
Ram,ProMaster 1500,2019,,,,
Ram,ProMaster 1500,2020,,,,
Ram,ProMaster 1500,2021,,,,
Ram,ProMaster 1500,2022,,,,
Ram,ProMaster 1500,2023,,,,
Ram,ProMaster 1500,2024,,,,
Ram,ProMaster 1500,2025,,,,
Ram,ProMaster 2500,2014,,,,
Ram,ProMaster 2500,2015,,,,
Ram,ProMaster 2500,2016,,,,
Ram,ProMaster 2500,2017,,,,
Ram,ProMaster 2500,2018,,,,
Ram,ProMaster 2500,2019,,,,
Ram,ProMaster 2500,2020,,,,
Ram,ProMaster 2500,2021,,,,
Ram,ProMaster 2500,2022,,,,
Ram,ProMaster 2500,2023,,,,
Ram,ProMaster 2500,2024,,,,
Ram,ProMaster 2500,2025,,,,
Ram,ProMaster 3500,2014,,,,
Ram,ProMaster 3500,2015,,,,
Ram,ProMaster 3500,2016,,,,
Ram,ProMaster 3500,2017,,,,
Ram,ProMaster 3500,2018,,,,
Ram,ProMaster 3500,2019,,,,
Ram,ProMaster 3500,2020,,,,
Ram,ProMaster 3500,2021,,,,
Ram,ProMaster 3500,2022,,,,
Ram,ProMaster 3500,2023,,,,
Ram,ProMaster 3500,2024,,,,
Ram,ProMaster 3500,2025,,,,
Ram,Promaster City,2015,,,,
Ram,Promaster City,2016,,,,
Ram,Promaster City,2017,,,,
Ram,Promaster City,2018,,,,
Ram,Promaster City,2019,,,,
Ram,Promaster City,2020,,,,
Ram,Promaster City,2021,,,,
Ram,Promaster City,2022,,,,
Ram,Ram 1500,2011,,,,
Ram,Ram 1500,2012,,,,
Ram,Ram 1500,2013,,,,
Ram,Ram 1500,2014,,,,
Ram,Ram 1500,2015,,,,
Ram,Ram 1500,2016,,,,
Ram,Ram 1500,2017,,,,
Ram,Ram 1500,2018,,,,
Ram,Ram 1500,2019,,,,
Ram,Ram 1500,2020,,,,
Ram,Ram 1500,2021,,,,
Ram,Ram 1500,2022,,,,
Ram,Ram 1500,2023,,,,
Ram,Ram 1500,2024,,,,
Ram,Ram 1500,2025,,,,
Ram,Ram 2500,2011,,,,
Ram,Ram 2500,2012,,,,
Ram,Ram 2500,2013,,,,
Ram,Ram 2500,2014,,,,
Ram,Ram 2500,2015,,,,
Ram,Ram 2500,2016,,,,
Ram,Ram 2500,2017,,,,
Ram,Ram 2500,2018,,,,
Ram,Ram 2500,2019,,,,
Ram,Ram 2500,2020,,,,
Ram,Ram 2500,2021,,,,
Ram,Ram 2500,2022,,,,
Ram,Ram 2500,2023,,,,
Ram,Ram 2500,2024,,,,
Ram,Ram 2500,2025,,,,
Ram,Ram 3500,2011,,,,
Ram,Ram 3500,2012,,,,
Ram,Ram 3500,2013,,,,
Ram,Ram 3500,2014,,,,
Ram,Ram 3500,2015,,,,
Ram,Ram 3500,2016,,,,
Ram,Ram 3500,2017,,,,
Ram,Ram 3500,2018,,,,
Ram,Ram 3500,2019,,,,
Ram,Ram 3500,2020,,,,
Ram,Ram 3500,2021,,,,
Ram,Ram 3500,2022,,,,
Ram,Ram 3500,2023,,,,
Ram,Ram 3500,2024,,,,
Ram,Ram 3500,2025,,,,
Renault,18i,1981,,,,
Renault,18i,1982,,,,
Renault,18i,1983,,,,
Renault,18i,1984,,,,
Renault,18i,1985,,,,
Renault,18i,1986,,,,
Renault,Alliance,1983,,,,
Renault,Alliance,1984,,,,
Renault,Alliance,1985,,,,
Renault,Alliance,1986,,,,
Renault,Alliance,1987,,,,
Renault,Encore,1984,,,,
Renault,Encore,1985,,,,
Renault,Encore,1986,,,,
Renault,Encore,1987,,,,
Renault,Fuego,1983,,,,
Renault,Fuego,1984,,,,
Renault,Fuego,1985,,,,
Renault,Fuego,1986,,,,
Renault,LeCar,1981,,,,
Renault,LeCar,1982,,,,
Renault,LeCar,1983,,,,
Rimac,Nevera,2022,,,,
Rimac,Nevera,2023,,,,
Rimac,Nevera,2024,,,,
Rimac,Nevera,2025,,,,
Rivian,EDV,2022,,,,
Rivian,EDV,2023,,,,
Rivian,EDV,2024,,,,
Rivian,EDV,2025,,,,
Rivian,R1S,2022,,,,
Rivian,R1S,2023,,,,
Rivian,R1S,2024,,,,
Rivian,R1S,2025,,,,
Rivian,R1T,2022,,,,
Rivian,R1T,2023,,,,
Rivian,R1T,2024,,,,
Rivian,R1T,2025,,,,
Rivian,RCV,2022,,,,
Rivian,RCV,2024,,,,
Rivian,RCV,2025,,,,
Rolls-Royce,Camargue,1981,,,,
Rolls-Royce,Camargue,1982,,,,
Rolls-Royce,Camargue,1983,,,,
Rolls-Royce,Camargue,1984,,,,
Rolls-Royce,Camargue,1985,,,,
Rolls-Royce,Camargue,1986,,,,
Rolls-Royce,Camargue,1987,,,,
Rolls-Royce,Corniche,1981,,,,
Rolls-Royce,Corniche,1982,,,,
Rolls-Royce,Corniche,1983,,,,
Rolls-Royce,Corniche,1984,,,,
Rolls-Royce,Corniche,1985,,,,
Rolls-Royce,Corniche,1986,,,,
Rolls-Royce,Corniche,1987,,,,
Rolls-Royce,Corniche,1988,,,,
Rolls-Royce,Corniche,1989,,,,
Rolls-Royce,Corniche,1990,,,,
Rolls-Royce,Corniche,1991,,,,
Rolls-Royce,Corniche,1992,,,,
Rolls-Royce,Corniche,1993,,,,
Rolls-Royce,Corniche,1994,,,,
Rolls-Royce,Corniche,1995,,,,
Rolls-Royce,Corniche,2000,,,,
Rolls-Royce,Corniche,2001,,,,
Rolls-Royce,Corniche,2002,,,,
Rolls-Royce,Cullinan,2019,,,,
Rolls-Royce,Cullinan,2020,,,,
Rolls-Royce,Cullinan,2021,,,,
Rolls-Royce,Cullinan,2022,,,,
Rolls-Royce,Cullinan,2023,,,,
Rolls-Royce,Cullinan,2024,,,,
Rolls-Royce,Cullinan,2025,,,,
Rolls-Royce,Dawn,2016,,,,
Rolls-Royce,Dawn,2017,,,,
Rolls-Royce,Dawn,2018,,,,
Rolls-Royce,Dawn,2019,,,,
Rolls-Royce,Dawn,2020,,,,
Rolls-Royce,Dawn,2021,,,,
Rolls-Royce,Flying Spur,1995,,,,
Rolls-Royce,Ghost,2010,,,,
Rolls-Royce,Ghost,2011,,,,
Rolls-Royce,Ghost,2012,,,,
Rolls-Royce,Ghost,2013,,,,
Rolls-Royce,Ghost,2014,,,,
Rolls-Royce,Ghost,2015,,,,
Rolls-Royce,Ghost,2016,,,,
Rolls-Royce,Ghost,2017,,,,
Rolls-Royce,Ghost,2018,,,,
Rolls-Royce,Ghost,2019,,,,
Rolls-Royce,Ghost,2020,,,,
Rolls-Royce,Ghost,2021,,,,
Rolls-Royce,Ghost,2022,,,,
Rolls-Royce,Ghost,2023,,,,
Rolls-Royce,Ghost,2024,,,,
Rolls-Royce,Ghost,2025,,,,
Rolls-Royce,Park Ward,1998,,,,
Rolls-Royce,Park Ward,1999,,,,
Rolls-Royce,Park Ward,2001,,,,
Rolls-Royce,Park Ward,2002,,,,
Rolls-Royce,Phantom,2004,,,,
Rolls-Royce,Phantom,2005,,,,
Rolls-Royce,Phantom,2006,,,,
Rolls-Royce,Phantom,2007,,,,
Rolls-Royce,Phantom,2008,,,,
Rolls-Royce,Phantom,2009,,,,
Rolls-Royce,Phantom,2010,,,,
Rolls-Royce,Phantom,2011,,,,
Rolls-Royce,Phantom,2012,,,,
Rolls-Royce,Phantom,2013,,,,
Rolls-Royce,Phantom,2014,,,,
Rolls-Royce,Phantom,2015,,,,
Rolls-Royce,Phantom,2016,,,,
Rolls-Royce,Phantom,2017,,,,
Rolls-Royce,Phantom,2018,,,,
Rolls-Royce,Phantom,2019,,,,
Rolls-Royce,Phantom,2020,,,,
Rolls-Royce,Phantom,2021,,,,
Rolls-Royce,Phantom,2022,,,,
Rolls-Royce,Phantom,2023,,,,
Rolls-Royce,Phantom,2024,,,,
Rolls-Royce,Phantom,2025,,,,
Rolls-Royce,Silver Dawn,1995,,,,
Rolls-Royce,Silver Dawn,1996,,,,
Rolls-Royce,Silver Dawn,1997,,,,
Rolls-Royce,Silver Ghost,1912,,,,
Rolls-Royce,Silver Seraph,1999,,,,
Rolls-Royce,Silver Seraph,2000,,,,
Rolls-Royce,Silver Seraph,2001,,,,
Rolls-Royce,Silver Seraph,2002,,,,
Rolls-Royce,Silver Spirit,1981,,,,
Rolls-Royce,Silver Spirit,1982,,,,
Rolls-Royce,Silver Spirit,1983,,,,
Rolls-Royce,Silver Spirit,1984,,,,
Rolls-Royce,Silver Spirit,1985,,,,
Rolls-Royce,Silver Spirit,1986,,,,
Rolls-Royce,Silver Spirit,1987,,,,
Rolls-Royce,Silver Spirit,1988,,,,
Rolls-Royce,Silver Spirit,1989,,,,
Rolls-Royce,Silver Spirit,1990,,,,
Rolls-Royce,Silver Spirit,1991,,,,
Rolls-Royce,Silver Spirit,1992,,,,
Rolls-Royce,Silver Spirit,1993,,,,
Rolls-Royce,Silver Spirit,1994,,,,
Rolls-Royce,Silver Spirit,1995,,,,
Rolls-Royce,Silver Spirit,1996,,,,
Rolls-Royce,Silver Spur,1981,,,,
Rolls-Royce,Silver Spur,1982,,,,
Rolls-Royce,Silver Spur,1983,,,,
Rolls-Royce,Silver Spur,1984,,,,
Rolls-Royce,Silver Spur,1985,,,,
Rolls-Royce,Silver Spur,1986,,,,
Rolls-Royce,Silver Spur,1987,,,,
Rolls-Royce,Silver Spur,1988,,,,
Rolls-Royce,Silver Spur,1989,,,,
Rolls-Royce,Silver Spur,1990,,,,
Rolls-Royce,Silver Spur,1991,,,,
Rolls-Royce,Silver Spur,1992,,,,
Rolls-Royce,Silver Spur,1993,,,,
Rolls-Royce,Silver Spur,1994,,,,
Rolls-Royce,Silver Spur,1995,,,,
Rolls-Royce,Silver Spur,1996,,,,
Rolls-Royce,Silver Spur,1997,,,,
Rolls-Royce,Silver Spur,1998,,,,
Rolls-Royce,Silver Spur,1999,,,,
Rolls-Royce,Spectre,2024,,,,
Rolls-Royce,Spectre,2025,,,,
Rolls-Royce,Touring Limousine,1993,,,,
Rolls-Royce,Touring Limousine,1994,,,,
Rolls-Royce,Touring Limousine,1995,,,,
Rolls-Royce,Touring Limousine,1996,,,,
Rolls-Royce,Touring Limousine,1997,,,,
Rolls-Royce,Touring Limousine,1998,,,,
Rolls-Royce,Wraith,2014,,,,
Rolls-Royce,Wraith,2015,,,,
Rolls-Royce,Wraith,2016,,,,
Rolls-Royce,Wraith,2017,,,,
Rolls-Royce,Wraith,2018,,,,
Rolls-Royce,Wraith,2019,,,,
Rolls-Royce,Wraith,2020,,,,
Rolls-Royce,Wraith,2021,,,,
Saab,9-2X,2005,,,,
Saab,9-2X,2006,,,,
Saab,9-2X,2007,,,,
Saab,9-2X,2008,,,,
Saab,9-2X,2009,,,,
Saab,9-3,1999,,,,
Saab,9-3,2000,,,,
Saab,9-3,2001,,,,
Saab,9-3,2002,,,,
Saab,9-3,2003,,,,
Saab,9-3,2004,,,,
Saab,9-3,2005,,,,
Saab,9-3,2006,,,,
Saab,9-3,2007,,,,
Saab,9-3,2008,,,,
Saab,9-3,2009,,,,
Saab,9-3,2010,,,,
Saab,9-3,2011,,,,
Saab,9-3,2012,,,,
Saab,9-3 Aero,2005,,,,
Saab,9-4x,2011,,,,
Saab,9-4x,2012,,,,
Saab,9-5,1999,,,,
Saab,9-5,2000,,,,
Saab,9-5,2001,,,,
Saab,9-5,2002,,,,
Saab,9-5,2003,,,,
Saab,9-5,2004,,,,
Saab,9-5,2005,,,,
Saab,9-5,2006,,,,
Saab,9-5,2007,,,,
Saab,9-5,2008,,,,
Saab,9-5,2009,,,,
Saab,9-5,2010,,,,
Saab,9-5,2011,,,,
Saab,9-5,2012,,,,
Saab,9-7X,2005,,,,
Saab,9-7X,2006,,,,
Saab,9-7X,2007,,,,
Saab,9-7X,2008,,,,
Saab,9-7X,2009,,,,
Saab,900,1981,,,,
Saab,900,1982,,,,
Saab,900,1983,,,,
Saab,900,1984,,,,
Saab,900,1985,,,,
Saab,900,1986,,,,
Saab,900,1987,,,,
Saab,900,1988,,,,
Saab,900,1989,,,,
Saab,900,1990,,,,
Saab,900,1991,,,,
Saab,900,1992,,,,
Saab,900,1993,,,,
Saab,900,1994,,,,
Saab,900,1995,,,,
Saab,900,1996,,,,
Saab,900,1997,,,,
Saab,900,1998,,,,
Saab,900 Turbo,1985,,,,
Saab,9000,1984,,,,
Saab,9000,1985,,,,
Saab,9000,1987,,,,
Saab,9000,1988,,,,
Saab,9000,1989,,,,
Saab,9000,1990,,,,
Saab,9000,1991,,,,
Saab,9000,1992,,,,
Saab,9000,1993,,,,
Saab,9000,1994,,,,
Saab,9000,1995,,,,
Saab,9000,1996,,,,
Saab,9000,1997,,,,
Saab,9000,1998,,,,
Saleen,S7,2002,,,,
Saleen,S7,2003,,,,
Saleen,S7,2004,,,,
Saleen,S7,2005,,,,
Saleen,S7,2006,,,,
Saleen,S7,2007,,,,
Saleen,S7,2008,,,,
Saleen,S7,2009,,,,
Saleen,S7,2010,,,,
Saleen,S7,2011,,,,
Saleen,S7,2012,,,,
Saleen,S7,2013,,,,
Saleen,S7,2014,,,,
Saleen,S7,2015,,,,
Saleen,S7,2016,,,,
Saleen,S7,2017,,,,
Saleen,S7,2018,,,,
Saleen,S7,2019,,,,
Saleen,S7,2020,,,,
Saleen,S7,2021,,,,
Saleen,S7,2022,,,,
Saleen,S7,2023,,,,
Saleen,S7,2024,,,,
Saleen,S7,2025,,,,
Saturn,Astra,2008,,,,
Saturn,Astra,2009,,,,
Saturn,Aura,2007,,,,
Saturn,Aura,2008,,,,
Saturn,Aura,2009,,,,
Saturn,Aura,2010,,,,
Saturn,Ion,2003,,,,
Saturn,Ion,2004,,,,
Saturn,Ion,2005,,,,
Saturn,Ion,2006,,,,
Saturn,Ion,2007,,,,
Saturn,L200,2003,,,,
Saturn,L300,2003,,,,
Saturn,L300,2004,,,,
Saturn,L300,2005,,,,
Saturn,LS,2000,,,,
Saturn,LS,2001,,,,
Saturn,LS,2002,,,,
Saturn,LS1,2000,,,,
Saturn,LS1,2001,,,,
Saturn,LS1,2002,,,,
Saturn,LS2,2000,,,,
Saturn,LS2,2001,,,,
Saturn,LS2,2002,,,,
Saturn,LW1,2000,,,,
Saturn,LW1,2001,,,,
Saturn,LW1,2002,,,,
Saturn,LW2,2000,,,,
Saturn,LW2,2001,,,,
Saturn,LW2,2002,,,,
Saturn,LW200,2003,,,,
Saturn,LW300,2003,,,,
Saturn,LW300,2004,,,,
Saturn,Outlook,2007,,,,
Saturn,Outlook,2008,,,,
Saturn,Outlook,2009,,,,
Saturn,Outlook,2010,,,,
Saturn,Relay,2005,,,,
Saturn,Relay,2006,,,,
Saturn,Relay,2007,,,,
Saturn,SC1,1991,,,,
Saturn,SC1,1992,,,,
Saturn,SC1,1993,,,,
Saturn,SC1,1994,,,,
Saturn,SC1,1995,,,,
Saturn,SC1,1996,,,,
Saturn,SC1,1997,,,,
Saturn,SC1,1998,,,,
Saturn,SC1,1999,,,,
Saturn,SC1,2000,,,,
Saturn,SC1,2001,,,,
Saturn,SC1,2002,,,,
Saturn,SC2,1991,,,,
Saturn,SC2,1992,,,,
Saturn,SC2,1993,,,,
Saturn,SC2,1994,,,,
Saturn,SC2,1995,,,,
Saturn,SC2,1996,,,,
Saturn,SC2,1997,,,,
Saturn,SC2,1998,,,,
Saturn,SC2,1999,,,,
Saturn,SC2,2000,,,,
Saturn,SC2,2001,,,,
Saturn,SC2,2002,,,,
Saturn,Sky,2007,,,,
Saturn,Sky,2008,,,,
Saturn,Sky,2009,,,,
Saturn,Sky,2010,,,,
Saturn,SL,1994,,,,
Saturn,SL,1995,,,,
Saturn,SL,1996,,,,
Saturn,SL,1998,,,,
Saturn,SL,1999,,,,
Saturn,SL,2000,,,,
Saturn,SL,2001,,,,
Saturn,SL,2002,,,,
Saturn,SL1,1991,,,,
Saturn,SL1,1992,,,,
Saturn,SL1,1993,,,,
Saturn,SL1,1994,,,,
Saturn,SL1,1995,,,,
Saturn,SL1,1996,,,,
Saturn,SL1,1997,,,,
Saturn,SL1,1998,,,,
Saturn,SL1,1999,,,,
Saturn,SL1,2000,,,,
Saturn,SL1,2001,,,,
Saturn,SL1,2002,,,,
Saturn,SL2,1991,,,,
Saturn,SL2,1992,,,,
Saturn,SL2,1993,,,,
Saturn,SL2,1994,,,,
Saturn,SL2,1995,,,,
Saturn,SL2,1996,,,,
Saturn,SL2,1997,,,,
Saturn,SL2,1998,,,,
Saturn,SL2,1999,,,,
Saturn,SL2,2000,,,,
Saturn,SL2,2001,,,,
Saturn,SL2,2002,,,,
Saturn,SL3,1991,,,,
Saturn,SL3,1992,,,,
Saturn,SL3,1993,,,,
Saturn,SW1,1993,,,,
Saturn,SW1,1994,,,,
Saturn,SW1,1995,,,,
Saturn,SW1,1996,,,,
Saturn,SW1,1997,,,,
Saturn,SW1,1998,,,,
Saturn,SW1,1999,,,,
Saturn,SW1,2000,,,,
Saturn,SW1,2001,,,,
Saturn,SW2,1993,,,,
Saturn,SW2,1994,,,,
Saturn,SW2,1995,,,,
Saturn,SW2,1996,,,,
Saturn,SW2,1997,,,,
Saturn,SW2,1998,,,,
Saturn,SW2,1999,,,,
Saturn,SW2,2000,,,,
Saturn,SW2,2001,,,,
Saturn,Vue,2002,,,,
Saturn,Vue,2003,,,,
Saturn,Vue,2004,,,,
Saturn,Vue,2005,,,,
Saturn,Vue,2006,,,,
Saturn,Vue,2007,,,,
Saturn,Vue,2008,,,,
Saturn,Vue,2009,,,,
Saturn,Vue,2010,,,,
Shelby,Cobra,1965,,,,
Shelby,Cobra,2023,,,,
Shelby,Cobra,2024,,,,
Shelby,Cobra,2025,,,,
Shelby,GT,2022,,,,
Shelby,GT,2023,,,,
Shelby,GT,2024,,,,
Shelby,GT,2025,,,,
Shelby,GT500,2007,,,,
Shelby,GT500,2013,,,,
Smart,EQ Fortwo,2018,,,,
Smart,EQ Fortwo,2019,,,,
Smart,EQ Fortwo,2020,,,,
Smart,Fortwo,2008,,,,
Smart,Fortwo,2009,,,,
Smart,Fortwo,2010,,,,
Smart,Fortwo,2011,,,,
Smart,Fortwo,2012,,,,
Smart,Fortwo,2013,,,,
Smart,Fortwo,2014,,,,
Smart,Fortwo,2015,,,,
Smart,Fortwo,2016,,,,
Smart,Fortwo,2017,,,,
Smart,Fortwo,2018,,,,
Smart,Fortwo,2019,,,,
Smart,Fortwo,2020,,,,
Smart,Fortwo Electric Drive,2013,,,,
Smart,Fortwo Electric Drive,2014,,,,
Smart,Fortwo Electric Drive,2015,,,,
Smart,smart,2000,,,,
Smart,smart,2001,,,,
Smart,smart,2002,,,,
Smart,smart,2003,,,,
Smart,smart,2004,,,,
Spyker,C12,2002,,,,
Spyker,C12,2003,,,,
Spyker,C12,2004,,,,
Spyker,C12,2005,,,,
Spyker,C12,2006,,,,
Spyker,C12,2007,,,,
Spyker,C12,2008,,,,
Spyker,C12,2009,,,,
Spyker,C12,2010,,,,
Spyker,C12,2011,,,,
Spyker,C12,2012,,,,
Spyker,C12,2013,,,,
Spyker,C12,2014,,,,
Spyker,C12,2015,,,,
Spyker,C12,2016,,,,
Spyker,C12,2017,,,,
Spyker,C12,2018,,,,
Spyker,C12,2019,,,,
Spyker,C12,2020,,,,
Spyker,C12,2021,,,,
Spyker,C12,2022,,,,
Spyker,C12,2023,,,,
Spyker,C12,2024,,,,
Spyker,C12,2025,,,,
Spyker,C8,2002,,,,
Spyker,C8,2003,,,,
Spyker,C8,2004,,,,
Spyker,C8,2005,,,,
Spyker,C8,2006,,,,
Spyker,C8,2007,,,,
Spyker,C8,2008,,,,
Spyker,C8,2009,,,,
Spyker,C8,2010,,,,
Spyker,C8,2011,,,,
Spyker,C8,2012,,,,
Spyker,C8,2013,,,,
Spyker,C8,2014,,,,
Spyker,C8,2015,,,,
Spyker,C8,2016,,,,
Spyker,C8,2017,,,,
Spyker,C8,2018,,,,
Spyker,C8,2019,,,,
Spyker,C8,2020,,,,
Spyker,C8,2021,,,,
Spyker,C8,2022,,,,
Spyker,C8,2023,,,,
Spyker,C8,2024,,,,
Spyker,C8,2025,,,,
Spyker,D8/D12,2002,,,,
Spyker,D8/D12,2003,,,,
Spyker,D8/D12,2004,,,,
Spyker,D8/D12,2005,,,,
Spyker,D8/D12,2006,,,,
Spyker,D8/D12,2007,,,,
Spyker,D8/D12,2008,,,,
Spyker,D8/D12,2009,,,,
Spyker,D8/D12,2010,,,,
Spyker,D8/D12,2011,,,,
Spyker,D8/D12,2012,,,,
Spyker,D8/D12,2013,,,,
Spyker,D8/D12,2014,,,,
Spyker,D8/D12,2015,,,,
Spyker,D8/D12,2016,,,,
Spyker,D8/D12,2017,,,,
Spyker,D8/D12,2018,,,,
Spyker,D8/D12,2019,,,,
Spyker,D8/D12,2020,,,,
Spyker,D8/D12,2021,,,,
Spyker,D8/D12,2022,,,,
Spyker,D8/D12,2023,,,,
Spyker,D8/D12,2024,,,,
Spyker,D8/D12,2025,,,,
Sterling,825,1987,,,,
Sterling,825,1988,,,,
Sterling,825,1989,,,,
Sterling,827,1987,,,,
Sterling,827,1988,,,,
Sterling,827,1989,,,,
Sterling,827,1990,,,,
Sterling,827,1991,,,,
Subaru,Ascent,2019,,,,
Subaru,Ascent,2020,,,,
Subaru,Ascent,2021,,,,
Subaru,Ascent,2022,,,,
Subaru,Ascent,2023,,,,
Subaru,Ascent,2024,,,,
Subaru,Ascent,2025,,,,
Subaru,B9 Tribeca,2006,,,,
Subaru,B9 Tribeca,2007,,,,
Subaru,B9 Tribeca,2008,,,,
Subaru,B9 Tribeca,2009,,,,
Subaru,B9 Tribeca,2010,,,,
Subaru,B9 Tribeca,2011,,,,
Subaru,B9 Tribeca,2012,,,,
Subaru,B9 Tribeca,2013,,,,
Subaru,B9 Tribeca,2014,,,,
Subaru,Baja,2003,,,,
Subaru,Baja,2004,,,,
Subaru,Baja,2005,,,,
Subaru,Baja,2006,,,,
Subaru,Brat,1981,,,,
Subaru,Brat,1982,,,,
Subaru,Brat,1983,,,,
Subaru,Brat,1984,,,,
Subaru,Brat,1985,,,,
Subaru,Brat,1986,,,,
Subaru,BRZ,2013,,,,
Subaru,BRZ,2014,,,,
Subaru,BRZ,2015,,,,
Subaru,BRZ,2016,,,,
Subaru,BRZ,2017,,,,
Subaru,BRZ,2018,,,,
Subaru,BRZ,2019,,,,
Subaru,BRZ,2020,,,,
Subaru,BRZ,2021,,,,
Subaru,BRZ,2022,,,,
Subaru,BRZ,2023,,,,
Subaru,BRZ,2024,,,,
Subaru,BRZ,2025,,,,
Subaru,Crosstrek,2016,,,,
Subaru,Crosstrek,2017,,,,
Subaru,Crosstrek,2018,,,,
Subaru,Crosstrek,2019,,,,
Subaru,Crosstrek,2020,,,,
Subaru,Crosstrek,2021,,,,
Subaru,Crosstrek,2022,,,,
Subaru,Crosstrek,2023,,,,
Subaru,Crosstrek,2024,,,,
Subaru,Crosstrek,2025,,,,
Subaru,DL,1981,,,,
Subaru,DL,1982,,,,
Subaru,DL,1983,,,,
Subaru,DL,1984,,,,
Subaru,DL,1985,,,,
Subaru,DL,1986,,,,
Subaru,DL,1987,,,,
Subaru,DL,1988,,,,
Subaru,DL,1989,,,,
Subaru,Forester,1998,,,,
Subaru,Forester,1999,,,,
Subaru,Forester,2000,,,,
Subaru,Forester,2001,,,,
Subaru,Forester,2002,,,,
Subaru,Forester,2003,,,,
Subaru,Forester,2004,,,,
Subaru,Forester,2005,,,,
Subaru,Forester,2006,,,,
Subaru,Forester,2007,,,,
Subaru,Forester,2008,,,,
Subaru,Forester,2009,,,,
Subaru,Forester,2010,,,,
Subaru,Forester,2011,,,,
Subaru,Forester,2012,,,,
Subaru,Forester,2013,,,,
Subaru,Forester,2014,,,,
Subaru,Forester,2015,,,,
Subaru,Forester,2016,,,,
Subaru,Forester,2017,,,,
Subaru,Forester,2018,,,,
Subaru,Forester,2019,,,,
Subaru,Forester,2020,,,,
Subaru,Forester,2021,,,,
Subaru,Forester,2022,,,,
Subaru,Forester,2023,,,,
Subaru,Forester,2024,,,,
Subaru,Forester,2025,,,,
Subaru,GL,1981,,,,
Subaru,GL,1982,,,,
Subaru,GL,1983,,,,
Subaru,GL,1984,,,,
Subaru,GL,1985,,,,
Subaru,GL,1986,,,,
Subaru,GL,1987,,,,
Subaru,GL,1988,,,,
Subaru,GL,1989,,,,
Subaru,GL-10,1985,,,,
Subaru,GL-10,1986,,,,
Subaru,GL-10,1987,,,,
Subaru,GL-10,1988,,,,
Subaru,GL-10,1989,,,,
Subaru,GLF,1981,,,,
Subaru,GLF,1982,,,,
Subaru,Impreza,1993,,,,
Subaru,Impreza,1994,,,,
Subaru,Impreza,1995,,,,
Subaru,Impreza,1996,,,,
Subaru,Impreza,1997,,,,
Subaru,Impreza,1998,,,,
Subaru,Impreza,1999,,,,
Subaru,Impreza,2000,,,,
Subaru,Impreza,2001,,,,
Subaru,Impreza,2002,,,,
Subaru,Impreza,2003,,,,
Subaru,Impreza,2004,,,,
Subaru,Impreza,2005,,,,
Subaru,Impreza,2006,,,,
Subaru,Impreza,2007,,,,
Subaru,Impreza,2008,,,,
Subaru,Impreza,2009,,,,
Subaru,Impreza,2010,,,,
Subaru,Impreza,2011,,,,
Subaru,Impreza,2012,,,,
Subaru,Impreza,2013,,,,
Subaru,Impreza,2014,,,,
Subaru,Impreza,2015,,,,
Subaru,Impreza,2016,,,,
Subaru,Impreza,2017,,,,
Subaru,Impreza,2018,,,,
Subaru,Impreza,2019,,,,
Subaru,Impreza,2020,,,,
Subaru,Impreza,2021,,,,
Subaru,Impreza,2022,,,,
Subaru,Impreza,2023,,,,
Subaru,Impreza,2024,,,,
Subaru,Impreza,2025,,,,
Subaru,Impreza WRX,1994,,,,
Subaru,Impreza WRX STI,2004,,,,
Subaru,Impreza WRX STI,2006,,,,
Subaru,Justy,1987,,,,
Subaru,Justy,1988,,,,
Subaru,Justy,1989,,,,
Subaru,Justy,1990,,,,
Subaru,Justy,1991,,,,
Subaru,Justy,1992,,,,
Subaru,Justy,1993,,,,
Subaru,Justy,1994,,,,
Subaru,Legacy,1990,,,,
Subaru,Legacy,1991,,,,
Subaru,Legacy,1992,,,,
Subaru,Legacy,1993,,,,
Subaru,Legacy,1994,,,,
Subaru,Legacy,1995,,,,
Subaru,Legacy,1996,,,,
Subaru,Legacy,1997,,,,
Subaru,Legacy,1998,,,,
Subaru,Legacy,1999,,,,
Subaru,Legacy,2000,,,,
Subaru,Legacy,2001,,,,
Subaru,Legacy,2002,,,,
Subaru,Legacy,2003,,,,
Subaru,Legacy,2004,,,,
Subaru,Legacy,2005,,,,
Subaru,Legacy,2006,,,,
Subaru,Legacy,2007,,,,
Subaru,Legacy,2008,,,,
Subaru,Legacy,2009,,,,
Subaru,Legacy,2010,,,,
Subaru,Legacy,2011,,,,
Subaru,Legacy,2012,,,,
Subaru,Legacy,2013,,,,
Subaru,Legacy,2014,,,,
Subaru,Legacy,2015,,,,
Subaru,Legacy,2016,,,,
Subaru,Legacy,2017,,,,
Subaru,Legacy,2018,,,,
Subaru,Legacy,2019,,,,
Subaru,Legacy,2020,,,,
Subaru,Legacy,2021,,,,
Subaru,Legacy,2022,,,,
Subaru,Legacy,2023,,,,
Subaru,Legacy,2024,,,,
Subaru,Legacy,2025,,,,
Subaru,Legacy GT,2005,,,,
Subaru,Loyale,1990,,,,
Subaru,Loyale,1991,,,,
Subaru,Loyale,1992,,,,
Subaru,Loyale,1993,,,,
Subaru,Loyale,1994,,,,
Subaru,Outback,2005,,,,
Subaru,Outback,2006,,,,
Subaru,Outback,2007,,,,
Subaru,Outback,2008,,,,
Subaru,Outback,2009,,,,
Subaru,Outback,2010,,,,
Subaru,Outback,2011,,,,
Subaru,Outback,2012,,,,
Subaru,Outback,2013,,,,
Subaru,Outback,2014,,,,
Subaru,Outback,2015,,,,
Subaru,Outback,2016,,,,
Subaru,Outback,2017,,,,
Subaru,Outback,2018,,,,
Subaru,Outback,2019,,,,
Subaru,Outback,2020,,,,
Subaru,Outback,2021,,,,
Subaru,Outback,2022,,,,
Subaru,Outback,2023,,,,
Subaru,Outback,2024,,,,
Subaru,Outback,2025,,,,
Subaru,RX,1986,,,,
Subaru,RX,1987,,,,
Subaru,RX,1988,,,,
Subaru,RX,1989,,,,
Subaru,Solterra,2023,,,,
Subaru,Solterra,2024,,,,
Subaru,Solterra,2025,,,,
Subaru,Standard,1981,,,,
Subaru,Standard,1982,,,,
Subaru,Standard,1983,,,,
Subaru,Standard,1984,,,,
Subaru,Standard,1985,,,,
Subaru,Standard,1986,,,,
Subaru,Standard,1987,,,,
Subaru,SVX,1992,,,,
Subaru,SVX,1993,,,,
Subaru,SVX,1994,,,,
Subaru,SVX,1995,,,,
Subaru,SVX,1996,,,,
Subaru,SVX,1997,,,,
Subaru,WRX,2015,,,,
Subaru,WRX,2016,,,,
Subaru,WRX,2017,,,,
Subaru,WRX,2018,,,,
Subaru,WRX,2019,,,,
Subaru,WRX,2020,,,,
Subaru,WRX,2021,,,,
Subaru,WRX,2022,,,,
Subaru,WRX,2023,,,,
Subaru,WRX,2024,,,,
Subaru,WRX,2025,,,,
Subaru,WRX STI,2015,,,,
Subaru,XT,1985,,,,
Subaru,XT,1986,,,,
Subaru,XT,1987,,,,
Subaru,XT,1988,,,,
Subaru,XT,1989,,,,
Subaru,XT,1990,,,,
Subaru,XT,1991,,,,
Subaru,XT6,1988,,,,
Subaru,XT6,1989,,,,
Subaru,XT6,1990,,,,
Subaru,XT6,1991,,,,
Subaru,XV CrossTrek,2012,,,,
Subaru,XV CrossTrek,2013,,,,
Subaru,XV CrossTrek,2014,,,,
Subaru,XV CrossTrek,2015,,,,
Suzuki,Aerio,2002,,,,
Suzuki,Aerio,2003,,,,
Suzuki,Aerio,2004,,,,
Suzuki,Aerio,2005,,,,
Suzuki,Aerio,2006,,,,
Suzuki,Aerio,2007,,,,
Suzuki,Equator,2009,,,,
Suzuki,Equator,2010,,,,
Suzuki,Equator,2011,,,,
Suzuki,Equator,2012,,,,
Suzuki,Equator,2013,,,,
Suzuki,Esteem,1995,,,,
Suzuki,Esteem,1996,,,,
Suzuki,Esteem,1997,,,,
Suzuki,Esteem,1998,,,,
Suzuki,Esteem,1999,,,,
Suzuki,Esteem,2000,,,,
Suzuki,Esteem,2001,,,,
Suzuki,Esteem,2002,,,,
Suzuki,Forenza,2004,,,,
Suzuki,Forenza,2005,,,,
Suzuki,Forenza,2006,,,,
Suzuki,Forenza,2007,,,,
Suzuki,Forenza,2008,,,,
Suzuki,Forsa,1985,,,,
Suzuki,Forsa,1986,,,,
Suzuki,Forsa,1987,,,,
Suzuki,Forsa,1988,,,,
Suzuki,Grand Vitara,1999,,,,
Suzuki,Grand Vitara,2000,,,,
Suzuki,Grand Vitara,2001,,,,
Suzuki,Grand Vitara,2002,,,,
Suzuki,Grand Vitara,2003,,,,
Suzuki,Grand Vitara,2004,,,,
Suzuki,Grand Vitara,2005,,,,
Suzuki,Grand Vitara,2006,,,,
Suzuki,Grand Vitara,2007,,,,
Suzuki,Grand Vitara,2008,,,,
Suzuki,Grand Vitara,2009,,,,
Suzuki,Grand Vitara,2010,,,,
Suzuki,Grand Vitara,2011,,,,
Suzuki,Grand Vitara,2012,,,,
Suzuki,Grand Vitara,2013,,,,
Suzuki,Grand Vitara,2014,,,,
Suzuki,Grand Vitara XL-7,2002,,,,
Suzuki,Grand Vitara XL-7,2006,,,,
Suzuki,Grand Vitara XL-7,2007,,,,
Suzuki,Grand Vitara XL-7,2008,,,,
Suzuki,Kizashi,2010,,,,
Suzuki,Kizashi,2011,,,,
Suzuki,Kizashi,2012,,,,
Suzuki,Kizashi,2013,,,,
Suzuki,Kizashi,2014,,,,
Suzuki,Reno,2005,,,,
Suzuki,Reno,2006,,,,
Suzuki,Reno,2007,,,,
Suzuki,Reno,2008,,,,
Suzuki,Samurai,1986,,,,
Suzuki,Samurai,1987,,,,
Suzuki,Samurai,1988,,,,
Suzuki,Samurai,1989,,,,
Suzuki,Samurai,1990,,,,
Suzuki,Samurai,1991,,,,
Suzuki,Samurai,1992,,,,
Suzuki,Samurai,1993,,,,
Suzuki,Samurai,1994,,,,
Suzuki,Samurai,1995,,,,
Suzuki,Samurai,1996,,,,
Suzuki,Sidekick,1989,,,,
Suzuki,Sidekick,1990,,,,
Suzuki,Sidekick,1991,,,,
Suzuki,Sidekick,1992,,,,
Suzuki,Sidekick,1993,,,,
Suzuki,Sidekick,1994,,,,
Suzuki,Sidekick,1995,,,,
Suzuki,Sidekick,1996,,,,
Suzuki,Sidekick,1997,,,,
Suzuki,Sidekick,1998,,,,
Suzuki,Sidekick Sport,1989,,,,
Suzuki,Sidekick Sport,1990,,,,
Suzuki,Sidekick Sport,1991,,,,
Suzuki,Sidekick Sport,1992,,,,
Suzuki,Sidekick Sport,1993,,,,
Suzuki,Sidekick Sport,1994,,,,
Suzuki,Sidekick Sport,1995,,,,
Suzuki,Sidekick Sport,1996,,,,
Suzuki,Sidekick Sport,1997,,,,
Suzuki,Sidekick Sport,1998,,,,
Suzuki,Swift,1989,,,,
Suzuki,Swift,1990,,,,
Suzuki,Swift,1991,,,,
Suzuki,Swift,1992,,,,
Suzuki,Swift,1993,,,,
Suzuki,Swift,1994,,,,
Suzuki,Swift,1995,,,,
Suzuki,Swift,1996,,,,
Suzuki,Swift,1997,,,,
Suzuki,Swift,1998,,,,
Suzuki,Swift,1999,,,,
Suzuki,Swift,2000,,,,
Suzuki,Swift,2001,,,,
Suzuki,Swift,2004,,,,
Suzuki,Swift,2005,,,,
Suzuki,Swift,2006,,,,
Suzuki,Swift,2007,,,,
Suzuki,Swift,2008,,,,
Suzuki,SX4,2007,,,,
Suzuki,SX4,2008,,,,
Suzuki,SX4,2009,,,,
Suzuki,SX4,2010,,,,
Suzuki,SX4,2011,,,,
Suzuki,SX4,2012,,,,
Suzuki,SX4,2013,,,,
Suzuki,SX4,2014,,,,
Suzuki,Verona,2004,,,,
Suzuki,Verona,2005,,,,
Suzuki,Verona,2006,,,,
Suzuki,Verona,2007,,,,
Suzuki,Verona,2008,,,,
Suzuki,Vitara,1999,,,,
Suzuki,Vitara,2000,,,,
Suzuki,Vitara,2001,,,,
Suzuki,Vitara,2002,,,,
Suzuki,Vitara,2003,,,,
Suzuki,Vitara,2004,,,,
Suzuki,X-90,1996,,,,
Suzuki,X-90,1997,,,,
Suzuki,X-90,1998,,,,
Suzuki,XL7,2003,,,,
Suzuki,XL7,2004,,,,
Suzuki,XL7,2005,,,,
Suzuki,XL7,2007,,,,
Suzuki,XL7,2008,,,,
Suzuki,XL7,2009,,,,
Tesla,Cybertruck,2024,,,,
Tesla,Cybertruck,2025,,,,
Tesla,Model 3,2017,,,,
Tesla,Model 3,2018,,,,
Tesla,Model 3,2019,,,,
Tesla,Model 3,2020,,,,
Tesla,Model 3,2021,,,,
Tesla,Model 3,2022,,,,
Tesla,Model 3,2023,,,,
Tesla,Model 3,2024,,,,
Tesla,Model 3,2025,,,,
Tesla,Model S,2012,,,,
Tesla,Model S,2013,,,,
Tesla,Model S,2014,,,,
Tesla,Model S,2015,,,,
Tesla,Model S,2016,,,,
Tesla,Model S,2017,,,,
Tesla,Model S,2018,,,,
Tesla,Model S,2019,,,,
Tesla,Model S,2020,,,,
Tesla,Model S,2021,,,,
Tesla,Model S,2022,,,,
Tesla,Model S,2023,,,,
Tesla,Model S,2024,,,,
Tesla,Model S,2025,,,,
Tesla,Model X,2016,,,,
Tesla,Model X,2017,,,,
Tesla,Model X,2018,,,,
Tesla,Model X,2019,,,,
Tesla,Model X,2020,,,,
Tesla,Model X,2021,,,,
Tesla,Model X,2022,,,,
Tesla,Model X,2023,,,,
Tesla,Model X,2024,,,,
Tesla,Model X,2025,,,,
Tesla,Model Y,2020,,,,
Tesla,Model Y,2021,,,,
Tesla,Model Y,2022,,,,
Tesla,Model Y,2023,,,,
Tesla,Model Y,2024,,,,
Tesla,Model Y,2025,,,,
Tesla,Roadster,2008,,,,
Tesla,Roadster,2009,,,,
Tesla,Roadster,2010,,,,
Tesla,Roadster,2011,,,,
Tesla,Roadster,2012,,,,
Tesla,Semi,2023,,,,
Tesla,Semi,2024,,,,
Tesla,Semi,2025,,,,
Toyota,4Runner,1984,,,,
Toyota,4Runner,1985,,,,
Toyota,4Runner,1986,,,,
Toyota,4Runner,1987,,,,
Toyota,4Runner,1988,,,,
Toyota,4Runner,1989,,,,
Toyota,4Runner,1990,,,,
Toyota,4Runner,1991,,,,
Toyota,4Runner,1992,,,,
Toyota,4Runner,1993,,,,
Toyota,4Runner,1994,,,,
Toyota,4Runner,1995,,,,
Toyota,4Runner,1996,,,,
Toyota,4Runner,1997,,,,
Toyota,4Runner,1998,,,,
Toyota,4Runner,1999,,,,
Toyota,4Runner,2000,,,,
Toyota,4Runner,2001,,,,
Toyota,4Runner,2002,,,,
Toyota,4Runner,2003,,,,
Toyota,4Runner,2004,,,,
Toyota,4Runner,2005,,,,
Toyota,4Runner,2006,,,,
Toyota,4Runner,2007,,,,
Toyota,4Runner,2008,,,,
Toyota,4Runner,2009,,,,
Toyota,4Runner,2010,,,,
Toyota,4Runner,2011,,,,
Toyota,4Runner,2012,,,,
Toyota,4Runner,2013,,,,
Toyota,4Runner,2014,,,,
Toyota,4Runner,2015,,,,
Toyota,4Runner,2016,,,,
Toyota,4Runner,2017,,,,
Toyota,4Runner,2018,,,,
Toyota,4Runner,2019,,,,
Toyota,4Runner,2020,,,,
Toyota,4Runner,2021,,,,
Toyota,4Runner,2022,,,,
Toyota,4Runner,2023,,,,
Toyota,4Runner,2024,,,,
Toyota,4Runner,2025,,,,
Toyota,86,2017,,,,
Toyota,86,2018,,,,
Toyota,86,2019,,,,
Toyota,86,2020,,,,
Toyota,Avalon,1995,,,,
Toyota,Avalon,1996,,,,
Toyota,Avalon,1997,,,,
Toyota,Avalon,1998,,,,
Toyota,Avalon,1999,,,,
Toyota,Avalon,2000,,,,
Toyota,Avalon,2001,,,,
Toyota,Avalon,2002,,,,
Toyota,Avalon,2003,,,,
Toyota,Avalon,2004,,,,
Toyota,Avalon,2005,,,,
Toyota,Avalon,2006,,,,
Toyota,Avalon,2007,,,,
Toyota,Avalon,2008,,,,
Toyota,Avalon,2009,,,,
Toyota,Avalon,2010,,,,
Toyota,Avalon,2011,,,,
Toyota,Avalon,2012,,,,
Toyota,Avalon,2013,,,,
Toyota,Avalon,2014,,,,
Toyota,Avalon,2015,,,,
Toyota,Avalon,2016,,,,
Toyota,Avalon,2017,,,,
Toyota,Avalon,2018,,,,
Toyota,Avalon,2019,,,,
Toyota,Avalon,2020,,,,
Toyota,Avalon,2021,,,,
Toyota,Avalon,2022,,,,
Toyota,bZ4X,2023,,,,
Toyota,bZ4X,2024,,,,
Toyota,bZ4X,2025,,,,
Toyota,C-HR,2018,,,,
Toyota,C-HR,2019,,,,
Toyota,C-HR,2020,,,,
Toyota,C-HR,2021,,,,
Toyota,C-HR,2022,,,,
Toyota,Camry,1983,,,,
Toyota,Camry,1984,,,,
Toyota,Camry,1985,,,,
Toyota,Camry,1986,,,,
Toyota,Camry,1987,,,,
Toyota,Camry,1988,,,,
Toyota,Camry,1989,,,,
Toyota,Camry,1990,,,,
Toyota,Camry,1991,,,,
Toyota,Camry,1992,,,,
Toyota,Camry,1993,,,,
Toyota,Camry,1994,,,,
Toyota,Camry,1995,,,,
Toyota,Camry,1996,,,,
Toyota,Camry,1997,,,,
Toyota,Camry,1998,,,,
Toyota,Camry,1999,,,,
Toyota,Camry,2000,,,,
Toyota,Camry,2001,,,,
Toyota,Camry,2002,,,,
Toyota,Camry,2003,,,,
Toyota,Camry,2004,,,,
Toyota,Camry,2005,,,,
Toyota,Camry,2006,,,,
Toyota,Camry,2007,,,,
Toyota,Camry,2008,,,,
Toyota,Camry,2009,,,,
Toyota,Camry,2010,,,,
Toyota,Camry,2011,,,,
Toyota,Camry,2012,,,,
Toyota,Camry,2013,,,,
Toyota,Camry,2014,,,,
Toyota,Camry,2015,,,,
Toyota,Camry,2016,,,,
Toyota,Camry,2017,,,,
Toyota,Camry,2018,,,,
Toyota,Camry,2019,,,,
Toyota,Camry,2020,,,,
Toyota,Camry,2021,,,,
Toyota,Camry,2022,,,,
Toyota,Camry,2023,,,,
Toyota,Camry,2024,,,,
Toyota,Camry,2025,,,,
Toyota,Camry Solara,1999,,,,
Toyota,Camry Solara,2000,,,,
Toyota,Camry Solara,2001,,,,
Toyota,Camry Solara,2002,,,,
Toyota,Camry Solara,2003,,,,
Toyota,Camry Solara,2004,,,,
Toyota,Camry Solara,2005,,,,
Toyota,Camry Solara,2006,,,,
Toyota,Camry Solara,2007,,,,
Toyota,Camry Solara,2008,,,,
Toyota,Camry Solara,2009,,,,
Toyota,Cargo Van,1987,,,,
Toyota,Cargo Van,1988,,,,
Toyota,Cargo Van,1989,,,,
Toyota,Celica,1975,,,,
Toyota,Celica,1981,,,,
Toyota,Celica,1982,,,,
Toyota,Celica,1983,,,,
Toyota,Celica,1984,,,,
Toyota,Celica,1985,,,,
Toyota,Celica,1986,,,,
Toyota,Celica,1987,,,,
Toyota,Celica,1988,,,,
Toyota,Celica,1989,,,,
Toyota,Celica,1990,,,,
Toyota,Celica,1991,,,,
Toyota,Celica,1992,,,,
Toyota,Celica,1993,,,,
Toyota,Celica,1994,,,,
Toyota,Celica,1995,,,,
Toyota,Celica,1996,,,,
Toyota,Celica,1997,,,,
Toyota,Celica,1998,,,,
Toyota,Celica,1999,,,,
Toyota,Celica,2000,,,,
Toyota,Celica,2001,,,,
Toyota,Celica,2002,,,,
Toyota,Celica,2003,,,,
Toyota,Celica,2004,,,,
Toyota,Celica,2005,,,,
Toyota,Celica,2006,,,,
Toyota,Celica GT-Four,1990,,,,
Toyota,Corolla,1981,,,,
Toyota,Corolla,1982,,,,
Toyota,Corolla,1983,,,,
Toyota,Corolla,1984,,,,
Toyota,Corolla,1985,,,,
Toyota,Corolla,1986,,,,
Toyota,Corolla,1987,,,,
Toyota,Corolla,1988,,,,
Toyota,Corolla,1989,,,,
Toyota,Corolla,1990,,,,
Toyota,Corolla,1991,,,,
Toyota,Corolla,1992,,,,
Toyota,Corolla,1993,,,,
Toyota,Corolla,1994,,,,
Toyota,Corolla,1995,,,,
Toyota,Corolla,1996,,,,
Toyota,Corolla,1997,,,,
Toyota,Corolla,1998,,,,
Toyota,Corolla,1999,,,,
Toyota,Corolla,2000,,,,
Toyota,Corolla,2001,,,,
Toyota,Corolla,2002,,,,
Toyota,Corolla,2003,,,,
Toyota,Corolla,2004,,,,
Toyota,Corolla,2005,,,,
Toyota,Corolla,2006,,,,
Toyota,Corolla,2007,,,,
Toyota,Corolla,2008,,,,
Toyota,Corolla,2009,,,,
Toyota,Corolla,2010,,,,
Toyota,Corolla,2011,,,,
Toyota,Corolla,2012,,,,
Toyota,Corolla,2013,,,,
Toyota,Corolla,2014,,,,
Toyota,Corolla,2015,,,,
Toyota,Corolla,2016,,,,
Toyota,Corolla,2017,,,,
Toyota,Corolla,2018,,,,
Toyota,Corolla,2019,,,,
Toyota,Corolla,2020,,,,
Toyota,Corolla,2021,,,,
Toyota,Corolla,2022,,,,
Toyota,Corolla,2023,,,,
Toyota,Corolla,2024,,,,
Toyota,Corolla,2025,,,,
Toyota,Corolla Cross,2022,,,,
Toyota,Corolla Cross,2023,,,,
Toyota,Corolla Cross,2024,,,,
Toyota,Corolla Cross,2025,,,,
Toyota,Corolla GT-S,1985,,,,
Toyota,COROLLA iM,2017,,,,
Toyota,COROLLA iM,2018,,,,
Toyota,Corolla Matrix,2003,,,,
Toyota,Corolla Matrix,2004,,,,
Toyota,Corolla Matrix,2005,,,,
Toyota,Corolla Matrix,2006,,,,
Toyota,Corolla Matrix,2007,,,,
Toyota,Corolla Matrix,2008,,,,
Toyota,Corolla Matrix,2009,,,,
Toyota,Corolla Matrix,2010,,,,
Toyota,Corolla Matrix,2011,,,,
Toyota,Corolla Matrix,2012,,,,
Toyota,Corolla Matrix,2013,,,,
Toyota,Corona,1968,,,,
Toyota,Corona,1981,,,,
Toyota,Corona,1982,,,,
Toyota,Cressida,1981,,,,
Toyota,Cressida,1982,,,,
Toyota,Cressida,1983,,,,
Toyota,Cressida,1984,,,,
Toyota,Cressida,1985,,,,
Toyota,Cressida,1986,,,,
Toyota,Cressida,1987,,,,
Toyota,Cressida,1988,,,,
Toyota,Cressida,1989,,,,
Toyota,Cressida,1990,,,,
Toyota,Cressida,1991,,,,
Toyota,Cressida,1992,,,,
Toyota,Crown,2023,,,,
Toyota,Crown,2024,,,,
Toyota,Crown,2025,,,,
Toyota,Crown Signia,2025,,,,
Toyota,Echo,2000,,,,
Toyota,Echo,2001,,,,
Toyota,Echo,2002,,,,
Toyota,Echo,2003,,,,
Toyota,Echo,2004,,,,
Toyota,Echo,2005,,,,
Toyota,FCHV-adv,2009,,,,
Toyota,FCHV-adv,2010,,,,
Toyota,FJ Cruiser,2007,,,,
Toyota,FJ Cruiser,2008,,,,
Toyota,FJ Cruiser,2009,,,,
Toyota,FJ Cruiser,2010,,,,
Toyota,FJ Cruiser,2011,,,,
Toyota,FJ Cruiser,2012,,,,
Toyota,FJ Cruiser,2013,,,,
Toyota,FJ Cruiser,2014,,,,
Toyota,GR Corolla,2023,,,,
Toyota,GR Corolla,2024,,,,
Toyota,GR Corolla,2025,,,,
Toyota,GR Supra,2021,,,,
Toyota,GR86,2022,,,,
Toyota,GR86,2023,,,,
Toyota,GR86,2024,,,,
Toyota,GR86,2025,,,,
Toyota,Grand Highlander,2024,,,,
Toyota,Grand Highlander,2025,,,,
Toyota,Highlander,2001,,,,
Toyota,Highlander,2002,,,,
Toyota,Highlander,2003,,,,
Toyota,Highlander,2004,,,,
Toyota,Highlander,2005,,,,
Toyota,Highlander,2006,,,,
Toyota,Highlander,2007,,,,
Toyota,Highlander,2008,,,,
Toyota,Highlander,2009,,,,
Toyota,Highlander,2010,,,,
Toyota,Highlander,2011,,,,
Toyota,Highlander,2012,,,,
Toyota,Highlander,2013,,,,
Toyota,Highlander,2014,,,,
Toyota,Highlander,2015,,,,
Toyota,Highlander,2016,,,,
Toyota,Highlander,2017,,,,
Toyota,Highlander,2018,,,,
Toyota,Highlander,2019,,,,
Toyota,Highlander,2020,,,,
Toyota,Highlander,2021,,,,
Toyota,Highlander,2022,,,,
Toyota,Highlander,2023,,,,
Toyota,Highlander,2024,,,,
Toyota,Highlander,2025,,,,
Toyota,Land Cruiser,1981,,,,
Toyota,Land Cruiser,1982,,,,
Toyota,Land Cruiser,1983,,,,
Toyota,Land Cruiser,1984,,,,
Toyota,Land Cruiser,1985,,,,
Toyota,Land Cruiser,1986,,,,
Toyota,Land Cruiser,1987,,,,
Toyota,Land Cruiser,1988,,,,
Toyota,Land Cruiser,1989,,,,
Toyota,Land Cruiser,1990,,,,
Toyota,Land Cruiser,1991,,,,
Toyota,Land Cruiser,1992,,,,
Toyota,Land Cruiser,1993,,,,
Toyota,Land Cruiser,1994,,,,
Toyota,Land Cruiser,1995,,,,
Toyota,Land Cruiser,1996,,,,
Toyota,Land Cruiser,1997,,,,
Toyota,Land Cruiser,1998,,,,
Toyota,Land Cruiser,1999,,,,
Toyota,Land Cruiser,2000,,,,
Toyota,Land Cruiser,2001,,,,
Toyota,Land Cruiser,2002,,,,
Toyota,Land Cruiser,2003,,,,
Toyota,Land Cruiser,2004,,,,
Toyota,Land Cruiser,2005,,,,
Toyota,Land Cruiser,2006,,,,
Toyota,Land Cruiser,2007,,,,
Toyota,Land Cruiser,2008,,,,
Toyota,Land Cruiser,2009,,,,
Toyota,Land Cruiser,2010,,,,
Toyota,Land Cruiser,2011,,,,
Toyota,Land Cruiser,2012,,,,
Toyota,Land Cruiser,2013,,,,
Toyota,Land Cruiser,2014,,,,
Toyota,Land Cruiser,2015,,,,
Toyota,Land Cruiser,2016,,,,
Toyota,Land Cruiser,2017,,,,
Toyota,Land Cruiser,2018,,,,
Toyota,Land Cruiser,2019,,,,
Toyota,Land Cruiser,2020,,,,
Toyota,Land Cruiser,2021,,,,
Toyota,Land Cruiser,2024,,,,
Toyota,Land Cruiser,2025,,,,
Toyota,Mirai,2016,,,,
Toyota,Mirai,2017,,,,
Toyota,Mirai,2018,,,,
Toyota,Mirai,2019,,,,
Toyota,Mirai,2020,,,,
Toyota,Mirai,2021,,,,
Toyota,Mirai,2022,,,,
Toyota,Mirai,2023,,,,
Toyota,Mirai,2024,,,,
Toyota,Mirai,2025,,,,
Toyota,MR2,1985,,,,
Toyota,MR2,1986,,,,
Toyota,MR2,1987,,,,
Toyota,MR2,1988,,,,
Toyota,MR2,1989,,,,
Toyota,MR2,1991,,,,
Toyota,MR2,1992,,,,
Toyota,MR2,1993,,,,
Toyota,MR2,1994,,,,
Toyota,MR2,1995,,,,
Toyota,MR2,2000,,,,
Toyota,MR2,2001,,,,
Toyota,MR2,2002,,,,
Toyota,MR2,2003,,,,
Toyota,MR2,2004,,,,
Toyota,MR2,2005,,,,
Toyota,MR2,2006,,,,
Toyota,MR2,2007,,,,
Toyota,Paseo,1992,,,,
Toyota,Paseo,1993,,,,
Toyota,Paseo,1994,,,,
Toyota,Paseo,1995,,,,
Toyota,Paseo,1996,,,,
Toyota,Paseo,1997,,,,
Toyota,Paseo,1998,,,,
Toyota,Paseo,1999,,,,
Toyota,Pick-Up,1981,,,,
Toyota,Pick-Up,1982,,,,
Toyota,Pick-Up,1983,,,,
Toyota,Pick-Up,1984,,,,
Toyota,Pick-Up,1985,,,,
Toyota,Pick-Up,1986,,,,
Toyota,Pick-Up,1987,,,,
Toyota,Pick-Up,1988,,,,
Toyota,Pick-Up,1989,,,,
Toyota,Pick-Up,1990,,,,
Toyota,Pick-Up,1991,,,,
Toyota,Pick-Up,1992,,,,
Toyota,Pick-Up,1993,,,,
Toyota,Pick-Up,1994,,,,
Toyota,Pick-Up,1995,,,,
Toyota,Previa,1991,,,,
Toyota,Previa,1992,,,,
Toyota,Previa,1993,,,,
Toyota,Previa,1994,,,,
Toyota,Previa,1995,,,,
Toyota,Previa,1996,,,,
Toyota,Previa,1997,,,,
Toyota,Previa,1998,,,,
Toyota,Prius,2001,,,,
Toyota,Prius,2002,,,,
Toyota,Prius,2003,,,,
Toyota,Prius,2004,,,,
Toyota,Prius,2005,,,,
Toyota,Prius,2006,,,,
Toyota,Prius,2007,,,,
Toyota,Prius,2008,,,,
Toyota,Prius,2009,,,,
Toyota,Prius,2010,,,,
Toyota,Prius,2011,,,,
Toyota,Prius,2012,,,,
Toyota,Prius,2013,,,,
Toyota,Prius,2014,,,,
Toyota,Prius,2015,,,,
Toyota,Prius,2016,,,,
Toyota,Prius,2017,,,,
Toyota,Prius,2018,,,,
Toyota,Prius,2019,,,,
Toyota,Prius,2020,,,,
Toyota,Prius,2021,,,,
Toyota,Prius,2022,,,,
Toyota,Prius,2023,,,,
Toyota,Prius,2024,,,,
Toyota,Prius,2025,,,,
Toyota,Prius C,2012,,,,
Toyota,Prius C,2013,,,,
Toyota,Prius C,2014,,,,
Toyota,Prius C,2015,,,,
Toyota,Prius C,2016,,,,
Toyota,Prius C,2017,,,,
Toyota,Prius C,2018,,,,
Toyota,Prius C,2019,,,,
Toyota,Prius C,2020,,,,
Toyota,Prius Prime (PHEV),2017,,,,
Toyota,Prius Prime (PHEV),2018,,,,
Toyota,Prius Prime (PHEV),2019,,,,
Toyota,Prius Prime (PHEV),2020,,,,
Toyota,Prius Prime (PHEV),2021,,,,
Toyota,Prius Prime (PHEV),2022,,,,
Toyota,Prius Prime (PHEV),2023,,,,
Toyota,Prius Prime (PHEV),2024,,,,
Toyota,Prius Prime (PHEV),2025,,,,
Toyota,Prius V,2012,,,,
Toyota,Prius V,2013,,,,
Toyota,Prius V,2014,,,,
Toyota,Prius V,2015,,,,
Toyota,Prius V,2016,,,,
Toyota,Prius V,2017,,,,
Toyota,RAV4,1996,,,,
Toyota,RAV4,1997,,,,
Toyota,RAV4,1998,,,,
Toyota,RAV4,1999,,,,
Toyota,RAV4,2000,,,,
Toyota,RAV4,2001,,,,
Toyota,RAV4,2002,,,,
Toyota,RAV4,2003,,,,
Toyota,RAV4,2004,,,,
Toyota,RAV4,2005,,,,
Toyota,RAV4,2006,,,,
Toyota,RAV4,2007,,,,
Toyota,RAV4,2008,,,,
Toyota,RAV4,2009,,,,
Toyota,RAV4,2010,,,,
Toyota,RAV4,2011,,,,
Toyota,RAV4,2012,,,,
Toyota,RAV4,2013,,,,
Toyota,RAV4,2014,,,,
Toyota,RAV4,2015,,,,
Toyota,RAV4,2016,,,,
Toyota,RAV4,2017,,,,
Toyota,RAV4,2018,,,,
Toyota,RAV4,2019,,,,
Toyota,RAV4,2020,,,,
Toyota,RAV4,2021,,,,
Toyota,RAV4,2022,,,,
Toyota,RAV4,2023,,,,
Toyota,RAV4,2024,,,,
Toyota,RAV4,2025,,,,
Toyota,RAV4 Prime (PHEV),2021,,,,
Toyota,RAV4 Prime (PHEV),2022,,,,
Toyota,RAV4 Prime (PHEV),2023,,,,
Toyota,RAV4 Prime (PHEV),2024,,,,
Toyota,RAV4 Prime (PHEV),2025,,,,
Toyota,Scion FR-S,2013,,,,
Toyota,Scion FR-S,2014,,,,
Toyota,Scion FR-S,2015,,,,
Toyota,Scion FR-S,2016,,,,
Toyota,Scion iA,2016,,,,
Toyota,Scion iM,2016,,,,
Toyota,Scion iQ,2011,,,,
Toyota,Scion iQ,2012,,,,
Toyota,Scion iQ,2013,,,,
Toyota,Scion iQ,2014,,,,
Toyota,Scion iQ,2015,,,,
Toyota,Scion tC,2005,,,,
Toyota,Scion tC,2006,,,,
Toyota,Scion tC,2007,,,,
Toyota,Scion tC,2008,,,,
Toyota,Scion tC,2009,,,,
Toyota,Scion tC,2010,,,,
Toyota,Scion tC,2011,,,,
Toyota,Scion tC,2012,,,,
Toyota,Scion tC,2013,,,,
Toyota,Scion tC,2014,,,,
Toyota,Scion tC,2015,,,,
Toyota,Scion tC,2016,,,,
Toyota,Scion xA,2004,,,,
Toyota,Scion xA,2005,,,,
Toyota,Scion xA,2006,,,,
Toyota,Scion xB,2004,,,,
Toyota,Scion xB,2005,,,,
Toyota,Scion xB,2006,,,,
Toyota,Scion xB,2007,,,,
Toyota,Scion xB,2008,,,,
Toyota,Scion xB,2009,,,,
Toyota,Scion xB,2010,,,,
Toyota,Scion xB,2011,,,,
Toyota,Scion xB,2012,,,,
Toyota,Scion xB,2013,,,,
Toyota,Scion xB,2014,,,,
Toyota,Scion xB,2015,,,,
Toyota,Scion xD,2008,,,,
Toyota,Scion xD,2009,,,,
Toyota,Scion xD,2010,,,,
Toyota,Scion xD,2011,,,,
Toyota,Scion xD,2012,,,,
Toyota,Scion xD,2013,,,,
Toyota,Scion xD,2014,,,,
Toyota,Sequoia,2000,,,,
Toyota,Sequoia,2001,,,,
Toyota,Sequoia,2002,,,,
Toyota,Sequoia,2003,,,,
Toyota,Sequoia,2004,,,,
Toyota,Sequoia,2005,,,,
Toyota,Sequoia,2006,,,,
Toyota,Sequoia,2007,,,,
Toyota,Sequoia,2008,,,,
Toyota,Sequoia,2009,,,,
Toyota,Sequoia,2010,,,,
Toyota,Sequoia,2011,,,,
Toyota,Sequoia,2012,,,,
Toyota,Sequoia,2013,,,,
Toyota,Sequoia,2014,,,,
Toyota,Sequoia,2015,,,,
Toyota,Sequoia,2016,,,,
Toyota,Sequoia,2017,,,,
Toyota,Sequoia,2018,,,,
Toyota,Sequoia,2019,,,,
Toyota,Sequoia,2020,,,,
Toyota,Sequoia,2021,,,,
Toyota,Sequoia,2022,,,,
Toyota,Sequoia,2023,,,,
Toyota,Sequoia,2024,,,,
Toyota,Sequoia,2025,,,,
Toyota,Sienna,1995,,,,
Toyota,Sienna,1996,,,,
Toyota,Sienna,1997,,,,
Toyota,Sienna,1998,,,,
Toyota,Sienna,1999,,,,
Toyota,Sienna,2000,,,,
Toyota,Sienna,2001,,,,
Toyota,Sienna,2002,,,,
Toyota,Sienna,2003,,,,
Toyota,Sienna,2004,,,,
Toyota,Sienna,2005,,,,
Toyota,Sienna,2006,,,,
Toyota,Sienna,2007,,,,
Toyota,Sienna,2008,,,,
Toyota,Sienna,2009,,,,
Toyota,Sienna,2010,,,,
Toyota,Sienna,2011,,,,
Toyota,Sienna,2012,,,,
Toyota,Sienna,2013,,,,
Toyota,Sienna,2014,,,,
Toyota,Sienna,2015,,,,
Toyota,Sienna,2016,,,,
Toyota,Sienna,2017,,,,
Toyota,Sienna,2018,,,,
Toyota,Sienna,2019,,,,
Toyota,Sienna,2020,,,,
Toyota,Sienna,2021,,,,
Toyota,Sienna,2022,,,,
Toyota,Sienna,2023,,,,
Toyota,Sienna,2024,,,,
Toyota,Sienna,2025,,,,
Toyota,Starlet,1981,,,,
Toyota,Starlet,1982,,,,
Toyota,Starlet,1983,,,,
Toyota,Starlet,1984,,,,
Toyota,Supra,1981,,,,
Toyota,Supra,1982,,,,
Toyota,Supra,1983,,,,
Toyota,Supra,1984,,,,
Toyota,Supra,1985,,,,
Toyota,Supra,1986,,,,
Toyota,Supra,1987,,,,
Toyota,Supra,1988,,,,
Toyota,Supra,1989,,,,
Toyota,Supra,1990,,,,
Toyota,Supra,1991,,,,
Toyota,Supra,1992,,,,
Toyota,Supra,1993,,,,
Toyota,Supra,1994,,,,
Toyota,Supra,1995,,,,
Toyota,Supra,1996,,,,
Toyota,Supra,1997,,,,
Toyota,Supra,1998,,,,
Toyota,Supra,2020,,,,
Toyota,Supra,2021,,,,
Toyota,Supra,2022,,,,
Toyota,Supra,2023,,,,
Toyota,Supra,2024,,,,
Toyota,Supra,2025,,,,
Toyota,T100,1993,,,,
Toyota,T100,1994,,,,
Toyota,T100,1995,,,,
Toyota,T100,1996,,,,
Toyota,T100,1997,,,,
Toyota,T100,1998,,,,
Toyota,Tacoma,1995,,,,
Toyota,Tacoma,1996,,,,
Toyota,Tacoma,1997,,,,
Toyota,Tacoma,1998,,,,
Toyota,Tacoma,1999,,,,
Toyota,Tacoma,2000,,,,
Toyota,Tacoma,2001,,,,
Toyota,Tacoma,2002,,,,
Toyota,Tacoma,2003,,,,
Toyota,Tacoma,2004,,,,
Toyota,Tacoma,2005,,,,
Toyota,Tacoma,2006,,,,
Toyota,Tacoma,2007,,,,
Toyota,Tacoma,2008,,,,
Toyota,Tacoma,2009,,,,
Toyota,Tacoma,2010,,,,
Toyota,Tacoma,2011,,,,
Toyota,Tacoma,2012,,,,
Toyota,Tacoma,2013,,,,
Toyota,Tacoma,2014,,,,
Toyota,Tacoma,2015,,,,
Toyota,Tacoma,2016,,,,
Toyota,Tacoma,2017,,,,
Toyota,Tacoma,2018,,,,
Toyota,Tacoma,2019,,,,
Toyota,Tacoma,2020,,,,
Toyota,Tacoma,2021,,,,
Toyota,Tacoma,2022,,,,
Toyota,Tacoma,2023,,,,
Toyota,Tacoma,2024,,,,
Toyota,Tacoma,2025,,,,
Toyota,Tercel,1981,,,,
Toyota,Tercel,1982,,,,
Toyota,Tercel,1983,,,,
Toyota,Tercel,1984,,,,
Toyota,Tercel,1985,,,,
Toyota,Tercel,1986,,,,
Toyota,Tercel,1987,,,,
Toyota,Tercel,1988,,,,
Toyota,Tercel,1989,,,,
Toyota,Tercel,1990,,,,
Toyota,Tercel,1991,,,,
Toyota,Tercel,1992,,,,
Toyota,Tercel,1993,,,,
Toyota,Tercel,1994,,,,
Toyota,Tercel,1995,,,,
Toyota,Tercel,1996,,,,
Toyota,Tercel,1997,,,,
Toyota,Tercel,1998,,,,
Toyota,Tercel,1999,,,,
Toyota,Tundra,1995,,,,
Toyota,Tundra,1996,,,,
Toyota,Tundra,1997,,,,
Toyota,Tundra,1998,,,,
Toyota,Tundra,1999,,,,
Toyota,Tundra,2000,,,,
Toyota,Tundra,2001,,,,
Toyota,Tundra,2002,,,,
Toyota,Tundra,2003,,,,
Toyota,Tundra,2004,,,,
Toyota,Tundra,2005,,,,
Toyota,Tundra,2006,,,,
Toyota,Tundra,2007,,,,
Toyota,Tundra,2008,,,,
Toyota,Tundra,2009,,,,
Toyota,Tundra,2010,,,,
Toyota,Tundra,2011,,,,
Toyota,Tundra,2012,,,,
Toyota,Tundra,2013,,,,
Toyota,Tundra,2014,,,,
Toyota,Tundra,2015,,,,
Toyota,Tundra,2016,,,,
Toyota,Tundra,2017,,,,
Toyota,Tundra,2018,,,,
Toyota,Tundra,2019,,,,
Toyota,Tundra,2020,,,,
Toyota,Tundra,2021,,,,
Toyota,Tundra,2022,,,,
Toyota,Tundra,2023,,,,
Toyota,Tundra,2024,,,,
Toyota,Tundra,2025,,,,
Toyota,Van,1984,,,,
Toyota,Van,1985,,,,
Toyota,Van,1986,,,,
Toyota,Van,1987,,,,
Toyota,Van,1988,,,,
Toyota,Van,1989,,,,
Toyota,Van,1991,,,,
Toyota,Venza,2009,,,,
Toyota,Venza,2010,,,,
Toyota,Venza,2011,,,,
Toyota,Venza,2012,,,,
Toyota,Venza,2013,,,,
Toyota,Venza,2014,,,,
Toyota,Venza,2015,,,,
Toyota,Venza,2016,,,,
Toyota,Venza,2017,,,,
Toyota,Venza,2021,,,,
Toyota,Venza,2022,,,,
Toyota,Venza,2023,,,,
Toyota,Venza,2024,,,,
Toyota,Yaris,2007,,,,
Toyota,Yaris,2008,,,,
Toyota,Yaris,2009,,,,
Toyota,Yaris,2010,,,,
Toyota,Yaris,2011,,,,
Toyota,Yaris,2012,,,,
Toyota,Yaris,2013,,,,
Toyota,Yaris,2014,,,,
Toyota,Yaris,2015,,,,
Toyota,Yaris,2016,,,,
Toyota,Yaris,2017,,,,
Toyota,Yaris,2018,,,,
Toyota,Yaris,2019,,,,
Toyota,Yaris,2020,,,,
Toyota,Yaris iA,2017,,,,
Toyota,Yaris iA,2018,,,,
Toyota,Yaris iA,2019,,,,
VinFast,VF 6,2023,,,,
VinFast,VF 6,2024,,,,
VinFast,VF 6,2025,,,,
VinFast,VF 7,2023,,,,
VinFast,VF 7,2024,,,,
VinFast,VF 7,2025,,,,
VinFast,VF 8,2022,,,,
VinFast,VF 8,2023,,,,
VinFast,VF 8,2024,,,,
VinFast,VF 8,2025,,,,
VinFast,VF 9,2022,,,,
VinFast,VF 9,2023,,,,
VinFast,VF 9,2024,,,,
VinFast,VF 9,2025,,,,
Volkswagen,Arteon,2019,,,,
Volkswagen,Arteon,2020,,,,
Volkswagen,Arteon,2021,,,,
Volkswagen,Arteon,2022,,,,
Volkswagen,Arteon,2023,,,,
Volkswagen,Atlas,2018,,,,
Volkswagen,Atlas,2019,,,,
Volkswagen,Atlas,2020,,,,
Volkswagen,Atlas,2021,,,,
Volkswagen,Atlas,2022,,,,
Volkswagen,Atlas,2023,,,,
Volkswagen,Atlas,2024,,,,
Volkswagen,Atlas,2025,,,,
Volkswagen,Atlas Cross Sport,2020,,,,
Volkswagen,Atlas Cross Sport,2021,,,,
Volkswagen,Atlas Cross Sport,2022,,,,
Volkswagen,Atlas Cross Sport,2023,,,,
Volkswagen,Atlas Cross Sport,2024,,,,
Volkswagen,Atlas Cross Sport,2025,,,,
Volkswagen,Beetle,1965,,,,
Volkswagen,Beetle,1998,,,,
Volkswagen,Beetle,1999,,,,
Volkswagen,Beetle,2000,,,,
Volkswagen,Beetle,2001,,,,
Volkswagen,Beetle,2002,,,,
Volkswagen,Beetle,2003,,,,
Volkswagen,Beetle,2004,,,,
Volkswagen,Beetle,2005,,,,
Volkswagen,Beetle,2006,,,,
Volkswagen,Beetle,2007,,,,
Volkswagen,Beetle,2008,,,,
Volkswagen,Beetle,2009,,,,
Volkswagen,Beetle,2010,,,,
Volkswagen,Beetle,2012,,,,
Volkswagen,Beetle,2013,,,,
Volkswagen,Beetle,2014,,,,
Volkswagen,Beetle,2015,,,,
Volkswagen,Beetle,2016,,,,
Volkswagen,Beetle,2017,,,,
Volkswagen,Beetle,2018,,,,
Volkswagen,Beetle,2019,,,,
Volkswagen,Cabrio,1995,,,,
Volkswagen,Cabrio,1996,,,,
Volkswagen,Cabrio,1997,,,,
Volkswagen,Cabrio,1998,,,,
Volkswagen,Cabrio,1999,,,,
Volkswagen,Cabrio,2000,,,,
Volkswagen,Cabrio,2001,,,,
Volkswagen,Cabrio,2002,,,,
Volkswagen,CABRIOLET,1981,,,,
Volkswagen,CABRIOLET,1982,,,,
Volkswagen,CABRIOLET,1983,,,,
Volkswagen,CABRIOLET,1984,,,,
Volkswagen,CABRIOLET,1985,,,,
Volkswagen,CABRIOLET,1986,,,,
Volkswagen,CABRIOLET,1987,,,,
Volkswagen,CABRIOLET,1988,,,,
Volkswagen,CABRIOLET,1989,,,,
Volkswagen,CABRIOLET,1990,,,,
Volkswagen,CABRIOLET,1991,,,,
Volkswagen,CABRIOLET,1992,,,,
Volkswagen,CABRIOLET,1993,,,,
Volkswagen,CC,2012,,,,
Volkswagen,CC,2014,,,,
Volkswagen,CC,2015,,,,
Volkswagen,CC,2016,,,,
Volkswagen,CC,2017,,,,
Volkswagen,CC,2018,,,,
Volkswagen,Corrado,1989,,,,
Volkswagen,Corrado,1990,,,,
Volkswagen,Corrado,1991,,,,
Volkswagen,Corrado,1992,,,,
Volkswagen,Corrado,1993,,,,
Volkswagen,Corrado,1994,,,,
Volkswagen,Corrado,1995,,,,
Volkswagen,Dasher,1981,,,,
Volkswagen,e-Golf,2015,,,,
Volkswagen,e-Golf,2016,,,,
Volkswagen,e-Golf,2017,,,,
Volkswagen,e-Golf,2018,,,,
Volkswagen,e-Golf,2019,,,,
Volkswagen,e-Golf,2020,,,,
Volkswagen,Eos,2007,,,,
Volkswagen,Eos,2008,,,,
Volkswagen,Eos,2009,,,,
Volkswagen,Eos,2010,,,,
Volkswagen,Eos,2011,,,,
Volkswagen,Eos,2012,,,,
Volkswagen,Eos,2013,,,,
Volkswagen,Eos,2014,,,,
Volkswagen,Eos,2015,,,,
Volkswagen,Eos,2016,,,,
Volkswagen,EuroVan,1992,,,,
Volkswagen,EuroVan,1993,,,,
Volkswagen,EuroVan,1994,,,,
Volkswagen,EuroVan,1995,,,,
Volkswagen,EuroVan,1996,,,,
Volkswagen,EuroVan,1997,,,,
Volkswagen,EuroVan,1998,,,,
Volkswagen,EuroVan,1999,,,,
Volkswagen,EuroVan,2000,,,,
Volkswagen,EuroVan,2001,,,,
Volkswagen,EuroVan,2002,,,,
Volkswagen,EuroVan,2003,,,,
Volkswagen,FOX,1987,,,,
Volkswagen,FOX,1988,,,,
Volkswagen,FOX,1989,,,,
Volkswagen,FOX,1990,,,,
Volkswagen,FOX,1991,,,,
Volkswagen,FOX,1992,,,,
Volkswagen,FOX,1993,,,,
Volkswagen,GLI,2008,,,,
Volkswagen,GLI,2009,,,,
Volkswagen,Golf,1985,,,,
Volkswagen,Golf,1986,,,,
Volkswagen,Golf,1987,,,,
Volkswagen,Golf,1988,,,,
Volkswagen,Golf,1989,,,,
Volkswagen,Golf,1990,,,,
Volkswagen,Golf,1991,,,,
Volkswagen,Golf,1992,,,,
Volkswagen,Golf,1993,,,,
Volkswagen,Golf,1996,,,,
Volkswagen,Golf,1997,,,,
Volkswagen,Golf,1998,,,,
Volkswagen,Golf,1999,,,,
Volkswagen,Golf,2000,,,,
Volkswagen,Golf,2001,,,,
Volkswagen,Golf,2002,,,,
Volkswagen,Golf,2003,,,,
Volkswagen,Golf,2004,,,,
Volkswagen,Golf,2005,,,,
Volkswagen,Golf,2006,,,,
Volkswagen,Golf,2010,,,,
Volkswagen,Golf,2011,,,,
Volkswagen,Golf,2012,,,,
Volkswagen,Golf,2013,,,,
Volkswagen,Golf,2014,,,,
Volkswagen,Golf,2015,,,,
Volkswagen,Golf,2016,,,,
Volkswagen,Golf,2017,,,,
Volkswagen,Golf,2018,,,,
Volkswagen,Golf,2019,,,,
Volkswagen,Golf,2020,,,,
Volkswagen,Golf,2021,,,,
Volkswagen,Golf Alltrack,2017,,,,
Volkswagen,Golf Alltrack,2018,,,,
Volkswagen,Golf Alltrack,2019,,,,
Volkswagen,Golf Alltrack,2020,,,,
Volkswagen,Golf GTI,1985,,,,
Volkswagen,Golf GTI,2006,,,,
Volkswagen,Golf GTI,2016,,,,
Volkswagen,Golf GTI,2017,,,,
Volkswagen,Golf GTI,2018,,,,
Volkswagen,Golf GTI,2019,,,,
Volkswagen,Golf GTI,2020,,,,
Volkswagen,Golf GTI,2021,,,,
Volkswagen,Golf GTI,2022,,,,
Volkswagen,Golf GTI,2023,,,,
Volkswagen,Golf GTI,2024,,,,
Volkswagen,Golf III,1991,,,,
Volkswagen,Golf III,1992,,,,
Volkswagen,Golf III,1993,,,,
Volkswagen,Golf III,1994,,,,
Volkswagen,Golf III,1995,,,,
Volkswagen,Golf R,2013,,,,
Volkswagen,Golf R,2015,,,,
Volkswagen,Golf R,2016,,,,
Volkswagen,Golf R,2017,,,,
Volkswagen,Golf R,2018,,,,
Volkswagen,Golf R,2019,,,,
Volkswagen,Golf R,2020,,,,
Volkswagen,Golf R,2022,,,,
Volkswagen,Golf R,2023,,,,
Volkswagen,Golf R,2024,,,,
Volkswagen,Golf R,2025,,,,
Volkswagen,Golf SportWagen,2015,,,,
Volkswagen,Golf SportWagen,2016,,,,
Volkswagen,Golf SportWagen,2017,,,,
Volkswagen,Golf SportWagen,2018,,,,
Volkswagen,Golf SportWagen,2019,,,,
Volkswagen,Golf SportWagen,2020,,,,
Volkswagen,GTI,1989,,,,
Volkswagen,GTI,1994,,,,
Volkswagen,GTI,1995,,,,
Volkswagen,GTI,1996,,,,
Volkswagen,GTI,1997,,,,
Volkswagen,GTI,1998,,,,
Volkswagen,GTI,1999,,,,
Volkswagen,GTI,2000,,,,
Volkswagen,GTI,2001,,,,
Volkswagen,GTI,2002,,,,
Volkswagen,GTI,2003,,,,
Volkswagen,GTI,2005,,,,
Volkswagen,GTI,2006,,,,
Volkswagen,GTI,2007,,,,
Volkswagen,GTI,2008,,,,
Volkswagen,GTI,2009,,,,
Volkswagen,GTI,2010,,,,
Volkswagen,GTI,2011,,,,
Volkswagen,GTI,2012,,,,
Volkswagen,GTI,2013,,,,
Volkswagen,GTI,2014,,,,
Volkswagen,GTI,2015,,,,
Volkswagen,GTI,2025,,,,
Volkswagen,ID. Buzz,2025,,,,
Volkswagen,ID.4,2021,,,,
Volkswagen,ID.4,2022,,,,
Volkswagen,ID.4,2023,,,,
Volkswagen,ID.4,2024,,,,
Volkswagen,ID.4,2025,,,,
Volkswagen,Jetta,1981,,,,
Volkswagen,Jetta,1982,,,,
Volkswagen,Jetta,1983,,,,
Volkswagen,Jetta,1984,,,,
Volkswagen,Jetta,1985,,,,
Volkswagen,Jetta,1986,,,,
Volkswagen,Jetta,1987,,,,
Volkswagen,Jetta,1988,,,,
Volkswagen,Jetta,1989,,,,
Volkswagen,Jetta,1990,,,,
Volkswagen,Jetta,1991,,,,
Volkswagen,Jetta,1992,,,,
Volkswagen,Jetta,1993,,,,
Volkswagen,Jetta,1994,,,,
Volkswagen,Jetta,1995,,,,
Volkswagen,Jetta,1996,,,,
Volkswagen,Jetta,1997,,,,
Volkswagen,Jetta,1998,,,,
Volkswagen,Jetta,1999,,,,
Volkswagen,Jetta,2000,,,,
Volkswagen,Jetta,2001,,,,
Volkswagen,Jetta,2002,,,,
Volkswagen,Jetta,2003,,,,
Volkswagen,Jetta,2004,,,,
Volkswagen,Jetta,2005,,,,
Volkswagen,Jetta,2006,,,,
Volkswagen,Jetta,2007,,,,
Volkswagen,Jetta,2008,,,,
Volkswagen,Jetta,2009,,,,
Volkswagen,Jetta,2010,,,,
Volkswagen,Jetta,2011,,,,
Volkswagen,Jetta,2012,,,,
Volkswagen,Jetta,2013,,,,
Volkswagen,Jetta,2014,,,,
Volkswagen,Jetta,2015,,,,
Volkswagen,Jetta,2016,,,,
Volkswagen,Jetta,2017,,,,
Volkswagen,Jetta,2018,,,,
Volkswagen,Jetta,2019,,,,
Volkswagen,Jetta,2020,,,,
Volkswagen,Jetta,2021,,,,
Volkswagen,Jetta,2022,,,,
Volkswagen,Jetta,2023,,,,
Volkswagen,Jetta,2024,,,,
Volkswagen,Jetta,2025,,,,
Volkswagen,Jetta GLI,2021,,,,
Volkswagen,Jetta GLI,2022,,,,
Volkswagen,Jetta GLI,2023,,,,
Volkswagen,Jetta GLI,2024,,,,
Volkswagen,Jetta GLI,2025,,,,
Volkswagen,Jetta SportWagen,2009,,,,
Volkswagen,Jetta SportWagen,2010,,,,
Volkswagen,Jetta SportWagen,2011,,,,
Volkswagen,Jetta SportWagen,2012,,,,
Volkswagen,Jetta SportWagen,2013,,,,
Volkswagen,Jetta SportWagen,2014,,,,
Volkswagen,Jetta Wagon,2001,,,,
Volkswagen,Jetta Wagon,2002,,,,
Volkswagen,Jetta Wagon,2003,,,,
Volkswagen,Jetta Wagon,2004,,,,
Volkswagen,Jetta Wagon,2005,,,,
Volkswagen,Jetta Wagon,2006,,,,
Volkswagen,KOMBI,1981,,,,
Volkswagen,Passat,1989,,,,
Volkswagen,Passat,1990,,,,
Volkswagen,Passat,1991,,,,
Volkswagen,Passat,1992,,,,
Volkswagen,Passat,1993,,,,
Volkswagen,Passat,1994,,,,
Volkswagen,Passat,1995,,,,
Volkswagen,Passat,1996,,,,
Volkswagen,Passat,1997,,,,
Volkswagen,Passat,1998,,,,
Volkswagen,Passat,1999,,,,
Volkswagen,Passat,2000,,,,
Volkswagen,Passat,2001,,,,
Volkswagen,Passat,2002,,,,
Volkswagen,Passat,2003,,,,
Volkswagen,Passat,2004,,,,
Volkswagen,Passat,2005,,,,
Volkswagen,Passat,2006,,,,
Volkswagen,Passat,2007,,,,
Volkswagen,Passat,2008,,,,
Volkswagen,Passat,2009,,,,
Volkswagen,Passat,2010,,,,
Volkswagen,Passat,2011,,,,
Volkswagen,Passat,2012,,,,
Volkswagen,Passat,2013,,,,
Volkswagen,Passat,2014,,,,
Volkswagen,Passat,2015,,,,
Volkswagen,Passat,2016,,,,
Volkswagen,Passat,2017,,,,
Volkswagen,Passat,2018,,,,
Volkswagen,Passat,2019,,,,
Volkswagen,Passat,2020,,,,
Volkswagen,Passat,2021,,,,
Volkswagen,Passat,2022,,,,
Volkswagen,Phaeton,2004,,,,
Volkswagen,Phaeton,2005,,,,
Volkswagen,Phaeton,2006,,,,
Volkswagen,Quantum,1982,,,,
Volkswagen,Quantum,1983,,,,
Volkswagen,Quantum,1984,,,,
Volkswagen,Quantum,1985,,,,
Volkswagen,Quantum,1986,,,,
Volkswagen,Quantum,1987,,,,
Volkswagen,Quantum,1988,,,,
Volkswagen,R32,2004,,,,
Volkswagen,R32,2008,,,,
Volkswagen,Rabbit,1981,,,,
Volkswagen,Rabbit,1982,,,,
Volkswagen,Rabbit,1983,,,,
Volkswagen,Rabbit,1984,,,,
Volkswagen,Rabbit,2006,,,,
Volkswagen,Rabbit,2007,,,,
Volkswagen,Rabbit,2008,,,,
Volkswagen,Rabbit,2009,,,,
Volkswagen,Routan,2009,,,,
Volkswagen,Routan,2010,,,,
Volkswagen,Routan,2011,,,,
Volkswagen,Routan,2012,,,,
Volkswagen,Routan,2013,,,,
Volkswagen,Routan,2014,,,,
Volkswagen,Scirocco,1981,,,,
Volkswagen,Scirocco,1982,,,,
Volkswagen,Scirocco,1983,,,,
Volkswagen,Scirocco,1984,,,,
Volkswagen,Scirocco,1985,,,,
Volkswagen,Scirocco,1986,,,,
Volkswagen,Scirocco,1987,,,,
Volkswagen,Scirocco,1988,,,,
Volkswagen,Scirocco,1989,,,,
Volkswagen,Taos,2022,,,,
Volkswagen,Taos,2023,,,,
Volkswagen,Taos,2024,,,,
Volkswagen,Taos,2025,,,,
Volkswagen,Tiguan,2009,,,,
Volkswagen,Tiguan,2010,,,,
Volkswagen,Tiguan,2011,,,,
Volkswagen,Tiguan,2012,,,,
Volkswagen,Tiguan,2013,,,,
Volkswagen,Tiguan,2014,,,,
Volkswagen,Tiguan,2015,,,,
Volkswagen,Tiguan,2016,,,,
Volkswagen,Tiguan,2017,,,,
Volkswagen,Tiguan,2018,,,,
Volkswagen,Tiguan,2019,,,,
Volkswagen,Tiguan,2020,,,,
Volkswagen,Tiguan,2021,,,,
Volkswagen,Tiguan,2022,,,,
Volkswagen,Tiguan,2023,,,,
Volkswagen,Tiguan,2024,,,,
Volkswagen,Tiguan,2025,,,,
Volkswagen,Tiguan Limited,2018,,,,
Volkswagen,Touareg,2004,,,,
Volkswagen,Touareg,2005,,,,
Volkswagen,Touareg,2006,,,,
Volkswagen,Touareg,2007,,,,
Volkswagen,Touareg,2008,,,,
Volkswagen,Touareg,2009,,,,
Volkswagen,Touareg,2010,,,,
Volkswagen,Touareg,2011,,,,
Volkswagen,Touareg,2012,,,,
Volkswagen,Touareg,2013,,,,
Volkswagen,Touareg,2014,,,,
Volkswagen,Touareg,2015,,,,
Volkswagen,Touareg,2016,,,,
Volkswagen,Touareg,2017,,,,
Volkswagen,Touareg,2018,,,,
Volkswagen,Vanagon,1983,,,,
Volkswagen,Vanagon,1984,,,,
Volkswagen,Vanagon,1985,,,,
Volkswagen,Vanagon,1986,,,,
Volkswagen,Vanagon,1987,,,,
Volkswagen,Vanagon,1988,,,,
Volkswagen,Vanagon,1989,,,,
Volkswagen,Vanagon,1990,,,,
Volkswagen,Vanagon,1991,,,,
Volvo,240 Series,1981,,,,
Volvo,240 Series,1982,,,,
Volvo,240 Series,1983,,,,
Volvo,240 Series,1984,,,,
Volvo,240 Series,1985,,,,
Volvo,240 Series,1986,,,,
Volvo,240 Series,1987,,,,
Volvo,240 Series,1988,,,,
Volvo,240 Series,1989,,,,
Volvo,240 Series,1990,,,,
Volvo,240 Series,1991,,,,
Volvo,240 Series,1992,,,,
Volvo,240 Series,1993,,,,
Volvo,260 Series,1981,,,,
Volvo,260 Series,1982,,,,
Volvo,740 Series,1981,,,,
Volvo,740 Series,1982,,,,
Volvo,740 Series,1983,,,,
Volvo,740 Series,1984,,,,
Volvo,740 Series,1985,,,,
Volvo,740 Series,1986,,,,
Volvo,740 Series,1987,,,,
Volvo,740 Series,1988,,,,
Volvo,740 Series,1989,,,,
Volvo,740 Series,1990,,,,
Volvo,740 Series,1991,,,,
Volvo,740 Series,1992,,,,
Volvo,760 Series,1981,,,,
Volvo,760 Series,1982,,,,
Volvo,760 Series,1983,,,,
Volvo,760 Series,1984,,,,
Volvo,760 Series,1985,,,,
Volvo,760 Series,1986,,,,
Volvo,760 Series,1987,,,,
Volvo,760 Series,1988,,,,
Volvo,760 Series,1989,,,,
Volvo,760 Series,1990,,,,
Volvo,780 Series,1981,,,,
Volvo,780 Series,1982,,,,
Volvo,780 Series,1983,,,,
Volvo,780 Series,1984,,,,
Volvo,780 Series,1985,,,,
Volvo,780 Series,1986,,,,
Volvo,780 Series,1987,,,,
Volvo,780 Series,1988,,,,
Volvo,780 Series,1989,,,,
Volvo,780 Series,1990,,,,
Volvo,780 Series,1991,,,,
Volvo,850 Series,1993,,,,
Volvo,850 Series,1994,,,,
Volvo,850 Series,1995,,,,
Volvo,850 Series,1996,,,,
Volvo,850 Series,1997,,,,
Volvo,850 T5,1995,,,,
Volvo,940 Series,1991,,,,
Volvo,940 Series,1992,,,,
Volvo,940 Series,1993,,,,
Volvo,940 Series,1994,,,,
Volvo,940 Series,1995,,,,
Volvo,960 Series,1991,,,,
Volvo,960 Series,1992,,,,
Volvo,960 Series,1993,,,,
Volvo,960 Series,1994,,,,
Volvo,960 Series,1995,,,,
Volvo,960 Series,1996,,,,
Volvo,960 Series,1997,,,,
Volvo,C30,2007,,,,
Volvo,C30,2008,,,,
Volvo,C30,2009,,,,
Volvo,C30,2010,,,,
Volvo,C30,2011,,,,
Volvo,C30,2012,,,,
Volvo,C30,2013,,,,
Volvo,C40,2022,,,,
Volvo,C40,2023,,,,
Volvo,C40,2024,,,,
Volvo,C70,1998,,,,
Volvo,C70,1999,,,,
Volvo,C70,2000,,,,
Volvo,C70,2001,,,,
Volvo,C70,2002,,,,
Volvo,C70,2003,,,,
Volvo,C70,2004,,,,
Volvo,C70,2006,,,,
Volvo,C70,2007,,,,
Volvo,C70,2008,,,,
Volvo,C70,2009,,,,
Volvo,C70,2010,,,,
Volvo,C70,2011,,,,
Volvo,C70,2012,,,,
Volvo,C70,2013,,,,
Volvo,C70 / C30,2012,,,,
Volvo,EC40,2025,,,,
Volvo,EX30,2025,,,,
Volvo,EX40,2025,,,,
Volvo,EX90,2025,,,,
Volvo,S40,1999,,,,
Volvo,S40,2000,,,,
Volvo,S40,2001,,,,
Volvo,S40,2002,,,,
Volvo,S40,2003,,,,
Volvo,S40,2004,,,,
Volvo,S40,2005,,,,
Volvo,S40,2006,,,,
Volvo,S40,2007,,,,
Volvo,S40,2008,,,,
Volvo,S40,2009,,,,
Volvo,S40,2010,,,,
Volvo,S40,2011,,,,
Volvo,S60,2001,,,,
Volvo,S60,2002,,,,
Volvo,S60,2003,,,,
Volvo,S60,2004,,,,
Volvo,S60,2005,,,,
Volvo,S60,2006,,,,
Volvo,S60,2007,,,,
Volvo,S60,2008,,,,
Volvo,S60,2009,,,,
Volvo,S60,2011,,,,
Volvo,S60,2012,,,,
Volvo,S60,2013,,,,
Volvo,S60,2014,,,,
Volvo,S60,2015,,,,
Volvo,S60,2016,,,,
Volvo,S60,2017,,,,
Volvo,S60,2018,,,,
Volvo,S60,2019,,,,
Volvo,S60,2020,,,,
Volvo,S60,2021,,,,
Volvo,S60,2022,,,,
Volvo,S60,2023,,,,
Volvo,S60,2024,,,,
Volvo,S60,2025,,,,
Volvo,S60 Cross Country,2016,,,,
Volvo,S60 Cross Country,2017,,,,
Volvo,S60 Cross Country,2018,,,,
Volvo,S60R,2004,,,,
Volvo,S70,1998,,,,
Volvo,S70,1999,,,,
Volvo,S70,2000,,,,
Volvo,S80,1999,,,,
Volvo,S80,2000,,,,
Volvo,S80,2001,,,,
Volvo,S80,2002,,,,
Volvo,S80,2003,,,,
Volvo,S80,2004,,,,
Volvo,S80,2005,,,,
Volvo,S80,2006,,,,
Volvo,S80,2007,,,,
Volvo,S80,2008,,,,
Volvo,S80,2009,,,,
Volvo,S80,2010,,,,
Volvo,S80,2011,,,,
Volvo,S80,2012,,,,
Volvo,S80,2013,,,,
Volvo,S80,2014,,,,
Volvo,S80,2015,,,,
Volvo,S80,2016,,,,
Volvo,S90,1998,,,,
Volvo,S90,2017,,,,
Volvo,S90,2018,,,,
Volvo,S90,2019,,,,
Volvo,S90,2020,,,,
Volvo,S90,2021,,,,
Volvo,S90,2022,,,,
Volvo,S90,2023,,,,
Volvo,S90,2024,,,,
Volvo,S90,2025,,,,
Volvo,V40,2000,,,,
Volvo,V40,2001,,,,
Volvo,V40,2002,,,,
Volvo,V40,2003,,,,
Volvo,V40,2004,,,,
Volvo,V50,2005,,,,
Volvo,V50,2006,,,,
Volvo,V50,2007,,,,
Volvo,V50,2008,,,,
Volvo,V50,2009,,,,
Volvo,V50,2010,,,,
Volvo,V50,2011,,,,
Volvo,V60,2015,,,,
Volvo,V60,2016,,,,
Volvo,V60,2017,,,,
Volvo,V60,2018,,,,
Volvo,V60,2019,,,,
Volvo,V60,2020,,,,
Volvo,V60,2021,,,,
Volvo,V60,2022,,,,
Volvo,V60,2023,,,,
Volvo,V60,2024,,,,
Volvo,V60,2025,,,,
Volvo,V60CC,2015,,,,
Volvo,V60CC,2016,,,,
Volvo,V60CC,2017,,,,
Volvo,V60CC,2018,,,,
Volvo,V60CC,2019,,,,
Volvo,V60CC,2020,,,,
Volvo,V60CC,2021,,,,
Volvo,V60CC,2022,,,,
Volvo,V60CC,2023,,,,
Volvo,V60CC,2024,,,,
Volvo,V60CC,2025,,,,
Volvo,V70,1998,,,,
Volvo,V70,1999,,,,
Volvo,V70,2000,,,,
Volvo,V70,2001,,,,
Volvo,V70,2002,,,,
Volvo,V70,2003,,,,
Volvo,V70,2004,,,,
Volvo,V70,2005,,,,
Volvo,V70,2006,,,,
Volvo,V70,2007,,,,
Volvo,V70,2008,,,,
Volvo,V70,2009,,,,
Volvo,V70,2010,,,,
Volvo,V90,1998,,,,
Volvo,V90,2017,,,,
Volvo,V90,2018,,,,
Volvo,V90,2019,,,,
Volvo,V90,2020,,,,
Volvo,V90,2021,,,,
Volvo,V90CC,2017,,,,
Volvo,V90CC,2018,,,,
Volvo,V90CC,2019,,,,
Volvo,V90CC,2020,,,,
Volvo,V90CC,2021,,,,
Volvo,V90CC,2022,,,,
Volvo,V90CC,2023,,,,
Volvo,V90CC,2024,,,,
Volvo,V90CC,2025,,,,
Volvo,XC40,2019,,,,
Volvo,XC40,2020,,,,
Volvo,XC40,2021,,,,
Volvo,XC40,2022,,,,
Volvo,XC40,2023,,,,
Volvo,XC40,2024,,,,
Volvo,XC40,2025,,,,
Volvo,XC60,2010,,,,
Volvo,XC60,2011,,,,
Volvo,XC60,2012,,,,
Volvo,XC60,2013,,,,
Volvo,XC60,2014,,,,
Volvo,XC60,2015,,,,
Volvo,XC60,2016,,,,
Volvo,XC60,2017,,,,
Volvo,XC60,2018,,,,
Volvo,XC60,2019,,,,
Volvo,XC60,2020,,,,
Volvo,XC60,2021,,,,
Volvo,XC60,2022,,,,
Volvo,XC60,2023,,,,
Volvo,XC60,2024,,,,
Volvo,XC60,2025,,,,
Volvo,XC70,2004,,,,
Volvo,XC70,2005,,,,
Volvo,XC70,2006,,,,
Volvo,XC70,2007,,,,
Volvo,XC70,2008,,,,
Volvo,XC70,2009,,,,
Volvo,XC70,2010,,,,
Volvo,XC70,2011,,,,
Volvo,XC70,2012,,,,
Volvo,XC70,2013,,,,
Volvo,XC70,2014,,,,
Volvo,XC70,2015,,,,
Volvo,XC70,2016,,,,
Volvo,XC90,2003,,,,
Volvo,XC90,2004,,,,
Volvo,XC90,2005,,,,
Volvo,XC90,2006,,,,
Volvo,XC90,2007,,,,
Volvo,XC90,2008,,,,
Volvo,XC90,2009,,,,
Volvo,XC90,2010,,,,
Volvo,XC90,2011,,,,
Volvo,XC90,2012,,,,
Volvo,XC90,2013,,,,
Volvo,XC90,2014,,,,
Volvo,XC90,2016,,,,
Volvo,XC90,2017,,,,
Volvo,XC90,2018,,,,
Volvo,XC90,2019,,,,
Volvo,XC90,2020,,,,
Volvo,XC90,2021,,,,
Volvo,XC90,2022,,,,
Volvo,XC90,2023,,,,
Volvo,XC90,2024,,,,
Volvo,XC90,2025,,,,
Willys,MB,1944,,,,
Yugo,102,1986,,,,
Yugo,102,1987,,,,
Yugo,102,1988,,,,
Yugo,102,1989,,,,
Yugo,102,1990,,,,
Yugo,102,1991,,,,
Yugo,102,1992,,,,
Yugo,GV,1986,,,,
Yugo,GV,1987,,,,
Yugo,GV,1988,,,,
Yugo,GV,1989,,,,
Yugo,GV,1990,,,,
Yugo,GV,1991,,,,
Yugo,GV,1992,,,,
Yugo,Yugo 45,1985,,,,
Yugo,Yugo 55,1985,,,,
Yugo,Yugo 65,1985,,,,
